current_path,proposed_new_path,category,size_mb,reason,compression_recommendation,safe_delete_after_backup
C:\Users\Monster\OneDrive\Masaüstü\proje2\__pycache__\talep_tahmin_tek_dosya.cpython-312.pyc,,temporary_or_cache,0.1289,cache or temporary artifact,not_needed,yes
C:\Users\Monster\OneDrive\Masaüstü\proje2\__pycache__\xgboost_nonrecursive_historical_model_c_final.cpython-312.pyc,,temporary_or_cache,0.0203,cache or temporary artifact,not_needed,yes
C:\Users\Monster\OneDrive\Masaüstü\proje2\__pycache__\xgboost_population_weighted_nonrecursive_historical_experiment.cpython-312.pyc,,temporary_or_cache,0.0173,cache or temporary artifact,not_needed,yes
C:\Users\Monster\OneDrive\Masaüstü\proje2\__pycache__\xgboost_population_weighted_pipeline.cpython-312.pyc,,temporary_or_cache,0.0373,cache or temporary artifact,not_needed,yes
C:\Users\Monster\OneDrive\Masaüstü\proje2\__pycache__\xgboost_recursive_test_2025.cpython-312.pyc,,temporary_or_cache,0.009,cache or temporary artifact,not_needed,yes
C:\Users\Monster\OneDrive\Masaüstü\proje2\__pycache__\xgboost_test_2025.cpython-312.pyc,,temporary_or_cache,0.0055,cache or temporary artifact,not_needed,yes
C:\Users\Monster\OneDrive\Masaüstü\proje2\__pycache__\xgboost_train.cpython-312.pyc,,temporary_or_cache,0.0293,cache or temporary artifact,not_needed,yes
C:\Users\Monster\OneDrive\Masaüstü\proje2\cleanup_dry_run_summary.txt,archive_full/docs/cleanup_dry_run_summary.txt,archived_experiment,0.0023,documentation not part of minimal reviewer package,not_needed,no
C:\Users\Monster\OneDrive\Masaüstü\proje2\cleanup_move_plan.csv,archive_full/misc/cleanup_move_plan.csv,unknown_review_manually,0.4033,defaulted to archive_full to avoid accidental loss,not_needed,no
C:\Users\Monster\OneDrive\Masaüstü\proje2\data\processed\2022_table_1_lasso_final_model_verisi_tahminli.csv,archive_full/data/processed/2022_table_1_lasso_final_model_verisi_tahminli.csv,archived_experiment,1.4196,processed dataset not in minimal reviewer package,consider_compression_if_large,no
C:\Users\Monster\OneDrive\Masaüstü\proje2\data\processed\2022_table_1_model_verisi_tahminli.csv,archive_full/data/processed/2022_table_1_model_verisi_tahminli.csv,archived_experiment,1.4203,processed dataset not in minimal reviewer package,consider_compression_if_large,no
C:\Users\Monster\OneDrive\Masaüstü\proje2\data\processed\2022_table_2_lasso_final_model_verisi_tahminli.csv,archive_full/data/processed/2022_table_2_lasso_final_model_verisi_tahminli.csv,archived_experiment,1.4196,processed dataset not in minimal reviewer package,consider_compression_if_large,no
C:\Users\Monster\OneDrive\Masaüstü\proje2\data\processed\2022_table_2_lasso_interactionli_model_verisi_tahminli.csv,archive_full/data/processed/2022_table_2_lasso_interactionli_model_verisi_tahminli.csv,archived_experiment,1.4198,processed dataset not in minimal reviewer package,consider_compression_if_large,no
C:\Users\Monster\OneDrive\Masaüstü\proje2\data\processed\2022_table_2_model_verisi_tahminli.csv,archive_full/data/processed/2022_table_2_model_verisi_tahminli.csv,archived_experiment,1.4174,processed dataset not in minimal reviewer package,consider_compression_if_large,no
C:\Users\Monster\OneDrive\Masaüstü\proje2\data\processed\2022_table_3_lasso_final_model_verisi_tahminli.csv,archive_full/data/processed/2022_table_3_lasso_final_model_verisi_tahminli.csv,archived_experiment,1.4196,processed dataset not in minimal reviewer package,consider_compression_if_large,no
C:\Users\Monster\OneDrive\Masaüstü\proje2\data\processed\2022_table_3_lasso_interactionli_model_verisi_tahminli.csv,archive_full/data/processed/2022_table_3_lasso_interactionli_model_verisi_tahminli.csv,archived_experiment,1.4201,processed dataset not in minimal reviewer package,consider_compression_if_large,no
C:\Users\Monster\OneDrive\Masaüstü\proje2\data\processed\2022_table_3_model_verisi_tahminli.csv,archive_full/data/processed/2022_table_3_model_verisi_tahminli.csv,archived_experiment,1.4201,processed dataset not in minimal reviewer package,consider_compression_if_large,no
C:\Users\Monster\OneDrive\Masaüstü\proje2\data\processed\2022_table_4_lasso_final_model_verisi_tahminli.csv,archive_full/data/processed/2022_table_4_lasso_final_model_verisi_tahminli.csv,archived_experiment,1.4196,processed dataset not in minimal reviewer package,consider_compression_if_large,no
C:\Users\Monster\OneDrive\Masaüstü\proje2\data\processed\2022_table_4_lasso_interactionli_model_verisi_tahminli.csv,archive_full/data/processed/2022_table_4_lasso_interactionli_model_verisi_tahminli.csv,archived_experiment,1.4195,processed dataset not in minimal reviewer package,consider_compression_if_large,no
C:\Users\Monster\OneDrive\Masaüstü\proje2\data\processed\2022_table_4_model_verisi_tahminli.csv,archive_full/data/processed/2022_table_4_model_verisi_tahminli.csv,archived_experiment,1.4193,processed dataset not in minimal reviewer package,consider_compression_if_large,no
C:\Users\Monster\OneDrive\Masaüstü\proje2\data\processed\2022_table_5_lasso_final_model_verisi_tahminli.csv,archive_full/data/processed/2022_table_5_lasso_final_model_verisi_tahminli.csv,archived_experiment,1.4195,processed dataset not in minimal reviewer package,consider_compression_if_large,no
C:\Users\Monster\OneDrive\Masaüstü\proje2\data\processed\2022_table_5_lasso_interactionli_model_verisi_tahminli.csv,archive_full/data/processed/2022_table_5_lasso_interactionli_model_verisi_tahminli.csv,archived_experiment,1.4199,processed dataset not in minimal reviewer package,consider_compression_if_large,no
C:\Users\Monster\OneDrive\Masaüstü\proje2\data\processed\2022_table_5_model_verisi_tahminli.csv,archive_full/data/processed/2022_table_5_model_verisi_tahminli.csv,archived_experiment,1.4192,processed dataset not in minimal reviewer package,consider_compression_if_large,no
C:\Users\Monster\OneDrive\Masaüstü\proje2\data\processed\2022_table_6_lasso_final_model_verisi_tahminli.csv,archive_full/data/processed/2022_table_6_lasso_final_model_verisi_tahminli.csv,archived_experiment,1.4198,processed dataset not in minimal reviewer package,consider_compression_if_large,no
C:\Users\Monster\OneDrive\Masaüstü\proje2\data\processed\2022_table_6_lasso_interactionli_model_verisi_tahminli.csv,archive_full/data/processed/2022_table_6_lasso_interactionli_model_verisi_tahminli.csv,archived_experiment,1.4194,processed dataset not in minimal reviewer package,consider_compression_if_large,no
C:\Users\Monster\OneDrive\Masaüstü\proje2\data\processed\2022_table_6_model_verisi_tahminli.csv,archive_full/data/processed/2022_table_6_model_verisi_tahminli.csv,archived_experiment,1.4194,processed dataset not in minimal reviewer package,consider_compression_if_large,no
C:\Users\Monster\OneDrive\Masaüstü\proje2\data\processed\2022_table_7_lasso_final_model_verisi_tahminli.csv,archive_full/data/processed/2022_table_7_lasso_final_model_verisi_tahminli.csv,archived_experiment,1.4241,processed dataset not in minimal reviewer package,consider_compression_if_large,no
C:\Users\Monster\OneDrive\Masaüstü\proje2\data\processed\2022_table_7_lasso_interactionli_model_verisi_tahminli.csv,archive_full/data/processed/2022_table_7_lasso_interactionli_model_verisi_tahminli.csv,archived_experiment,1.4239,processed dataset not in minimal reviewer package,consider_compression_if_large,no
C:\Users\Monster\OneDrive\Masaüstü\proje2\data\processed\2022_table_7_model_verisi_tahminli.csv,archive_full/data/processed/2022_table_7_model_verisi_tahminli.csv,archived_experiment,1.424,processed dataset not in minimal reviewer package,consider_compression_if_large,no
C:\Users\Monster\OneDrive\Masaüstü\proje2\data\processed\2022_table_8_lasso_final_model_verisi_tahminli.csv,archive_full/data/processed/2022_table_8_lasso_final_model_verisi_tahminli.csv,archived_experiment,1.4231,processed dataset not in minimal reviewer package,consider_compression_if_large,no
C:\Users\Monster\OneDrive\Masaüstü\proje2\data\processed\2022_table_8_lasso_interactionli_model_verisi_tahminli.csv,archive_full/data/processed/2022_table_8_lasso_interactionli_model_verisi_tahminli.csv,archived_experiment,1.4234,processed dataset not in minimal reviewer package,consider_compression_if_large,no
C:\Users\Monster\OneDrive\Masaüstü\proje2\data\processed\2022_table_8_model_verisi_tahminli.csv,archive_full/data/processed/2022_table_8_model_verisi_tahminli.csv,archived_experiment,1.4228,processed dataset not in minimal reviewer package,consider_compression_if_large,no
C:\Users\Monster\OneDrive\Masaüstü\proje2\data\processed\2023_table_1_lasso_final_model_verisi_tahminli.csv,archive_full/data/processed/2023_table_1_lasso_final_model_verisi_tahminli.csv,archived_experiment,1.4182,processed dataset not in minimal reviewer package,consider_compression_if_large,no
C:\Users\Monster\OneDrive\Masaüstü\proje2\data\processed\2023_table_1_model_verisi_tahminli.csv,archive_full/data/processed/2023_table_1_model_verisi_tahminli.csv,archived_experiment,1.417,processed dataset not in minimal reviewer package,consider_compression_if_large,no
C:\Users\Monster\OneDrive\Masaüstü\proje2\data\processed\2023_table_2_lasso_final_model_verisi_tahminli.csv,archive_full/data/processed/2023_table_2_lasso_final_model_verisi_tahminli.csv,archived_experiment,1.4183,processed dataset not in minimal reviewer package,consider_compression_if_large,no
C:\Users\Monster\OneDrive\Masaüstü\proje2\data\processed\2023_table_2_model_verisi_tahminli.csv,archive_full/data/processed/2023_table_2_model_verisi_tahminli.csv,archived_experiment,1.4165,processed dataset not in minimal reviewer package,consider_compression_if_large,no
C:\Users\Monster\OneDrive\Masaüstü\proje2\data\processed\2023_table_3_lasso_final_model_verisi_tahminli.csv,archive_full/data/processed/2023_table_3_lasso_final_model_verisi_tahminli.csv,archived_experiment,1.4182,processed dataset not in minimal reviewer package,consider_compression_if_large,no
C:\Users\Monster\OneDrive\Masaüstü\proje2\data\processed\2023_table_3_lasso_interactionli_model_verisi_tahminli.csv,archive_full/data/processed/2023_table_3_lasso_interactionli_model_verisi_tahminli.csv,archived_experiment,1.4183,processed dataset not in minimal reviewer package,consider_compression_if_large,no
C:\Users\Monster\OneDrive\Masaüstü\proje2\data\processed\2023_table_3_model_verisi_tahminli.csv,archive_full/data/processed/2023_table_3_model_verisi_tahminli.csv,archived_experiment,1.4174,processed dataset not in minimal reviewer package,consider_compression_if_large,no
C:\Users\Monster\OneDrive\Masaüstü\proje2\data\processed\2023_table_4_lasso_final_model_verisi_tahminli.csv,archive_full/data/processed/2023_table_4_lasso_final_model_verisi_tahminli.csv,archived_experiment,1.4183,processed dataset not in minimal reviewer package,consider_compression_if_large,no
C:\Users\Monster\OneDrive\Masaüstü\proje2\data\processed\2023_table_4_lasso_interactionli_model_verisi_tahminli.csv,archive_full/data/processed/2023_table_4_lasso_interactionli_model_verisi_tahminli.csv,archived_experiment,1.4181,processed dataset not in minimal reviewer package,consider_compression_if_large,no
C:\Users\Monster\OneDrive\Masaüstü\proje2\data\processed\2023_table_4_model_verisi_tahminli.csv,archive_full/data/processed/2023_table_4_model_verisi_tahminli.csv,archived_experiment,1.418,processed dataset not in minimal reviewer package,consider_compression_if_large,no
C:\Users\Monster\OneDrive\Masaüstü\proje2\data\processed\2023_table_5_lasso_final_model_verisi_tahminli.csv,archive_full/data/processed/2023_table_5_lasso_final_model_verisi_tahminli.csv,archived_experiment,1.418,processed dataset not in minimal reviewer package,consider_compression_if_large,no
C:\Users\Monster\OneDrive\Masaüstü\proje2\data\processed\2023_table_5_lasso_interactionli_model_verisi_tahminli.csv,archive_full/data/processed/2023_table_5_lasso_interactionli_model_verisi_tahminli.csv,archived_experiment,1.4181,processed dataset not in minimal reviewer package,consider_compression_if_large,no
C:\Users\Monster\OneDrive\Masaüstü\proje2\data\processed\2023_table_5_model_verisi_tahminli.csv,archive_full/data/processed/2023_table_5_model_verisi_tahminli.csv,archived_experiment,1.4176,processed dataset not in minimal reviewer package,consider_compression_if_large,no
C:\Users\Monster\OneDrive\Masaüstü\proje2\data\processed\2023_table_6_lasso_final_model_verisi_tahminli.csv,archive_full/data/processed/2023_table_6_lasso_final_model_verisi_tahminli.csv,archived_experiment,1.418,processed dataset not in minimal reviewer package,consider_compression_if_large,no
C:\Users\Monster\OneDrive\Masaüstü\proje2\data\processed\2023_table_6_lasso_interactionli_model_verisi_tahminli.csv,archive_full/data/processed/2023_table_6_lasso_interactionli_model_verisi_tahminli.csv,archived_experiment,1.4181,processed dataset not in minimal reviewer package,consider_compression_if_large,no
C:\Users\Monster\OneDrive\Masaüstü\proje2\data\processed\2023_table_6_model_verisi_tahminli.csv,archive_full/data/processed/2023_table_6_model_verisi_tahminli.csv,archived_experiment,1.4184,processed dataset not in minimal reviewer package,consider_compression_if_large,no
C:\Users\Monster\OneDrive\Masaüstü\proje2\data\processed\2023_table_7_lasso_final_model_verisi_tahminli.csv,archive_full/data/processed/2023_table_7_lasso_final_model_verisi_tahminli.csv,archived_experiment,1.4227,processed dataset not in minimal reviewer package,consider_compression_if_large,no
C:\Users\Monster\OneDrive\Masaüstü\proje2\data\processed\2023_table_7_lasso_interactionli_model_verisi_tahminli.csv,archive_full/data/processed/2023_table_7_lasso_interactionli_model_verisi_tahminli.csv,archived_experiment,1.4224,processed dataset not in minimal reviewer package,consider_compression_if_large,no
C:\Users\Monster\OneDrive\Masaüstü\proje2\data\processed\2023_table_7_model_verisi_tahminli.csv,archive_full/data/processed/2023_table_7_model_verisi_tahminli.csv,archived_experiment,1.4226,processed dataset not in minimal reviewer package,consider_compression_if_large,no
C:\Users\Monster\OneDrive\Masaüstü\proje2\data\processed\2023_table_8_lasso_final_model_verisi_tahminli.csv,archive_full/data/processed/2023_table_8_lasso_final_model_verisi_tahminli.csv,archived_experiment,1.4217,processed dataset not in minimal reviewer package,consider_compression_if_large,no
C:\Users\Monster\OneDrive\Masaüstü\proje2\data\processed\2023_table_8_lasso_interactionli_model_verisi_tahminli.csv,archive_full/data/processed/2023_table_8_lasso_interactionli_model_verisi_tahminli.csv,archived_experiment,1.4217,processed dataset not in minimal reviewer package,consider_compression_if_large,no
C:\Users\Monster\OneDrive\Masaüstü\proje2\data\processed\2023_table_8_model_verisi_tahminli.csv,archive_full/data/processed/2023_table_8_model_verisi_tahminli.csv,archived_experiment,1.4215,processed dataset not in minimal reviewer package,consider_compression_if_large,no
C:\Users\Monster\OneDrive\Masaüstü\proje2\data\processed\2024_table_1_lasso_final_model_verisi_tahminli.csv,archive_full/data/processed/2024_table_1_lasso_final_model_verisi_tahminli.csv,archived_experiment,1.4301,processed dataset not in minimal reviewer package,consider_compression_if_large,no
C:\Users\Monster\OneDrive\Masaüstü\proje2\data\processed\2024_table_1_model_verisi_tahminli.csv,archive_full/data/processed/2024_table_1_model_verisi_tahminli.csv,archived_experiment,1.4291,processed dataset not in minimal reviewer package,consider_compression_if_large,no
C:\Users\Monster\OneDrive\Masaüstü\proje2\data\processed\2024_table_2_lasso_final_model_verisi_tahminli.csv,archive_full/data/processed/2024_table_2_lasso_final_model_verisi_tahminli.csv,archived_experiment,1.4298,processed dataset not in minimal reviewer package,consider_compression_if_large,no
C:\Users\Monster\OneDrive\Masaüstü\proje2\data\processed\2024_table_2_model_verisi_tahminli.csv,archive_full/data/processed/2024_table_2_model_verisi_tahminli.csv,archived_experiment,1.4299,processed dataset not in minimal reviewer package,consider_compression_if_large,no
C:\Users\Monster\OneDrive\Masaüstü\proje2\data\processed\2024_table_3_lasso_final_model_verisi_tahminli.csv,archive_full/data/processed/2024_table_3_lasso_final_model_verisi_tahminli.csv,archived_experiment,1.4298,processed dataset not in minimal reviewer package,consider_compression_if_large,no
C:\Users\Monster\OneDrive\Masaüstü\proje2\data\processed\2024_table_3_lasso_interactionli_model_verisi_tahminli.csv,archive_full/data/processed/2024_table_3_lasso_interactionli_model_verisi_tahminli.csv,archived_experiment,1.4298,processed dataset not in minimal reviewer package,consider_compression_if_large,no
C:\Users\Monster\OneDrive\Masaüstü\proje2\data\processed\2024_table_3_model_verisi_tahminli.csv,archive_full/data/processed/2024_table_3_model_verisi_tahminli.csv,archived_experiment,1.4296,processed dataset not in minimal reviewer package,consider_compression_if_large,no
C:\Users\Monster\OneDrive\Masaüstü\proje2\data\processed\2024_table_4_lasso_final_model_verisi_tahminli.csv,archive_full/data/processed/2024_table_4_lasso_final_model_verisi_tahminli.csv,archived_experiment,1.4298,processed dataset not in minimal reviewer package,consider_compression_if_large,no
C:\Users\Monster\OneDrive\Masaüstü\proje2\data\processed\2024_table_4_lasso_interactionli_model_verisi_tahminli.csv,archive_full/data/processed/2024_table_4_lasso_interactionli_model_verisi_tahminli.csv,archived_experiment,1.4299,processed dataset not in minimal reviewer package,consider_compression_if_large,no
C:\Users\Monster\OneDrive\Masaüstü\proje2\data\processed\2024_table_4_model_verisi_tahminli.csv,archive_full/data/processed/2024_table_4_model_verisi_tahminli.csv,archived_experiment,1.4297,processed dataset not in minimal reviewer package,consider_compression_if_large,no
C:\Users\Monster\OneDrive\Masaüstü\proje2\data\processed\2024_table_5_lasso_final_model_verisi_tahminli.csv,archive_full/data/processed/2024_table_5_lasso_final_model_verisi_tahminli.csv,archived_experiment,1.43,processed dataset not in minimal reviewer package,consider_compression_if_large,no
C:\Users\Monster\OneDrive\Masaüstü\proje2\data\processed\2024_table_5_lasso_interactionli_model_verisi_tahminli.csv,archive_full/data/processed/2024_table_5_lasso_interactionli_model_verisi_tahminli.csv,archived_experiment,1.4301,processed dataset not in minimal reviewer package,consider_compression_if_large,no
C:\Users\Monster\OneDrive\Masaüstü\proje2\data\processed\2024_table_5_model_verisi_tahminli.csv,archive_full/data/processed/2024_table_5_model_verisi_tahminli.csv,archived_experiment,1.4295,processed dataset not in minimal reviewer package,consider_compression_if_large,no
C:\Users\Monster\OneDrive\Masaüstü\proje2\data\processed\2024_table_6_lasso_final_model_verisi_tahminli.csv,archive_full/data/processed/2024_table_6_lasso_final_model_verisi_tahminli.csv,archived_experiment,1.4298,processed dataset not in minimal reviewer package,consider_compression_if_large,no
C:\Users\Monster\OneDrive\Masaüstü\proje2\data\processed\2024_table_6_lasso_interactionli_model_verisi_tahminli.csv,archive_full/data/processed/2024_table_6_lasso_interactionli_model_verisi_tahminli.csv,archived_experiment,1.4298,processed dataset not in minimal reviewer package,consider_compression_if_large,no
C:\Users\Monster\OneDrive\Masaüstü\proje2\data\processed\2024_table_6_model_verisi_tahminli.csv,archive_full/data/processed/2024_table_6_model_verisi_tahminli.csv,archived_experiment,1.43,processed dataset not in minimal reviewer package,consider_compression_if_large,no
C:\Users\Monster\OneDrive\Masaüstü\proje2\data\processed\2024_table_7_lasso_final_model_verisi_tahminli.csv,archive_full/data/processed/2024_table_7_lasso_final_model_verisi_tahminli.csv,archived_experiment,1.4348,processed dataset not in minimal reviewer package,consider_compression_if_large,no
C:\Users\Monster\OneDrive\Masaüstü\proje2\data\processed\2024_table_7_lasso_interactionli_model_verisi_tahminli.csv,archive_full/data/processed/2024_table_7_lasso_interactionli_model_verisi_tahminli.csv,archived_experiment,1.4348,processed dataset not in minimal reviewer package,consider_compression_if_large,no
C:\Users\Monster\OneDrive\Masaüstü\proje2\data\processed\2024_table_7_model_verisi_tahminli.csv,archive_full/data/processed/2024_table_7_model_verisi_tahminli.csv,archived_experiment,1.4348,processed dataset not in minimal reviewer package,consider_compression_if_large,no
C:\Users\Monster\OneDrive\Masaüstü\proje2\data\processed\2024_table_8_lasso_final_model_verisi_tahminli.csv,archive_full/data/processed/2024_table_8_lasso_final_model_verisi_tahminli.csv,archived_experiment,1.4337,processed dataset not in minimal reviewer package,consider_compression_if_large,no
C:\Users\Monster\OneDrive\Masaüstü\proje2\data\processed\2024_table_8_lasso_interactionli_model_verisi_tahminli.csv,archive_full/data/processed/2024_table_8_lasso_interactionli_model_verisi_tahminli.csv,archived_experiment,1.4336,processed dataset not in minimal reviewer package,consider_compression_if_large,no
C:\Users\Monster\OneDrive\Masaüstü\proje2\data\processed\2024_table_8_model_verisi_tahminli.csv,archive_full/data/processed/2024_table_8_model_verisi_tahminli.csv,archived_experiment,1.434,processed dataset not in minimal reviewer package,consider_compression_if_large,no
C:\Users\Monster\OneDrive\Masaüstü\proje2\data\processed\analiz_verisi_2022.csv,archive_full/data/processed/analiz_verisi_2022.csv,archived_experiment,1.2594,processed dataset not in minimal reviewer package,consider_compression_if_large,no
C:\Users\Monster\OneDrive\Masaüstü\proje2\data\processed\analiz_verisi_2023.csv,archive_full/data/processed/analiz_verisi_2023.csv,archived_experiment,1.2579,processed dataset not in minimal reviewer package,consider_compression_if_large,no
C:\Users\Monster\OneDrive\Masaüstü\proje2\data\processed\analiz_verisi_2024.csv,archive_full/data/processed/analiz_verisi_2024.csv,archived_experiment,1.2695,processed dataset not in minimal reviewer package,consider_compression_if_large,no
C:\Users\Monster\OneDrive\Masaüstü\proje2\data\raw\consumption\tuketim_2022.xlsx,archive_full/data/raw/consumption/tuketim_2022.xlsx,final_data,0.2357,raw source data preserved for full archive but omitted from reviewer package for size and clarity,consider_external_backup_if_large,no
C:\Users\Monster\OneDrive\Masaüstü\proje2\data\raw\consumption\tuketim_2023.xlsx,archive_full/data/raw/consumption/tuketim_2023.xlsx,final_data,0.2357,raw source data preserved for full archive but omitted from reviewer package for size and clarity,consider_external_backup_if_large,no
C:\Users\Monster\OneDrive\Masaüstü\proje2\data\raw\consumption\tuketim_2024.xlsx,archive_full/data/raw/consumption/tuketim_2024.xlsx,final_data,0.2366,raw source data preserved for full archive but omitted from reviewer package for size and clarity,consider_external_backup_if_large,no
C:\Users\Monster\OneDrive\Masaüstü\proje2\data\raw\consumption\tuketim_2025.xlsx,archive_full/data/raw/consumption/tuketim_2025.xlsx,final_data,0.1921,raw source data preserved for full archive but omitted from reviewer package for size and clarity,consider_external_backup_if_large,no
C:\Users\Monster\OneDrive\Masaüstü\proje2\data\raw\economic\faiz_oranlari.xlsx,archive_full/data/raw/economic/faiz_oranlari.xlsx,final_data,0.0095,raw source data preserved for full archive but omitted from reviewer package for size and clarity,consider_external_backup_if_large,no
C:\Users\Monster\OneDrive\Masaüstü\proje2\data\raw\economic\kapasite_kullanim_orani.xlsx,archive_full/data/raw/economic/kapasite_kullanim_orani.xlsx,final_data,0.0097,raw source data preserved for full archive but omitted from reviewer package for size and clarity,consider_external_backup_if_large,no
C:\Users\Monster\OneDrive\Masaüstü\proje2\data\raw\economic\pmi_degerleri.xlsx,archive_full/data/raw/economic/pmi_degerleri.xlsx,final_data,0.0092,raw source data preserved for full archive but omitted from reviewer package for size and clarity,consider_external_backup_if_large,no
C:\Users\Monster\OneDrive\Masaüstü\proje2\data\raw\temperature\sicaklik_2022.xlsx,archive_full/data/raw/temperature/sicaklik_2022.xlsx,final_data,19.9187,raw source data preserved for full archive but omitted from reviewer package for size and clarity,consider_external_backup_if_large,no
C:\Users\Monster\OneDrive\Masaüstü\proje2\data\raw\temperature\sicaklik_2023.xlsx,archive_full/data/raw/temperature/sicaklik_2023.xlsx,final_data,20.2473,raw source data preserved for full archive but omitted from reviewer package for size and clarity,consider_external_backup_if_large,no
C:\Users\Monster\OneDrive\Masaüstü\proje2\data\raw\temperature\sicaklik_2024.xlsx,archive_full/data/raw/temperature/sicaklik_2024.xlsx,final_data,20.5671,raw source data preserved for full archive but omitted from reviewer package for size and clarity,consider_external_backup_if_large,no
C:\Users\Monster\OneDrive\Masaüstü\proje2\data\raw\temperature\sicaklik_2025.xlsx,archive_full/data/raw/temperature/sicaklik_2025.xlsx,final_data,21.4872,raw source data preserved for full archive but omitted from reviewer package for size and clarity,consider_external_backup_if_large,no
C:\Users\Monster\OneDrive\Masaüstü\proje2\outputs\figures\2022_aylik_ortalama_tuketim.png,archive_full/figures/2022_aylik_ortalama_tuketim.png,archived_experiment,0.0323,figure not in curated reviewer package,not_needed,no
C:\Users\Monster\OneDrive\Masaüstü\proje2\outputs\figures\2022_gunluk_gercek_vs_ols.png,archive_full/figures/2022_gunluk_gercek_vs_ols.png,archived_experiment,0.2118,figure not in curated reviewer package,not_needed,no
C:\Users\Monster\OneDrive\Masaüstü\proje2\outputs\figures\2022_saatlik_tuketim_profili.png,archive_full/figures/2022_saatlik_tuketim_profili.png,archived_experiment,0.0519,figure not in curated reviewer package,not_needed,no
C:\Users\Monster\OneDrive\Masaüstü\proje2\outputs\figures\2022_table_1_lasso_final_cdd_marjinal_etki_aylik.png,archive_full/figures/2022_table_1_lasso_final_cdd_marjinal_etki_aylik.png,archived_experiment,0.0457,figure not in curated reviewer package,not_needed,no
C:\Users\Monster\OneDrive\Masaüstü\proje2\outputs\figures\2022_table_1_lasso_final_hdd_marjinal_etki_aylik.png,archive_full/figures/2022_table_1_lasso_final_hdd_marjinal_etki_aylik.png,archived_experiment,0.086,figure not in curated reviewer package,not_needed,no
C:\Users\Monster\OneDrive\Masaüstü\proje2\outputs\figures\2022_table_2_lasso_final_cdd_marjinal_etki_aylik.png,archive_full/figures/2022_table_2_lasso_final_cdd_marjinal_etki_aylik.png,archived_experiment,0.0487,figure not in curated reviewer package,not_needed,no
C:\Users\Monster\OneDrive\Masaüstü\proje2\outputs\figures\2022_table_2_lasso_final_hdd_marjinal_etki_aylik.png,archive_full/figures/2022_table_2_lasso_final_hdd_marjinal_etki_aylik.png,archived_experiment,0.0897,figure not in curated reviewer package,not_needed,no
C:\Users\Monster\OneDrive\Masaüstü\proje2\outputs\figures\2022_table_3_lasso_final_cdd_marjinal_etki_aylik.png,archive_full/figures/2022_table_3_lasso_final_cdd_marjinal_etki_aylik.png,archived_experiment,0.0517,figure not in curated reviewer package,not_needed,no
C:\Users\Monster\OneDrive\Masaüstü\proje2\outputs\figures\2022_table_3_lasso_final_cdd_marjinal_etki_aylik_test.png,archive_full/figures/2022_table_3_lasso_final_cdd_marjinal_etki_aylik_test.png,archived_experiment,0.0369,figure not in curated reviewer package,not_needed,no
C:\Users\Monster\OneDrive\Masaüstü\proje2\outputs\figures\2022_table_3_lasso_final_hdd_marjinal_etki_aylik.png,archive_full/figures/2022_table_3_lasso_final_hdd_marjinal_etki_aylik.png,archived_experiment,0.0949,figure not in curated reviewer package,not_needed,no
C:\Users\Monster\OneDrive\Masaüstü\proje2\outputs\figures\2022_table_4_lasso_final_cdd_marjinal_etki_aylik.png,archive_full/figures/2022_table_4_lasso_final_cdd_marjinal_etki_aylik.png,archived_experiment,0.0462,figure not in curated reviewer package,not_needed,no
C:\Users\Monster\OneDrive\Masaüstü\proje2\outputs\figures\2022_table_4_lasso_final_hdd_marjinal_etki_aylik.png,archive_full/figures/2022_table_4_lasso_final_hdd_marjinal_etki_aylik.png,archived_experiment,0.0938,figure not in curated reviewer package,not_needed,no
C:\Users\Monster\OneDrive\Masaüstü\proje2\outputs\figures\2022_table_5_lasso_final_cdd_marjinal_etki_aylik.png,archive_full/figures/2022_table_5_lasso_final_cdd_marjinal_etki_aylik.png,archived_experiment,0.0533,figure not in curated reviewer package,not_needed,no
C:\Users\Monster\OneDrive\Masaüstü\proje2\outputs\figures\2022_table_5_lasso_final_hdd_marjinal_etki_aylik.png,archive_full/figures/2022_table_5_lasso_final_hdd_marjinal_etki_aylik.png,archived_experiment,0.0931,figure not in curated reviewer package,not_needed,no
C:\Users\Monster\OneDrive\Masaüstü\proje2\outputs\figures\2022_table_6_lasso_final_cdd_marjinal_etki_aylik.png,archive_full/figures/2022_table_6_lasso_final_cdd_marjinal_etki_aylik.png,archived_experiment,0.0545,figure not in curated reviewer package,not_needed,no
C:\Users\Monster\OneDrive\Masaüstü\proje2\outputs\figures\2022_table_6_lasso_final_hdd_marjinal_etki_aylik.png,archive_full/figures/2022_table_6_lasso_final_hdd_marjinal_etki_aylik.png,archived_experiment,0.0944,figure not in curated reviewer package,not_needed,no
C:\Users\Monster\OneDrive\Masaüstü\proje2\outputs\figures\2022_table_7_lasso_final_cdd_marjinal_etki_aylik.png,archive_full/figures/2022_table_7_lasso_final_cdd_marjinal_etki_aylik.png,archived_experiment,0.0483,figure not in curated reviewer package,not_needed,no
C:\Users\Monster\OneDrive\Masaüstü\proje2\outputs\figures\2022_table_7_lasso_final_hdd_marjinal_etki_aylik.png,archive_full/figures/2022_table_7_lasso_final_hdd_marjinal_etki_aylik.png,archived_experiment,0.0929,figure not in curated reviewer package,not_needed,no
C:\Users\Monster\OneDrive\Masaüstü\proje2\outputs\figures\2022_table_8_lasso_final_cdd_marjinal_etki_aylik.png,archive_full/figures/2022_table_8_lasso_final_cdd_marjinal_etki_aylik.png,archived_experiment,0.0473,figure not in curated reviewer package,not_needed,no
C:\Users\Monster\OneDrive\Masaüstü\proje2\outputs\figures\2022_table_8_lasso_final_hdd_marjinal_etki_aylik.png,archive_full/figures/2022_table_8_lasso_final_hdd_marjinal_etki_aylik.png,archived_experiment,0.0898,figure not in curated reviewer package,not_needed,no
C:\Users\Monster\OneDrive\Masaüstü\proje2\outputs\figures\2023_aylik_ortalama_tuketim.png,archive_full/figures/2023_aylik_ortalama_tuketim.png,archived_experiment,0.0262,figure not in curated reviewer package,not_needed,no
C:\Users\Monster\OneDrive\Masaüstü\proje2\outputs\figures\2023_gunluk_gercek_vs_ols.png,archive_full/figures/2023_gunluk_gercek_vs_ols.png,archived_experiment,0.1951,figure not in curated reviewer package,not_needed,no
C:\Users\Monster\OneDrive\Masaüstü\proje2\outputs\figures\2023_saatlik_tuketim_profili.png,archive_full/figures/2023_saatlik_tuketim_profili.png,archived_experiment,0.0503,figure not in curated reviewer package,not_needed,no
C:\Users\Monster\OneDrive\Masaüstü\proje2\outputs\figures\2023_table_1_lasso_final_cdd_marjinal_etki_aylik.png,archive_full/figures/2023_table_1_lasso_final_cdd_marjinal_etki_aylik.png,archived_experiment,0.0623,figure not in curated reviewer package,not_needed,no
C:\Users\Monster\OneDrive\Masaüstü\proje2\outputs\figures\2023_table_1_lasso_final_hdd_marjinal_etki_aylik.png,archive_full/figures/2023_table_1_lasso_final_hdd_marjinal_etki_aylik.png,archived_experiment,0.0345,figure not in curated reviewer package,not_needed,no
C:\Users\Monster\OneDrive\Masaüstü\proje2\outputs\figures\2023_table_2_lasso_final_cdd_marjinal_etki_aylik.png,archive_full/figures/2023_table_2_lasso_final_cdd_marjinal_etki_aylik.png,archived_experiment,0.0637,figure not in curated reviewer package,not_needed,no
C:\Users\Monster\OneDrive\Masaüstü\proje2\outputs\figures\2023_table_2_lasso_final_hdd_marjinal_etki_aylik.png,archive_full/figures/2023_table_2_lasso_final_hdd_marjinal_etki_aylik.png,archived_experiment,0.0359,figure not in curated reviewer package,not_needed,no
C:\Users\Monster\OneDrive\Masaüstü\proje2\outputs\figures\2023_table_3_lasso_final_cdd_marjinal_etki_aylik.png,archive_full/figures/2023_table_3_lasso_final_cdd_marjinal_etki_aylik.png,archived_experiment,0.0675,figure not in curated reviewer package,not_needed,no
C:\Users\Monster\OneDrive\Masaüstü\proje2\outputs\figures\2023_table_3_lasso_final_hdd_marjinal_etki_aylik.png,archive_full/figures/2023_table_3_lasso_final_hdd_marjinal_etki_aylik.png,archived_experiment,0.0392,figure not in curated reviewer package,not_needed,no
C:\Users\Monster\OneDrive\Masaüstü\proje2\outputs\figures\2023_table_4_lasso_final_cdd_marjinal_etki_aylik.png,archive_full/figures/2023_table_4_lasso_final_cdd_marjinal_etki_aylik.png,archived_experiment,0.0846,figure not in curated reviewer package,not_needed,no
C:\Users\Monster\OneDrive\Masaüstü\proje2\outputs\figures\2023_table_4_lasso_final_hdd_marjinal_etki_aylik.png,archive_full/figures/2023_table_4_lasso_final_hdd_marjinal_etki_aylik.png,archived_experiment,0.0836,figure not in curated reviewer package,not_needed,no
C:\Users\Monster\OneDrive\Masaüstü\proje2\outputs\figures\2023_table_5_lasso_final_cdd_marjinal_etki_aylik.png,archive_full/figures/2023_table_5_lasso_final_cdd_marjinal_etki_aylik.png,archived_experiment,0.069,figure not in curated reviewer package,not_needed,no
C:\Users\Monster\OneDrive\Masaüstü\proje2\outputs\figures\2023_table_5_lasso_final_hdd_marjinal_etki_aylik.png,archive_full/figures/2023_table_5_lasso_final_hdd_marjinal_etki_aylik.png,archived_experiment,0.0405,figure not in curated reviewer package,not_needed,no
C:\Users\Monster\OneDrive\Masaüstü\proje2\outputs\figures\2023_table_6_lasso_final_cdd_marjinal_etki_aylik.png,archive_full/figures/2023_table_6_lasso_final_cdd_marjinal_etki_aylik.png,archived_experiment,0.07,figure not in curated reviewer package,not_needed,no
C:\Users\Monster\OneDrive\Masaüstü\proje2\outputs\figures\2023_table_6_lasso_final_hdd_marjinal_etki_aylik.png,archive_full/figures/2023_table_6_lasso_final_hdd_marjinal_etki_aylik.png,archived_experiment,0.0417,figure not in curated reviewer package,not_needed,no
C:\Users\Monster\OneDrive\Masaüstü\proje2\outputs\figures\2023_table_7_lasso_final_cdd_marjinal_etki_aylik.png,archive_full/figures/2023_table_7_lasso_final_cdd_marjinal_etki_aylik.png,archived_experiment,0.0683,figure not in curated reviewer package,not_needed,no
C:\Users\Monster\OneDrive\Masaüstü\proje2\outputs\figures\2023_table_7_lasso_final_hdd_marjinal_etki_aylik.png,archive_full/figures/2023_table_7_lasso_final_hdd_marjinal_etki_aylik.png,archived_experiment,0.0459,figure not in curated reviewer package,not_needed,no
C:\Users\Monster\OneDrive\Masaüstü\proje2\outputs\figures\2023_table_8_lasso_final_cdd_marjinal_etki_aylik.png,archive_full/figures/2023_table_8_lasso_final_cdd_marjinal_etki_aylik.png,archived_experiment,0.0637,figure not in curated reviewer package,not_needed,no
C:\Users\Monster\OneDrive\Masaüstü\proje2\outputs\figures\2023_table_8_lasso_final_hdd_marjinal_etki_aylik.png,archive_full/figures/2023_table_8_lasso_final_hdd_marjinal_etki_aylik.png,archived_experiment,0.0435,figure not in curated reviewer package,not_needed,no
C:\Users\Monster\OneDrive\Masaüstü\proje2\outputs\figures\2024_aylik_ortalama_tuketim.png,archive_full/figures/2024_aylik_ortalama_tuketim.png,archived_experiment,0.026,figure not in curated reviewer package,not_needed,no
C:\Users\Monster\OneDrive\Masaüstü\proje2\outputs\figures\2024_gunluk_gercek_vs_ols.png,archive_full/figures/2024_gunluk_gercek_vs_ols.png,archived_experiment,0.2064,figure not in curated reviewer package,not_needed,no
C:\Users\Monster\OneDrive\Masaüstü\proje2\outputs\figures\2024_saatlik_tuketim_profili.png,archive_full/figures/2024_saatlik_tuketim_profili.png,archived_experiment,0.0518,figure not in curated reviewer package,not_needed,no
C:\Users\Monster\OneDrive\Masaüstü\proje2\outputs\figures\2024_table_1_lasso_final_cdd_marjinal_etki_aylik.png,archive_full/figures/2024_table_1_lasso_final_cdd_marjinal_etki_aylik.png,archived_experiment,0.0849,figure not in curated reviewer package,not_needed,no
C:\Users\Monster\OneDrive\Masaüstü\proje2\outputs\figures\2024_table_1_lasso_final_hdd_marjinal_etki_aylik.png,archive_full/figures/2024_table_1_lasso_final_hdd_marjinal_etki_aylik.png,archived_experiment,0.1036,figure not in curated reviewer package,not_needed,no
C:\Users\Monster\OneDrive\Masaüstü\proje2\outputs\figures\2024_table_2_lasso_final_cdd_marjinal_etki_aylik.png,archive_full/figures/2024_table_2_lasso_final_cdd_marjinal_etki_aylik.png,archived_experiment,0.0862,figure not in curated reviewer package,not_needed,no
C:\Users\Monster\OneDrive\Masaüstü\proje2\outputs\figures\2024_table_2_lasso_final_hdd_marjinal_etki_aylik.png,archive_full/figures/2024_table_2_lasso_final_hdd_marjinal_etki_aylik.png,archived_experiment,0.105,figure not in curated reviewer package,not_needed,no
C:\Users\Monster\OneDrive\Masaüstü\proje2\outputs\figures\2024_table_3_lasso_final_cdd_marjinal_etki_aylik.png,archive_full/figures/2024_table_3_lasso_final_cdd_marjinal_etki_aylik.png,archived_experiment,0.0909,figure not in curated reviewer package,not_needed,no
C:\Users\Monster\OneDrive\Masaüstü\proje2\outputs\figures\2024_table_3_lasso_final_hdd_marjinal_etki_aylik.png,archive_full/figures/2024_table_3_lasso_final_hdd_marjinal_etki_aylik.png,archived_experiment,0.1093,figure not in curated reviewer package,not_needed,no
C:\Users\Monster\OneDrive\Masaüstü\proje2\outputs\figures\2024_table_4_lasso_final_cdd_marjinal_etki_aylik.png,archive_full/figures/2024_table_4_lasso_final_cdd_marjinal_etki_aylik.png,archived_experiment,0.0749,figure not in curated reviewer package,not_needed,no
C:\Users\Monster\OneDrive\Masaüstü\proje2\outputs\figures\2024_table_4_lasso_final_hdd_marjinal_etki_aylik.png,archive_full/figures/2024_table_4_lasso_final_hdd_marjinal_etki_aylik.png,archived_experiment,0.0974,figure not in curated reviewer package,not_needed,no
C:\Users\Monster\OneDrive\Masaüstü\proje2\outputs\figures\2024_table_5_lasso_final_cdd_marjinal_etki_aylik.png,archive_full/figures/2024_table_5_lasso_final_cdd_marjinal_etki_aylik.png,archived_experiment,0.092,figure not in curated reviewer package,not_needed,no
C:\Users\Monster\OneDrive\Masaüstü\proje2\outputs\figures\2024_table_5_lasso_final_hdd_marjinal_etki_aylik.png,archive_full/figures/2024_table_5_lasso_final_hdd_marjinal_etki_aylik.png,archived_experiment,0.1108,figure not in curated reviewer package,not_needed,no
C:\Users\Monster\OneDrive\Masaüstü\proje2\outputs\figures\2024_table_6_lasso_final_cdd_marjinal_etki_aylik.png,archive_full/figures/2024_table_6_lasso_final_cdd_marjinal_etki_aylik.png,archived_experiment,0.093,figure not in curated reviewer package,not_needed,no
C:\Users\Monster\OneDrive\Masaüstü\proje2\outputs\figures\2024_table_6_lasso_final_hdd_marjinal_etki_aylik.png,archive_full/figures/2024_table_6_lasso_final_hdd_marjinal_etki_aylik.png,archived_experiment,0.1121,figure not in curated reviewer package,not_needed,no
C:\Users\Monster\OneDrive\Masaüstü\proje2\outputs\figures\2024_table_7_lasso_final_cdd_marjinal_etki_aylik.png,archive_full/figures/2024_table_7_lasso_final_cdd_marjinal_etki_aylik.png,archived_experiment,0.0803,figure not in curated reviewer package,not_needed,no
C:\Users\Monster\OneDrive\Masaüstü\proje2\outputs\figures\2024_table_7_lasso_final_hdd_marjinal_etki_aylik.png,archive_full/figures/2024_table_7_lasso_final_hdd_marjinal_etki_aylik.png,archived_experiment,0.1045,figure not in curated reviewer package,not_needed,no
C:\Users\Monster\OneDrive\Masaüstü\proje2\outputs\figures\2024_table_8_lasso_final_cdd_marjinal_etki_aylik.png,archive_full/figures/2024_table_8_lasso_final_cdd_marjinal_etki_aylik.png,archived_experiment,0.0904,figure not in curated reviewer package,not_needed,no
C:\Users\Monster\OneDrive\Masaüstü\proje2\outputs\figures\2024_table_8_lasso_final_hdd_marjinal_etki_aylik.png,archive_full/figures/2024_table_8_lasso_final_hdd_marjinal_etki_aylik.png,archived_experiment,0.1068,figure not in curated reviewer package,not_needed,no
C:\Users\Monster\OneDrive\Masaüstü\proje2\outputs\figures\lasso_r_squared_karsilastirma_isiharitasi.png,archive_full/figures/lasso_r_squared_karsilastirma_isiharitasi.png,archived_experiment,0.1868,figure not in curated reviewer package,not_needed,no
C:\Users\Monster\OneDrive\Masaüstü\proje2\outputs\figures\nonrecursive_historical_residual_diagnostics.png,archive_full/figures/nonrecursive_historical_residual_diagnostics.png,archived_experiment,0.5872,figure not in curated reviewer package,not_needed,no
C:\Users\Monster\OneDrive\Masaüstü\proje2\outputs\figures\r_squared_karsilastirma_grafigi.png,archive_full/figures/r_squared_karsilastirma_grafigi.png,archived_experiment,0.1398,figure not in curated reviewer package,not_needed,no
C:\Users\Monster\OneDrive\Masaüstü\proje2\outputs\figures\r_squared_karsilastirma_isiharitasi.png,archive_full/figures/r_squared_karsilastirma_isiharitasi.png,archived_experiment,0.1804,figure not in curated reviewer package,not_needed,no
C:\Users\Monster\OneDrive\Masaüstü\proje2\outputs\figures\table3_2025_actual_vs_forecasts.png,archive_full/experiments/table3_rolling_month_ahead/table3_2025_actual_vs_forecasts.png,archived_experiment,0.357,figure not in curated reviewer package,not_needed,no
C:\Users\Monster\OneDrive\Masaüstü\proje2\outputs\figures\table3_2025_monthly_error_profile.png,archive_full/experiments/table3_rolling_month_ahead/table3_2025_monthly_error_profile.png,archived_experiment,0.2029,figure not in curated reviewer package,not_needed,no
C:\Users\Monster\OneDrive\Masaüstü\proje2\outputs\figures\table3_2025_monthly_rmse_comparison.png,archive_full/experiments/table3_rolling_month_ahead/table3_2025_monthly_rmse_comparison.png,archived_experiment,0.1324,figure not in curated reviewer package,not_needed,no
C:\Users\Monster\OneDrive\Masaüstü\proje2\outputs\figures\table3_2025_residual_comparison.png,archive_full/experiments/table3_rolling_month_ahead/table3_2025_residual_comparison.png,archived_experiment,0.2399,figure not in curated reviewer package,not_needed,no
C:\Users\Monster\OneDrive\Masaüstü\proje2\outputs\figures\table8_fully_blind_population_weighted_actual_vs_predicted_2025.png,archive_full/figures/table8_fully_blind_population_weighted_actual_vs_predicted_2025.png,archived_experiment,0.5397,figure not in curated reviewer package,not_needed,no
C:\Users\Monster\OneDrive\Masaüstü\proje2\outputs\figures\table8_fully_blind_population_weighted_actual_vs_predicted_2025_january.png,archive_full/experiments/discarded_trials/table8_fully_blind_population_weighted_actual_vs_predicted_2025_january.png,archived_experiment,0.3246,figure not in curated reviewer package,not_needed,no
C:\Users\Monster\OneDrive\Masaüstü\proje2\outputs\figures\table8_fully_blind_population_weighted_feature_importance.png,archive_full/figures/table8_fully_blind_population_weighted_feature_importance.png,archived_experiment,0.0543,figure not in curated reviewer package,not_needed,no
C:\Users\Monster\OneDrive\Masaüstü\proje2\outputs\figures\table8_fully_blind_population_weighted_residuals_2025.png,archive_full/figures/table8_fully_blind_population_weighted_residuals_2025.png,archived_experiment,0.2073,figure not in curated reviewer package,not_needed,no
C:\Users\Monster\OneDrive\Masaüstü\proje2\outputs\figures\table8_nonrecursive_historical_population_weighted_actual_vs_predicted_2025.png,archive_full/figures/table8_nonrecursive_historical_population_weighted_actual_vs_predicted_2025.png,archived_experiment,0.5523,figure not in curated reviewer package,not_needed,no
C:\Users\Monster\OneDrive\Masaüstü\proje2\outputs\figures\table8_nonrecursive_historical_population_weighted_residuals_2025.png,archive_full/figures/table8_nonrecursive_historical_population_weighted_residuals_2025.png,archived_experiment,0.197,figure not in curated reviewer package,not_needed,no
C:\Users\Monster\OneDrive\Masaüstü\proje2\outputs\figures\xgboost_2025_actual_vs_predicted.png,archive_full/figures/xgboost_2025_actual_vs_predicted.png,archived_experiment,0.6952,figure not in curated reviewer package,not_needed,no
C:\Users\Monster\OneDrive\Masaüstü\proje2\outputs\figures\xgboost_2025_actual_vs_predicted_january.png,archive_full/experiments/discarded_trials/xgboost_2025_actual_vs_predicted_january.png,archived_experiment,0.4698,figure not in curated reviewer package,not_needed,no
C:\Users\Monster\OneDrive\Masaüstü\proje2\outputs\figures\xgboost_2025_feature_importance.png,archive_full/figures/xgboost_2025_feature_importance.png,archived_experiment,0.0761,figure not in curated reviewer package,not_needed,no
C:\Users\Monster\OneDrive\Masaüstü\proje2\outputs\figures\xgboost_2025_residuals.png,archive_full/figures/xgboost_2025_residuals.png,archived_experiment,0.2487,figure not in curated reviewer package,not_needed,no
C:\Users\Monster\OneDrive\Masaüstü\proje2\outputs\models\fully_blind_broad_future_forecast_xgboost_metadata.json,archive_full/models/fully_blind_broad_future_forecast_xgboost_metadata.json,archived_experiment,0.0021,saved model artifact retained for full archive only,consider_compression_if_large,no
C:\Users\Monster\OneDrive\Masaüstü\proje2\outputs\models\fully_blind_broad_future_forecast_xgboost_model.json,archive_full/models/fully_blind_broad_future_forecast_xgboost_model.json,archived_experiment,1.0237,saved model artifact retained for full archive only,consider_compression_if_large,no
C:\Users\Monster\OneDrive\Masaüstü\proje2\outputs\models\table3_intramonth_enhanced_xgboost_metadata.json,archive_full/models/table3_intramonth_enhanced_xgboost_metadata.json,archived_experiment,0.002,saved model artifact retained for full archive only,consider_compression_if_large,no
C:\Users\Monster\OneDrive\Masaüstü\proje2\outputs\models\table3_intramonth_enhanced_xgboost_model.json,archive_full/models/table3_intramonth_enhanced_xgboost_model.json,archived_experiment,3.51,saved model artifact retained for full archive only,consider_compression_if_large,no
C:\Users\Monster\OneDrive\Masaüstü\proje2\outputs\models\table3_intramonth_population_weighted_xgboost_metadata.json,archive_full/models/table3_intramonth_population_weighted_xgboost_metadata.json,archived_experiment,0.0012,saved model artifact retained for full archive only,consider_compression_if_large,no
C:\Users\Monster\OneDrive\Masaüstü\proje2\outputs\models\table3_intramonth_population_weighted_xgboost_model.json,archive_full/models/table3_intramonth_population_weighted_xgboost_model.json,archived_experiment,1.1475,saved model artifact retained for full archive only,consider_compression_if_large,no
C:\Users\Monster\OneDrive\Masaüstü\proje2\outputs\models\table3_intramonth_sarima_guided_xgboost_metadata.json,archive_full/models/table3_intramonth_sarima_guided_xgboost_metadata.json,archived_experiment,0.0019,saved model artifact retained for full archive only,consider_compression_if_large,no
C:\Users\Monster\OneDrive\Masaüstü\proje2\outputs\models\table3_intramonth_sarima_guided_xgboost_model.json,archive_full/models/table3_intramonth_sarima_guided_xgboost_model.json,archived_experiment,1.4844,saved model artifact retained for full archive only,consider_compression_if_large,no
C:\Users\Monster\OneDrive\Masaüstü\proje2\outputs\models\table3_intramonth_xgboost_metadata.json,archive_full/models/table3_intramonth_xgboost_metadata.json,archived_experiment,0.0016,saved model artifact retained for full archive only,consider_compression_if_large,no
C:\Users\Monster\OneDrive\Masaüstü\proje2\outputs\models\table3_intramonth_xgboost_model.json,archive_full/models/table3_intramonth_xgboost_model.json,archived_experiment,1.0466,saved model artifact retained for full archive only,consider_compression_if_large,no
C:\Users\Monster\OneDrive\Masaüstü\proje2\outputs\models\table3_sarima_guided_population_weighted_xgboost_metadata.json,archive_full/models/table3_sarima_guided_population_weighted_xgboost_metadata.json,archived_experiment,0.0012,saved model artifact retained for full archive only,consider_compression_if_large,no
C:\Users\Monster\OneDrive\Masaüstü\proje2\outputs\models\table3_sarima_guided_population_weighted_xgboost_model.json,archive_full/models/table3_sarima_guided_population_weighted_xgboost_model.json,archived_experiment,1.4921,saved model artifact retained for full archive only,consider_compression_if_large,no
C:\Users\Monster\OneDrive\Masaüstü\proje2\outputs\models\table8_broadscale_enhanced_xgboost_metadata.json,archive_full/models/table8_broadscale_enhanced_xgboost_metadata.json,archived_experiment,0.0021,saved model artifact retained for full archive only,consider_compression_if_large,no
C:\Users\Monster\OneDrive\Masaüstü\proje2\outputs\models\table8_broadscale_enhanced_xgboost_model.json,archive_full/models/table8_broadscale_enhanced_xgboost_model.json,archived_experiment,3.7416,saved model artifact retained for full archive only,consider_compression_if_large,no
C:\Users\Monster\OneDrive\Masaüstü\proje2\outputs\models\table8_broadscale_recursive_stabilized_xgboost_metadata.json,archive_full/models/table8_broadscale_recursive_stabilized_xgboost_metadata.json,archived_experiment,0.0023,saved model artifact retained for full archive only,consider_compression_if_large,no
C:\Users\Monster\OneDrive\Masaüstü\proje2\outputs\models\table8_broadscale_recursive_stabilized_xgboost_model.json,archive_full/models/table8_broadscale_recursive_stabilized_xgboost_model.json,archived_experiment,1.0165,saved model artifact retained for full archive only,consider_compression_if_large,no
C:\Users\Monster\OneDrive\Masaüstü\proje2\outputs\models\table8_broadscale_sarima_guided_xgboost_metadata.json,archive_full/models/table8_broadscale_sarima_guided_xgboost_metadata.json,archived_experiment,0.0019,saved model artifact retained for full archive only,consider_compression_if_large,no
C:\Users\Monster\OneDrive\Masaüstü\proje2\outputs\models\table8_broadscale_sarima_guided_xgboost_model.json,archive_full/models/table8_broadscale_sarima_guided_xgboost_model.json,archived_experiment,1.6277,saved model artifact retained for full archive only,consider_compression_if_large,no
C:\Users\Monster\OneDrive\Masaüstü\proje2\outputs\models\table8_broadscale_xgboost_metadata.json,archive_full/models/table8_broadscale_xgboost_metadata.json,archived_experiment,0.0017,saved model artifact retained for full archive only,consider_compression_if_large,no
C:\Users\Monster\OneDrive\Masaüstü\proje2\outputs\models\table8_broadscale_xgboost_model.json,archive_full/models/table8_broadscale_xgboost_model.json,archived_experiment,1.3477,saved model artifact retained for full archive only,consider_compression_if_large,no
C:\Users\Monster\OneDrive\Masaüstü\proje2\outputs\models\table8_fully_blind_population_weighted_xgboost_metadata.json,archive_full/models/table8_fully_blind_population_weighted_xgboost_metadata.json,archived_experiment,0.0014,saved model artifact retained for full archive only,consider_compression_if_large,no
C:\Users\Monster\OneDrive\Masaüstü\proje2\outputs\models\table8_fully_blind_population_weighted_xgboost_model.json,archive_full/models/table8_fully_blind_population_weighted_xgboost_model.json,archived_experiment,1.0314,saved model artifact retained for full archive only,consider_compression_if_large,no
C:\Users\Monster\OneDrive\Masaüstü\proje2\outputs\models\table8_sarima_guided_population_weighted_xgboost_metadata.json,archive_full/models/table8_sarima_guided_population_weighted_xgboost_metadata.json,archived_experiment,0.0013,saved model artifact retained for full archive only,consider_compression_if_large,no
C:\Users\Monster\OneDrive\Masaüstü\proje2\outputs\models\table8_sarima_guided_population_weighted_xgboost_model.json,archive_full/models/table8_sarima_guided_population_weighted_xgboost_model.json,archived_experiment,1.6303,saved model artifact retained for full archive only,consider_compression_if_large,no
C:\Users\Monster\OneDrive\Masaüstü\proje2\outputs\models\xgboost_2022_2024_metadata.json,archive_full/models/xgboost_2022_2024_metadata.json,archived_experiment,0.0021,saved model artifact retained for full archive only,consider_compression_if_large,no
C:\Users\Monster\OneDrive\Masaüstü\proje2\outputs\models\xgboost_2022_2024_model.json,archive_full/models/xgboost_2022_2024_model.json,archived_experiment,3.0249,saved model artifact retained for full archive only,consider_compression_if_large,no
C:\Users\Monster\OneDrive\Masaüstü\proje2\outputs\reports\.Rhistory,archive_full/reports/.Rhistory,validation_artifact,0.0,report or validation artifact kept in full archive only,not_needed,no
C:\Users\Monster\OneDrive\Masaüstü\proje2\outputs\reports\2022_model_rehberi.txt,archive_full/reports/2022_model_rehberi.txt,validation_artifact,0.0108,report or validation artifact kept in full archive only,not_needed,no
C:\Users\Monster\OneDrive\Masaüstü\proje2\outputs\reports\2022_table_1_lasso_final_cdd_marjinal_etki_aylik.csv,archive_full/reports/2022_table_1_lasso_final_cdd_marjinal_etki_aylik.csv,validation_artifact,0.0038,report or validation artifact kept in full archive only,not_needed,no
C:\Users\Monster\OneDrive\Masaüstü\proje2\outputs\reports\2022_table_1_lasso_final_cdd_marjinal_etki_aylik.txt,archive_full/reports/2022_table_1_lasso_final_cdd_marjinal_etki_aylik.txt,validation_artifact,0.0017,report or validation artifact kept in full archive only,not_needed,no
C:\Users\Monster\OneDrive\Masaüstü\proje2\outputs\reports\2022_table_1_lasso_final_cdd_marjinal_etki_bilesenleri_aylik.csv,archive_full/reports/2022_table_1_lasso_final_cdd_marjinal_etki_bilesenleri_aylik.csv,validation_artifact,0.0119,report or validation artifact kept in full archive only,not_needed,no
C:\Users\Monster\OneDrive\Masaüstü\proje2\outputs\reports\2022_table_1_lasso_final_cdd_marjinal_etki_bilesenleri_aylik.txt,archive_full/reports/2022_table_1_lasso_final_cdd_marjinal_etki_bilesenleri_aylik.txt,validation_artifact,0.0027,report or validation artifact kept in full archive only,not_needed,no
C:\Users\Monster\OneDrive\Masaüstü\proje2\outputs\reports\2022_table_1_lasso_final_elastic_net_diyagnostik.csv,archive_full/reports/2022_table_1_lasso_final_elastic_net_diyagnostik.csv,validation_artifact,0.001,report or validation artifact kept in full archive only,not_needed,no
C:\Users\Monster\OneDrive\Masaüstü\proje2\outputs\reports\2022_table_1_lasso_final_elastic_net_diyagnostik.txt,archive_full/reports/2022_table_1_lasso_final_elastic_net_diyagnostik.txt,validation_artifact,0.0004,report or validation artifact kept in full archive only,not_needed,no
C:\Users\Monster\OneDrive\Masaüstü\proje2\outputs\reports\2022_table_1_lasso_final_elastic_net_katsayilari.csv,archive_full/reports/2022_table_1_lasso_final_elastic_net_katsayilari.csv,validation_artifact,0.0022,report or validation artifact kept in full archive only,not_needed,no
C:\Users\Monster\OneDrive\Masaüstü\proje2\outputs\reports\2022_table_1_lasso_final_elastic_net_katsayilari.txt,archive_full/reports/2022_table_1_lasso_final_elastic_net_katsayilari.txt,validation_artifact,0.0012,report or validation artifact kept in full archive only,not_needed,no
C:\Users\Monster\OneDrive\Masaüstü\proje2\outputs\reports\2022_table_1_lasso_final_hdd_marjinal_etki_aylik.csv,archive_full/reports/2022_table_1_lasso_final_hdd_marjinal_etki_aylik.csv,validation_artifact,0.004,report or validation artifact kept in full archive only,not_needed,no
C:\Users\Monster\OneDrive\Masaüstü\proje2\outputs\reports\2022_table_1_lasso_final_hdd_marjinal_etki_aylik.txt,archive_full/reports/2022_table_1_lasso_final_hdd_marjinal_etki_aylik.txt,validation_artifact,0.0016,report or validation artifact kept in full archive only,not_needed,no
C:\Users\Monster\OneDrive\Masaüstü\proje2\outputs\reports\2022_table_1_lasso_final_hdd_marjinal_etki_bilesenleri_aylik.csv,archive_full/reports/2022_table_1_lasso_final_hdd_marjinal_etki_bilesenleri_aylik.csv,validation_artifact,0.0118,report or validation artifact kept in full archive only,not_needed,no
C:\Users\Monster\OneDrive\Masaüstü\proje2\outputs\reports\2022_table_1_lasso_final_hdd_marjinal_etki_bilesenleri_aylik.txt,archive_full/reports/2022_table_1_lasso_final_hdd_marjinal_etki_bilesenleri_aylik.txt,validation_artifact,0.0027,report or validation artifact kept in full archive only,not_needed,no
C:\Users\Monster\OneDrive\Masaüstü\proje2\outputs\reports\2022_table_1_lasso_final_model_diyagnostik.csv,archive_full/reports/2022_table_1_lasso_final_model_diyagnostik.csv,validation_artifact,0.0009,report or validation artifact kept in full archive only,not_needed,no
C:\Users\Monster\OneDrive\Masaüstü\proje2\outputs\reports\2022_table_1_lasso_final_model_diyagnostik.txt,archive_full/reports/2022_table_1_lasso_final_model_diyagnostik.txt,validation_artifact,0.0006,report or validation artifact kept in full archive only,not_needed,no
C:\Users\Monster\OneDrive\Masaüstü\proje2\outputs\reports\2022_table_1_lasso_final_ols_ozeti.txt,archive_full/reports/2022_table_1_lasso_final_ols_ozeti.txt,validation_artifact,0.0037,report or validation artifact kept in full archive only,not_needed,no
C:\Users\Monster\OneDrive\Masaüstü\proje2\outputs\reports\2022_table_1_lasso_final_ols_regresyon_tablosu.csv,archive_full/reports/2022_table_1_lasso_final_ols_regresyon_tablosu.csv,validation_artifact,0.0036,report or validation artifact kept in full archive only,not_needed,no
C:\Users\Monster\OneDrive\Masaüstü\proje2\outputs\reports\2022_table_1_lasso_final_ols_regresyon_tablosu.txt,archive_full/reports/2022_table_1_lasso_final_ols_regresyon_tablosu.txt,validation_artifact,0.0018,report or validation artifact kept in full archive only,not_needed,no
C:\Users\Monster\OneDrive\Masaüstü\proje2\outputs\reports\2022_table_1_lasso_final_ridge_diyagnostik.csv,archive_full/reports/2022_table_1_lasso_final_ridge_diyagnostik.csv,validation_artifact,0.001,report or validation artifact kept in full archive only,not_needed,no
C:\Users\Monster\OneDrive\Masaüstü\proje2\outputs\reports\2022_table_1_lasso_final_ridge_diyagnostik.txt,archive_full/reports/2022_table_1_lasso_final_ridge_diyagnostik.txt,validation_artifact,0.0004,report or validation artifact kept in full archive only,not_needed,no
C:\Users\Monster\OneDrive\Masaüstü\proje2\outputs\reports\2022_table_1_lasso_final_ridge_katsayilari.csv,archive_full/reports/2022_table_1_lasso_final_ridge_katsayilari.csv,validation_artifact,0.0021,report or validation artifact kept in full archive only,not_needed,no
C:\Users\Monster\OneDrive\Masaüstü\proje2\outputs\reports\2022_table_1_lasso_final_ridge_katsayilari.txt,archive_full/reports/2022_table_1_lasso_final_ridge_katsayilari.txt,validation_artifact,0.0011,report or validation artifact kept in full archive only,not_needed,no
C:\Users\Monster\OneDrive\Masaüstü\proje2\outputs\reports\2022_table_1_lasso_final_standardizasyon_bazlari.csv,archive_full/reports/2022_table_1_lasso_final_standardizasyon_bazlari.csv,validation_artifact,0.0038,report or validation artifact kept in full archive only,not_needed,no
C:\Users\Monster\OneDrive\Masaüstü\proje2\outputs\reports\2022_table_1_lasso_final_tasarim_degisenleri.csv,archive_full/reports/2022_table_1_lasso_final_tasarim_degisenleri.csv,validation_artifact,0.0005,report or validation artifact kept in full archive only,not_needed,no
C:\Users\Monster\OneDrive\Masaüstü\proje2\outputs\reports\2022_table_1_lasso_final_vif_tablosu.csv,archive_full/reports/2022_table_1_lasso_final_vif_tablosu.csv,validation_artifact,0.0019,report or validation artifact kept in full archive only,not_needed,no
C:\Users\Monster\OneDrive\Masaüstü\proje2\outputs\reports\2022_table_1_lasso_final_vif_tablosu.txt,archive_full/reports/2022_table_1_lasso_final_vif_tablosu.txt,validation_artifact,0.0007,report or validation artifact kept in full archive only,not_needed,no
C:\Users\Monster\OneDrive\Masaüstü\proje2\outputs\reports\2022_table_1_lasso_interaction_adaylari.csv,archive_full/reports/2022_table_1_lasso_interaction_adaylari.csv,validation_artifact,0.0047,report or validation artifact kept in full archive only,not_needed,no
C:\Users\Monster\OneDrive\Masaüstü\proje2\outputs\reports\2022_table_1_lasso_interaction_adaylari.txt,archive_full/reports/2022_table_1_lasso_interaction_adaylari.txt,validation_artifact,0.0037,report or validation artifact kept in full archive only,not_needed,no
C:\Users\Monster\OneDrive\Masaüstü\proje2\outputs\reports\2022_table_1_lasso_ozet_metrikleri.csv,archive_full/reports/2022_table_1_lasso_ozet_metrikleri.csv,validation_artifact,0.0006,report or validation artifact kept in full archive only,not_needed,no
C:\Users\Monster\OneDrive\Masaüstü\proje2\outputs\reports\2022_table_1_lasso_ozet_metrikleri.txt,archive_full/reports/2022_table_1_lasso_ozet_metrikleri.txt,validation_artifact,0.0004,report or validation artifact kept in full archive only,not_needed,no
C:\Users\Monster\OneDrive\Masaüstü\proje2\outputs\reports\2022_table_1_lasso_secilen_interactionlar.csv,archive_full/reports/2022_table_1_lasso_secilen_interactionlar.csv,validation_artifact,0.0012,report or validation artifact kept in full archive only,not_needed,no
C:\Users\Monster\OneDrive\Masaüstü\proje2\outputs\reports\2022_table_1_lasso_secilen_interactionlar.txt,archive_full/reports/2022_table_1_lasso_secilen_interactionlar.txt,validation_artifact,0.001,report or validation artifact kept in full archive only,not_needed,no
C:\Users\Monster\OneDrive\Masaüstü\proje2\outputs\reports\2022_table_1_model_diyagnostik.csv,archive_full/reports/2022_table_1_model_diyagnostik.csv,validation_artifact,0.0007,report or validation artifact kept in full archive only,not_needed,no
C:\Users\Monster\OneDrive\Masaüstü\proje2\outputs\reports\2022_table_1_ols_ozeti.txt,archive_full/reports/2022_table_1_ols_ozeti.txt,validation_artifact,0.0019,report or validation artifact kept in full archive only,not_needed,no
C:\Users\Monster\OneDrive\Masaüstü\proje2\outputs\reports\2022_table_1_ols_regresyon_tablosu.csv,archive_full/reports/2022_table_1_ols_regresyon_tablosu.csv,validation_artifact,0.0005,report or validation artifact kept in full archive only,not_needed,no
C:\Users\Monster\OneDrive\Masaüstü\proje2\outputs\reports\2022_table_1_standardizasyon_bazlari.csv,archive_full/reports/2022_table_1_standardizasyon_bazlari.csv,validation_artifact,0.0002,report or validation artifact kept in full archive only,not_needed,no
C:\Users\Monster\OneDrive\Masaüstü\proje2\outputs\reports\2022_table_1_vif_tablosu.csv,archive_full/reports/2022_table_1_vif_tablosu.csv,validation_artifact,0.0002,report or validation artifact kept in full archive only,not_needed,no
C:\Users\Monster\OneDrive\Masaüstü\proje2\outputs\reports\2022_table_1_vif_tablosu.txt,archive_full/reports/2022_table_1_vif_tablosu.txt,validation_artifact,0.0002,report or validation artifact kept in full archive only,not_needed,no
C:\Users\Monster\OneDrive\Masaüstü\proje2\outputs\reports\2022_table_2_lasso_final_cdd_marjinal_etki_aylik.csv,archive_full/reports/2022_table_2_lasso_final_cdd_marjinal_etki_aylik.csv,validation_artifact,0.004,report or validation artifact kept in full archive only,not_needed,no
C:\Users\Monster\OneDrive\Masaüstü\proje2\outputs\reports\2022_table_2_lasso_final_cdd_marjinal_etki_aylik.txt,archive_full/reports/2022_table_2_lasso_final_cdd_marjinal_etki_aylik.txt,validation_artifact,0.0017,report or validation artifact kept in full archive only,not_needed,no
C:\Users\Monster\OneDrive\Masaüstü\proje2\outputs\reports\2022_table_2_lasso_final_cdd_marjinal_etki_bilesenleri_aylik.csv,archive_full/reports/2022_table_2_lasso_final_cdd_marjinal_etki_bilesenleri_aylik.csv,validation_artifact,0.0127,report or validation artifact kept in full archive only,not_needed,no
C:\Users\Monster\OneDrive\Masaüstü\proje2\outputs\reports\2022_table_2_lasso_final_cdd_marjinal_etki_bilesenleri_aylik.txt,archive_full/reports/2022_table_2_lasso_final_cdd_marjinal_etki_bilesenleri_aylik.txt,validation_artifact,0.0028,report or validation artifact kept in full archive only,not_needed,no
C:\Users\Monster\OneDrive\Masaüstü\proje2\outputs\reports\2022_table_2_lasso_final_elastic_net_diyagnostik.csv,archive_full/reports/2022_table_2_lasso_final_elastic_net_diyagnostik.csv,validation_artifact,0.0011,report or validation artifact kept in full archive only,not_needed,no
C:\Users\Monster\OneDrive\Masaüstü\proje2\outputs\reports\2022_table_2_lasso_final_elastic_net_diyagnostik.txt,archive_full/reports/2022_table_2_lasso_final_elastic_net_diyagnostik.txt,validation_artifact,0.0005,report or validation artifact kept in full archive only,not_needed,no
C:\Users\Monster\OneDrive\Masaüstü\proje2\outputs\reports\2022_table_2_lasso_final_elastic_net_katsayilari.csv,archive_full/reports/2022_table_2_lasso_final_elastic_net_katsayilari.csv,validation_artifact,0.0024,report or validation artifact kept in full archive only,not_needed,no
C:\Users\Monster\OneDrive\Masaüstü\proje2\outputs\reports\2022_table_2_lasso_final_elastic_net_katsayilari.txt,archive_full/reports/2022_table_2_lasso_final_elastic_net_katsayilari.txt,validation_artifact,0.0012,report or validation artifact kept in full archive only,not_needed,no
C:\Users\Monster\OneDrive\Masaüstü\proje2\outputs\reports\2022_table_2_lasso_final_hdd_marjinal_etki_aylik.csv,archive_full/reports/2022_table_2_lasso_final_hdd_marjinal_etki_aylik.csv,validation_artifact,0.0042,report or validation artifact kept in full archive only,not_needed,no
C:\Users\Monster\OneDrive\Masaüstü\proje2\outputs\reports\2022_table_2_lasso_final_hdd_marjinal_etki_aylik.txt,archive_full/reports/2022_table_2_lasso_final_hdd_marjinal_etki_aylik.txt,validation_artifact,0.0017,report or validation artifact kept in full archive only,not_needed,no
C:\Users\Monster\OneDrive\Masaüstü\proje2\outputs\reports\2022_table_2_lasso_final_hdd_marjinal_etki_bilesenleri_aylik.csv,archive_full/reports/2022_table_2_lasso_final_hdd_marjinal_etki_bilesenleri_aylik.csv,validation_artifact,0.0127,report or validation artifact kept in full archive only,not_needed,no
C:\Users\Monster\OneDrive\Masaüstü\proje2\outputs\reports\2022_table_2_lasso_final_hdd_marjinal_etki_bilesenleri_aylik.txt,archive_full/reports/2022_table_2_lasso_final_hdd_marjinal_etki_bilesenleri_aylik.txt,validation_artifact,0.0028,report or validation artifact kept in full archive only,not_needed,no
C:\Users\Monster\OneDrive\Masaüstü\proje2\outputs\reports\2022_table_2_lasso_final_model_diyagnostik.csv,archive_full/reports/2022_table_2_lasso_final_model_diyagnostik.csv,validation_artifact,0.001,report or validation artifact kept in full archive only,not_needed,no
C:\Users\Monster\OneDrive\Masaüstü\proje2\outputs\reports\2022_table_2_lasso_final_model_diyagnostik.txt,archive_full/reports/2022_table_2_lasso_final_model_diyagnostik.txt,validation_artifact,0.0006,report or validation artifact kept in full archive only,not_needed,no
C:\Users\Monster\OneDrive\Masaüstü\proje2\outputs\reports\2022_table_2_lasso_final_ols_ozeti.txt,archive_full/reports/2022_table_2_lasso_final_ols_ozeti.txt,validation_artifact,0.0038,report or validation artifact kept in full archive only,not_needed,no
C:\Users\Monster\OneDrive\Masaüstü\proje2\outputs\reports\2022_table_2_lasso_final_ols_regresyon_tablosu.csv,archive_full/reports/2022_table_2_lasso_final_ols_regresyon_tablosu.csv,validation_artifact,0.0038,report or validation artifact kept in full archive only,not_needed,no
C:\Users\Monster\OneDrive\Masaüstü\proje2\outputs\reports\2022_table_2_lasso_final_ols_regresyon_tablosu.txt,archive_full/reports/2022_table_2_lasso_final_ols_regresyon_tablosu.txt,validation_artifact,0.0019,report or validation artifact kept in full archive only,not_needed,no
C:\Users\Monster\OneDrive\Masaüstü\proje2\outputs\reports\2022_table_2_lasso_final_ridge_diyagnostik.csv,archive_full/reports/2022_table_2_lasso_final_ridge_diyagnostik.csv,validation_artifact,0.001,report or validation artifact kept in full archive only,not_needed,no
C:\Users\Monster\OneDrive\Masaüstü\proje2\outputs\reports\2022_table_2_lasso_final_ridge_diyagnostik.txt,archive_full/reports/2022_table_2_lasso_final_ridge_diyagnostik.txt,validation_artifact,0.0005,report or validation artifact kept in full archive only,not_needed,no
C:\Users\Monster\OneDrive\Masaüstü\proje2\outputs\reports\2022_table_2_lasso_final_ridge_katsayilari.csv,archive_full/reports/2022_table_2_lasso_final_ridge_katsayilari.csv,validation_artifact,0.0023,report or validation artifact kept in full archive only,not_needed,no
C:\Users\Monster\OneDrive\Masaüstü\proje2\outputs\reports\2022_table_2_lasso_final_ridge_katsayilari.txt,archive_full/reports/2022_table_2_lasso_final_ridge_katsayilari.txt,validation_artifact,0.0012,report or validation artifact kept in full archive only,not_needed,no
C:\Users\Monster\OneDrive\Masaüstü\proje2\outputs\reports\2022_table_2_lasso_final_standardizasyon_bazlari.csv,archive_full/reports/2022_table_2_lasso_final_standardizasyon_bazlari.csv,validation_artifact,0.0043,report or validation artifact kept in full archive only,not_needed,no
C:\Users\Monster\OneDrive\Masaüstü\proje2\outputs\reports\2022_table_2_lasso_final_tasarim_degisenleri.csv,archive_full/reports/2022_table_2_lasso_final_tasarim_degisenleri.csv,validation_artifact,0.0005,report or validation artifact kept in full archive only,not_needed,no
C:\Users\Monster\OneDrive\Masaüstü\proje2\outputs\reports\2022_table_2_lasso_final_vif_tablosu.csv,archive_full/reports/2022_table_2_lasso_final_vif_tablosu.csv,validation_artifact,0.0022,report or validation artifact kept in full archive only,not_needed,no
C:\Users\Monster\OneDrive\Masaüstü\proje2\outputs\reports\2022_table_2_lasso_final_vif_tablosu.txt,archive_full/reports/2022_table_2_lasso_final_vif_tablosu.txt,validation_artifact,0.0008,report or validation artifact kept in full archive only,not_needed,no
C:\Users\Monster\OneDrive\Masaüstü\proje2\outputs\reports\2022_table_2_lasso_interaction_adaylari.csv,archive_full/reports/2022_table_2_lasso_interaction_adaylari.csv,validation_artifact,0.0053,report or validation artifact kept in full archive only,not_needed,no
C:\Users\Monster\OneDrive\Masaüstü\proje2\outputs\reports\2022_table_2_lasso_interaction_adaylari.txt,archive_full/reports/2022_table_2_lasso_interaction_adaylari.txt,validation_artifact,0.0037,report or validation artifact kept in full archive only,not_needed,no
C:\Users\Monster\OneDrive\Masaüstü\proje2\outputs\reports\2022_table_2_lasso_interactionli_model_diyagnostik.csv,archive_full/reports/2022_table_2_lasso_interactionli_model_diyagnostik.csv,validation_artifact,0.0011,report or validation artifact kept in full archive only,not_needed,no
C:\Users\Monster\OneDrive\Masaüstü\proje2\outputs\reports\2022_table_2_lasso_interactionli_ols_ozeti.txt,archive_full/reports/2022_table_2_lasso_interactionli_ols_ozeti.txt,validation_artifact,0.0022,report or validation artifact kept in full archive only,not_needed,no
C:\Users\Monster\OneDrive\Masaüstü\proje2\outputs\reports\2022_table_2_lasso_interactionli_ols_regresyon_tablosu.csv,archive_full/reports/2022_table_2_lasso_interactionli_ols_regresyon_tablosu.csv,validation_artifact,0.0011,report or validation artifact kept in full archive only,not_needed,no
C:\Users\Monster\OneDrive\Masaüstü\proje2\outputs\reports\2022_table_2_lasso_interactionli_standardizasyon_bazlari.csv,archive_full/reports/2022_table_2_lasso_interactionli_standardizasyon_bazlari.csv,validation_artifact,0.0004,report or validation artifact kept in full archive only,not_needed,no
C:\Users\Monster\OneDrive\Masaüstü\proje2\outputs\reports\2022_table_2_lasso_interactionli_vif_tablosu.csv,archive_full/reports/2022_table_2_lasso_interactionli_vif_tablosu.csv,validation_artifact,0.0005,report or validation artifact kept in full archive only,not_needed,no
C:\Users\Monster\OneDrive\Masaüstü\proje2\outputs\reports\2022_table_2_lasso_interactionli_vif_tablosu.txt,archive_full/reports/2022_table_2_lasso_interactionli_vif_tablosu.txt,validation_artifact,0.0003,report or validation artifact kept in full archive only,not_needed,no
C:\Users\Monster\OneDrive\Masaüstü\proje2\outputs\reports\2022_table_2_lasso_ozet_metrikleri.csv,archive_full/reports/2022_table_2_lasso_ozet_metrikleri.csv,validation_artifact,0.0007,report or validation artifact kept in full archive only,not_needed,no
C:\Users\Monster\OneDrive\Masaüstü\proje2\outputs\reports\2022_table_2_lasso_ozet_metrikleri.txt,archive_full/reports/2022_table_2_lasso_ozet_metrikleri.txt,validation_artifact,0.0005,report or validation artifact kept in full archive only,not_needed,no
C:\Users\Monster\OneDrive\Masaüstü\proje2\outputs\reports\2022_table_2_lasso_secilen_interactionlar.csv,archive_full/reports/2022_table_2_lasso_secilen_interactionlar.csv,validation_artifact,0.0013,report or validation artifact kept in full archive only,not_needed,no
C:\Users\Monster\OneDrive\Masaüstü\proje2\outputs\reports\2022_table_2_lasso_secilen_interactionlar.txt,archive_full/reports/2022_table_2_lasso_secilen_interactionlar.txt,validation_artifact,0.0011,report or validation artifact kept in full archive only,not_needed,no
C:\Users\Monster\OneDrive\Masaüstü\proje2\outputs\reports\2022_table_2_model_diyagnostik.csv,archive_full/reports/2022_table_2_model_diyagnostik.csv,validation_artifact,0.0009,report or validation artifact kept in full archive only,not_needed,no
C:\Users\Monster\OneDrive\Masaüstü\proje2\outputs\reports\2022_table_2_ols_ozeti.txt,archive_full/reports/2022_table_2_ols_ozeti.txt,validation_artifact,0.002,report or validation artifact kept in full archive only,not_needed,no
C:\Users\Monster\OneDrive\Masaüstü\proje2\outputs\reports\2022_table_2_ols_regresyon_tablosu.csv,archive_full/reports/2022_table_2_ols_regresyon_tablosu.csv,validation_artifact,0.0008,report or validation artifact kept in full archive only,not_needed,no
C:\Users\Monster\OneDrive\Masaüstü\proje2\outputs\reports\2022_table_2_standardizasyon_bazlari.csv,archive_full/reports/2022_table_2_standardizasyon_bazlari.csv,validation_artifact,0.0002,report or validation artifact kept in full archive only,not_needed,no
C:\Users\Monster\OneDrive\Masaüstü\proje2\outputs\reports\2022_table_2_vif_tablosu.csv,archive_full/reports/2022_table_2_vif_tablosu.csv,validation_artifact,0.0003,report or validation artifact kept in full archive only,not_needed,no
C:\Users\Monster\OneDrive\Masaüstü\proje2\outputs\reports\2022_table_2_vif_tablosu.txt,archive_full/reports/2022_table_2_vif_tablosu.txt,validation_artifact,0.0002,report or validation artifact kept in full archive only,not_needed,no
C:\Users\Monster\OneDrive\Masaüstü\proje2\outputs\reports\2022_table_3_lasso_final_cdd_marjinal_etki_aylik.csv,archive_full/reports/2022_table_3_lasso_final_cdd_marjinal_etki_aylik.csv,validation_artifact,0.0041,report or validation artifact kept in full archive only,not_needed,no
C:\Users\Monster\OneDrive\Masaüstü\proje2\outputs\reports\2022_table_3_lasso_final_cdd_marjinal_etki_aylik.txt,archive_full/reports/2022_table_3_lasso_final_cdd_marjinal_etki_aylik.txt,validation_artifact,0.0017,report or validation artifact kept in full archive only,not_needed,no
C:\Users\Monster\OneDrive\Masaüstü\proje2\outputs\reports\2022_table_3_lasso_final_cdd_marjinal_etki_bilesenleri_aylik.csv,archive_full/reports/2022_table_3_lasso_final_cdd_marjinal_etki_bilesenleri_aylik.csv,validation_artifact,0.0137,report or validation artifact kept in full archive only,not_needed,no
C:\Users\Monster\OneDrive\Masaüstü\proje2\outputs\reports\2022_table_3_lasso_final_cdd_marjinal_etki_bilesenleri_aylik.txt,archive_full/reports/2022_table_3_lasso_final_cdd_marjinal_etki_bilesenleri_aylik.txt,validation_artifact,0.0028,report or validation artifact kept in full archive only,not_needed,no
C:\Users\Monster\OneDrive\Masaüstü\proje2\outputs\reports\2022_table_3_lasso_final_elastic_net_diyagnostik.csv,archive_full/reports/2022_table_3_lasso_final_elastic_net_diyagnostik.csv,validation_artifact,0.0012,report or validation artifact kept in full archive only,not_needed,no
C:\Users\Monster\OneDrive\Masaüstü\proje2\outputs\reports\2022_table_3_lasso_final_elastic_net_diyagnostik.txt,archive_full/reports/2022_table_3_lasso_final_elastic_net_diyagnostik.txt,validation_artifact,0.0005,report or validation artifact kept in full archive only,not_needed,no
C:\Users\Monster\OneDrive\Masaüstü\proje2\outputs\reports\2022_table_3_lasso_final_elastic_net_katsayilari.csv,archive_full/reports/2022_table_3_lasso_final_elastic_net_katsayilari.csv,validation_artifact,0.0026,report or validation artifact kept in full archive only,not_needed,no
C:\Users\Monster\OneDrive\Masaüstü\proje2\outputs\reports\2022_table_3_lasso_final_elastic_net_katsayilari.txt,archive_full/reports/2022_table_3_lasso_final_elastic_net_katsayilari.txt,validation_artifact,0.0013,report or validation artifact kept in full archive only,not_needed,no
C:\Users\Monster\OneDrive\Masaüstü\proje2\outputs\reports\2022_table_3_lasso_final_hdd_marjinal_etki_aylik.csv,archive_full/reports/2022_table_3_lasso_final_hdd_marjinal_etki_aylik.csv,validation_artifact,0.0044,report or validation artifact kept in full archive only,not_needed,no
C:\Users\Monster\OneDrive\Masaüstü\proje2\outputs\reports\2022_table_3_lasso_final_hdd_marjinal_etki_aylik.txt,archive_full/reports/2022_table_3_lasso_final_hdd_marjinal_etki_aylik.txt,validation_artifact,0.0017,report or validation artifact kept in full archive only,not_needed,no
C:\Users\Monster\OneDrive\Masaüstü\proje2\outputs\reports\2022_table_3_lasso_final_hdd_marjinal_etki_bilesenleri_aylik.csv,archive_full/reports/2022_table_3_lasso_final_hdd_marjinal_etki_bilesenleri_aylik.csv,validation_artifact,0.0136,report or validation artifact kept in full archive only,not_needed,no
C:\Users\Monster\OneDrive\Masaüstü\proje2\outputs\reports\2022_table_3_lasso_final_hdd_marjinal_etki_bilesenleri_aylik.txt,archive_full/reports/2022_table_3_lasso_final_hdd_marjinal_etki_bilesenleri_aylik.txt,validation_artifact,0.0028,report or validation artifact kept in full archive only,not_needed,no
C:\Users\Monster\OneDrive\Masaüstü\proje2\outputs\reports\2022_table_3_lasso_final_model_diyagnostik.csv,archive_full/reports/2022_table_3_lasso_final_model_diyagnostik.csv,validation_artifact,0.0011,report or validation artifact kept in full archive only,not_needed,no
C:\Users\Monster\OneDrive\Masaüstü\proje2\outputs\reports\2022_table_3_lasso_final_model_diyagnostik.txt,archive_full/reports/2022_table_3_lasso_final_model_diyagnostik.txt,validation_artifact,0.0006,report or validation artifact kept in full archive only,not_needed,no
C:\Users\Monster\OneDrive\Masaüstü\proje2\outputs\reports\2022_table_3_lasso_final_ols_ozeti.txt,archive_full/reports/2022_table_3_lasso_final_ols_ozeti.txt,validation_artifact,0.0038,report or validation artifact kept in full archive only,not_needed,no
C:\Users\Monster\OneDrive\Masaüstü\proje2\outputs\reports\2022_table_3_lasso_final_ols_regresyon_tablosu.csv,archive_full/reports/2022_table_3_lasso_final_ols_regresyon_tablosu.csv,validation_artifact,0.0041,report or validation artifact kept in full archive only,not_needed,no
C:\Users\Monster\OneDrive\Masaüstü\proje2\outputs\reports\2022_table_3_lasso_final_ols_regresyon_tablosu.txt,archive_full/reports/2022_table_3_lasso_final_ols_regresyon_tablosu.txt,validation_artifact,0.0019,report or validation artifact kept in full archive only,not_needed,no
C:\Users\Monster\OneDrive\Masaüstü\proje2\outputs\reports\2022_table_3_lasso_final_ridge_diyagnostik.csv,archive_full/reports/2022_table_3_lasso_final_ridge_diyagnostik.csv,validation_artifact,0.0012,report or validation artifact kept in full archive only,not_needed,no
C:\Users\Monster\OneDrive\Masaüstü\proje2\outputs\reports\2022_table_3_lasso_final_ridge_diyagnostik.txt,archive_full/reports/2022_table_3_lasso_final_ridge_diyagnostik.txt,validation_artifact,0.0005,report or validation artifact kept in full archive only,not_needed,no
C:\Users\Monster\OneDrive\Masaüstü\proje2\outputs\reports\2022_table_3_lasso_final_ridge_katsayilari.csv,archive_full/reports/2022_table_3_lasso_final_ridge_katsayilari.csv,validation_artifact,0.0025,report or validation artifact kept in full archive only,not_needed,no
C:\Users\Monster\OneDrive\Masaüstü\proje2\outputs\reports\2022_table_3_lasso_final_ridge_katsayilari.txt,archive_full/reports/2022_table_3_lasso_final_ridge_katsayilari.txt,validation_artifact,0.0013,report or validation artifact kept in full archive only,not_needed,no
C:\Users\Monster\OneDrive\Masaüstü\proje2\outputs\reports\2022_table_3_lasso_final_standardizasyon_bazlari.csv,archive_full/reports/2022_table_3_lasso_final_standardizasyon_bazlari.csv,validation_artifact,0.0047,report or validation artifact kept in full archive only,not_needed,no
C:\Users\Monster\OneDrive\Masaüstü\proje2\outputs\reports\2022_table_3_lasso_final_tasarim_degisenleri.csv,archive_full/reports/2022_table_3_lasso_final_tasarim_degisenleri.csv,validation_artifact,0.0005,report or validation artifact kept in full archive only,not_needed,no
C:\Users\Monster\OneDrive\Masaüstü\proje2\outputs\reports\2022_table_3_lasso_final_vif_tablosu.csv,archive_full/reports/2022_table_3_lasso_final_vif_tablosu.csv,validation_artifact,0.0024,report or validation artifact kept in full archive only,not_needed,no
C:\Users\Monster\OneDrive\Masaüstü\proje2\outputs\reports\2022_table_3_lasso_final_vif_tablosu.txt,archive_full/reports/2022_table_3_lasso_final_vif_tablosu.txt,validation_artifact,0.0008,report or validation artifact kept in full archive only,not_needed,no
C:\Users\Monster\OneDrive\Masaüstü\proje2\outputs\reports\2022_table_3_lasso_interaction_adaylari.csv,archive_full/reports/2022_table_3_lasso_interaction_adaylari.csv,validation_artifact,0.0059,report or validation artifact kept in full archive only,not_needed,no
C:\Users\Monster\OneDrive\Masaüstü\proje2\outputs\reports\2022_table_3_lasso_interaction_adaylari.txt,archive_full/reports/2022_table_3_lasso_interaction_adaylari.txt,validation_artifact,0.0037,report or validation artifact kept in full archive only,not_needed,no
C:\Users\Monster\OneDrive\Masaüstü\proje2\outputs\reports\2022_table_3_lasso_interactionli_model_diyagnostik.csv,archive_full/reports/2022_table_3_lasso_interactionli_model_diyagnostik.csv,validation_artifact,0.0013,report or validation artifact kept in full archive only,not_needed,no
C:\Users\Monster\OneDrive\Masaüstü\proje2\outputs\reports\2022_table_3_lasso_interactionli_ols_ozeti.txt,archive_full/reports/2022_table_3_lasso_interactionli_ols_ozeti.txt,validation_artifact,0.0025,report or validation artifact kept in full archive only,not_needed,no
C:\Users\Monster\OneDrive\Masaüstü\proje2\outputs\reports\2022_table_3_lasso_interactionli_ols_regresyon_tablosu.csv,archive_full/reports/2022_table_3_lasso_interactionli_ols_regresyon_tablosu.csv,validation_artifact,0.0019,report or validation artifact kept in full archive only,not_needed,no
C:\Users\Monster\OneDrive\Masaüstü\proje2\outputs\reports\2022_table_3_lasso_interactionli_standardizasyon_bazlari.csv,archive_full/reports/2022_table_3_lasso_interactionli_standardizasyon_bazlari.csv,validation_artifact,0.0008,report or validation artifact kept in full archive only,not_needed,no
C:\Users\Monster\OneDrive\Masaüstü\proje2\outputs\reports\2022_table_3_lasso_interactionli_vif_tablosu.csv,archive_full/reports/2022_table_3_lasso_interactionli_vif_tablosu.csv,validation_artifact,0.001,report or validation artifact kept in full archive only,not_needed,no
C:\Users\Monster\OneDrive\Masaüstü\proje2\outputs\reports\2022_table_3_lasso_interactionli_vif_tablosu.txt,archive_full/reports/2022_table_3_lasso_interactionli_vif_tablosu.txt,validation_artifact,0.0004,report or validation artifact kept in full archive only,not_needed,no
C:\Users\Monster\OneDrive\Masaüstü\proje2\outputs\reports\2022_table_3_lasso_ozet_metrikleri.csv,archive_full/reports/2022_table_3_lasso_ozet_metrikleri.csv,validation_artifact,0.0009,report or validation artifact kept in full archive only,not_needed,no
C:\Users\Monster\OneDrive\Masaüstü\proje2\outputs\reports\2022_table_3_lasso_ozet_metrikleri.txt,archive_full/reports/2022_table_3_lasso_ozet_metrikleri.txt,validation_artifact,0.0005,report or validation artifact kept in full archive only,not_needed,no
C:\Users\Monster\OneDrive\Masaüstü\proje2\outputs\reports\2022_table_3_lasso_secilen_interactionlar.csv,archive_full/reports/2022_table_3_lasso_secilen_interactionlar.csv,validation_artifact,0.0014,report or validation artifact kept in full archive only,not_needed,no
C:\Users\Monster\OneDrive\Masaüstü\proje2\outputs\reports\2022_table_3_lasso_secilen_interactionlar.txt,archive_full/reports/2022_table_3_lasso_secilen_interactionlar.txt,validation_artifact,0.0012,report or validation artifact kept in full archive only,not_needed,no
C:\Users\Monster\OneDrive\Masaüstü\proje2\outputs\reports\2022_table_3_model_diyagnostik.csv,archive_full/reports/2022_table_3_model_diyagnostik.csv,validation_artifact,0.001,report or validation artifact kept in full archive only,not_needed,no
C:\Users\Monster\OneDrive\Masaüstü\proje2\outputs\reports\2022_table_3_ols_ozeti.txt,archive_full/reports/2022_table_3_ols_ozeti.txt,validation_artifact,0.0021,report or validation artifact kept in full archive only,not_needed,no
C:\Users\Monster\OneDrive\Masaüstü\proje2\outputs\reports\2022_table_3_ols_regresyon_tablosu.csv,archive_full/reports/2022_table_3_ols_regresyon_tablosu.csv,validation_artifact,0.001,report or validation artifact kept in full archive only,not_needed,no
C:\Users\Monster\OneDrive\Masaüstü\proje2\outputs\reports\2022_table_3_standardizasyon_bazlari.csv,archive_full/reports/2022_table_3_standardizasyon_bazlari.csv,validation_artifact,0.0003,report or validation artifact kept in full archive only,not_needed,no
C:\Users\Monster\OneDrive\Masaüstü\proje2\outputs\reports\2022_table_3_vif_tablosu.csv,archive_full/reports/2022_table_3_vif_tablosu.csv,validation_artifact,0.0004,report or validation artifact kept in full archive only,not_needed,no
C:\Users\Monster\OneDrive\Masaüstü\proje2\outputs\reports\2022_table_3_vif_tablosu.txt,archive_full/reports/2022_table_3_vif_tablosu.txt,validation_artifact,0.0003,report or validation artifact kept in full archive only,not_needed,no
C:\Users\Monster\OneDrive\Masaüstü\proje2\outputs\reports\2022_table_4_lasso_final_cdd_marjinal_etki_aylik.csv,archive_full/reports/2022_table_4_lasso_final_cdd_marjinal_etki_aylik.csv,validation_artifact,0.0043,report or validation artifact kept in full archive only,not_needed,no
C:\Users\Monster\OneDrive\Masaüstü\proje2\outputs\reports\2022_table_4_lasso_final_cdd_marjinal_etki_aylik.txt,archive_full/reports/2022_table_4_lasso_final_cdd_marjinal_etki_aylik.txt,validation_artifact,0.0017,report or validation artifact kept in full archive only,not_needed,no
C:\Users\Monster\OneDrive\Masaüstü\proje2\outputs\reports\2022_table_4_lasso_final_cdd_marjinal_etki_bilesenleri_aylik.csv,archive_full/reports/2022_table_4_lasso_final_cdd_marjinal_etki_bilesenleri_aylik.csv,validation_artifact,0.0088,report or validation artifact kept in full archive only,not_needed,no
C:\Users\Monster\OneDrive\Masaüstü\proje2\outputs\reports\2022_table_4_lasso_final_cdd_marjinal_etki_bilesenleri_aylik.txt,archive_full/reports/2022_table_4_lasso_final_cdd_marjinal_etki_bilesenleri_aylik.txt,validation_artifact,0.0019,report or validation artifact kept in full archive only,not_needed,no
C:\Users\Monster\OneDrive\Masaüstü\proje2\outputs\reports\2022_table_4_lasso_final_elastic_net_diyagnostik.csv,archive_full/reports/2022_table_4_lasso_final_elastic_net_diyagnostik.csv,validation_artifact,0.0013,report or validation artifact kept in full archive only,not_needed,no
C:\Users\Monster\OneDrive\Masaüstü\proje2\outputs\reports\2022_table_4_lasso_final_elastic_net_diyagnostik.txt,archive_full/reports/2022_table_4_lasso_final_elastic_net_diyagnostik.txt,validation_artifact,0.0005,report or validation artifact kept in full archive only,not_needed,no
C:\Users\Monster\OneDrive\Masaüstü\proje2\outputs\reports\2022_table_4_lasso_final_elastic_net_katsayilari.csv,archive_full/reports/2022_table_4_lasso_final_elastic_net_katsayilari.csv,validation_artifact,0.0049,report or validation artifact kept in full archive only,not_needed,no
C:\Users\Monster\OneDrive\Masaüstü\proje2\outputs\reports\2022_table_4_lasso_final_elastic_net_katsayilari.txt,archive_full/reports/2022_table_4_lasso_final_elastic_net_katsayilari.txt,validation_artifact,0.0013,report or validation artifact kept in full archive only,not_needed,no
C:\Users\Monster\OneDrive\Masaüstü\proje2\outputs\reports\2022_table_4_lasso_final_hdd_marjinal_etki_aylik.csv,archive_full/reports/2022_table_4_lasso_final_hdd_marjinal_etki_aylik.csv,validation_artifact,0.0046,report or validation artifact kept in full archive only,not_needed,no
C:\Users\Monster\OneDrive\Masaüstü\proje2\outputs\reports\2022_table_4_lasso_final_hdd_marjinal_etki_aylik.txt,archive_full/reports/2022_table_4_lasso_final_hdd_marjinal_etki_aylik.txt,validation_artifact,0.0017,report or validation artifact kept in full archive only,not_needed,no
C:\Users\Monster\OneDrive\Masaüstü\proje2\outputs\reports\2022_table_4_lasso_final_hdd_marjinal_etki_bilesenleri_aylik.csv,archive_full/reports/2022_table_4_lasso_final_hdd_marjinal_etki_bilesenleri_aylik.csv,validation_artifact,0.0146,report or validation artifact kept in full archive only,not_needed,no
C:\Users\Monster\OneDrive\Masaüstü\proje2\outputs\reports\2022_table_4_lasso_final_hdd_marjinal_etki_bilesenleri_aylik.txt,archive_full/reports/2022_table_4_lasso_final_hdd_marjinal_etki_bilesenleri_aylik.txt,validation_artifact,0.0028,report or validation artifact kept in full archive only,not_needed,no
C:\Users\Monster\OneDrive\Masaüstü\proje2\outputs\reports\2022_table_4_lasso_final_model_diyagnostik.csv,archive_full/reports/2022_table_4_lasso_final_model_diyagnostik.csv,validation_artifact,0.0013,report or validation artifact kept in full archive only,not_needed,no
C:\Users\Monster\OneDrive\Masaüstü\proje2\outputs\reports\2022_table_4_lasso_final_model_diyagnostik.txt,archive_full/reports/2022_table_4_lasso_final_model_diyagnostik.txt,validation_artifact,0.0007,report or validation artifact kept in full archive only,not_needed,no
C:\Users\Monster\OneDrive\Masaüstü\proje2\outputs\reports\2022_table_4_lasso_final_ols_ozeti.txt,archive_full/reports/2022_table_4_lasso_final_ols_ozeti.txt,validation_artifact,0.0039,report or validation artifact kept in full archive only,not_needed,no
C:\Users\Monster\OneDrive\Masaüstü\proje2\outputs\reports\2022_table_4_lasso_final_ols_regresyon_tablosu.csv,archive_full/reports/2022_table_4_lasso_final_ols_regresyon_tablosu.csv,validation_artifact,0.0074,report or validation artifact kept in full archive only,not_needed,no
C:\Users\Monster\OneDrive\Masaüstü\proje2\outputs\reports\2022_table_4_lasso_final_ols_regresyon_tablosu.txt,archive_full/reports/2022_table_4_lasso_final_ols_regresyon_tablosu.txt,validation_artifact,0.0019,report or validation artifact kept in full archive only,not_needed,no
C:\Users\Monster\OneDrive\Masaüstü\proje2\outputs\reports\2022_table_4_lasso_final_ridge_diyagnostik.csv,archive_full/reports/2022_table_4_lasso_final_ridge_diyagnostik.csv,validation_artifact,0.0013,report or validation artifact kept in full archive only,not_needed,no
C:\Users\Monster\OneDrive\Masaüstü\proje2\outputs\reports\2022_table_4_lasso_final_ridge_diyagnostik.txt,archive_full/reports/2022_table_4_lasso_final_ridge_diyagnostik.txt,validation_artifact,0.0005,report or validation artifact kept in full archive only,not_needed,no
C:\Users\Monster\OneDrive\Masaüstü\proje2\outputs\reports\2022_table_4_lasso_final_ridge_katsayilari.csv,archive_full/reports/2022_table_4_lasso_final_ridge_katsayilari.csv,validation_artifact,0.0047,report or validation artifact kept in full archive only,not_needed,no
C:\Users\Monster\OneDrive\Masaüstü\proje2\outputs\reports\2022_table_4_lasso_final_ridge_katsayilari.txt,archive_full/reports/2022_table_4_lasso_final_ridge_katsayilari.txt,validation_artifact,0.0013,report or validation artifact kept in full archive only,not_needed,no
C:\Users\Monster\OneDrive\Masaüstü\proje2\outputs\reports\2022_table_4_lasso_final_standardizasyon_bazlari.csv,archive_full/reports/2022_table_4_lasso_final_standardizasyon_bazlari.csv,validation_artifact,0.005,report or validation artifact kept in full archive only,not_needed,no
C:\Users\Monster\OneDrive\Masaüstü\proje2\outputs\reports\2022_table_4_lasso_final_tasarim_degisenleri.csv,archive_full/reports/2022_table_4_lasso_final_tasarim_degisenleri.csv,validation_artifact,0.0007,report or validation artifact kept in full archive only,not_needed,no
C:\Users\Monster\OneDrive\Masaüstü\proje2\outputs\reports\2022_table_4_lasso_final_vif_tablosu.csv,archive_full/reports/2022_table_4_lasso_final_vif_tablosu.csv,validation_artifact,0.0045,report or validation artifact kept in full archive only,not_needed,no
C:\Users\Monster\OneDrive\Masaüstü\proje2\outputs\reports\2022_table_4_lasso_final_vif_tablosu.txt,archive_full/reports/2022_table_4_lasso_final_vif_tablosu.txt,validation_artifact,0.0008,report or validation artifact kept in full archive only,not_needed,no
C:\Users\Monster\OneDrive\Masaüstü\proje2\outputs\reports\2022_table_4_lasso_interaction_adaylari.csv,archive_full/reports/2022_table_4_lasso_interaction_adaylari.csv,validation_artifact,0.0066,report or validation artifact kept in full archive only,not_needed,no
C:\Users\Monster\OneDrive\Masaüstü\proje2\outputs\reports\2022_table_4_lasso_interaction_adaylari.txt,archive_full/reports/2022_table_4_lasso_interaction_adaylari.txt,validation_artifact,0.0025,report or validation artifact kept in full archive only,not_needed,no
C:\Users\Monster\OneDrive\Masaüstü\proje2\outputs\reports\2022_table_4_lasso_interactionli_model_diyagnostik.csv,archive_full/reports/2022_table_4_lasso_interactionli_model_diyagnostik.csv,validation_artifact,0.0014,report or validation artifact kept in full archive only,not_needed,no
C:\Users\Monster\OneDrive\Masaüstü\proje2\outputs\reports\2022_table_4_lasso_interactionli_ols_ozeti.txt,archive_full/reports/2022_table_4_lasso_interactionli_ols_ozeti.txt,validation_artifact,0.0064,report or validation artifact kept in full archive only,not_needed,no
C:\Users\Monster\OneDrive\Masaüstü\proje2\outputs\reports\2022_table_4_lasso_interactionli_ols_regresyon_tablosu.csv,archive_full/reports/2022_table_4_lasso_interactionli_ols_regresyon_tablosu.csv,validation_artifact,0.0133,report or validation artifact kept in full archive only,not_needed,no
C:\Users\Monster\OneDrive\Masaüstü\proje2\outputs\reports\2022_table_4_lasso_interactionli_standardizasyon_bazlari.csv,archive_full/reports/2022_table_4_lasso_interactionli_standardizasyon_bazlari.csv,validation_artifact,0.0069,report or validation artifact kept in full archive only,not_needed,no
C:\Users\Monster\OneDrive\Masaüstü\proje2\outputs\reports\2022_table_4_lasso_interactionli_vif_tablosu.csv,archive_full/reports/2022_table_4_lasso_interactionli_vif_tablosu.csv,validation_artifact,0.008,report or validation artifact kept in full archive only,not_needed,no
C:\Users\Monster\OneDrive\Masaüstü\proje2\outputs\reports\2022_table_4_lasso_interactionli_vif_tablosu.txt,archive_full/reports/2022_table_4_lasso_interactionli_vif_tablosu.txt,validation_artifact,0.0017,report or validation artifact kept in full archive only,not_needed,no
C:\Users\Monster\OneDrive\Masaüstü\proje2\outputs\reports\2022_table_4_lasso_ozet_metrikleri.csv,archive_full/reports/2022_table_4_lasso_ozet_metrikleri.csv,validation_artifact,0.001,report or validation artifact kept in full archive only,not_needed,no
C:\Users\Monster\OneDrive\Masaüstü\proje2\outputs\reports\2022_table_4_lasso_ozet_metrikleri.txt,archive_full/reports/2022_table_4_lasso_ozet_metrikleri.txt,validation_artifact,0.0005,report or validation artifact kept in full archive only,not_needed,no
C:\Users\Monster\OneDrive\Masaüstü\proje2\outputs\reports\2022_table_4_lasso_secilen_interactionlar.csv,archive_full/reports/2022_table_4_lasso_secilen_interactionlar.csv,validation_artifact,0.0015,report or validation artifact kept in full archive only,not_needed,no
C:\Users\Monster\OneDrive\Masaüstü\proje2\outputs\reports\2022_table_4_lasso_secilen_interactionlar.txt,archive_full/reports/2022_table_4_lasso_secilen_interactionlar.txt,validation_artifact,0.0013,report or validation artifact kept in full archive only,not_needed,no
C:\Users\Monster\OneDrive\Masaüstü\proje2\outputs\reports\2022_table_4_model_diyagnostik.csv,archive_full/reports/2022_table_4_model_diyagnostik.csv,validation_artifact,0.0012,report or validation artifact kept in full archive only,not_needed,no
C:\Users\Monster\OneDrive\Masaüstü\proje2\outputs\reports\2022_table_4_ols_ozeti.txt,archive_full/reports/2022_table_4_ols_ozeti.txt,validation_artifact,0.003,report or validation artifact kept in full archive only,not_needed,no
C:\Users\Monster\OneDrive\Masaüstü\proje2\outputs\reports\2022_table_4_ols_regresyon_tablosu.csv,archive_full/reports/2022_table_4_ols_regresyon_tablosu.csv,validation_artifact,0.0034,report or validation artifact kept in full archive only,not_needed,no
C:\Users\Monster\OneDrive\Masaüstü\proje2\outputs\reports\2022_table_4_standardizasyon_bazlari.csv,archive_full/reports/2022_table_4_standardizasyon_bazlari.csv,validation_artifact,0.0003,report or validation artifact kept in full archive only,not_needed,no
C:\Users\Monster\OneDrive\Masaüstü\proje2\outputs\reports\2022_table_4_vif_tablosu.csv,archive_full/reports/2022_table_4_vif_tablosu.csv,validation_artifact,0.0018,report or validation artifact kept in full archive only,not_needed,no
C:\Users\Monster\OneDrive\Masaüstü\proje2\outputs\reports\2022_table_4_vif_tablosu.txt,archive_full/reports/2022_table_4_vif_tablosu.txt,validation_artifact,0.0006,report or validation artifact kept in full archive only,not_needed,no
C:\Users\Monster\OneDrive\Masaüstü\proje2\outputs\reports\2022_table_5_lasso_final_cdd_marjinal_etki_aylik.csv,archive_full/reports/2022_table_5_lasso_final_cdd_marjinal_etki_aylik.csv,validation_artifact,0.0043,report or validation artifact kept in full archive only,not_needed,no
C:\Users\Monster\OneDrive\Masaüstü\proje2\outputs\reports\2022_table_5_lasso_final_cdd_marjinal_etki_aylik.txt,archive_full/reports/2022_table_5_lasso_final_cdd_marjinal_etki_aylik.txt,validation_artifact,0.0017,report or validation artifact kept in full archive only,not_needed,no
C:\Users\Monster\OneDrive\Masaüstü\proje2\outputs\reports\2022_table_5_lasso_final_cdd_marjinal_etki_bilesenleri_aylik.csv,archive_full/reports/2022_table_5_lasso_final_cdd_marjinal_etki_bilesenleri_aylik.csv,validation_artifact,0.0144,report or validation artifact kept in full archive only,not_needed,no
C:\Users\Monster\OneDrive\Masaüstü\proje2\outputs\reports\2022_table_5_lasso_final_cdd_marjinal_etki_bilesenleri_aylik.txt,archive_full/reports/2022_table_5_lasso_final_cdd_marjinal_etki_bilesenleri_aylik.txt,validation_artifact,0.0028,report or validation artifact kept in full archive only,not_needed,no
C:\Users\Monster\OneDrive\Masaüstü\proje2\outputs\reports\2022_table_5_lasso_final_elastic_net_diyagnostik.csv,archive_full/reports/2022_table_5_lasso_final_elastic_net_diyagnostik.csv,validation_artifact,0.0013,report or validation artifact kept in full archive only,not_needed,no
C:\Users\Monster\OneDrive\Masaüstü\proje2\outputs\reports\2022_table_5_lasso_final_elastic_net_diyagnostik.txt,archive_full/reports/2022_table_5_lasso_final_elastic_net_diyagnostik.txt,validation_artifact,0.0005,report or validation artifact kept in full archive only,not_needed,no
C:\Users\Monster\OneDrive\Masaüstü\proje2\outputs\reports\2022_table_5_lasso_final_elastic_net_katsayilari.csv,archive_full/reports/2022_table_5_lasso_final_elastic_net_katsayilari.csv,validation_artifact,0.0028,report or validation artifact kept in full archive only,not_needed,no
C:\Users\Monster\OneDrive\Masaüstü\proje2\outputs\reports\2022_table_5_lasso_final_elastic_net_katsayilari.txt,archive_full/reports/2022_table_5_lasso_final_elastic_net_katsayilari.txt,validation_artifact,0.0013,report or validation artifact kept in full archive only,not_needed,no
C:\Users\Monster\OneDrive\Masaüstü\proje2\outputs\reports\2022_table_5_lasso_final_hdd_marjinal_etki_aylik.csv,archive_full/reports/2022_table_5_lasso_final_hdd_marjinal_etki_aylik.csv,validation_artifact,0.0045,report or validation artifact kept in full archive only,not_needed,no
C:\Users\Monster\OneDrive\Masaüstü\proje2\outputs\reports\2022_table_5_lasso_final_hdd_marjinal_etki_aylik.txt,archive_full/reports/2022_table_5_lasso_final_hdd_marjinal_etki_aylik.txt,validation_artifact,0.0017,report or validation artifact kept in full archive only,not_needed,no
C:\Users\Monster\OneDrive\Masaüstü\proje2\outputs\reports\2022_table_5_lasso_final_hdd_marjinal_etki_bilesenleri_aylik.csv,archive_full/reports/2022_table_5_lasso_final_hdd_marjinal_etki_bilesenleri_aylik.csv,validation_artifact,0.0143,report or validation artifact kept in full archive only,not_needed,no
C:\Users\Monster\OneDrive\Masaüstü\proje2\outputs\reports\2022_table_5_lasso_final_hdd_marjinal_etki_bilesenleri_aylik.txt,archive_full/reports/2022_table_5_lasso_final_hdd_marjinal_etki_bilesenleri_aylik.txt,validation_artifact,0.0028,report or validation artifact kept in full archive only,not_needed,no
C:\Users\Monster\OneDrive\Masaüstü\proje2\outputs\reports\2022_table_5_lasso_final_model_diyagnostik.csv,archive_full/reports/2022_table_5_lasso_final_model_diyagnostik.csv,validation_artifact,0.0012,report or validation artifact kept in full archive only,not_needed,no
C:\Users\Monster\OneDrive\Masaüstü\proje2\outputs\reports\2022_table_5_lasso_final_model_diyagnostik.txt,archive_full/reports/2022_table_5_lasso_final_model_diyagnostik.txt,validation_artifact,0.0007,report or validation artifact kept in full archive only,not_needed,no
C:\Users\Monster\OneDrive\Masaüstü\proje2\outputs\reports\2022_table_5_lasso_final_ols_ozeti.txt,archive_full/reports/2022_table_5_lasso_final_ols_ozeti.txt,validation_artifact,0.0039,report or validation artifact kept in full archive only,not_needed,no
C:\Users\Monster\OneDrive\Masaüstü\proje2\outputs\reports\2022_table_5_lasso_final_ols_regresyon_tablosu.csv,archive_full/reports/2022_table_5_lasso_final_ols_regresyon_tablosu.csv,validation_artifact,0.0043,report or validation artifact kept in full archive only,not_needed,no
C:\Users\Monster\OneDrive\Masaüstü\proje2\outputs\reports\2022_table_5_lasso_final_ols_regresyon_tablosu.txt,archive_full/reports/2022_table_5_lasso_final_ols_regresyon_tablosu.txt,validation_artifact,0.002,report or validation artifact kept in full archive only,not_needed,no
C:\Users\Monster\OneDrive\Masaüstü\proje2\outputs\reports\2022_table_5_lasso_final_ridge_diyagnostik.csv,archive_full/reports/2022_table_5_lasso_final_ridge_diyagnostik.csv,validation_artifact,0.0012,report or validation artifact kept in full archive only,not_needed,no
C:\Users\Monster\OneDrive\Masaüstü\proje2\outputs\reports\2022_table_5_lasso_final_ridge_diyagnostik.txt,archive_full/reports/2022_table_5_lasso_final_ridge_diyagnostik.txt,validation_artifact,0.0005,report or validation artifact kept in full archive only,not_needed,no
C:\Users\Monster\OneDrive\Masaüstü\proje2\outputs\reports\2022_table_5_lasso_final_ridge_katsayilari.csv,archive_full/reports/2022_table_5_lasso_final_ridge_katsayilari.csv,validation_artifact,0.0027,report or validation artifact kept in full archive only,not_needed,no
C:\Users\Monster\OneDrive\Masaüstü\proje2\outputs\reports\2022_table_5_lasso_final_ridge_katsayilari.txt,archive_full/reports/2022_table_5_lasso_final_ridge_katsayilari.txt,validation_artifact,0.0013,report or validation artifact kept in full archive only,not_needed,no
C:\Users\Monster\OneDrive\Masaüstü\proje2\outputs\reports\2022_table_5_lasso_final_standardizasyon_bazlari.csv,archive_full/reports/2022_table_5_lasso_final_standardizasyon_bazlari.csv,validation_artifact,0.0051,report or validation artifact kept in full archive only,not_needed,no
C:\Users\Monster\OneDrive\Masaüstü\proje2\outputs\reports\2022_table_5_lasso_final_tasarim_degisenleri.csv,archive_full/reports/2022_table_5_lasso_final_tasarim_degisenleri.csv,validation_artifact,0.0005,report or validation artifact kept in full archive only,not_needed,no
C:\Users\Monster\OneDrive\Masaüstü\proje2\outputs\reports\2022_table_5_lasso_final_vif_tablosu.csv,archive_full/reports/2022_table_5_lasso_final_vif_tablosu.csv,validation_artifact,0.0026,report or validation artifact kept in full archive only,not_needed,no
C:\Users\Monster\OneDrive\Masaüstü\proje2\outputs\reports\2022_table_5_lasso_final_vif_tablosu.txt,archive_full/reports/2022_table_5_lasso_final_vif_tablosu.txt,validation_artifact,0.0009,report or validation artifact kept in full archive only,not_needed,no
C:\Users\Monster\OneDrive\Masaüstü\proje2\outputs\reports\2022_table_5_lasso_interaction_adaylari.csv,archive_full/reports/2022_table_5_lasso_interaction_adaylari.csv,validation_artifact,0.0064,report or validation artifact kept in full archive only,not_needed,no
C:\Users\Monster\OneDrive\Masaüstü\proje2\outputs\reports\2022_table_5_lasso_interaction_adaylari.txt,archive_full/reports/2022_table_5_lasso_interaction_adaylari.txt,validation_artifact,0.0037,report or validation artifact kept in full archive only,not_needed,no
C:\Users\Monster\OneDrive\Masaüstü\proje2\outputs\reports\2022_table_5_lasso_interactionli_model_diyagnostik.csv,archive_full/reports/2022_table_5_lasso_interactionli_model_diyagnostik.csv,validation_artifact,0.0014,report or validation artifact kept in full archive only,not_needed,no
C:\Users\Monster\OneDrive\Masaüstü\proje2\outputs\reports\2022_table_5_lasso_interactionli_ols_ozeti.txt,archive_full/reports/2022_table_5_lasso_interactionli_ols_ozeti.txt,validation_artifact,0.003,report or validation artifact kept in full archive only,not_needed,no
C:\Users\Monster\OneDrive\Masaüstü\proje2\outputs\reports\2022_table_5_lasso_interactionli_ols_regresyon_tablosu.csv,archive_full/reports/2022_table_5_lasso_interactionli_ols_regresyon_tablosu.csv,validation_artifact,0.0035,report or validation artifact kept in full archive only,not_needed,no
C:\Users\Monster\OneDrive\Masaüstü\proje2\outputs\reports\2022_table_5_lasso_interactionli_standardizasyon_bazlari.csv,archive_full/reports/2022_table_5_lasso_interactionli_standardizasyon_bazlari.csv,validation_artifact,0.0019,report or validation artifact kept in full archive only,not_needed,no
C:\Users\Monster\OneDrive\Masaüstü\proje2\outputs\reports\2022_table_5_lasso_interactionli_vif_tablosu.csv,archive_full/reports/2022_table_5_lasso_interactionli_vif_tablosu.csv,validation_artifact,0.0019,report or validation artifact kept in full archive only,not_needed,no
C:\Users\Monster\OneDrive\Masaüstü\proje2\outputs\reports\2022_table_5_lasso_interactionli_vif_tablosu.txt,archive_full/reports/2022_table_5_lasso_interactionli_vif_tablosu.txt,validation_artifact,0.0006,report or validation artifact kept in full archive only,not_needed,no
C:\Users\Monster\OneDrive\Masaüstü\proje2\outputs\reports\2022_table_5_lasso_ozet_metrikleri.csv,archive_full/reports/2022_table_5_lasso_ozet_metrikleri.csv,validation_artifact,0.0009,report or validation artifact kept in full archive only,not_needed,no
C:\Users\Monster\OneDrive\Masaüstü\proje2\outputs\reports\2022_table_5_lasso_ozet_metrikleri.txt,archive_full/reports/2022_table_5_lasso_ozet_metrikleri.txt,validation_artifact,0.0005,report or validation artifact kept in full archive only,not_needed,no
C:\Users\Monster\OneDrive\Masaüstü\proje2\outputs\reports\2022_table_5_lasso_secilen_interactionlar.csv,archive_full/reports/2022_table_5_lasso_secilen_interactionlar.csv,validation_artifact,0.0015,report or validation artifact kept in full archive only,not_needed,no
C:\Users\Monster\OneDrive\Masaüstü\proje2\outputs\reports\2022_table_5_lasso_secilen_interactionlar.txt,archive_full/reports/2022_table_5_lasso_secilen_interactionlar.txt,validation_artifact,0.0012,report or validation artifact kept in full archive only,not_needed,no
C:\Users\Monster\OneDrive\Masaüstü\proje2\outputs\reports\2022_table_5_model_diyagnostik.csv,archive_full/reports/2022_table_5_model_diyagnostik.csv,validation_artifact,0.0012,report or validation artifact kept in full archive only,not_needed,no
C:\Users\Monster\OneDrive\Masaüstü\proje2\outputs\reports\2022_table_5_ols_ozeti.txt,archive_full/reports/2022_table_5_ols_ozeti.txt,validation_artifact,0.0023,report or validation artifact kept in full archive only,not_needed,no
C:\Users\Monster\OneDrive\Masaüstü\proje2\outputs\reports\2022_table_5_ols_regresyon_tablosu.csv,archive_full/reports/2022_table_5_ols_regresyon_tablosu.csv,validation_artifact,0.0014,report or validation artifact kept in full archive only,not_needed,no
C:\Users\Monster\OneDrive\Masaüstü\proje2\outputs\reports\2022_table_5_standardizasyon_bazlari.csv,archive_full/reports/2022_table_5_standardizasyon_bazlari.csv,validation_artifact,0.0005,report or validation artifact kept in full archive only,not_needed,no
C:\Users\Monster\OneDrive\Masaüstü\proje2\outputs\reports\2022_table_5_vif_tablosu.csv,archive_full/reports/2022_table_5_vif_tablosu.csv,validation_artifact,0.0007,report or validation artifact kept in full archive only,not_needed,no
C:\Users\Monster\OneDrive\Masaüstü\proje2\outputs\reports\2022_table_5_vif_tablosu.txt,archive_full/reports/2022_table_5_vif_tablosu.txt,validation_artifact,0.0004,report or validation artifact kept in full archive only,not_needed,no
C:\Users\Monster\OneDrive\Masaüstü\proje2\outputs\reports\2022_table_6_lasso_final_cdd_marjinal_etki_aylik.csv,archive_full/reports/2022_table_6_lasso_final_cdd_marjinal_etki_aylik.csv,validation_artifact,0.0044,report or validation artifact kept in full archive only,not_needed,no
C:\Users\Monster\OneDrive\Masaüstü\proje2\outputs\reports\2022_table_6_lasso_final_cdd_marjinal_etki_aylik.txt,archive_full/reports/2022_table_6_lasso_final_cdd_marjinal_etki_aylik.txt,validation_artifact,0.0017,report or validation artifact kept in full archive only,not_needed,no
C:\Users\Monster\OneDrive\Masaüstü\proje2\outputs\reports\2022_table_6_lasso_final_cdd_marjinal_etki_bilesenleri_aylik.csv,archive_full/reports/2022_table_6_lasso_final_cdd_marjinal_etki_bilesenleri_aylik.csv,validation_artifact,0.0147,report or validation artifact kept in full archive only,not_needed,no
C:\Users\Monster\OneDrive\Masaüstü\proje2\outputs\reports\2022_table_6_lasso_final_cdd_marjinal_etki_bilesenleri_aylik.txt,archive_full/reports/2022_table_6_lasso_final_cdd_marjinal_etki_bilesenleri_aylik.txt,validation_artifact,0.0028,report or validation artifact kept in full archive only,not_needed,no
C:\Users\Monster\OneDrive\Masaüstü\proje2\outputs\reports\2022_table_6_lasso_final_elastic_net_diyagnostik.csv,archive_full/reports/2022_table_6_lasso_final_elastic_net_diyagnostik.csv,validation_artifact,0.0013,report or validation artifact kept in full archive only,not_needed,no
C:\Users\Monster\OneDrive\Masaüstü\proje2\outputs\reports\2022_table_6_lasso_final_elastic_net_diyagnostik.txt,archive_full/reports/2022_table_6_lasso_final_elastic_net_diyagnostik.txt,validation_artifact,0.0005,report or validation artifact kept in full archive only,not_needed,no
C:\Users\Monster\OneDrive\Masaüstü\proje2\outputs\reports\2022_table_6_lasso_final_elastic_net_katsayilari.csv,archive_full/reports/2022_table_6_lasso_final_elastic_net_katsayilari.csv,validation_artifact,0.0029,report or validation artifact kept in full archive only,not_needed,no
C:\Users\Monster\OneDrive\Masaüstü\proje2\outputs\reports\2022_table_6_lasso_final_elastic_net_katsayilari.txt,archive_full/reports/2022_table_6_lasso_final_elastic_net_katsayilari.txt,validation_artifact,0.0014,report or validation artifact kept in full archive only,not_needed,no
C:\Users\Monster\OneDrive\Masaüstü\proje2\outputs\reports\2022_table_6_lasso_final_hdd_marjinal_etki_aylik.csv,archive_full/reports/2022_table_6_lasso_final_hdd_marjinal_etki_aylik.csv,validation_artifact,0.0046,report or validation artifact kept in full archive only,not_needed,no
C:\Users\Monster\OneDrive\Masaüstü\proje2\outputs\reports\2022_table_6_lasso_final_hdd_marjinal_etki_aylik.txt,archive_full/reports/2022_table_6_lasso_final_hdd_marjinal_etki_aylik.txt,validation_artifact,0.0017,report or validation artifact kept in full archive only,not_needed,no
C:\Users\Monster\OneDrive\Masaüstü\proje2\outputs\reports\2022_table_6_lasso_final_hdd_marjinal_etki_bilesenleri_aylik.csv,archive_full/reports/2022_table_6_lasso_final_hdd_marjinal_etki_bilesenleri_aylik.csv,validation_artifact,0.0146,report or validation artifact kept in full archive only,not_needed,no
C:\Users\Monster\OneDrive\Masaüstü\proje2\outputs\reports\2022_table_6_lasso_final_hdd_marjinal_etki_bilesenleri_aylik.txt,archive_full/reports/2022_table_6_lasso_final_hdd_marjinal_etki_bilesenleri_aylik.txt,validation_artifact,0.0028,report or validation artifact kept in full archive only,not_needed,no
C:\Users\Monster\OneDrive\Masaüstü\proje2\outputs\reports\2022_table_6_lasso_final_model_diyagnostik.csv,archive_full/reports/2022_table_6_lasso_final_model_diyagnostik.csv,validation_artifact,0.0013,report or validation artifact kept in full archive only,not_needed,no
C:\Users\Monster\OneDrive\Masaüstü\proje2\outputs\reports\2022_table_6_lasso_final_model_diyagnostik.txt,archive_full/reports/2022_table_6_lasso_final_model_diyagnostik.txt,validation_artifact,0.0007,report or validation artifact kept in full archive only,not_needed,no
C:\Users\Monster\OneDrive\Masaüstü\proje2\outputs\reports\2022_table_6_lasso_final_ols_ozeti.txt,archive_full/reports/2022_table_6_lasso_final_ols_ozeti.txt,validation_artifact,0.004,report or validation artifact kept in full archive only,not_needed,no
C:\Users\Monster\OneDrive\Masaüstü\proje2\outputs\reports\2022_table_6_lasso_final_ols_regresyon_tablosu.csv,archive_full/reports/2022_table_6_lasso_final_ols_regresyon_tablosu.csv,validation_artifact,0.0044,report or validation artifact kept in full archive only,not_needed,no
C:\Users\Monster\OneDrive\Masaüstü\proje2\outputs\reports\2022_table_6_lasso_final_ols_regresyon_tablosu.txt,archive_full/reports/2022_table_6_lasso_final_ols_regresyon_tablosu.txt,validation_artifact,0.002,report or validation artifact kept in full archive only,not_needed,no
C:\Users\Monster\OneDrive\Masaüstü\proje2\outputs\reports\2022_table_6_lasso_final_ridge_diyagnostik.csv,archive_full/reports/2022_table_6_lasso_final_ridge_diyagnostik.csv,validation_artifact,0.0013,report or validation artifact kept in full archive only,not_needed,no
C:\Users\Monster\OneDrive\Masaüstü\proje2\outputs\reports\2022_table_6_lasso_final_ridge_diyagnostik.txt,archive_full/reports/2022_table_6_lasso_final_ridge_diyagnostik.txt,validation_artifact,0.0005,report or validation artifact kept in full archive only,not_needed,no
C:\Users\Monster\OneDrive\Masaüstü\proje2\outputs\reports\2022_table_6_lasso_final_ridge_katsayilari.csv,archive_full/reports/2022_table_6_lasso_final_ridge_katsayilari.csv,validation_artifact,0.0028,report or validation artifact kept in full archive only,not_needed,no
C:\Users\Monster\OneDrive\Masaüstü\proje2\outputs\reports\2022_table_6_lasso_final_ridge_katsayilari.txt,archive_full/reports/2022_table_6_lasso_final_ridge_katsayilari.txt,validation_artifact,0.0013,report or validation artifact kept in full archive only,not_needed,no
C:\Users\Monster\OneDrive\Masaüstü\proje2\outputs\reports\2022_table_6_lasso_final_standardizasyon_bazlari.csv,archive_full/reports/2022_table_6_lasso_final_standardizasyon_bazlari.csv,validation_artifact,0.0052,report or validation artifact kept in full archive only,not_needed,no
C:\Users\Monster\OneDrive\Masaüstü\proje2\outputs\reports\2022_table_6_lasso_final_tasarim_degisenleri.csv,archive_full/reports/2022_table_6_lasso_final_tasarim_degisenleri.csv,validation_artifact,0.0005,report or validation artifact kept in full archive only,not_needed,no
C:\Users\Monster\OneDrive\Masaüstü\proje2\outputs\reports\2022_table_6_lasso_final_vif_tablosu.csv,archive_full/reports/2022_table_6_lasso_final_vif_tablosu.csv,validation_artifact,0.0027,report or validation artifact kept in full archive only,not_needed,no
C:\Users\Monster\OneDrive\Masaüstü\proje2\outputs\reports\2022_table_6_lasso_final_vif_tablosu.txt,archive_full/reports/2022_table_6_lasso_final_vif_tablosu.txt,validation_artifact,0.0009,report or validation artifact kept in full archive only,not_needed,no
C:\Users\Monster\OneDrive\Masaüstü\proje2\outputs\reports\2022_table_6_lasso_interaction_adaylari.csv,archive_full/reports/2022_table_6_lasso_interaction_adaylari.csv,validation_artifact,0.0067,report or validation artifact kept in full archive only,not_needed,no
C:\Users\Monster\OneDrive\Masaüstü\proje2\outputs\reports\2022_table_6_lasso_interaction_adaylari.txt,archive_full/reports/2022_table_6_lasso_interaction_adaylari.txt,validation_artifact,0.0038,report or validation artifact kept in full archive only,not_needed,no
C:\Users\Monster\OneDrive\Masaüstü\proje2\outputs\reports\2022_table_6_lasso_interactionli_model_diyagnostik.csv,archive_full/reports/2022_table_6_lasso_interactionli_model_diyagnostik.csv,validation_artifact,0.0014,report or validation artifact kept in full archive only,not_needed,no
C:\Users\Monster\OneDrive\Masaüstü\proje2\outputs\reports\2022_table_6_lasso_interactionli_ols_ozeti.txt,archive_full/reports/2022_table_6_lasso_interactionli_ols_ozeti.txt,validation_artifact,0.0032,report or validation artifact kept in full archive only,not_needed,no
C:\Users\Monster\OneDrive\Masaüstü\proje2\outputs\reports\2022_table_6_lasso_interactionli_ols_regresyon_tablosu.csv,archive_full/reports/2022_table_6_lasso_interactionli_ols_regresyon_tablosu.csv,validation_artifact,0.004,report or validation artifact kept in full archive only,not_needed,no
C:\Users\Monster\OneDrive\Masaüstü\proje2\outputs\reports\2022_table_6_lasso_interactionli_standardizasyon_bazlari.csv,archive_full/reports/2022_table_6_lasso_interactionli_standardizasyon_bazlari.csv,validation_artifact,0.0023,report or validation artifact kept in full archive only,not_needed,no
C:\Users\Monster\OneDrive\Masaüstü\proje2\outputs\reports\2022_table_6_lasso_interactionli_vif_tablosu.csv,archive_full/reports/2022_table_6_lasso_interactionli_vif_tablosu.csv,validation_artifact,0.0023,report or validation artifact kept in full archive only,not_needed,no
C:\Users\Monster\OneDrive\Masaüstü\proje2\outputs\reports\2022_table_6_lasso_interactionli_vif_tablosu.txt,archive_full/reports/2022_table_6_lasso_interactionli_vif_tablosu.txt,validation_artifact,0.0007,report or validation artifact kept in full archive only,not_needed,no
C:\Users\Monster\OneDrive\Masaüstü\proje2\outputs\reports\2022_table_6_lasso_ozet_metrikleri.csv,archive_full/reports/2022_table_6_lasso_ozet_metrikleri.csv,validation_artifact,0.001,report or validation artifact kept in full archive only,not_needed,no
C:\Users\Monster\OneDrive\Masaüstü\proje2\outputs\reports\2022_table_6_lasso_ozet_metrikleri.txt,archive_full/reports/2022_table_6_lasso_ozet_metrikleri.txt,validation_artifact,0.0005,report or validation artifact kept in full archive only,not_needed,no
C:\Users\Monster\OneDrive\Masaüstü\proje2\outputs\reports\2022_table_6_lasso_secilen_interactionlar.csv,archive_full/reports/2022_table_6_lasso_secilen_interactionlar.csv,validation_artifact,0.0015,report or validation artifact kept in full archive only,not_needed,no
C:\Users\Monster\OneDrive\Masaüstü\proje2\outputs\reports\2022_table_6_lasso_secilen_interactionlar.txt,archive_full/reports/2022_table_6_lasso_secilen_interactionlar.txt,validation_artifact,0.0012,report or validation artifact kept in full archive only,not_needed,no
C:\Users\Monster\OneDrive\Masaüstü\proje2\outputs\reports\2022_table_6_model_diyagnostik.csv,archive_full/reports/2022_table_6_model_diyagnostik.csv,validation_artifact,0.0012,report or validation artifact kept in full archive only,not_needed,no
C:\Users\Monster\OneDrive\Masaüstü\proje2\outputs\reports\2022_table_6_ols_ozeti.txt,archive_full/reports/2022_table_6_ols_ozeti.txt,validation_artifact,0.0024,report or validation artifact kept in full archive only,not_needed,no
C:\Users\Monster\OneDrive\Masaüstü\proje2\outputs\reports\2022_table_6_ols_regresyon_tablosu.csv,archive_full/reports/2022_table_6_ols_regresyon_tablosu.csv,validation_artifact,0.0017,report or validation artifact kept in full archive only,not_needed,no
C:\Users\Monster\OneDrive\Masaüstü\proje2\outputs\reports\2022_table_6_standardizasyon_bazlari.csv,archive_full/reports/2022_table_6_standardizasyon_bazlari.csv,validation_artifact,0.0007,report or validation artifact kept in full archive only,not_needed,no
C:\Users\Monster\OneDrive\Masaüstü\proje2\outputs\reports\2022_table_6_vif_tablosu.csv,archive_full/reports/2022_table_6_vif_tablosu.csv,validation_artifact,0.0008,report or validation artifact kept in full archive only,not_needed,no
C:\Users\Monster\OneDrive\Masaüstü\proje2\outputs\reports\2022_table_6_vif_tablosu.txt,archive_full/reports/2022_table_6_vif_tablosu.txt,validation_artifact,0.0004,report or validation artifact kept in full archive only,not_needed,no
C:\Users\Monster\OneDrive\Masaüstü\proje2\outputs\reports\2022_table_7_lasso_final_cdd_marjinal_etki_aylik.csv,archive_full/reports/2022_table_7_lasso_final_cdd_marjinal_etki_aylik.csv,validation_artifact,0.0045,report or validation artifact kept in full archive only,not_needed,no
C:\Users\Monster\OneDrive\Masaüstü\proje2\outputs\reports\2022_table_7_lasso_final_cdd_marjinal_etki_aylik.txt,archive_full/reports/2022_table_7_lasso_final_cdd_marjinal_etki_aylik.txt,validation_artifact,0.0017,report or validation artifact kept in full archive only,not_needed,no
C:\Users\Monster\OneDrive\Masaüstü\proje2\outputs\reports\2022_table_7_lasso_final_cdd_marjinal_etki_bilesenleri_aylik.csv,archive_full/reports/2022_table_7_lasso_final_cdd_marjinal_etki_bilesenleri_aylik.csv,validation_artifact,0.015,report or validation artifact kept in full archive only,not_needed,no
C:\Users\Monster\OneDrive\Masaüstü\proje2\outputs\reports\2022_table_7_lasso_final_cdd_marjinal_etki_bilesenleri_aylik.txt,archive_full/reports/2022_table_7_lasso_final_cdd_marjinal_etki_bilesenleri_aylik.txt,validation_artifact,0.0028,report or validation artifact kept in full archive only,not_needed,no
C:\Users\Monster\OneDrive\Masaüstü\proje2\outputs\reports\2022_table_7_lasso_final_elastic_net_diyagnostik.csv,archive_full/reports/2022_table_7_lasso_final_elastic_net_diyagnostik.csv,validation_artifact,0.0013,report or validation artifact kept in full archive only,not_needed,no
C:\Users\Monster\OneDrive\Masaüstü\proje2\outputs\reports\2022_table_7_lasso_final_elastic_net_diyagnostik.txt,archive_full/reports/2022_table_7_lasso_final_elastic_net_diyagnostik.txt,validation_artifact,0.0005,report or validation artifact kept in full archive only,not_needed,no
C:\Users\Monster\OneDrive\Masaüstü\proje2\outputs\reports\2022_table_7_lasso_final_elastic_net_katsayilari.csv,archive_full/reports/2022_table_7_lasso_final_elastic_net_katsayilari.csv,validation_artifact,0.0026,report or validation artifact kept in full archive only,not_needed,no
C:\Users\Monster\OneDrive\Masaüstü\proje2\outputs\reports\2022_table_7_lasso_final_elastic_net_katsayilari.txt,archive_full/reports/2022_table_7_lasso_final_elastic_net_katsayilari.txt,validation_artifact,0.0012,report or validation artifact kept in full archive only,not_needed,no
C:\Users\Monster\OneDrive\Masaüstü\proje2\outputs\reports\2022_table_7_lasso_final_hdd_marjinal_etki_aylik.csv,archive_full/reports/2022_table_7_lasso_final_hdd_marjinal_etki_aylik.csv,validation_artifact,0.0048,report or validation artifact kept in full archive only,not_needed,no
C:\Users\Monster\OneDrive\Masaüstü\proje2\outputs\reports\2022_table_7_lasso_final_hdd_marjinal_etki_aylik.txt,archive_full/reports/2022_table_7_lasso_final_hdd_marjinal_etki_aylik.txt,validation_artifact,0.0017,report or validation artifact kept in full archive only,not_needed,no
C:\Users\Monster\OneDrive\Masaüstü\proje2\outputs\reports\2022_table_7_lasso_final_hdd_marjinal_etki_bilesenleri_aylik.csv,archive_full/reports/2022_table_7_lasso_final_hdd_marjinal_etki_bilesenleri_aylik.csv,validation_artifact,0.015,report or validation artifact kept in full archive only,not_needed,no
C:\Users\Monster\OneDrive\Masaüstü\proje2\outputs\reports\2022_table_7_lasso_final_hdd_marjinal_etki_bilesenleri_aylik.txt,archive_full/reports/2022_table_7_lasso_final_hdd_marjinal_etki_bilesenleri_aylik.txt,validation_artifact,0.0028,report or validation artifact kept in full archive only,not_needed,no
C:\Users\Monster\OneDrive\Masaüstü\proje2\outputs\reports\2022_table_7_lasso_final_model_diyagnostik.csv,archive_full/reports/2022_table_7_lasso_final_model_diyagnostik.csv,validation_artifact,0.0013,report or validation artifact kept in full archive only,not_needed,no
C:\Users\Monster\OneDrive\Masaüstü\proje2\outputs\reports\2022_table_7_lasso_final_model_diyagnostik.txt,archive_full/reports/2022_table_7_lasso_final_model_diyagnostik.txt,validation_artifact,0.0007,report or validation artifact kept in full archive only,not_needed,no
C:\Users\Monster\OneDrive\Masaüstü\proje2\outputs\reports\2022_table_7_lasso_final_ols_ozeti.txt,archive_full/reports/2022_table_7_lasso_final_ols_ozeti.txt,validation_artifact,0.0037,report or validation artifact kept in full archive only,not_needed,no
C:\Users\Monster\OneDrive\Masaüstü\proje2\outputs\reports\2022_table_7_lasso_final_ols_regresyon_tablosu.csv,archive_full/reports/2022_table_7_lasso_final_ols_regresyon_tablosu.csv,validation_artifact,0.0042,report or validation artifact kept in full archive only,not_needed,no
C:\Users\Monster\OneDrive\Masaüstü\proje2\outputs\reports\2022_table_7_lasso_final_ols_regresyon_tablosu.txt,archive_full/reports/2022_table_7_lasso_final_ols_regresyon_tablosu.txt,validation_artifact,0.0018,report or validation artifact kept in full archive only,not_needed,no
C:\Users\Monster\OneDrive\Masaüstü\proje2\outputs\reports\2022_table_7_lasso_final_ridge_diyagnostik.csv,archive_full/reports/2022_table_7_lasso_final_ridge_diyagnostik.csv,validation_artifact,0.0013,report or validation artifact kept in full archive only,not_needed,no
C:\Users\Monster\OneDrive\Masaüstü\proje2\outputs\reports\2022_table_7_lasso_final_ridge_diyagnostik.txt,archive_full/reports/2022_table_7_lasso_final_ridge_diyagnostik.txt,validation_artifact,0.0005,report or validation artifact kept in full archive only,not_needed,no
C:\Users\Monster\OneDrive\Masaüstü\proje2\outputs\reports\2022_table_7_lasso_final_ridge_katsayilari.csv,archive_full/reports/2022_table_7_lasso_final_ridge_katsayilari.csv,validation_artifact,0.0026,report or validation artifact kept in full archive only,not_needed,no
C:\Users\Monster\OneDrive\Masaüstü\proje2\outputs\reports\2022_table_7_lasso_final_ridge_katsayilari.txt,archive_full/reports/2022_table_7_lasso_final_ridge_katsayilari.txt,validation_artifact,0.0012,report or validation artifact kept in full archive only,not_needed,no
C:\Users\Monster\OneDrive\Masaüstü\proje2\outputs\reports\2022_table_7_lasso_final_standardizasyon_bazlari.csv,archive_full/reports/2022_table_7_lasso_final_standardizasyon_bazlari.csv,validation_artifact,0.0045,report or validation artifact kept in full archive only,not_needed,no
C:\Users\Monster\OneDrive\Masaüstü\proje2\outputs\reports\2022_table_7_lasso_final_tasarim_degisenleri.csv,archive_full/reports/2022_table_7_lasso_final_tasarim_degisenleri.csv,validation_artifact,0.0006,report or validation artifact kept in full archive only,not_needed,no
C:\Users\Monster\OneDrive\Masaüstü\proje2\outputs\reports\2022_table_7_lasso_final_vif_tablosu.csv,archive_full/reports/2022_table_7_lasso_final_vif_tablosu.csv,validation_artifact,0.0025,report or validation artifact kept in full archive only,not_needed,no
C:\Users\Monster\OneDrive\Masaüstü\proje2\outputs\reports\2022_table_7_lasso_final_vif_tablosu.txt,archive_full/reports/2022_table_7_lasso_final_vif_tablosu.txt,validation_artifact,0.0008,report or validation artifact kept in full archive only,not_needed,no
C:\Users\Monster\OneDrive\Masaüstü\proje2\outputs\reports\2022_table_7_lasso_interaction_adaylari.csv,archive_full/reports/2022_table_7_lasso_interaction_adaylari.csv,validation_artifact,0.0068,report or validation artifact kept in full archive only,not_needed,no
C:\Users\Monster\OneDrive\Masaüstü\proje2\outputs\reports\2022_table_7_lasso_interaction_adaylari.txt,archive_full/reports/2022_table_7_lasso_interaction_adaylari.txt,validation_artifact,0.0038,report or validation artifact kept in full archive only,not_needed,no
C:\Users\Monster\OneDrive\Masaüstü\proje2\outputs\reports\2022_table_7_lasso_interactionli_model_diyagnostik.csv,archive_full/reports/2022_table_7_lasso_interactionli_model_diyagnostik.csv,validation_artifact,0.0014,report or validation artifact kept in full archive only,not_needed,no
C:\Users\Monster\OneDrive\Masaüstü\proje2\outputs\reports\2022_table_7_lasso_interactionli_ols_ozeti.txt,archive_full/reports/2022_table_7_lasso_interactionli_ols_ozeti.txt,validation_artifact,0.0029,report or validation artifact kept in full archive only,not_needed,no
C:\Users\Monster\OneDrive\Masaüstü\proje2\outputs\reports\2022_table_7_lasso_interactionli_ols_regresyon_tablosu.csv,archive_full/reports/2022_table_7_lasso_interactionli_ols_regresyon_tablosu.csv,validation_artifact,0.0034,report or validation artifact kept in full archive only,not_needed,no
C:\Users\Monster\OneDrive\Masaüstü\proje2\outputs\reports\2022_table_7_lasso_interactionli_standardizasyon_bazlari.csv,archive_full/reports/2022_table_7_lasso_interactionli_standardizasyon_bazlari.csv,validation_artifact,0.0017,report or validation artifact kept in full archive only,not_needed,no
C:\Users\Monster\OneDrive\Masaüstü\proje2\outputs\reports\2022_table_7_lasso_interactionli_vif_tablosu.csv,archive_full/reports/2022_table_7_lasso_interactionli_vif_tablosu.csv,validation_artifact,0.0018,report or validation artifact kept in full archive only,not_needed,no
C:\Users\Monster\OneDrive\Masaüstü\proje2\outputs\reports\2022_table_7_lasso_interactionli_vif_tablosu.txt,archive_full/reports/2022_table_7_lasso_interactionli_vif_tablosu.txt,validation_artifact,0.0006,report or validation artifact kept in full archive only,not_needed,no
C:\Users\Monster\OneDrive\Masaüstü\proje2\outputs\reports\2022_table_7_lasso_ozet_metrikleri.csv,archive_full/reports/2022_table_7_lasso_ozet_metrikleri.csv,validation_artifact,0.001,report or validation artifact kept in full archive only,not_needed,no
C:\Users\Monster\OneDrive\Masaüstü\proje2\outputs\reports\2022_table_7_lasso_ozet_metrikleri.txt,archive_full/reports/2022_table_7_lasso_ozet_metrikleri.txt,validation_artifact,0.0005,report or validation artifact kept in full archive only,not_needed,no
C:\Users\Monster\OneDrive\Masaüstü\proje2\outputs\reports\2022_table_7_lasso_secilen_interactionlar.csv,archive_full/reports/2022_table_7_lasso_secilen_interactionlar.csv,validation_artifact,0.0014,report or validation artifact kept in full archive only,not_needed,no
C:\Users\Monster\OneDrive\Masaüstü\proje2\outputs\reports\2022_table_7_lasso_secilen_interactionlar.txt,archive_full/reports/2022_table_7_lasso_secilen_interactionlar.txt,validation_artifact,0.0012,report or validation artifact kept in full archive only,not_needed,no
C:\Users\Monster\OneDrive\Masaüstü\proje2\outputs\reports\2022_table_7_model_diyagnostik.csv,archive_full/reports/2022_table_7_model_diyagnostik.csv,validation_artifact,0.0012,report or validation artifact kept in full archive only,not_needed,no
C:\Users\Monster\OneDrive\Masaüstü\proje2\outputs\reports\2022_table_7_ols_ozeti.txt,archive_full/reports/2022_table_7_ols_ozeti.txt,validation_artifact,0.0023,report or validation artifact kept in full archive only,not_needed,no
C:\Users\Monster\OneDrive\Masaüstü\proje2\outputs\reports\2022_table_7_ols_regresyon_tablosu.csv,archive_full/reports/2022_table_7_ols_regresyon_tablosu.csv,validation_artifact,0.0015,report or validation artifact kept in full archive only,not_needed,no
C:\Users\Monster\OneDrive\Masaüstü\proje2\outputs\reports\2022_table_7_standardizasyon_bazlari.csv,archive_full/reports/2022_table_7_standardizasyon_bazlari.csv,validation_artifact,0.0005,report or validation artifact kept in full archive only,not_needed,no
C:\Users\Monster\OneDrive\Masaüstü\proje2\outputs\reports\2022_table_7_vif_tablosu.csv,archive_full/reports/2022_table_7_vif_tablosu.csv,validation_artifact,0.0007,report or validation artifact kept in full archive only,not_needed,no
C:\Users\Monster\OneDrive\Masaüstü\proje2\outputs\reports\2022_table_7_vif_tablosu.txt,archive_full/reports/2022_table_7_vif_tablosu.txt,validation_artifact,0.0004,report or validation artifact kept in full archive only,not_needed,no
C:\Users\Monster\OneDrive\Masaüstü\proje2\outputs\reports\2022_table_8_lasso_final_cdd_marjinal_etki_aylik.csv,archive_full/reports/2022_table_8_lasso_final_cdd_marjinal_etki_aylik.csv,validation_artifact,0.0044,report or validation artifact kept in full archive only,not_needed,no
C:\Users\Monster\OneDrive\Masaüstü\proje2\outputs\reports\2022_table_8_lasso_final_cdd_marjinal_etki_aylik.txt,archive_full/reports/2022_table_8_lasso_final_cdd_marjinal_etki_aylik.txt,validation_artifact,0.0017,report or validation artifact kept in full archive only,not_needed,no
C:\Users\Monster\OneDrive\Masaüstü\proje2\outputs\reports\2022_table_8_lasso_final_cdd_marjinal_etki_bilesenleri_aylik.csv,archive_full/reports/2022_table_8_lasso_final_cdd_marjinal_etki_bilesenleri_aylik.csv,validation_artifact,0.015,report or validation artifact kept in full archive only,not_needed,no
C:\Users\Monster\OneDrive\Masaüstü\proje2\outputs\reports\2022_table_8_lasso_final_cdd_marjinal_etki_bilesenleri_aylik.txt,archive_full/reports/2022_table_8_lasso_final_cdd_marjinal_etki_bilesenleri_aylik.txt,validation_artifact,0.0028,report or validation artifact kept in full archive only,not_needed,no
C:\Users\Monster\OneDrive\Masaüstü\proje2\outputs\reports\2022_table_8_lasso_final_elastic_net_diyagnostik.csv,archive_full/reports/2022_table_8_lasso_final_elastic_net_diyagnostik.csv,validation_artifact,0.0013,report or validation artifact kept in full archive only,not_needed,no
C:\Users\Monster\OneDrive\Masaüstü\proje2\outputs\reports\2022_table_8_lasso_final_elastic_net_diyagnostik.txt,archive_full/reports/2022_table_8_lasso_final_elastic_net_diyagnostik.txt,validation_artifact,0.0005,report or validation artifact kept in full archive only,not_needed,no
C:\Users\Monster\OneDrive\Masaüstü\proje2\outputs\reports\2022_table_8_lasso_final_elastic_net_katsayilari.csv,archive_full/reports/2022_table_8_lasso_final_elastic_net_katsayilari.csv,validation_artifact,0.0028,report or validation artifact kept in full archive only,not_needed,no
C:\Users\Monster\OneDrive\Masaüstü\proje2\outputs\reports\2022_table_8_lasso_final_elastic_net_katsayilari.txt,archive_full/reports/2022_table_8_lasso_final_elastic_net_katsayilari.txt,validation_artifact,0.0012,report or validation artifact kept in full archive only,not_needed,no
C:\Users\Monster\OneDrive\Masaüstü\proje2\outputs\reports\2022_table_8_lasso_final_hdd_marjinal_etki_aylik.csv,archive_full/reports/2022_table_8_lasso_final_hdd_marjinal_etki_aylik.csv,validation_artifact,0.0047,report or validation artifact kept in full archive only,not_needed,no
C:\Users\Monster\OneDrive\Masaüstü\proje2\outputs\reports\2022_table_8_lasso_final_hdd_marjinal_etki_aylik.txt,archive_full/reports/2022_table_8_lasso_final_hdd_marjinal_etki_aylik.txt,validation_artifact,0.0017,report or validation artifact kept in full archive only,not_needed,no
C:\Users\Monster\OneDrive\Masaüstü\proje2\outputs\reports\2022_table_8_lasso_final_hdd_marjinal_etki_bilesenleri_aylik.csv,archive_full/reports/2022_table_8_lasso_final_hdd_marjinal_etki_bilesenleri_aylik.csv,validation_artifact,0.015,report or validation artifact kept in full archive only,not_needed,no
C:\Users\Monster\OneDrive\Masaüstü\proje2\outputs\reports\2022_table_8_lasso_final_hdd_marjinal_etki_bilesenleri_aylik.txt,archive_full/reports/2022_table_8_lasso_final_hdd_marjinal_etki_bilesenleri_aylik.txt,validation_artifact,0.0028,report or validation artifact kept in full archive only,not_needed,no
C:\Users\Monster\OneDrive\Masaüstü\proje2\outputs\reports\2022_table_8_lasso_final_model_diyagnostik.csv,archive_full/reports/2022_table_8_lasso_final_model_diyagnostik.csv,validation_artifact,0.0013,report or validation artifact kept in full archive only,not_needed,no
C:\Users\Monster\OneDrive\Masaüstü\proje2\outputs\reports\2022_table_8_lasso_final_model_diyagnostik.txt,archive_full/reports/2022_table_8_lasso_final_model_diyagnostik.txt,validation_artifact,0.0007,report or validation artifact kept in full archive only,not_needed,no
C:\Users\Monster\OneDrive\Masaüstü\proje2\outputs\reports\2022_table_8_lasso_final_ols_ozeti.txt,archive_full/reports/2022_table_8_lasso_final_ols_ozeti.txt,validation_artifact,0.0037,report or validation artifact kept in full archive only,not_needed,no
C:\Users\Monster\OneDrive\Masaüstü\proje2\outputs\reports\2022_table_8_lasso_final_ols_regresyon_tablosu.csv,archive_full/reports/2022_table_8_lasso_final_ols_regresyon_tablosu.csv,validation_artifact,0.0044,report or validation artifact kept in full archive only,not_needed,no
C:\Users\Monster\OneDrive\Masaüstü\proje2\outputs\reports\2022_table_8_lasso_final_ols_regresyon_tablosu.txt,archive_full/reports/2022_table_8_lasso_final_ols_regresyon_tablosu.txt,validation_artifact,0.0018,report or validation artifact kept in full archive only,not_needed,no
C:\Users\Monster\OneDrive\Masaüstü\proje2\outputs\reports\2022_table_8_lasso_final_ridge_diyagnostik.csv,archive_full/reports/2022_table_8_lasso_final_ridge_diyagnostik.csv,validation_artifact,0.0013,report or validation artifact kept in full archive only,not_needed,no
C:\Users\Monster\OneDrive\Masaüstü\proje2\outputs\reports\2022_table_8_lasso_final_ridge_diyagnostik.txt,archive_full/reports/2022_table_8_lasso_final_ridge_diyagnostik.txt,validation_artifact,0.0005,report or validation artifact kept in full archive only,not_needed,no
C:\Users\Monster\OneDrive\Masaüstü\proje2\outputs\reports\2022_table_8_lasso_final_ridge_katsayilari.csv,archive_full/reports/2022_table_8_lasso_final_ridge_katsayilari.csv,validation_artifact,0.0028,report or validation artifact kept in full archive only,not_needed,no
C:\Users\Monster\OneDrive\Masaüstü\proje2\outputs\reports\2022_table_8_lasso_final_ridge_katsayilari.txt,archive_full/reports/2022_table_8_lasso_final_ridge_katsayilari.txt,validation_artifact,0.0012,report or validation artifact kept in full archive only,not_needed,no
C:\Users\Monster\OneDrive\Masaüstü\proje2\outputs\reports\2022_table_8_lasso_final_standardizasyon_bazlari.csv,archive_full/reports/2022_table_8_lasso_final_standardizasyon_bazlari.csv,validation_artifact,0.0045,report or validation artifact kept in full archive only,not_needed,no
C:\Users\Monster\OneDrive\Masaüstü\proje2\outputs\reports\2022_table_8_lasso_final_tasarim_degisenleri.csv,archive_full/reports/2022_table_8_lasso_final_tasarim_degisenleri.csv,validation_artifact,0.0006,report or validation artifact kept in full archive only,not_needed,no
C:\Users\Monster\OneDrive\Masaüstü\proje2\outputs\reports\2022_table_8_lasso_final_vif_tablosu.csv,archive_full/reports/2022_table_8_lasso_final_vif_tablosu.csv,validation_artifact,0.0026,report or validation artifact kept in full archive only,not_needed,no
C:\Users\Monster\OneDrive\Masaüstü\proje2\outputs\reports\2022_table_8_lasso_final_vif_tablosu.txt,archive_full/reports/2022_table_8_lasso_final_vif_tablosu.txt,validation_artifact,0.0008,report or validation artifact kept in full archive only,not_needed,no
C:\Users\Monster\OneDrive\Masaüstü\proje2\outputs\reports\2022_table_8_lasso_interaction_adaylari.csv,archive_full/reports/2022_table_8_lasso_interaction_adaylari.csv,validation_artifact,0.0069,report or validation artifact kept in full archive only,not_needed,no
C:\Users\Monster\OneDrive\Masaüstü\proje2\outputs\reports\2022_table_8_lasso_interaction_adaylari.txt,archive_full/reports/2022_table_8_lasso_interaction_adaylari.txt,validation_artifact,0.0038,report or validation artifact kept in full archive only,not_needed,no
C:\Users\Monster\OneDrive\Masaüstü\proje2\outputs\reports\2022_table_8_lasso_interactionli_model_diyagnostik.csv,archive_full/reports/2022_table_8_lasso_interactionli_model_diyagnostik.csv,validation_artifact,0.0014,report or validation artifact kept in full archive only,not_needed,no
C:\Users\Monster\OneDrive\Masaüstü\proje2\outputs\reports\2022_table_8_lasso_interactionli_ols_ozeti.txt,archive_full/reports/2022_table_8_lasso_interactionli_ols_ozeti.txt,validation_artifact,0.0028,report or validation artifact kept in full archive only,not_needed,no
C:\Users\Monster\OneDrive\Masaüstü\proje2\outputs\reports\2022_table_8_lasso_interactionli_ols_regresyon_tablosu.csv,archive_full/reports/2022_table_8_lasso_interactionli_ols_regresyon_tablosu.csv,validation_artifact,0.003,report or validation artifact kept in full archive only,not_needed,no
C:\Users\Monster\OneDrive\Masaüstü\proje2\outputs\reports\2022_table_8_lasso_interactionli_standardizasyon_bazlari.csv,archive_full/reports/2022_table_8_lasso_interactionli_standardizasyon_bazlari.csv,validation_artifact,0.0016,report or validation artifact kept in full archive only,not_needed,no
C:\Users\Monster\OneDrive\Masaüstü\proje2\outputs\reports\2022_table_8_lasso_interactionli_vif_tablosu.csv,archive_full/reports/2022_table_8_lasso_interactionli_vif_tablosu.csv,validation_artifact,0.0017,report or validation artifact kept in full archive only,not_needed,no
C:\Users\Monster\OneDrive\Masaüstü\proje2\outputs\reports\2022_table_8_lasso_interactionli_vif_tablosu.txt,archive_full/reports/2022_table_8_lasso_interactionli_vif_tablosu.txt,validation_artifact,0.0006,report or validation artifact kept in full archive only,not_needed,no
C:\Users\Monster\OneDrive\Masaüstü\proje2\outputs\reports\2022_table_8_lasso_ozet_metrikleri.csv,archive_full/reports/2022_table_8_lasso_ozet_metrikleri.csv,validation_artifact,0.001,report or validation artifact kept in full archive only,not_needed,no
C:\Users\Monster\OneDrive\Masaüstü\proje2\outputs\reports\2022_table_8_lasso_ozet_metrikleri.txt,archive_full/reports/2022_table_8_lasso_ozet_metrikleri.txt,validation_artifact,0.0005,report or validation artifact kept in full archive only,not_needed,no
C:\Users\Monster\OneDrive\Masaüstü\proje2\outputs\reports\2022_table_8_lasso_secilen_interactionlar.csv,archive_full/reports/2022_table_8_lasso_secilen_interactionlar.csv,validation_artifact,0.0016,report or validation artifact kept in full archive only,not_needed,no
C:\Users\Monster\OneDrive\Masaüstü\proje2\outputs\reports\2022_table_8_lasso_secilen_interactionlar.txt,archive_full/reports/2022_table_8_lasso_secilen_interactionlar.txt,validation_artifact,0.0012,report or validation artifact kept in full archive only,not_needed,no
C:\Users\Monster\OneDrive\Masaüstü\proje2\outputs\reports\2022_table_8_model_diyagnostik.csv,archive_full/reports/2022_table_8_model_diyagnostik.csv,validation_artifact,0.0012,report or validation artifact kept in full archive only,not_needed,no
C:\Users\Monster\OneDrive\Masaüstü\proje2\outputs\reports\2022_table_8_ols_ozeti.txt,archive_full/reports/2022_table_8_ols_ozeti.txt,validation_artifact,0.0023,report or validation artifact kept in full archive only,not_needed,no
C:\Users\Monster\OneDrive\Masaüstü\proje2\outputs\reports\2022_table_8_ols_regresyon_tablosu.csv,archive_full/reports/2022_table_8_ols_regresyon_tablosu.csv,validation_artifact,0.0015,report or validation artifact kept in full archive only,not_needed,no
C:\Users\Monster\OneDrive\Masaüstü\proje2\outputs\reports\2022_table_8_standardizasyon_bazlari.csv,archive_full/reports/2022_table_8_standardizasyon_bazlari.csv,validation_artifact,0.0006,report or validation artifact kept in full archive only,not_needed,no
C:\Users\Monster\OneDrive\Masaüstü\proje2\outputs\reports\2022_table_8_vif_tablosu.csv,archive_full/reports/2022_table_8_vif_tablosu.csv,validation_artifact,0.0007,report or validation artifact kept in full archive only,not_needed,no
C:\Users\Monster\OneDrive\Masaüstü\proje2\outputs\reports\2022_table_8_vif_tablosu.txt,archive_full/reports/2022_table_8_vif_tablosu.txt,validation_artifact,0.0004,report or validation artifact kept in full archive only,not_needed,no
C:\Users\Monster\OneDrive\Masaüstü\proje2\outputs\reports\2022_tum_lasso_final_cdd_marjinal_etki_aylik.csv,archive_full/reports/2022_tum_lasso_final_cdd_marjinal_etki_aylik.csv,validation_artifact,0.0327,report or validation artifact kept in full archive only,not_needed,no
C:\Users\Monster\OneDrive\Masaüstü\proje2\outputs\reports\2022_tum_lasso_final_elastic_net_diyagnostikleri.csv,archive_full/reports/2022_tum_lasso_final_elastic_net_diyagnostikleri.csv,validation_artifact,0.0099,report or validation artifact kept in full archive only,not_needed,no
C:\Users\Monster\OneDrive\Masaüstü\proje2\outputs\reports\2022_tum_lasso_final_elastic_net_katsayilari.csv,archive_full/reports/2022_tum_lasso_final_elastic_net_katsayilari.csv,validation_artifact,0.0234,report or validation artifact kept in full archive only,not_needed,no
C:\Users\Monster\OneDrive\Masaüstü\proje2\outputs\reports\2022_tum_lasso_final_hdd_marjinal_etki_aylik.csv,archive_full/reports/2022_tum_lasso_final_hdd_marjinal_etki_aylik.csv,validation_artifact,0.0345,report or validation artifact kept in full archive only,not_needed,no
C:\Users\Monster\OneDrive\Masaüstü\proje2\outputs\reports\2022_tum_lasso_final_model_diyagnostikleri.csv,archive_full/reports/2022_tum_lasso_final_model_diyagnostikleri.csv,validation_artifact,0.0094,report or validation artifact kept in full archive only,not_needed,no
C:\Users\Monster\OneDrive\Masaüstü\proje2\outputs\reports\2022_tum_lasso_final_ols_tablolari.csv,archive_full/reports/2022_tum_lasso_final_ols_tablolari.csv,validation_artifact,0.0364,report or validation artifact kept in full archive only,not_needed,no
C:\Users\Monster\OneDrive\Masaüstü\proje2\outputs\reports\2022_tum_lasso_final_ridge_diyagnostikleri.csv,archive_full/reports/2022_tum_lasso_final_ridge_diyagnostikleri.csv,validation_artifact,0.0095,report or validation artifact kept in full archive only,not_needed,no
C:\Users\Monster\OneDrive\Masaüstü\proje2\outputs\reports\2022_tum_lasso_final_ridge_katsayilari.csv,archive_full/reports/2022_tum_lasso_final_ridge_katsayilari.csv,validation_artifact,0.0227,report or validation artifact kept in full archive only,not_needed,no
C:\Users\Monster\OneDrive\Masaüstü\proje2\outputs\reports\2022_tum_lasso_final_standardizasyon_bazlari.csv,archive_full/reports/2022_tum_lasso_final_standardizasyon_bazlari.csv,validation_artifact,0.0125,report or validation artifact kept in full archive only,not_needed,no
C:\Users\Monster\OneDrive\Masaüstü\proje2\outputs\reports\2022_tum_lasso_final_vif_tablolari.csv,archive_full/reports/2022_tum_lasso_final_vif_tablolari.csv,validation_artifact,0.0218,report or validation artifact kept in full archive only,not_needed,no
C:\Users\Monster\OneDrive\Masaüstü\proje2\outputs\reports\2022_tum_lasso_interaction_adaylari.csv,archive_full/reports/2022_tum_lasso_interaction_adaylari.csv,validation_artifact,0.048,report or validation artifact kept in full archive only,not_needed,no
C:\Users\Monster\OneDrive\Masaüstü\proje2\outputs\reports\2022_tum_lasso_interactionli_model_diyagnostikleri.csv,archive_full/reports/2022_tum_lasso_interactionli_model_diyagnostikleri.csv,validation_artifact,0.0096,report or validation artifact kept in full archive only,not_needed,no
C:\Users\Monster\OneDrive\Masaüstü\proje2\outputs\reports\2022_tum_lasso_interactionli_ols_tablolari.csv,archive_full/reports/2022_tum_lasso_interactionli_ols_tablolari.csv,validation_artifact,0.0303,report or validation artifact kept in full archive only,not_needed,no
C:\Users\Monster\OneDrive\Masaüstü\proje2\outputs\reports\2022_tum_lasso_interactionli_standardizasyon_bazlari.csv,archive_full/reports/2022_tum_lasso_interactionli_standardizasyon_bazlari.csv,validation_artifact,0.0158,report or validation artifact kept in full archive only,not_needed,no
C:\Users\Monster\OneDrive\Masaüstü\proje2\outputs\reports\2022_tum_lasso_interactionli_vif_tablolari.csv,archive_full/reports/2022_tum_lasso_interactionli_vif_tablolari.csv,validation_artifact,0.0177,report or validation artifact kept in full archive only,not_needed,no
C:\Users\Monster\OneDrive\Masaüstü\proje2\outputs\reports\2022_tum_lasso_ozet_metrikleri.csv,archive_full/reports/2022_tum_lasso_ozet_metrikleri.csv,validation_artifact,0.0073,report or validation artifact kept in full archive only,not_needed,no
C:\Users\Monster\OneDrive\Masaüstü\proje2\outputs\reports\2022_tum_lasso_secilen_interactionlar.csv,archive_full/reports/2022_tum_lasso_secilen_interactionlar.csv,validation_artifact,0.0194,report or validation artifact kept in full archive only,not_needed,no
C:\Users\Monster\OneDrive\Masaüstü\proje2\outputs\reports\2022_tum_lasso_secilen_interactionlar.txt,archive_full/reports/2022_tum_lasso_secilen_interactionlar.txt,validation_artifact,0.0085,report or validation artifact kept in full archive only,not_needed,no
C:\Users\Monster\OneDrive\Masaüstü\proje2\outputs\reports\2022_tum_model_diyagnostikleri.csv,archive_full/reports/2022_tum_model_diyagnostikleri.csv,validation_artifact,0.0088,report or validation artifact kept in full archive only,not_needed,no
C:\Users\Monster\OneDrive\Masaüstü\proje2\outputs\reports\2022_tum_ols_regresyon_tablolari.csv,archive_full/reports/2022_tum_ols_regresyon_tablolari.csv,validation_artifact,0.0116,report or validation artifact kept in full archive only,not_needed,no
C:\Users\Monster\OneDrive\Masaüstü\proje2\outputs\reports\2022_tum_standardizasyon_bazlari.csv,archive_full/reports/2022_tum_standardizasyon_bazlari.csv,validation_artifact,0.0032,report or validation artifact kept in full archive only,not_needed,no
C:\Users\Monster\OneDrive\Masaüstü\proje2\outputs\reports\2022_tum_vif_tablolari.csv,archive_full/reports/2022_tum_vif_tablolari.csv,validation_artifact,0.0055,report or validation artifact kept in full archive only,not_needed,no
C:\Users\Monster\OneDrive\Masaüstü\proje2\outputs\reports\2022_tum_vif_tablolari.txt,archive_full/reports/2022_tum_vif_tablolari.txt,validation_artifact,0.0026,report or validation artifact kept in full archive only,not_needed,no
C:\Users\Monster\OneDrive\Masaüstü\proje2\outputs\reports\2023_model_rehberi.txt,archive_full/reports/2023_model_rehberi.txt,validation_artifact,0.0108,report or validation artifact kept in full archive only,not_needed,no
C:\Users\Monster\OneDrive\Masaüstü\proje2\outputs\reports\2023_table_1_lasso_final_cdd_marjinal_etki_aylik.csv,archive_full/reports/2023_table_1_lasso_final_cdd_marjinal_etki_aylik.csv,validation_artifact,0.0037,report or validation artifact kept in full archive only,not_needed,no
C:\Users\Monster\OneDrive\Masaüstü\proje2\outputs\reports\2023_table_1_lasso_final_cdd_marjinal_etki_aylik.txt,archive_full/reports/2023_table_1_lasso_final_cdd_marjinal_etki_aylik.txt,validation_artifact,0.0017,report or validation artifact kept in full archive only,not_needed,no
C:\Users\Monster\OneDrive\Masaüstü\proje2\outputs\reports\2023_table_1_lasso_final_cdd_marjinal_etki_bilesenleri_aylik.csv,archive_full/reports/2023_table_1_lasso_final_cdd_marjinal_etki_bilesenleri_aylik.csv,validation_artifact,0.0072,report or validation artifact kept in full archive only,not_needed,no
C:\Users\Monster\OneDrive\Masaüstü\proje2\outputs\reports\2023_table_1_lasso_final_cdd_marjinal_etki_bilesenleri_aylik.txt,archive_full/reports/2023_table_1_lasso_final_cdd_marjinal_etki_bilesenleri_aylik.txt,validation_artifact,0.0018,report or validation artifact kept in full archive only,not_needed,no
C:\Users\Monster\OneDrive\Masaüstü\proje2\outputs\reports\2023_table_1_lasso_final_elastic_net_diyagnostik.csv,archive_full/reports/2023_table_1_lasso_final_elastic_net_diyagnostik.csv,validation_artifact,0.001,report or validation artifact kept in full archive only,not_needed,no
C:\Users\Monster\OneDrive\Masaüstü\proje2\outputs\reports\2023_table_1_lasso_final_elastic_net_diyagnostik.txt,archive_full/reports/2023_table_1_lasso_final_elastic_net_diyagnostik.txt,validation_artifact,0.0004,report or validation artifact kept in full archive only,not_needed,no
C:\Users\Monster\OneDrive\Masaüstü\proje2\outputs\reports\2023_table_1_lasso_final_elastic_net_katsayilari.csv,archive_full/reports/2023_table_1_lasso_final_elastic_net_katsayilari.csv,validation_artifact,0.0026,report or validation artifact kept in full archive only,not_needed,no
C:\Users\Monster\OneDrive\Masaüstü\proje2\outputs\reports\2023_table_1_lasso_final_elastic_net_katsayilari.txt,archive_full/reports/2023_table_1_lasso_final_elastic_net_katsayilari.txt,validation_artifact,0.0008,report or validation artifact kept in full archive only,not_needed,no
C:\Users\Monster\OneDrive\Masaüstü\proje2\outputs\reports\2023_table_1_lasso_final_hdd_marjinal_etki_aylik.csv,archive_full/reports/2023_table_1_lasso_final_hdd_marjinal_etki_aylik.csv,validation_artifact,0.0038,report or validation artifact kept in full archive only,not_needed,no
C:\Users\Monster\OneDrive\Masaüstü\proje2\outputs\reports\2023_table_1_lasso_final_hdd_marjinal_etki_aylik.txt,archive_full/reports/2023_table_1_lasso_final_hdd_marjinal_etki_aylik.txt,validation_artifact,0.0016,report or validation artifact kept in full archive only,not_needed,no
C:\Users\Monster\OneDrive\Masaüstü\proje2\outputs\reports\2023_table_1_lasso_final_hdd_marjinal_etki_bilesenleri_aylik.csv,archive_full/reports/2023_table_1_lasso_final_hdd_marjinal_etki_bilesenleri_aylik.csv,validation_artifact,0.0048,report or validation artifact kept in full archive only,not_needed,no
C:\Users\Monster\OneDrive\Masaüstü\proje2\outputs\reports\2023_table_1_lasso_final_hdd_marjinal_etki_bilesenleri_aylik.txt,archive_full/reports/2023_table_1_lasso_final_hdd_marjinal_etki_bilesenleri_aylik.txt,validation_artifact,0.0013,report or validation artifact kept in full archive only,not_needed,no
C:\Users\Monster\OneDrive\Masaüstü\proje2\outputs\reports\2023_table_1_lasso_final_model_diyagnostik.csv,archive_full/reports/2023_table_1_lasso_final_model_diyagnostik.csv,validation_artifact,0.0009,report or validation artifact kept in full archive only,not_needed,no
C:\Users\Monster\OneDrive\Masaüstü\proje2\outputs\reports\2023_table_1_lasso_final_model_diyagnostik.txt,archive_full/reports/2023_table_1_lasso_final_model_diyagnostik.txt,validation_artifact,0.0006,report or validation artifact kept in full archive only,not_needed,no
C:\Users\Monster\OneDrive\Masaüstü\proje2\outputs\reports\2023_table_1_lasso_final_ols_ozeti.txt,archive_full/reports/2023_table_1_lasso_final_ols_ozeti.txt,validation_artifact,0.003,report or validation artifact kept in full archive only,not_needed,no
C:\Users\Monster\OneDrive\Masaüstü\proje2\outputs\reports\2023_table_1_lasso_final_ols_regresyon_tablosu.csv,archive_full/reports/2023_table_1_lasso_final_ols_regresyon_tablosu.csv,validation_artifact,0.0043,report or validation artifact kept in full archive only,not_needed,no
C:\Users\Monster\OneDrive\Masaüstü\proje2\outputs\reports\2023_table_1_lasso_final_ols_regresyon_tablosu.txt,archive_full/reports/2023_table_1_lasso_final_ols_regresyon_tablosu.txt,validation_artifact,0.0011,report or validation artifact kept in full archive only,not_needed,no
C:\Users\Monster\OneDrive\Masaüstü\proje2\outputs\reports\2023_table_1_lasso_final_ridge_diyagnostik.csv,archive_full/reports/2023_table_1_lasso_final_ridge_diyagnostik.csv,validation_artifact,0.001,report or validation artifact kept in full archive only,not_needed,no
C:\Users\Monster\OneDrive\Masaüstü\proje2\outputs\reports\2023_table_1_lasso_final_ridge_diyagnostik.txt,archive_full/reports/2023_table_1_lasso_final_ridge_diyagnostik.txt,validation_artifact,0.0004,report or validation artifact kept in full archive only,not_needed,no
C:\Users\Monster\OneDrive\Masaüstü\proje2\outputs\reports\2023_table_1_lasso_final_ridge_katsayilari.csv,archive_full/reports/2023_table_1_lasso_final_ridge_katsayilari.csv,validation_artifact,0.0025,report or validation artifact kept in full archive only,not_needed,no
C:\Users\Monster\OneDrive\Masaüstü\proje2\outputs\reports\2023_table_1_lasso_final_ridge_katsayilari.txt,archive_full/reports/2023_table_1_lasso_final_ridge_katsayilari.txt,validation_artifact,0.0008,report or validation artifact kept in full archive only,not_needed,no
C:\Users\Monster\OneDrive\Masaüstü\proje2\outputs\reports\2023_table_1_lasso_final_standardizasyon_bazlari.csv,archive_full/reports/2023_table_1_lasso_final_standardizasyon_bazlari.csv,validation_artifact,0.0023,report or validation artifact kept in full archive only,not_needed,no
C:\Users\Monster\OneDrive\Masaüstü\proje2\outputs\reports\2023_table_1_lasso_final_tasarim_degisenleri.csv,archive_full/reports/2023_table_1_lasso_final_tasarim_degisenleri.csv,validation_artifact,0.0005,report or validation artifact kept in full archive only,not_needed,no
C:\Users\Monster\OneDrive\Masaüstü\proje2\outputs\reports\2023_table_1_lasso_final_vif_tablosu.csv,archive_full/reports/2023_table_1_lasso_final_vif_tablosu.csv,validation_artifact,0.0023,report or validation artifact kept in full archive only,not_needed,no
C:\Users\Monster\OneDrive\Masaüstü\proje2\outputs\reports\2023_table_1_lasso_final_vif_tablosu.txt,archive_full/reports/2023_table_1_lasso_final_vif_tablosu.txt,validation_artifact,0.0005,report or validation artifact kept in full archive only,not_needed,no
C:\Users\Monster\OneDrive\Masaüstü\proje2\outputs\reports\2023_table_1_lasso_interaction_adaylari.csv,archive_full/reports/2023_table_1_lasso_interaction_adaylari.csv,validation_artifact,0.0047,report or validation artifact kept in full archive only,not_needed,no
C:\Users\Monster\OneDrive\Masaüstü\proje2\outputs\reports\2023_table_1_lasso_interaction_adaylari.txt,archive_full/reports/2023_table_1_lasso_interaction_adaylari.txt,validation_artifact,0.0037,report or validation artifact kept in full archive only,not_needed,no
C:\Users\Monster\OneDrive\Masaüstü\proje2\outputs\reports\2023_table_1_lasso_ozet_metrikleri.csv,archive_full/reports/2023_table_1_lasso_ozet_metrikleri.csv,validation_artifact,0.0006,report or validation artifact kept in full archive only,not_needed,no
C:\Users\Monster\OneDrive\Masaüstü\proje2\outputs\reports\2023_table_1_lasso_ozet_metrikleri.txt,archive_full/reports/2023_table_1_lasso_ozet_metrikleri.txt,validation_artifact,0.0004,report or validation artifact kept in full archive only,not_needed,no
C:\Users\Monster\OneDrive\Masaüstü\proje2\outputs\reports\2023_table_1_lasso_secilen_interactionlar.csv,archive_full/reports/2023_table_1_lasso_secilen_interactionlar.csv,validation_artifact,0.0015,report or validation artifact kept in full archive only,not_needed,no
C:\Users\Monster\OneDrive\Masaüstü\proje2\outputs\reports\2023_table_1_lasso_secilen_interactionlar.txt,archive_full/reports/2023_table_1_lasso_secilen_interactionlar.txt,validation_artifact,0.0007,report or validation artifact kept in full archive only,not_needed,no
C:\Users\Monster\OneDrive\Masaüstü\proje2\outputs\reports\2023_table_1_model_diyagnostik.csv,archive_full/reports/2023_table_1_model_diyagnostik.csv,validation_artifact,0.0007,report or validation artifact kept in full archive only,not_needed,no
C:\Users\Monster\OneDrive\Masaüstü\proje2\outputs\reports\2023_table_1_ols_ozeti.txt,archive_full/reports/2023_table_1_ols_ozeti.txt,validation_artifact,0.0019,report or validation artifact kept in full archive only,not_needed,no
C:\Users\Monster\OneDrive\Masaüstü\proje2\outputs\reports\2023_table_1_ols_regresyon_tablosu.csv,archive_full/reports/2023_table_1_ols_regresyon_tablosu.csv,validation_artifact,0.0005,report or validation artifact kept in full archive only,not_needed,no
C:\Users\Monster\OneDrive\Masaüstü\proje2\outputs\reports\2023_table_1_standardizasyon_bazlari.csv,archive_full/reports/2023_table_1_standardizasyon_bazlari.csv,validation_artifact,0.0002,report or validation artifact kept in full archive only,not_needed,no
C:\Users\Monster\OneDrive\Masaüstü\proje2\outputs\reports\2023_table_1_vif_tablosu.csv,archive_full/reports/2023_table_1_vif_tablosu.csv,validation_artifact,0.0002,report or validation artifact kept in full archive only,not_needed,no
C:\Users\Monster\OneDrive\Masaüstü\proje2\outputs\reports\2023_table_1_vif_tablosu.txt,archive_full/reports/2023_table_1_vif_tablosu.txt,validation_artifact,0.0002,report or validation artifact kept in full archive only,not_needed,no
C:\Users\Monster\OneDrive\Masaüstü\proje2\outputs\reports\2023_table_2_lasso_final_cdd_marjinal_etki_aylik.csv,archive_full/reports/2023_table_2_lasso_final_cdd_marjinal_etki_aylik.csv,validation_artifact,0.0039,report or validation artifact kept in full archive only,not_needed,no
C:\Users\Monster\OneDrive\Masaüstü\proje2\outputs\reports\2023_table_2_lasso_final_cdd_marjinal_etki_aylik.txt,archive_full/reports/2023_table_2_lasso_final_cdd_marjinal_etki_aylik.txt,validation_artifact,0.0017,report or validation artifact kept in full archive only,not_needed,no
C:\Users\Monster\OneDrive\Masaüstü\proje2\outputs\reports\2023_table_2_lasso_final_cdd_marjinal_etki_bilesenleri_aylik.csv,archive_full/reports/2023_table_2_lasso_final_cdd_marjinal_etki_bilesenleri_aylik.csv,validation_artifact,0.0077,report or validation artifact kept in full archive only,not_needed,no
C:\Users\Monster\OneDrive\Masaüstü\proje2\outputs\reports\2023_table_2_lasso_final_cdd_marjinal_etki_bilesenleri_aylik.txt,archive_full/reports/2023_table_2_lasso_final_cdd_marjinal_etki_bilesenleri_aylik.txt,validation_artifact,0.0018,report or validation artifact kept in full archive only,not_needed,no
C:\Users\Monster\OneDrive\Masaüstü\proje2\outputs\reports\2023_table_2_lasso_final_elastic_net_diyagnostik.csv,archive_full/reports/2023_table_2_lasso_final_elastic_net_diyagnostik.csv,validation_artifact,0.0011,report or validation artifact kept in full archive only,not_needed,no
C:\Users\Monster\OneDrive\Masaüstü\proje2\outputs\reports\2023_table_2_lasso_final_elastic_net_diyagnostik.txt,archive_full/reports/2023_table_2_lasso_final_elastic_net_diyagnostik.txt,validation_artifact,0.0005,report or validation artifact kept in full archive only,not_needed,no
C:\Users\Monster\OneDrive\Masaüstü\proje2\outputs\reports\2023_table_2_lasso_final_elastic_net_katsayilari.csv,archive_full/reports/2023_table_2_lasso_final_elastic_net_katsayilari.csv,validation_artifact,0.0028,report or validation artifact kept in full archive only,not_needed,no
C:\Users\Monster\OneDrive\Masaüstü\proje2\outputs\reports\2023_table_2_lasso_final_elastic_net_katsayilari.txt,archive_full/reports/2023_table_2_lasso_final_elastic_net_katsayilari.txt,validation_artifact,0.0008,report or validation artifact kept in full archive only,not_needed,no
C:\Users\Monster\OneDrive\Masaüstü\proje2\outputs\reports\2023_table_2_lasso_final_hdd_marjinal_etki_aylik.csv,archive_full/reports/2023_table_2_lasso_final_hdd_marjinal_etki_aylik.csv,validation_artifact,0.004,report or validation artifact kept in full archive only,not_needed,no
C:\Users\Monster\OneDrive\Masaüstü\proje2\outputs\reports\2023_table_2_lasso_final_hdd_marjinal_etki_aylik.txt,archive_full/reports/2023_table_2_lasso_final_hdd_marjinal_etki_aylik.txt,validation_artifact,0.0016,report or validation artifact kept in full archive only,not_needed,no
C:\Users\Monster\OneDrive\Masaüstü\proje2\outputs\reports\2023_table_2_lasso_final_hdd_marjinal_etki_bilesenleri_aylik.csv,archive_full/reports/2023_table_2_lasso_final_hdd_marjinal_etki_bilesenleri_aylik.csv,validation_artifact,0.0052,report or validation artifact kept in full archive only,not_needed,no
C:\Users\Monster\OneDrive\Masaüstü\proje2\outputs\reports\2023_table_2_lasso_final_hdd_marjinal_etki_bilesenleri_aylik.txt,archive_full/reports/2023_table_2_lasso_final_hdd_marjinal_etki_bilesenleri_aylik.txt,validation_artifact,0.0014,report or validation artifact kept in full archive only,not_needed,no
C:\Users\Monster\OneDrive\Masaüstü\proje2\outputs\reports\2023_table_2_lasso_final_model_diyagnostik.csv,archive_full/reports/2023_table_2_lasso_final_model_diyagnostik.csv,validation_artifact,0.001,report or validation artifact kept in full archive only,not_needed,no
C:\Users\Monster\OneDrive\Masaüstü\proje2\outputs\reports\2023_table_2_lasso_final_model_diyagnostik.txt,archive_full/reports/2023_table_2_lasso_final_model_diyagnostik.txt,validation_artifact,0.0006,report or validation artifact kept in full archive only,not_needed,no
C:\Users\Monster\OneDrive\Masaüstü\proje2\outputs\reports\2023_table_2_lasso_final_ols_ozeti.txt,archive_full/reports/2023_table_2_lasso_final_ols_ozeti.txt,validation_artifact,0.0031,report or validation artifact kept in full archive only,not_needed,no
C:\Users\Monster\OneDrive\Masaüstü\proje2\outputs\reports\2023_table_2_lasso_final_ols_regresyon_tablosu.csv,archive_full/reports/2023_table_2_lasso_final_ols_regresyon_tablosu.csv,validation_artifact,0.0046,report or validation artifact kept in full archive only,not_needed,no
C:\Users\Monster\OneDrive\Masaüstü\proje2\outputs\reports\2023_table_2_lasso_final_ols_regresyon_tablosu.txt,archive_full/reports/2023_table_2_lasso_final_ols_regresyon_tablosu.txt,validation_artifact,0.0012,report or validation artifact kept in full archive only,not_needed,no
C:\Users\Monster\OneDrive\Masaüstü\proje2\outputs\reports\2023_table_2_lasso_final_ridge_diyagnostik.csv,archive_full/reports/2023_table_2_lasso_final_ridge_diyagnostik.csv,validation_artifact,0.001,report or validation artifact kept in full archive only,not_needed,no
C:\Users\Monster\OneDrive\Masaüstü\proje2\outputs\reports\2023_table_2_lasso_final_ridge_diyagnostik.txt,archive_full/reports/2023_table_2_lasso_final_ridge_diyagnostik.txt,validation_artifact,0.0005,report or validation artifact kept in full archive only,not_needed,no
C:\Users\Monster\OneDrive\Masaüstü\proje2\outputs\reports\2023_table_2_lasso_final_ridge_katsayilari.csv,archive_full/reports/2023_table_2_lasso_final_ridge_katsayilari.csv,validation_artifact,0.0027,report or validation artifact kept in full archive only,not_needed,no
C:\Users\Monster\OneDrive\Masaüstü\proje2\outputs\reports\2023_table_2_lasso_final_ridge_katsayilari.txt,archive_full/reports/2023_table_2_lasso_final_ridge_katsayilari.txt,validation_artifact,0.0008,report or validation artifact kept in full archive only,not_needed,no
C:\Users\Monster\OneDrive\Masaüstü\proje2\outputs\reports\2023_table_2_lasso_final_standardizasyon_bazlari.csv,archive_full/reports/2023_table_2_lasso_final_standardizasyon_bazlari.csv,validation_artifact,0.0024,report or validation artifact kept in full archive only,not_needed,no
C:\Users\Monster\OneDrive\Masaüstü\proje2\outputs\reports\2023_table_2_lasso_final_tasarim_degisenleri.csv,archive_full/reports/2023_table_2_lasso_final_tasarim_degisenleri.csv,validation_artifact,0.0005,report or validation artifact kept in full archive only,not_needed,no
C:\Users\Monster\OneDrive\Masaüstü\proje2\outputs\reports\2023_table_2_lasso_final_vif_tablosu.csv,archive_full/reports/2023_table_2_lasso_final_vif_tablosu.csv,validation_artifact,0.0026,report or validation artifact kept in full archive only,not_needed,no
C:\Users\Monster\OneDrive\Masaüstü\proje2\outputs\reports\2023_table_2_lasso_final_vif_tablosu.txt,archive_full/reports/2023_table_2_lasso_final_vif_tablosu.txt,validation_artifact,0.0005,report or validation artifact kept in full archive only,not_needed,no
C:\Users\Monster\OneDrive\Masaüstü\proje2\outputs\reports\2023_table_2_lasso_interaction_adaylari.csv,archive_full/reports/2023_table_2_lasso_interaction_adaylari.csv,validation_artifact,0.0053,report or validation artifact kept in full archive only,not_needed,no
C:\Users\Monster\OneDrive\Masaüstü\proje2\outputs\reports\2023_table_2_lasso_interaction_adaylari.txt,archive_full/reports/2023_table_2_lasso_interaction_adaylari.txt,validation_artifact,0.0037,report or validation artifact kept in full archive only,not_needed,no
C:\Users\Monster\OneDrive\Masaüstü\proje2\outputs\reports\2023_table_2_lasso_ozet_metrikleri.csv,archive_full/reports/2023_table_2_lasso_ozet_metrikleri.csv,validation_artifact,0.0007,report or validation artifact kept in full archive only,not_needed,no
C:\Users\Monster\OneDrive\Masaüstü\proje2\outputs\reports\2023_table_2_lasso_ozet_metrikleri.txt,archive_full/reports/2023_table_2_lasso_ozet_metrikleri.txt,validation_artifact,0.0005,report or validation artifact kept in full archive only,not_needed,no
C:\Users\Monster\OneDrive\Masaüstü\proje2\outputs\reports\2023_table_2_lasso_secilen_interactionlar.csv,archive_full/reports/2023_table_2_lasso_secilen_interactionlar.csv,validation_artifact,0.0017,report or validation artifact kept in full archive only,not_needed,no
C:\Users\Monster\OneDrive\Masaüstü\proje2\outputs\reports\2023_table_2_lasso_secilen_interactionlar.txt,archive_full/reports/2023_table_2_lasso_secilen_interactionlar.txt,validation_artifact,0.0007,report or validation artifact kept in full archive only,not_needed,no
C:\Users\Monster\OneDrive\Masaüstü\proje2\outputs\reports\2023_table_2_model_diyagnostik.csv,archive_full/reports/2023_table_2_model_diyagnostik.csv,validation_artifact,0.0009,report or validation artifact kept in full archive only,not_needed,no
C:\Users\Monster\OneDrive\Masaüstü\proje2\outputs\reports\2023_table_2_ols_ozeti.txt,archive_full/reports/2023_table_2_ols_ozeti.txt,validation_artifact,0.002,report or validation artifact kept in full archive only,not_needed,no
C:\Users\Monster\OneDrive\Masaüstü\proje2\outputs\reports\2023_table_2_ols_regresyon_tablosu.csv,archive_full/reports/2023_table_2_ols_regresyon_tablosu.csv,validation_artifact,0.0007,report or validation artifact kept in full archive only,not_needed,no
C:\Users\Monster\OneDrive\Masaüstü\proje2\outputs\reports\2023_table_2_standardizasyon_bazlari.csv,archive_full/reports/2023_table_2_standardizasyon_bazlari.csv,validation_artifact,0.0002,report or validation artifact kept in full archive only,not_needed,no
C:\Users\Monster\OneDrive\Masaüstü\proje2\outputs\reports\2023_table_2_vif_tablosu.csv,archive_full/reports/2023_table_2_vif_tablosu.csv,validation_artifact,0.0003,report or validation artifact kept in full archive only,not_needed,no
C:\Users\Monster\OneDrive\Masaüstü\proje2\outputs\reports\2023_table_2_vif_tablosu.txt,archive_full/reports/2023_table_2_vif_tablosu.txt,validation_artifact,0.0002,report or validation artifact kept in full archive only,not_needed,no
C:\Users\Monster\OneDrive\Masaüstü\proje2\outputs\reports\2023_table_3_lasso_final_cdd_marjinal_etki_aylik.csv,archive_full/reports/2023_table_3_lasso_final_cdd_marjinal_etki_aylik.csv,validation_artifact,0.0041,report or validation artifact kept in full archive only,not_needed,no
C:\Users\Monster\OneDrive\Masaüstü\proje2\outputs\reports\2023_table_3_lasso_final_cdd_marjinal_etki_aylik.txt,archive_full/reports/2023_table_3_lasso_final_cdd_marjinal_etki_aylik.txt,validation_artifact,0.0017,report or validation artifact kept in full archive only,not_needed,no
C:\Users\Monster\OneDrive\Masaüstü\proje2\outputs\reports\2023_table_3_lasso_final_cdd_marjinal_etki_bilesenleri_aylik.csv,archive_full/reports/2023_table_3_lasso_final_cdd_marjinal_etki_bilesenleri_aylik.csv,validation_artifact,0.0083,report or validation artifact kept in full archive only,not_needed,no
C:\Users\Monster\OneDrive\Masaüstü\proje2\outputs\reports\2023_table_3_lasso_final_cdd_marjinal_etki_bilesenleri_aylik.txt,archive_full/reports/2023_table_3_lasso_final_cdd_marjinal_etki_bilesenleri_aylik.txt,validation_artifact,0.0019,report or validation artifact kept in full archive only,not_needed,no
C:\Users\Monster\OneDrive\Masaüstü\proje2\outputs\reports\2023_table_3_lasso_final_elastic_net_diyagnostik.csv,archive_full/reports/2023_table_3_lasso_final_elastic_net_diyagnostik.csv,validation_artifact,0.0012,report or validation artifact kept in full archive only,not_needed,no
C:\Users\Monster\OneDrive\Masaüstü\proje2\outputs\reports\2023_table_3_lasso_final_elastic_net_diyagnostik.txt,archive_full/reports/2023_table_3_lasso_final_elastic_net_diyagnostik.txt,validation_artifact,0.0005,report or validation artifact kept in full archive only,not_needed,no
C:\Users\Monster\OneDrive\Masaüstü\proje2\outputs\reports\2023_table_3_lasso_final_elastic_net_katsayilari.csv,archive_full/reports/2023_table_3_lasso_final_elastic_net_katsayilari.csv,validation_artifact,0.0031,report or validation artifact kept in full archive only,not_needed,no
C:\Users\Monster\OneDrive\Masaüstü\proje2\outputs\reports\2023_table_3_lasso_final_elastic_net_katsayilari.txt,archive_full/reports/2023_table_3_lasso_final_elastic_net_katsayilari.txt,validation_artifact,0.0008,report or validation artifact kept in full archive only,not_needed,no
C:\Users\Monster\OneDrive\Masaüstü\proje2\outputs\reports\2023_table_3_lasso_final_hdd_marjinal_etki_aylik.csv,archive_full/reports/2023_table_3_lasso_final_hdd_marjinal_etki_aylik.csv,validation_artifact,0.004,report or validation artifact kept in full archive only,not_needed,no
C:\Users\Monster\OneDrive\Masaüstü\proje2\outputs\reports\2023_table_3_lasso_final_hdd_marjinal_etki_aylik.txt,archive_full/reports/2023_table_3_lasso_final_hdd_marjinal_etki_aylik.txt,validation_artifact,0.0017,report or validation artifact kept in full archive only,not_needed,no
C:\Users\Monster\OneDrive\Masaüstü\proje2\outputs\reports\2023_table_3_lasso_final_hdd_marjinal_etki_bilesenleri_aylik.csv,archive_full/reports/2023_table_3_lasso_final_hdd_marjinal_etki_bilesenleri_aylik.csv,validation_artifact,0.0055,report or validation artifact kept in full archive only,not_needed,no
C:\Users\Monster\OneDrive\Masaüstü\proje2\outputs\reports\2023_table_3_lasso_final_hdd_marjinal_etki_bilesenleri_aylik.txt,archive_full/reports/2023_table_3_lasso_final_hdd_marjinal_etki_bilesenleri_aylik.txt,validation_artifact,0.0014,report or validation artifact kept in full archive only,not_needed,no
C:\Users\Monster\OneDrive\Masaüstü\proje2\outputs\reports\2023_table_3_lasso_final_model_diyagnostik.csv,archive_full/reports/2023_table_3_lasso_final_model_diyagnostik.csv,validation_artifact,0.0011,report or validation artifact kept in full archive only,not_needed,no
C:\Users\Monster\OneDrive\Masaüstü\proje2\outputs\reports\2023_table_3_lasso_final_model_diyagnostik.txt,archive_full/reports/2023_table_3_lasso_final_model_diyagnostik.txt,validation_artifact,0.0006,report or validation artifact kept in full archive only,not_needed,no
C:\Users\Monster\OneDrive\Masaüstü\proje2\outputs\reports\2023_table_3_lasso_final_ols_ozeti.txt,archive_full/reports/2023_table_3_lasso_final_ols_ozeti.txt,validation_artifact,0.0031,report or validation artifact kept in full archive only,not_needed,no
C:\Users\Monster\OneDrive\Masaüstü\proje2\outputs\reports\2023_table_3_lasso_final_ols_regresyon_tablosu.csv,archive_full/reports/2023_table_3_lasso_final_ols_regresyon_tablosu.csv,validation_artifact,0.0049,report or validation artifact kept in full archive only,not_needed,no
C:\Users\Monster\OneDrive\Masaüstü\proje2\outputs\reports\2023_table_3_lasso_final_ols_regresyon_tablosu.txt,archive_full/reports/2023_table_3_lasso_final_ols_regresyon_tablosu.txt,validation_artifact,0.0012,report or validation artifact kept in full archive only,not_needed,no
C:\Users\Monster\OneDrive\Masaüstü\proje2\outputs\reports\2023_table_3_lasso_final_ridge_diyagnostik.csv,archive_full/reports/2023_table_3_lasso_final_ridge_diyagnostik.csv,validation_artifact,0.0012,report or validation artifact kept in full archive only,not_needed,no
C:\Users\Monster\OneDrive\Masaüstü\proje2\outputs\reports\2023_table_3_lasso_final_ridge_diyagnostik.txt,archive_full/reports/2023_table_3_lasso_final_ridge_diyagnostik.txt,validation_artifact,0.0005,report or validation artifact kept in full archive only,not_needed,no
C:\Users\Monster\OneDrive\Masaüstü\proje2\outputs\reports\2023_table_3_lasso_final_ridge_katsayilari.csv,archive_full/reports/2023_table_3_lasso_final_ridge_katsayilari.csv,validation_artifact,0.003,report or validation artifact kept in full archive only,not_needed,no
C:\Users\Monster\OneDrive\Masaüstü\proje2\outputs\reports\2023_table_3_lasso_final_ridge_katsayilari.txt,archive_full/reports/2023_table_3_lasso_final_ridge_katsayilari.txt,validation_artifact,0.0008,report or validation artifact kept in full archive only,not_needed,no
C:\Users\Monster\OneDrive\Masaüstü\proje2\outputs\reports\2023_table_3_lasso_final_standardizasyon_bazlari.csv,archive_full/reports/2023_table_3_lasso_final_standardizasyon_bazlari.csv,validation_artifact,0.0026,report or validation artifact kept in full archive only,not_needed,no
C:\Users\Monster\OneDrive\Masaüstü\proje2\outputs\reports\2023_table_3_lasso_final_tasarim_degisenleri.csv,archive_full/reports/2023_table_3_lasso_final_tasarim_degisenleri.csv,validation_artifact,0.0005,report or validation artifact kept in full archive only,not_needed,no
C:\Users\Monster\OneDrive\Masaüstü\proje2\outputs\reports\2023_table_3_lasso_final_vif_tablosu.csv,archive_full/reports/2023_table_3_lasso_final_vif_tablosu.csv,validation_artifact,0.0029,report or validation artifact kept in full archive only,not_needed,no
C:\Users\Monster\OneDrive\Masaüstü\proje2\outputs\reports\2023_table_3_lasso_final_vif_tablosu.txt,archive_full/reports/2023_table_3_lasso_final_vif_tablosu.txt,validation_artifact,0.0006,report or validation artifact kept in full archive only,not_needed,no
C:\Users\Monster\OneDrive\Masaüstü\proje2\outputs\reports\2023_table_3_lasso_interaction_adaylari.csv,archive_full/reports/2023_table_3_lasso_interaction_adaylari.csv,validation_artifact,0.006,report or validation artifact kept in full archive only,not_needed,no
C:\Users\Monster\OneDrive\Masaüstü\proje2\outputs\reports\2023_table_3_lasso_interaction_adaylari.txt,archive_full/reports/2023_table_3_lasso_interaction_adaylari.txt,validation_artifact,0.0037,report or validation artifact kept in full archive only,not_needed,no
C:\Users\Monster\OneDrive\Masaüstü\proje2\outputs\reports\2023_table_3_lasso_interactionli_model_diyagnostik.csv,archive_full/reports/2023_table_3_lasso_interactionli_model_diyagnostik.csv,validation_artifact,0.0013,report or validation artifact kept in full archive only,not_needed,no
C:\Users\Monster\OneDrive\Masaüstü\proje2\outputs\reports\2023_table_3_lasso_interactionli_ols_ozeti.txt,archive_full/reports/2023_table_3_lasso_interactionli_ols_ozeti.txt,validation_artifact,0.0025,report or validation artifact kept in full archive only,not_needed,no
C:\Users\Monster\OneDrive\Masaüstü\proje2\outputs\reports\2023_table_3_lasso_interactionli_ols_regresyon_tablosu.csv,archive_full/reports/2023_table_3_lasso_interactionli_ols_regresyon_tablosu.csv,validation_artifact,0.0019,report or validation artifact kept in full archive only,not_needed,no
C:\Users\Monster\OneDrive\Masaüstü\proje2\outputs\reports\2023_table_3_lasso_interactionli_standardizasyon_bazlari.csv,archive_full/reports/2023_table_3_lasso_interactionli_standardizasyon_bazlari.csv,validation_artifact,0.0008,report or validation artifact kept in full archive only,not_needed,no
C:\Users\Monster\OneDrive\Masaüstü\proje2\outputs\reports\2023_table_3_lasso_interactionli_vif_tablosu.csv,archive_full/reports/2023_table_3_lasso_interactionli_vif_tablosu.csv,validation_artifact,0.001,report or validation artifact kept in full archive only,not_needed,no
C:\Users\Monster\OneDrive\Masaüstü\proje2\outputs\reports\2023_table_3_lasso_interactionli_vif_tablosu.txt,archive_full/reports/2023_table_3_lasso_interactionli_vif_tablosu.txt,validation_artifact,0.0004,report or validation artifact kept in full archive only,not_needed,no
C:\Users\Monster\OneDrive\Masaüstü\proje2\outputs\reports\2023_table_3_lasso_ozet_metrikleri.csv,archive_full/reports/2023_table_3_lasso_ozet_metrikleri.csv,validation_artifact,0.0009,report or validation artifact kept in full archive only,not_needed,no
C:\Users\Monster\OneDrive\Masaüstü\proje2\outputs\reports\2023_table_3_lasso_ozet_metrikleri.txt,archive_full/reports/2023_table_3_lasso_ozet_metrikleri.txt,validation_artifact,0.0005,report or validation artifact kept in full archive only,not_needed,no
C:\Users\Monster\OneDrive\Masaüstü\proje2\outputs\reports\2023_table_3_lasso_secilen_interactionlar.csv,archive_full/reports/2023_table_3_lasso_secilen_interactionlar.csv,validation_artifact,0.0019,report or validation artifact kept in full archive only,not_needed,no
C:\Users\Monster\OneDrive\Masaüstü\proje2\outputs\reports\2023_table_3_lasso_secilen_interactionlar.txt,archive_full/reports/2023_table_3_lasso_secilen_interactionlar.txt,validation_artifact,0.0008,report or validation artifact kept in full archive only,not_needed,no
C:\Users\Monster\OneDrive\Masaüstü\proje2\outputs\reports\2023_table_3_model_diyagnostik.csv,archive_full/reports/2023_table_3_model_diyagnostik.csv,validation_artifact,0.001,report or validation artifact kept in full archive only,not_needed,no
C:\Users\Monster\OneDrive\Masaüstü\proje2\outputs\reports\2023_table_3_ols_ozeti.txt,archive_full/reports/2023_table_3_ols_ozeti.txt,validation_artifact,0.0021,report or validation artifact kept in full archive only,not_needed,no
C:\Users\Monster\OneDrive\Masaüstü\proje2\outputs\reports\2023_table_3_ols_regresyon_tablosu.csv,archive_full/reports/2023_table_3_ols_regresyon_tablosu.csv,validation_artifact,0.001,report or validation artifact kept in full archive only,not_needed,no
C:\Users\Monster\OneDrive\Masaüstü\proje2\outputs\reports\2023_table_3_standardizasyon_bazlari.csv,archive_full/reports/2023_table_3_standardizasyon_bazlari.csv,validation_artifact,0.0003,report or validation artifact kept in full archive only,not_needed,no
C:\Users\Monster\OneDrive\Masaüstü\proje2\outputs\reports\2023_table_3_vif_tablosu.csv,archive_full/reports/2023_table_3_vif_tablosu.csv,validation_artifact,0.0004,report or validation artifact kept in full archive only,not_needed,no
C:\Users\Monster\OneDrive\Masaüstü\proje2\outputs\reports\2023_table_3_vif_tablosu.txt,archive_full/reports/2023_table_3_vif_tablosu.txt,validation_artifact,0.0003,report or validation artifact kept in full archive only,not_needed,no
C:\Users\Monster\OneDrive\Masaüstü\proje2\outputs\reports\2023_table_4_lasso_final_cdd_marjinal_etki_aylik.csv,archive_full/reports/2023_table_4_lasso_final_cdd_marjinal_etki_aylik.csv,validation_artifact,0.0043,report or validation artifact kept in full archive only,not_needed,no
C:\Users\Monster\OneDrive\Masaüstü\proje2\outputs\reports\2023_table_4_lasso_final_cdd_marjinal_etki_aylik.txt,archive_full/reports/2023_table_4_lasso_final_cdd_marjinal_etki_aylik.txt,validation_artifact,0.0018,report or validation artifact kept in full archive only,not_needed,no
C:\Users\Monster\OneDrive\Masaüstü\proje2\outputs\reports\2023_table_4_lasso_final_cdd_marjinal_etki_bilesenleri_aylik.csv,archive_full/reports/2023_table_4_lasso_final_cdd_marjinal_etki_bilesenleri_aylik.csv,validation_artifact,0.0145,report or validation artifact kept in full archive only,not_needed,no
C:\Users\Monster\OneDrive\Masaüstü\proje2\outputs\reports\2023_table_4_lasso_final_cdd_marjinal_etki_bilesenleri_aylik.txt,archive_full/reports/2023_table_4_lasso_final_cdd_marjinal_etki_bilesenleri_aylik.txt,validation_artifact,0.0028,report or validation artifact kept in full archive only,not_needed,no
C:\Users\Monster\OneDrive\Masaüstü\proje2\outputs\reports\2023_table_4_lasso_final_elastic_net_diyagnostik.csv,archive_full/reports/2023_table_4_lasso_final_elastic_net_diyagnostik.csv,validation_artifact,0.0013,report or validation artifact kept in full archive only,not_needed,no
C:\Users\Monster\OneDrive\Masaüstü\proje2\outputs\reports\2023_table_4_lasso_final_elastic_net_diyagnostik.txt,archive_full/reports/2023_table_4_lasso_final_elastic_net_diyagnostik.txt,validation_artifact,0.0005,report or validation artifact kept in full archive only,not_needed,no
C:\Users\Monster\OneDrive\Masaüstü\proje2\outputs\reports\2023_table_4_lasso_final_elastic_net_katsayilari.csv,archive_full/reports/2023_table_4_lasso_final_elastic_net_katsayilari.csv,validation_artifact,0.0055,report or validation artifact kept in full archive only,not_needed,no
C:\Users\Monster\OneDrive\Masaüstü\proje2\outputs\reports\2023_table_4_lasso_final_elastic_net_katsayilari.txt,archive_full/reports/2023_table_4_lasso_final_elastic_net_katsayilari.txt,validation_artifact,0.0015,report or validation artifact kept in full archive only,not_needed,no
C:\Users\Monster\OneDrive\Masaüstü\proje2\outputs\reports\2023_table_4_lasso_final_hdd_marjinal_etki_aylik.csv,archive_full/reports/2023_table_4_lasso_final_hdd_marjinal_etki_aylik.csv,validation_artifact,0.0044,report or validation artifact kept in full archive only,not_needed,no
C:\Users\Monster\OneDrive\Masaüstü\proje2\outputs\reports\2023_table_4_lasso_final_hdd_marjinal_etki_aylik.txt,archive_full/reports/2023_table_4_lasso_final_hdd_marjinal_etki_aylik.txt,validation_artifact,0.0017,report or validation artifact kept in full archive only,not_needed,no
C:\Users\Monster\OneDrive\Masaüstü\proje2\outputs\reports\2023_table_4_lasso_final_hdd_marjinal_etki_bilesenleri_aylik.csv,archive_full/reports/2023_table_4_lasso_final_hdd_marjinal_etki_bilesenleri_aylik.csv,validation_artifact,0.0146,report or validation artifact kept in full archive only,not_needed,no
C:\Users\Monster\OneDrive\Masaüstü\proje2\outputs\reports\2023_table_4_lasso_final_hdd_marjinal_etki_bilesenleri_aylik.txt,archive_full/reports/2023_table_4_lasso_final_hdd_marjinal_etki_bilesenleri_aylik.txt,validation_artifact,0.0028,report or validation artifact kept in full archive only,not_needed,no
C:\Users\Monster\OneDrive\Masaüstü\proje2\outputs\reports\2023_table_4_lasso_final_model_diyagnostik.csv,archive_full/reports/2023_table_4_lasso_final_model_diyagnostik.csv,validation_artifact,0.0013,report or validation artifact kept in full archive only,not_needed,no
C:\Users\Monster\OneDrive\Masaüstü\proje2\outputs\reports\2023_table_4_lasso_final_model_diyagnostik.txt,archive_full/reports/2023_table_4_lasso_final_model_diyagnostik.txt,validation_artifact,0.0007,report or validation artifact kept in full archive only,not_needed,no
C:\Users\Monster\OneDrive\Masaüstü\proje2\outputs\reports\2023_table_4_lasso_final_ols_ozeti.txt,archive_full/reports/2023_table_4_lasso_final_ols_ozeti.txt,validation_artifact,0.0042,report or validation artifact kept in full archive only,not_needed,no
C:\Users\Monster\OneDrive\Masaüstü\proje2\outputs\reports\2023_table_4_lasso_final_ols_regresyon_tablosu.csv,archive_full/reports/2023_table_4_lasso_final_ols_regresyon_tablosu.csv,validation_artifact,0.0082,report or validation artifact kept in full archive only,not_needed,no
C:\Users\Monster\OneDrive\Masaüstü\proje2\outputs\reports\2023_table_4_lasso_final_ols_regresyon_tablosu.txt,archive_full/reports/2023_table_4_lasso_final_ols_regresyon_tablosu.txt,validation_artifact,0.0022,report or validation artifact kept in full archive only,not_needed,no
C:\Users\Monster\OneDrive\Masaüstü\proje2\outputs\reports\2023_table_4_lasso_final_ridge_diyagnostik.csv,archive_full/reports/2023_table_4_lasso_final_ridge_diyagnostik.csv,validation_artifact,0.0013,report or validation artifact kept in full archive only,not_needed,no
C:\Users\Monster\OneDrive\Masaüstü\proje2\outputs\reports\2023_table_4_lasso_final_ridge_diyagnostik.txt,archive_full/reports/2023_table_4_lasso_final_ridge_diyagnostik.txt,validation_artifact,0.0005,report or validation artifact kept in full archive only,not_needed,no
C:\Users\Monster\OneDrive\Masaüstü\proje2\outputs\reports\2023_table_4_lasso_final_ridge_katsayilari.csv,archive_full/reports/2023_table_4_lasso_final_ridge_katsayilari.csv,validation_artifact,0.0053,report or validation artifact kept in full archive only,not_needed,no
C:\Users\Monster\OneDrive\Masaüstü\proje2\outputs\reports\2023_table_4_lasso_final_ridge_katsayilari.txt,archive_full/reports/2023_table_4_lasso_final_ridge_katsayilari.txt,validation_artifact,0.0015,report or validation artifact kept in full archive only,not_needed,no
C:\Users\Monster\OneDrive\Masaüstü\proje2\outputs\reports\2023_table_4_lasso_final_standardizasyon_bazlari.csv,archive_full/reports/2023_table_4_lasso_final_standardizasyon_bazlari.csv,validation_artifact,0.0059,report or validation artifact kept in full archive only,not_needed,no
C:\Users\Monster\OneDrive\Masaüstü\proje2\outputs\reports\2023_table_4_lasso_final_tasarim_degisenleri.csv,archive_full/reports/2023_table_4_lasso_final_tasarim_degisenleri.csv,validation_artifact,0.0005,report or validation artifact kept in full archive only,not_needed,no
C:\Users\Monster\OneDrive\Masaüstü\proje2\outputs\reports\2023_table_4_lasso_final_vif_tablosu.csv,archive_full/reports/2023_table_4_lasso_final_vif_tablosu.csv,validation_artifact,0.0051,report or validation artifact kept in full archive only,not_needed,no
C:\Users\Monster\OneDrive\Masaüstü\proje2\outputs\reports\2023_table_4_lasso_final_vif_tablosu.txt,archive_full/reports/2023_table_4_lasso_final_vif_tablosu.txt,validation_artifact,0.0009,report or validation artifact kept in full archive only,not_needed,no
C:\Users\Monster\OneDrive\Masaüstü\proje2\outputs\reports\2023_table_4_lasso_interaction_adaylari.csv,archive_full/reports/2023_table_4_lasso_interaction_adaylari.csv,validation_artifact,0.0067,report or validation artifact kept in full archive only,not_needed,no
C:\Users\Monster\OneDrive\Masaüstü\proje2\outputs\reports\2023_table_4_lasso_interaction_adaylari.txt,archive_full/reports/2023_table_4_lasso_interaction_adaylari.txt,validation_artifact,0.0025,report or validation artifact kept in full archive only,not_needed,no
C:\Users\Monster\OneDrive\Masaüstü\proje2\outputs\reports\2023_table_4_lasso_interactionli_model_diyagnostik.csv,archive_full/reports/2023_table_4_lasso_interactionli_model_diyagnostik.csv,validation_artifact,0.0014,report or validation artifact kept in full archive only,not_needed,no
C:\Users\Monster\OneDrive\Masaüstü\proje2\outputs\reports\2023_table_4_lasso_interactionli_ols_ozeti.txt,archive_full/reports/2023_table_4_lasso_interactionli_ols_ozeti.txt,validation_artifact,0.0039,report or validation artifact kept in full archive only,not_needed,no
C:\Users\Monster\OneDrive\Masaüstü\proje2\outputs\reports\2023_table_4_lasso_interactionli_ols_regresyon_tablosu.csv,archive_full/reports/2023_table_4_lasso_interactionli_ols_regresyon_tablosu.csv,validation_artifact,0.0061,report or validation artifact kept in full archive only,not_needed,no
C:\Users\Monster\OneDrive\Masaüstü\proje2\outputs\reports\2023_table_4_lasso_interactionli_standardizasyon_bazlari.csv,archive_full/reports/2023_table_4_lasso_interactionli_standardizasyon_bazlari.csv,validation_artifact,0.0018,report or validation artifact kept in full archive only,not_needed,no
C:\Users\Monster\OneDrive\Masaüstü\proje2\outputs\reports\2023_table_4_lasso_interactionli_vif_tablosu.csv,archive_full/reports/2023_table_4_lasso_interactionli_vif_tablosu.csv,validation_artifact,0.0036,report or validation artifact kept in full archive only,not_needed,no
C:\Users\Monster\OneDrive\Masaüstü\proje2\outputs\reports\2023_table_4_lasso_interactionli_vif_tablosu.txt,archive_full/reports/2023_table_4_lasso_interactionli_vif_tablosu.txt,validation_artifact,0.0009,report or validation artifact kept in full archive only,not_needed,no
C:\Users\Monster\OneDrive\Masaüstü\proje2\outputs\reports\2023_table_4_lasso_ozet_metrikleri.csv,archive_full/reports/2023_table_4_lasso_ozet_metrikleri.csv,validation_artifact,0.001,report or validation artifact kept in full archive only,not_needed,no
C:\Users\Monster\OneDrive\Masaüstü\proje2\outputs\reports\2023_table_4_lasso_ozet_metrikleri.txt,archive_full/reports/2023_table_4_lasso_ozet_metrikleri.txt,validation_artifact,0.0005,report or validation artifact kept in full archive only,not_needed,no
C:\Users\Monster\OneDrive\Masaüstü\proje2\outputs\reports\2023_table_4_lasso_secilen_interactionlar.csv,archive_full/reports/2023_table_4_lasso_secilen_interactionlar.csv,validation_artifact,0.002,report or validation artifact kept in full archive only,not_needed,no
C:\Users\Monster\OneDrive\Masaüstü\proje2\outputs\reports\2023_table_4_lasso_secilen_interactionlar.txt,archive_full/reports/2023_table_4_lasso_secilen_interactionlar.txt,validation_artifact,0.0013,report or validation artifact kept in full archive only,not_needed,no
C:\Users\Monster\OneDrive\Masaüstü\proje2\outputs\reports\2023_table_4_model_diyagnostik.csv,archive_full/reports/2023_table_4_model_diyagnostik.csv,validation_artifact,0.0012,report or validation artifact kept in full archive only,not_needed,no
C:\Users\Monster\OneDrive\Masaüstü\proje2\outputs\reports\2023_table_4_ols_ozeti.txt,archive_full/reports/2023_table_4_ols_ozeti.txt,validation_artifact,0.003,report or validation artifact kept in full archive only,not_needed,no
C:\Users\Monster\OneDrive\Masaüstü\proje2\outputs\reports\2023_table_4_ols_regresyon_tablosu.csv,archive_full/reports/2023_table_4_ols_regresyon_tablosu.csv,validation_artifact,0.0034,report or validation artifact kept in full archive only,not_needed,no
C:\Users\Monster\OneDrive\Masaüstü\proje2\outputs\reports\2023_table_4_standardizasyon_bazlari.csv,archive_full/reports/2023_table_4_standardizasyon_bazlari.csv,validation_artifact,0.0003,report or validation artifact kept in full archive only,not_needed,no
C:\Users\Monster\OneDrive\Masaüstü\proje2\outputs\reports\2023_table_4_vif_tablosu.csv,archive_full/reports/2023_table_4_vif_tablosu.csv,validation_artifact,0.0018,report or validation artifact kept in full archive only,not_needed,no
C:\Users\Monster\OneDrive\Masaüstü\proje2\outputs\reports\2023_table_4_vif_tablosu.txt,archive_full/reports/2023_table_4_vif_tablosu.txt,validation_artifact,0.0006,report or validation artifact kept in full archive only,not_needed,no
C:\Users\Monster\OneDrive\Masaüstü\proje2\outputs\reports\2023_table_5_lasso_final_cdd_marjinal_etki_aylik.csv,archive_full/reports/2023_table_5_lasso_final_cdd_marjinal_etki_aylik.csv,validation_artifact,0.0042,report or validation artifact kept in full archive only,not_needed,no
C:\Users\Monster\OneDrive\Masaüstü\proje2\outputs\reports\2023_table_5_lasso_final_cdd_marjinal_etki_aylik.txt,archive_full/reports/2023_table_5_lasso_final_cdd_marjinal_etki_aylik.txt,validation_artifact,0.0017,report or validation artifact kept in full archive only,not_needed,no
C:\Users\Monster\OneDrive\Masaüstü\proje2\outputs\reports\2023_table_5_lasso_final_cdd_marjinal_etki_bilesenleri_aylik.csv,archive_full/reports/2023_table_5_lasso_final_cdd_marjinal_etki_bilesenleri_aylik.csv,validation_artifact,0.0086,report or validation artifact kept in full archive only,not_needed,no
C:\Users\Monster\OneDrive\Masaüstü\proje2\outputs\reports\2023_table_5_lasso_final_cdd_marjinal_etki_bilesenleri_aylik.txt,archive_full/reports/2023_table_5_lasso_final_cdd_marjinal_etki_bilesenleri_aylik.txt,validation_artifact,0.0019,report or validation artifact kept in full archive only,not_needed,no
C:\Users\Monster\OneDrive\Masaüstü\proje2\outputs\reports\2023_table_5_lasso_final_elastic_net_diyagnostik.csv,archive_full/reports/2023_table_5_lasso_final_elastic_net_diyagnostik.csv,validation_artifact,0.0013,report or validation artifact kept in full archive only,not_needed,no
C:\Users\Monster\OneDrive\Masaüstü\proje2\outputs\reports\2023_table_5_lasso_final_elastic_net_diyagnostik.txt,archive_full/reports/2023_table_5_lasso_final_elastic_net_diyagnostik.txt,validation_artifact,0.0005,report or validation artifact kept in full archive only,not_needed,no
C:\Users\Monster\OneDrive\Masaüstü\proje2\outputs\reports\2023_table_5_lasso_final_elastic_net_katsayilari.csv,archive_full/reports/2023_table_5_lasso_final_elastic_net_katsayilari.csv,validation_artifact,0.0035,report or validation artifact kept in full archive only,not_needed,no
C:\Users\Monster\OneDrive\Masaüstü\proje2\outputs\reports\2023_table_5_lasso_final_elastic_net_katsayilari.txt,archive_full/reports/2023_table_5_lasso_final_elastic_net_katsayilari.txt,validation_artifact,0.0008,report or validation artifact kept in full archive only,not_needed,no
C:\Users\Monster\OneDrive\Masaüstü\proje2\outputs\reports\2023_table_5_lasso_final_hdd_marjinal_etki_aylik.csv,archive_full/reports/2023_table_5_lasso_final_hdd_marjinal_etki_aylik.csv,validation_artifact,0.0043,report or validation artifact kept in full archive only,not_needed,no
C:\Users\Monster\OneDrive\Masaüstü\proje2\outputs\reports\2023_table_5_lasso_final_hdd_marjinal_etki_aylik.txt,archive_full/reports/2023_table_5_lasso_final_hdd_marjinal_etki_aylik.txt,validation_artifact,0.0017,report or validation artifact kept in full archive only,not_needed,no
C:\Users\Monster\OneDrive\Masaüstü\proje2\outputs\reports\2023_table_5_lasso_final_hdd_marjinal_etki_bilesenleri_aylik.csv,archive_full/reports/2023_table_5_lasso_final_hdd_marjinal_etki_bilesenleri_aylik.csv,validation_artifact,0.0058,report or validation artifact kept in full archive only,not_needed,no
C:\Users\Monster\OneDrive\Masaüstü\proje2\outputs\reports\2023_table_5_lasso_final_hdd_marjinal_etki_bilesenleri_aylik.txt,archive_full/reports/2023_table_5_lasso_final_hdd_marjinal_etki_bilesenleri_aylik.txt,validation_artifact,0.0014,report or validation artifact kept in full archive only,not_needed,no
C:\Users\Monster\OneDrive\Masaüstü\proje2\outputs\reports\2023_table_5_lasso_final_model_diyagnostik.csv,archive_full/reports/2023_table_5_lasso_final_model_diyagnostik.csv,validation_artifact,0.0012,report or validation artifact kept in full archive only,not_needed,no
C:\Users\Monster\OneDrive\Masaüstü\proje2\outputs\reports\2023_table_5_lasso_final_model_diyagnostik.txt,archive_full/reports/2023_table_5_lasso_final_model_diyagnostik.txt,validation_artifact,0.0006,report or validation artifact kept in full archive only,not_needed,no
C:\Users\Monster\OneDrive\Masaüstü\proje2\outputs\reports\2023_table_5_lasso_final_ols_ozeti.txt,archive_full/reports/2023_table_5_lasso_final_ols_ozeti.txt,validation_artifact,0.0031,report or validation artifact kept in full archive only,not_needed,no
C:\Users\Monster\OneDrive\Masaüstü\proje2\outputs\reports\2023_table_5_lasso_final_ols_regresyon_tablosu.csv,archive_full/reports/2023_table_5_lasso_final_ols_regresyon_tablosu.csv,validation_artifact,0.0053,report or validation artifact kept in full archive only,not_needed,no
C:\Users\Monster\OneDrive\Masaüstü\proje2\outputs\reports\2023_table_5_lasso_final_ols_regresyon_tablosu.txt,archive_full/reports/2023_table_5_lasso_final_ols_regresyon_tablosu.txt,validation_artifact,0.0012,report or validation artifact kept in full archive only,not_needed,no
C:\Users\Monster\OneDrive\Masaüstü\proje2\outputs\reports\2023_table_5_lasso_final_ridge_diyagnostik.csv,archive_full/reports/2023_table_5_lasso_final_ridge_diyagnostik.csv,validation_artifact,0.0012,report or validation artifact kept in full archive only,not_needed,no
C:\Users\Monster\OneDrive\Masaüstü\proje2\outputs\reports\2023_table_5_lasso_final_ridge_diyagnostik.txt,archive_full/reports/2023_table_5_lasso_final_ridge_diyagnostik.txt,validation_artifact,0.0005,report or validation artifact kept in full archive only,not_needed,no
C:\Users\Monster\OneDrive\Masaüstü\proje2\outputs\reports\2023_table_5_lasso_final_ridge_katsayilari.csv,archive_full/reports/2023_table_5_lasso_final_ridge_katsayilari.csv,validation_artifact,0.0034,report or validation artifact kept in full archive only,not_needed,no
C:\Users\Monster\OneDrive\Masaüstü\proje2\outputs\reports\2023_table_5_lasso_final_ridge_katsayilari.txt,archive_full/reports/2023_table_5_lasso_final_ridge_katsayilari.txt,validation_artifact,0.0008,report or validation artifact kept in full archive only,not_needed,no
C:\Users\Monster\OneDrive\Masaüstü\proje2\outputs\reports\2023_table_5_lasso_final_standardizasyon_bazlari.csv,archive_full/reports/2023_table_5_lasso_final_standardizasyon_bazlari.csv,validation_artifact,0.0028,report or validation artifact kept in full archive only,not_needed,no
C:\Users\Monster\OneDrive\Masaüstü\proje2\outputs\reports\2023_table_5_lasso_final_tasarim_degisenleri.csv,archive_full/reports/2023_table_5_lasso_final_tasarim_degisenleri.csv,validation_artifact,0.0005,report or validation artifact kept in full archive only,not_needed,no
C:\Users\Monster\OneDrive\Masaüstü\proje2\outputs\reports\2023_table_5_lasso_final_vif_tablosu.csv,archive_full/reports/2023_table_5_lasso_final_vif_tablosu.csv,validation_artifact,0.0032,report or validation artifact kept in full archive only,not_needed,no
C:\Users\Monster\OneDrive\Masaüstü\proje2\outputs\reports\2023_table_5_lasso_final_vif_tablosu.txt,archive_full/reports/2023_table_5_lasso_final_vif_tablosu.txt,validation_artifact,0.0006,report or validation artifact kept in full archive only,not_needed,no
C:\Users\Monster\OneDrive\Masaüstü\proje2\outputs\reports\2023_table_5_lasso_interaction_adaylari.csv,archive_full/reports/2023_table_5_lasso_interaction_adaylari.csv,validation_artifact,0.0065,report or validation artifact kept in full archive only,not_needed,no
C:\Users\Monster\OneDrive\Masaüstü\proje2\outputs\reports\2023_table_5_lasso_interaction_adaylari.txt,archive_full/reports/2023_table_5_lasso_interaction_adaylari.txt,validation_artifact,0.0037,report or validation artifact kept in full archive only,not_needed,no
C:\Users\Monster\OneDrive\Masaüstü\proje2\outputs\reports\2023_table_5_lasso_interactionli_model_diyagnostik.csv,archive_full/reports/2023_table_5_lasso_interactionli_model_diyagnostik.csv,validation_artifact,0.0014,report or validation artifact kept in full archive only,not_needed,no
C:\Users\Monster\OneDrive\Masaüstü\proje2\outputs\reports\2023_table_5_lasso_interactionli_ols_ozeti.txt,archive_full/reports/2023_table_5_lasso_interactionli_ols_ozeti.txt,validation_artifact,0.0027,report or validation artifact kept in full archive only,not_needed,no
C:\Users\Monster\OneDrive\Masaüstü\proje2\outputs\reports\2023_table_5_lasso_interactionli_ols_regresyon_tablosu.csv,archive_full/reports/2023_table_5_lasso_interactionli_ols_regresyon_tablosu.csv,validation_artifact,0.0027,report or validation artifact kept in full archive only,not_needed,no
C:\Users\Monster\OneDrive\Masaüstü\proje2\outputs\reports\2023_table_5_lasso_interactionli_standardizasyon_bazlari.csv,archive_full/reports/2023_table_5_lasso_interactionli_standardizasyon_bazlari.csv,validation_artifact,0.0014,report or validation artifact kept in full archive only,not_needed,no
C:\Users\Monster\OneDrive\Masaüstü\proje2\outputs\reports\2023_table_5_lasso_interactionli_vif_tablosu.csv,archive_full/reports/2023_table_5_lasso_interactionli_vif_tablosu.csv,validation_artifact,0.0015,report or validation artifact kept in full archive only,not_needed,no
C:\Users\Monster\OneDrive\Masaüstü\proje2\outputs\reports\2023_table_5_lasso_interactionli_vif_tablosu.txt,archive_full/reports/2023_table_5_lasso_interactionli_vif_tablosu.txt,validation_artifact,0.0005,report or validation artifact kept in full archive only,not_needed,no
C:\Users\Monster\OneDrive\Masaüstü\proje2\outputs\reports\2023_table_5_lasso_ozet_metrikleri.csv,archive_full/reports/2023_table_5_lasso_ozet_metrikleri.csv,validation_artifact,0.001,report or validation artifact kept in full archive only,not_needed,no
C:\Users\Monster\OneDrive\Masaüstü\proje2\outputs\reports\2023_table_5_lasso_ozet_metrikleri.txt,archive_full/reports/2023_table_5_lasso_ozet_metrikleri.txt,validation_artifact,0.0005,report or validation artifact kept in full archive only,not_needed,no
C:\Users\Monster\OneDrive\Masaüstü\proje2\outputs\reports\2023_table_5_lasso_secilen_interactionlar.csv,archive_full/reports/2023_table_5_lasso_secilen_interactionlar.csv,validation_artifact,0.002,report or validation artifact kept in full archive only,not_needed,no
C:\Users\Monster\OneDrive\Masaüstü\proje2\outputs\reports\2023_table_5_lasso_secilen_interactionlar.txt,archive_full/reports/2023_table_5_lasso_secilen_interactionlar.txt,validation_artifact,0.0008,report or validation artifact kept in full archive only,not_needed,no
C:\Users\Monster\OneDrive\Masaüstü\proje2\outputs\reports\2023_table_5_model_diyagnostik.csv,archive_full/reports/2023_table_5_model_diyagnostik.csv,validation_artifact,0.0011,report or validation artifact kept in full archive only,not_needed,no
C:\Users\Monster\OneDrive\Masaüstü\proje2\outputs\reports\2023_table_5_ols_ozeti.txt,archive_full/reports/2023_table_5_ols_ozeti.txt,validation_artifact,0.0023,report or validation artifact kept in full archive only,not_needed,no
C:\Users\Monster\OneDrive\Masaüstü\proje2\outputs\reports\2023_table_5_ols_regresyon_tablosu.csv,archive_full/reports/2023_table_5_ols_regresyon_tablosu.csv,validation_artifact,0.0014,report or validation artifact kept in full archive only,not_needed,no
C:\Users\Monster\OneDrive\Masaüstü\proje2\outputs\reports\2023_table_5_standardizasyon_bazlari.csv,archive_full/reports/2023_table_5_standardizasyon_bazlari.csv,validation_artifact,0.0005,report or validation artifact kept in full archive only,not_needed,no
C:\Users\Monster\OneDrive\Masaüstü\proje2\outputs\reports\2023_table_5_vif_tablosu.csv,archive_full/reports/2023_table_5_vif_tablosu.csv,validation_artifact,0.0007,report or validation artifact kept in full archive only,not_needed,no
C:\Users\Monster\OneDrive\Masaüstü\proje2\outputs\reports\2023_table_5_vif_tablosu.txt,archive_full/reports/2023_table_5_vif_tablosu.txt,validation_artifact,0.0004,report or validation artifact kept in full archive only,not_needed,no
C:\Users\Monster\OneDrive\Masaüstü\proje2\outputs\reports\2023_table_6_lasso_final_cdd_marjinal_etki_aylik.csv,archive_full/reports/2023_table_6_lasso_final_cdd_marjinal_etki_aylik.csv,validation_artifact,0.0043,report or validation artifact kept in full archive only,not_needed,no
C:\Users\Monster\OneDrive\Masaüstü\proje2\outputs\reports\2023_table_6_lasso_final_cdd_marjinal_etki_aylik.txt,archive_full/reports/2023_table_6_lasso_final_cdd_marjinal_etki_aylik.txt,validation_artifact,0.0018,report or validation artifact kept in full archive only,not_needed,no
C:\Users\Monster\OneDrive\Masaüstü\proje2\outputs\reports\2023_table_6_lasso_final_cdd_marjinal_etki_bilesenleri_aylik.csv,archive_full/reports/2023_table_6_lasso_final_cdd_marjinal_etki_bilesenleri_aylik.csv,validation_artifact,0.0089,report or validation artifact kept in full archive only,not_needed,no
C:\Users\Monster\OneDrive\Masaüstü\proje2\outputs\reports\2023_table_6_lasso_final_cdd_marjinal_etki_bilesenleri_aylik.txt,archive_full/reports/2023_table_6_lasso_final_cdd_marjinal_etki_bilesenleri_aylik.txt,validation_artifact,0.0019,report or validation artifact kept in full archive only,not_needed,no
C:\Users\Monster\OneDrive\Masaüstü\proje2\outputs\reports\2023_table_6_lasso_final_elastic_net_diyagnostik.csv,archive_full/reports/2023_table_6_lasso_final_elastic_net_diyagnostik.csv,validation_artifact,0.0013,report or validation artifact kept in full archive only,not_needed,no
C:\Users\Monster\OneDrive\Masaüstü\proje2\outputs\reports\2023_table_6_lasso_final_elastic_net_diyagnostik.txt,archive_full/reports/2023_table_6_lasso_final_elastic_net_diyagnostik.txt,validation_artifact,0.0005,report or validation artifact kept in full archive only,not_needed,no
C:\Users\Monster\OneDrive\Masaüstü\proje2\outputs\reports\2023_table_6_lasso_final_elastic_net_katsayilari.csv,archive_full/reports/2023_table_6_lasso_final_elastic_net_katsayilari.csv,validation_artifact,0.0036,report or validation artifact kept in full archive only,not_needed,no
C:\Users\Monster\OneDrive\Masaüstü\proje2\outputs\reports\2023_table_6_lasso_final_elastic_net_katsayilari.txt,archive_full/reports/2023_table_6_lasso_final_elastic_net_katsayilari.txt,validation_artifact,0.0009,report or validation artifact kept in full archive only,not_needed,no
C:\Users\Monster\OneDrive\Masaüstü\proje2\outputs\reports\2023_table_6_lasso_final_hdd_marjinal_etki_aylik.csv,archive_full/reports/2023_table_6_lasso_final_hdd_marjinal_etki_aylik.csv,validation_artifact,0.0044,report or validation artifact kept in full archive only,not_needed,no
C:\Users\Monster\OneDrive\Masaüstü\proje2\outputs\reports\2023_table_6_lasso_final_hdd_marjinal_etki_aylik.txt,archive_full/reports/2023_table_6_lasso_final_hdd_marjinal_etki_aylik.txt,validation_artifact,0.0017,report or validation artifact kept in full archive only,not_needed,no
C:\Users\Monster\OneDrive\Masaüstü\proje2\outputs\reports\2023_table_6_lasso_final_hdd_marjinal_etki_bilesenleri_aylik.csv,archive_full/reports/2023_table_6_lasso_final_hdd_marjinal_etki_bilesenleri_aylik.csv,validation_artifact,0.0059,report or validation artifact kept in full archive only,not_needed,no
C:\Users\Monster\OneDrive\Masaüstü\proje2\outputs\reports\2023_table_6_lasso_final_hdd_marjinal_etki_bilesenleri_aylik.txt,archive_full/reports/2023_table_6_lasso_final_hdd_marjinal_etki_bilesenleri_aylik.txt,validation_artifact,0.0014,report or validation artifact kept in full archive only,not_needed,no
C:\Users\Monster\OneDrive\Masaüstü\proje2\outputs\reports\2023_table_6_lasso_final_model_diyagnostik.csv,archive_full/reports/2023_table_6_lasso_final_model_diyagnostik.csv,validation_artifact,0.0013,report or validation artifact kept in full archive only,not_needed,no
C:\Users\Monster\OneDrive\Masaüstü\proje2\outputs\reports\2023_table_6_lasso_final_model_diyagnostik.txt,archive_full/reports/2023_table_6_lasso_final_model_diyagnostik.txt,validation_artifact,0.0007,report or validation artifact kept in full archive only,not_needed,no
C:\Users\Monster\OneDrive\Masaüstü\proje2\outputs\reports\2023_table_6_lasso_final_ols_ozeti.txt,archive_full/reports/2023_table_6_lasso_final_ols_ozeti.txt,validation_artifact,0.0031,report or validation artifact kept in full archive only,not_needed,no
C:\Users\Monster\OneDrive\Masaüstü\proje2\outputs\reports\2023_table_6_lasso_final_ols_regresyon_tablosu.csv,archive_full/reports/2023_table_6_lasso_final_ols_regresyon_tablosu.csv,validation_artifact,0.0055,report or validation artifact kept in full archive only,not_needed,no
C:\Users\Monster\OneDrive\Masaüstü\proje2\outputs\reports\2023_table_6_lasso_final_ols_regresyon_tablosu.txt,archive_full/reports/2023_table_6_lasso_final_ols_regresyon_tablosu.txt,validation_artifact,0.0012,report or validation artifact kept in full archive only,not_needed,no
C:\Users\Monster\OneDrive\Masaüstü\proje2\outputs\reports\2023_table_6_lasso_final_ridge_diyagnostik.csv,archive_full/reports/2023_table_6_lasso_final_ridge_diyagnostik.csv,validation_artifact,0.0013,report or validation artifact kept in full archive only,not_needed,no
C:\Users\Monster\OneDrive\Masaüstü\proje2\outputs\reports\2023_table_6_lasso_final_ridge_diyagnostik.txt,archive_full/reports/2023_table_6_lasso_final_ridge_diyagnostik.txt,validation_artifact,0.0005,report or validation artifact kept in full archive only,not_needed,no
C:\Users\Monster\OneDrive\Masaüstü\proje2\outputs\reports\2023_table_6_lasso_final_ridge_katsayilari.csv,archive_full/reports/2023_table_6_lasso_final_ridge_katsayilari.csv,validation_artifact,0.0035,report or validation artifact kept in full archive only,not_needed,no
C:\Users\Monster\OneDrive\Masaüstü\proje2\outputs\reports\2023_table_6_lasso_final_ridge_katsayilari.txt,archive_full/reports/2023_table_6_lasso_final_ridge_katsayilari.txt,validation_artifact,0.0008,report or validation artifact kept in full archive only,not_needed,no
C:\Users\Monster\OneDrive\Masaüstü\proje2\outputs\reports\2023_table_6_lasso_final_standardizasyon_bazlari.csv,archive_full/reports/2023_table_6_lasso_final_standardizasyon_bazlari.csv,validation_artifact,0.0028,report or validation artifact kept in full archive only,not_needed,no
C:\Users\Monster\OneDrive\Masaüstü\proje2\outputs\reports\2023_table_6_lasso_final_tasarim_degisenleri.csv,archive_full/reports/2023_table_6_lasso_final_tasarim_degisenleri.csv,validation_artifact,0.0005,report or validation artifact kept in full archive only,not_needed,no
C:\Users\Monster\OneDrive\Masaüstü\proje2\outputs\reports\2023_table_6_lasso_final_vif_tablosu.csv,archive_full/reports/2023_table_6_lasso_final_vif_tablosu.csv,validation_artifact,0.0034,report or validation artifact kept in full archive only,not_needed,no
C:\Users\Monster\OneDrive\Masaüstü\proje2\outputs\reports\2023_table_6_lasso_final_vif_tablosu.txt,archive_full/reports/2023_table_6_lasso_final_vif_tablosu.txt,validation_artifact,0.0006,report or validation artifact kept in full archive only,not_needed,no
C:\Users\Monster\OneDrive\Masaüstü\proje2\outputs\reports\2023_table_6_lasso_interaction_adaylari.csv,archive_full/reports/2023_table_6_lasso_interaction_adaylari.csv,validation_artifact,0.0067,report or validation artifact kept in full archive only,not_needed,no
C:\Users\Monster\OneDrive\Masaüstü\proje2\outputs\reports\2023_table_6_lasso_interaction_adaylari.txt,archive_full/reports/2023_table_6_lasso_interaction_adaylari.txt,validation_artifact,0.0038,report or validation artifact kept in full archive only,not_needed,no
C:\Users\Monster\OneDrive\Masaüstü\proje2\outputs\reports\2023_table_6_lasso_interactionli_model_diyagnostik.csv,archive_full/reports/2023_table_6_lasso_interactionli_model_diyagnostik.csv,validation_artifact,0.0014,report or validation artifact kept in full archive only,not_needed,no
C:\Users\Monster\OneDrive\Masaüstü\proje2\outputs\reports\2023_table_6_lasso_interactionli_ols_ozeti.txt,archive_full/reports/2023_table_6_lasso_interactionli_ols_ozeti.txt,validation_artifact,0.0028,report or validation artifact kept in full archive only,not_needed,no
C:\Users\Monster\OneDrive\Masaüstü\proje2\outputs\reports\2023_table_6_lasso_interactionli_ols_regresyon_tablosu.csv,archive_full/reports/2023_table_6_lasso_interactionli_ols_regresyon_tablosu.csv,validation_artifact,0.003,report or validation artifact kept in full archive only,not_needed,no
C:\Users\Monster\OneDrive\Masaüstü\proje2\outputs\reports\2023_table_6_lasso_interactionli_standardizasyon_bazlari.csv,archive_full/reports/2023_table_6_lasso_interactionli_standardizasyon_bazlari.csv,validation_artifact,0.0016,report or validation artifact kept in full archive only,not_needed,no
C:\Users\Monster\OneDrive\Masaüstü\proje2\outputs\reports\2023_table_6_lasso_interactionli_vif_tablosu.csv,archive_full/reports/2023_table_6_lasso_interactionli_vif_tablosu.csv,validation_artifact,0.0017,report or validation artifact kept in full archive only,not_needed,no
C:\Users\Monster\OneDrive\Masaüstü\proje2\outputs\reports\2023_table_6_lasso_interactionli_vif_tablosu.txt,archive_full/reports/2023_table_6_lasso_interactionli_vif_tablosu.txt,validation_artifact,0.0006,report or validation artifact kept in full archive only,not_needed,no
C:\Users\Monster\OneDrive\Masaüstü\proje2\outputs\reports\2023_table_6_lasso_ozet_metrikleri.csv,archive_full/reports/2023_table_6_lasso_ozet_metrikleri.csv,validation_artifact,0.001,report or validation artifact kept in full archive only,not_needed,no
C:\Users\Monster\OneDrive\Masaüstü\proje2\outputs\reports\2023_table_6_lasso_ozet_metrikleri.txt,archive_full/reports/2023_table_6_lasso_ozet_metrikleri.txt,validation_artifact,0.0005,report or validation artifact kept in full archive only,not_needed,no
C:\Users\Monster\OneDrive\Masaüstü\proje2\outputs\reports\2023_table_6_lasso_secilen_interactionlar.csv,archive_full/reports/2023_table_6_lasso_secilen_interactionlar.csv,validation_artifact,0.002,report or validation artifact kept in full archive only,not_needed,no
C:\Users\Monster\OneDrive\Masaüstü\proje2\outputs\reports\2023_table_6_lasso_secilen_interactionlar.txt,archive_full/reports/2023_table_6_lasso_secilen_interactionlar.txt,validation_artifact,0.0008,report or validation artifact kept in full archive only,not_needed,no
C:\Users\Monster\OneDrive\Masaüstü\proje2\outputs\reports\2023_table_6_model_diyagnostik.csv,archive_full/reports/2023_table_6_model_diyagnostik.csv,validation_artifact,0.0012,report or validation artifact kept in full archive only,not_needed,no
C:\Users\Monster\OneDrive\Masaüstü\proje2\outputs\reports\2023_table_6_ols_ozeti.txt,archive_full/reports/2023_table_6_ols_ozeti.txt,validation_artifact,0.0024,report or validation artifact kept in full archive only,not_needed,no
C:\Users\Monster\OneDrive\Masaüstü\proje2\outputs\reports\2023_table_6_ols_regresyon_tablosu.csv,archive_full/reports/2023_table_6_ols_regresyon_tablosu.csv,validation_artifact,0.0017,report or validation artifact kept in full archive only,not_needed,no
C:\Users\Monster\OneDrive\Masaüstü\proje2\outputs\reports\2023_table_6_standardizasyon_bazlari.csv,archive_full/reports/2023_table_6_standardizasyon_bazlari.csv,validation_artifact,0.0007,report or validation artifact kept in full archive only,not_needed,no
C:\Users\Monster\OneDrive\Masaüstü\proje2\outputs\reports\2023_table_6_vif_tablosu.csv,archive_full/reports/2023_table_6_vif_tablosu.csv,validation_artifact,0.0008,report or validation artifact kept in full archive only,not_needed,no
C:\Users\Monster\OneDrive\Masaüstü\proje2\outputs\reports\2023_table_6_vif_tablosu.txt,archive_full/reports/2023_table_6_vif_tablosu.txt,validation_artifact,0.0004,report or validation artifact kept in full archive only,not_needed,no
C:\Users\Monster\OneDrive\Masaüstü\proje2\outputs\reports\2023_table_7_lasso_final_cdd_marjinal_etki_aylik.csv,archive_full/reports/2023_table_7_lasso_final_cdd_marjinal_etki_aylik.csv,validation_artifact,0.0045,report or validation artifact kept in full archive only,not_needed,no
C:\Users\Monster\OneDrive\Masaüstü\proje2\outputs\reports\2023_table_7_lasso_final_cdd_marjinal_etki_aylik.txt,archive_full/reports/2023_table_7_lasso_final_cdd_marjinal_etki_aylik.txt,validation_artifact,0.0017,report or validation artifact kept in full archive only,not_needed,no
C:\Users\Monster\OneDrive\Masaüstü\proje2\outputs\reports\2023_table_7_lasso_final_cdd_marjinal_etki_bilesenleri_aylik.csv,archive_full/reports/2023_table_7_lasso_final_cdd_marjinal_etki_bilesenleri_aylik.csv,validation_artifact,0.009,report or validation artifact kept in full archive only,not_needed,no
C:\Users\Monster\OneDrive\Masaüstü\proje2\outputs\reports\2023_table_7_lasso_final_cdd_marjinal_etki_bilesenleri_aylik.txt,archive_full/reports/2023_table_7_lasso_final_cdd_marjinal_etki_bilesenleri_aylik.txt,validation_artifact,0.0019,report or validation artifact kept in full archive only,not_needed,no
C:\Users\Monster\OneDrive\Masaüstü\proje2\outputs\reports\2023_table_7_lasso_final_elastic_net_diyagnostik.csv,archive_full/reports/2023_table_7_lasso_final_elastic_net_diyagnostik.csv,validation_artifact,0.0013,report or validation artifact kept in full archive only,not_needed,no
C:\Users\Monster\OneDrive\Masaüstü\proje2\outputs\reports\2023_table_7_lasso_final_elastic_net_diyagnostik.txt,archive_full/reports/2023_table_7_lasso_final_elastic_net_diyagnostik.txt,validation_artifact,0.0005,report or validation artifact kept in full archive only,not_needed,no
C:\Users\Monster\OneDrive\Masaüstü\proje2\outputs\reports\2023_table_7_lasso_final_elastic_net_katsayilari.csv,archive_full/reports/2023_table_7_lasso_final_elastic_net_katsayilari.csv,validation_artifact,0.004,report or validation artifact kept in full archive only,not_needed,no
C:\Users\Monster\OneDrive\Masaüstü\proje2\outputs\reports\2023_table_7_lasso_final_elastic_net_katsayilari.txt,archive_full/reports/2023_table_7_lasso_final_elastic_net_katsayilari.txt,validation_artifact,0.0009,report or validation artifact kept in full archive only,not_needed,no
C:\Users\Monster\OneDrive\Masaüstü\proje2\outputs\reports\2023_table_7_lasso_final_hdd_marjinal_etki_aylik.csv,archive_full/reports/2023_table_7_lasso_final_hdd_marjinal_etki_aylik.csv,validation_artifact,0.0046,report or validation artifact kept in full archive only,not_needed,no
C:\Users\Monster\OneDrive\Masaüstü\proje2\outputs\reports\2023_table_7_lasso_final_hdd_marjinal_etki_aylik.txt,archive_full/reports/2023_table_7_lasso_final_hdd_marjinal_etki_aylik.txt,validation_artifact,0.0017,report or validation artifact kept in full archive only,not_needed,no
C:\Users\Monster\OneDrive\Masaüstü\proje2\outputs\reports\2023_table_7_lasso_final_hdd_marjinal_etki_bilesenleri_aylik.csv,archive_full/reports/2023_table_7_lasso_final_hdd_marjinal_etki_bilesenleri_aylik.csv,validation_artifact,0.0061,report or validation artifact kept in full archive only,not_needed,no
C:\Users\Monster\OneDrive\Masaüstü\proje2\outputs\reports\2023_table_7_lasso_final_hdd_marjinal_etki_bilesenleri_aylik.txt,archive_full/reports/2023_table_7_lasso_final_hdd_marjinal_etki_bilesenleri_aylik.txt,validation_artifact,0.0014,report or validation artifact kept in full archive only,not_needed,no
C:\Users\Monster\OneDrive\Masaüstü\proje2\outputs\reports\2023_table_7_lasso_final_model_diyagnostik.csv,archive_full/reports/2023_table_7_lasso_final_model_diyagnostik.csv,validation_artifact,0.0013,report or validation artifact kept in full archive only,not_needed,no
C:\Users\Monster\OneDrive\Masaüstü\proje2\outputs\reports\2023_table_7_lasso_final_model_diyagnostik.txt,archive_full/reports/2023_table_7_lasso_final_model_diyagnostik.txt,validation_artifact,0.0007,report or validation artifact kept in full archive only,not_needed,no
C:\Users\Monster\OneDrive\Masaüstü\proje2\outputs\reports\2023_table_7_lasso_final_ols_ozeti.txt,archive_full/reports/2023_table_7_lasso_final_ols_ozeti.txt,validation_artifact,0.0031,report or validation artifact kept in full archive only,not_needed,no
C:\Users\Monster\OneDrive\Masaüstü\proje2\outputs\reports\2023_table_7_lasso_final_ols_regresyon_tablosu.csv,archive_full/reports/2023_table_7_lasso_final_ols_regresyon_tablosu.csv,validation_artifact,0.0062,report or validation artifact kept in full archive only,not_needed,no
C:\Users\Monster\OneDrive\Masaüstü\proje2\outputs\reports\2023_table_7_lasso_final_ols_regresyon_tablosu.txt,archive_full/reports/2023_table_7_lasso_final_ols_regresyon_tablosu.txt,validation_artifact,0.0012,report or validation artifact kept in full archive only,not_needed,no
C:\Users\Monster\OneDrive\Masaüstü\proje2\outputs\reports\2023_table_7_lasso_final_ridge_diyagnostik.csv,archive_full/reports/2023_table_7_lasso_final_ridge_diyagnostik.csv,validation_artifact,0.0013,report or validation artifact kept in full archive only,not_needed,no
C:\Users\Monster\OneDrive\Masaüstü\proje2\outputs\reports\2023_table_7_lasso_final_ridge_diyagnostik.txt,archive_full/reports/2023_table_7_lasso_final_ridge_diyagnostik.txt,validation_artifact,0.0005,report or validation artifact kept in full archive only,not_needed,no
C:\Users\Monster\OneDrive\Masaüstü\proje2\outputs\reports\2023_table_7_lasso_final_ridge_katsayilari.csv,archive_full/reports/2023_table_7_lasso_final_ridge_katsayilari.csv,validation_artifact,0.0039,report or validation artifact kept in full archive only,not_needed,no
C:\Users\Monster\OneDrive\Masaüstü\proje2\outputs\reports\2023_table_7_lasso_final_ridge_katsayilari.txt,archive_full/reports/2023_table_7_lasso_final_ridge_katsayilari.txt,validation_artifact,0.0008,report or validation artifact kept in full archive only,not_needed,no
C:\Users\Monster\OneDrive\Masaüstü\proje2\outputs\reports\2023_table_7_lasso_final_standardizasyon_bazlari.csv,archive_full/reports/2023_table_7_lasso_final_standardizasyon_bazlari.csv,validation_artifact,0.0028,report or validation artifact kept in full archive only,not_needed,no
C:\Users\Monster\OneDrive\Masaüstü\proje2\outputs\reports\2023_table_7_lasso_final_tasarim_degisenleri.csv,archive_full/reports/2023_table_7_lasso_final_tasarim_degisenleri.csv,validation_artifact,0.0004,report or validation artifact kept in full archive only,not_needed,no
C:\Users\Monster\OneDrive\Masaüstü\proje2\outputs\reports\2023_table_7_lasso_final_vif_tablosu.csv,archive_full/reports/2023_table_7_lasso_final_vif_tablosu.csv,validation_artifact,0.0037,report or validation artifact kept in full archive only,not_needed,no
C:\Users\Monster\OneDrive\Masaüstü\proje2\outputs\reports\2023_table_7_lasso_final_vif_tablosu.txt,archive_full/reports/2023_table_7_lasso_final_vif_tablosu.txt,validation_artifact,0.0006,report or validation artifact kept in full archive only,not_needed,no
C:\Users\Monster\OneDrive\Masaüstü\proje2\outputs\reports\2023_table_7_lasso_interaction_adaylari.csv,archive_full/reports/2023_table_7_lasso_interaction_adaylari.csv,validation_artifact,0.007,report or validation artifact kept in full archive only,not_needed,no
C:\Users\Monster\OneDrive\Masaüstü\proje2\outputs\reports\2023_table_7_lasso_interaction_adaylari.txt,archive_full/reports/2023_table_7_lasso_interaction_adaylari.txt,validation_artifact,0.0038,report or validation artifact kept in full archive only,not_needed,no
C:\Users\Monster\OneDrive\Masaüstü\proje2\outputs\reports\2023_table_7_lasso_interactionli_model_diyagnostik.csv,archive_full/reports/2023_table_7_lasso_interactionli_model_diyagnostik.csv,validation_artifact,0.0014,report or validation artifact kept in full archive only,not_needed,no
C:\Users\Monster\OneDrive\Masaüstü\proje2\outputs\reports\2023_table_7_lasso_interactionli_ols_ozeti.txt,archive_full/reports/2023_table_7_lasso_interactionli_ols_ozeti.txt,validation_artifact,0.0027,report or validation artifact kept in full archive only,not_needed,no
C:\Users\Monster\OneDrive\Masaüstü\proje2\outputs\reports\2023_table_7_lasso_interactionli_ols_regresyon_tablosu.csv,archive_full/reports/2023_table_7_lasso_interactionli_ols_regresyon_tablosu.csv,validation_artifact,0.0028,report or validation artifact kept in full archive only,not_needed,no
C:\Users\Monster\OneDrive\Masaüstü\proje2\outputs\reports\2023_table_7_lasso_interactionli_standardizasyon_bazlari.csv,archive_full/reports/2023_table_7_lasso_interactionli_standardizasyon_bazlari.csv,validation_artifact,0.0014,report or validation artifact kept in full archive only,not_needed,no
C:\Users\Monster\OneDrive\Masaüstü\proje2\outputs\reports\2023_table_7_lasso_interactionli_vif_tablosu.csv,archive_full/reports/2023_table_7_lasso_interactionli_vif_tablosu.csv,validation_artifact,0.0015,report or validation artifact kept in full archive only,not_needed,no
C:\Users\Monster\OneDrive\Masaüstü\proje2\outputs\reports\2023_table_7_lasso_interactionli_vif_tablosu.txt,archive_full/reports/2023_table_7_lasso_interactionli_vif_tablosu.txt,validation_artifact,0.0005,report or validation artifact kept in full archive only,not_needed,no
C:\Users\Monster\OneDrive\Masaüstü\proje2\outputs\reports\2023_table_7_lasso_ozet_metrikleri.csv,archive_full/reports/2023_table_7_lasso_ozet_metrikleri.csv,validation_artifact,0.001,report or validation artifact kept in full archive only,not_needed,no
C:\Users\Monster\OneDrive\Masaüstü\proje2\outputs\reports\2023_table_7_lasso_ozet_metrikleri.txt,archive_full/reports/2023_table_7_lasso_ozet_metrikleri.txt,validation_artifact,0.0005,report or validation artifact kept in full archive only,not_needed,no
C:\Users\Monster\OneDrive\Masaüstü\proje2\outputs\reports\2023_table_7_lasso_secilen_interactionlar.csv,archive_full/reports/2023_table_7_lasso_secilen_interactionlar.csv,validation_artifact,0.0025,report or validation artifact kept in full archive only,not_needed,no
C:\Users\Monster\OneDrive\Masaüstü\proje2\outputs\reports\2023_table_7_lasso_secilen_interactionlar.txt,archive_full/reports/2023_table_7_lasso_secilen_interactionlar.txt,validation_artifact,0.0007,report or validation artifact kept in full archive only,not_needed,no
C:\Users\Monster\OneDrive\Masaüstü\proje2\outputs\reports\2023_table_7_model_diyagnostik.csv,archive_full/reports/2023_table_7_model_diyagnostik.csv,validation_artifact,0.0012,report or validation artifact kept in full archive only,not_needed,no
C:\Users\Monster\OneDrive\Masaüstü\proje2\outputs\reports\2023_table_7_ols_ozeti.txt,archive_full/reports/2023_table_7_ols_ozeti.txt,validation_artifact,0.0023,report or validation artifact kept in full archive only,not_needed,no
C:\Users\Monster\OneDrive\Masaüstü\proje2\outputs\reports\2023_table_7_ols_regresyon_tablosu.csv,archive_full/reports/2023_table_7_ols_regresyon_tablosu.csv,validation_artifact,0.0015,report or validation artifact kept in full archive only,not_needed,no
C:\Users\Monster\OneDrive\Masaüstü\proje2\outputs\reports\2023_table_7_standardizasyon_bazlari.csv,archive_full/reports/2023_table_7_standardizasyon_bazlari.csv,validation_artifact,0.0006,report or validation artifact kept in full archive only,not_needed,no
C:\Users\Monster\OneDrive\Masaüstü\proje2\outputs\reports\2023_table_7_vif_tablosu.csv,archive_full/reports/2023_table_7_vif_tablosu.csv,validation_artifact,0.0007,report or validation artifact kept in full archive only,not_needed,no
C:\Users\Monster\OneDrive\Masaüstü\proje2\outputs\reports\2023_table_7_vif_tablosu.txt,archive_full/reports/2023_table_7_vif_tablosu.txt,validation_artifact,0.0004,report or validation artifact kept in full archive only,not_needed,no
C:\Users\Monster\OneDrive\Masaüstü\proje2\outputs\reports\2023_table_8_lasso_final_cdd_marjinal_etki_aylik.csv,archive_full/reports/2023_table_8_lasso_final_cdd_marjinal_etki_aylik.csv,validation_artifact,0.0043,report or validation artifact kept in full archive only,not_needed,no
C:\Users\Monster\OneDrive\Masaüstü\proje2\outputs\reports\2023_table_8_lasso_final_cdd_marjinal_etki_aylik.txt,archive_full/reports/2023_table_8_lasso_final_cdd_marjinal_etki_aylik.txt,validation_artifact,0.0017,report or validation artifact kept in full archive only,not_needed,no
C:\Users\Monster\OneDrive\Masaüstü\proje2\outputs\reports\2023_table_8_lasso_final_cdd_marjinal_etki_bilesenleri_aylik.csv,archive_full/reports/2023_table_8_lasso_final_cdd_marjinal_etki_bilesenleri_aylik.csv,validation_artifact,0.009,report or validation artifact kept in full archive only,not_needed,no
C:\Users\Monster\OneDrive\Masaüstü\proje2\outputs\reports\2023_table_8_lasso_final_cdd_marjinal_etki_bilesenleri_aylik.txt,archive_full/reports/2023_table_8_lasso_final_cdd_marjinal_etki_bilesenleri_aylik.txt,validation_artifact,0.0019,report or validation artifact kept in full archive only,not_needed,no
C:\Users\Monster\OneDrive\Masaüstü\proje2\outputs\reports\2023_table_8_lasso_final_elastic_net_diyagnostik.csv,archive_full/reports/2023_table_8_lasso_final_elastic_net_diyagnostik.csv,validation_artifact,0.0013,report or validation artifact kept in full archive only,not_needed,no
C:\Users\Monster\OneDrive\Masaüstü\proje2\outputs\reports\2023_table_8_lasso_final_elastic_net_diyagnostik.txt,archive_full/reports/2023_table_8_lasso_final_elastic_net_diyagnostik.txt,validation_artifact,0.0005,report or validation artifact kept in full archive only,not_needed,no
C:\Users\Monster\OneDrive\Masaüstü\proje2\outputs\reports\2023_table_8_lasso_final_elastic_net_katsayilari.csv,archive_full/reports/2023_table_8_lasso_final_elastic_net_katsayilari.csv,validation_artifact,0.0038,report or validation artifact kept in full archive only,not_needed,no
C:\Users\Monster\OneDrive\Masaüstü\proje2\outputs\reports\2023_table_8_lasso_final_elastic_net_katsayilari.txt,archive_full/reports/2023_table_8_lasso_final_elastic_net_katsayilari.txt,validation_artifact,0.0009,report or validation artifact kept in full archive only,not_needed,no
C:\Users\Monster\OneDrive\Masaüstü\proje2\outputs\reports\2023_table_8_lasso_final_hdd_marjinal_etki_aylik.csv,archive_full/reports/2023_table_8_lasso_final_hdd_marjinal_etki_aylik.csv,validation_artifact,0.0045,report or validation artifact kept in full archive only,not_needed,no
C:\Users\Monster\OneDrive\Masaüstü\proje2\outputs\reports\2023_table_8_lasso_final_hdd_marjinal_etki_aylik.txt,archive_full/reports/2023_table_8_lasso_final_hdd_marjinal_etki_aylik.txt,validation_artifact,0.0017,report or validation artifact kept in full archive only,not_needed,no
C:\Users\Monster\OneDrive\Masaüstü\proje2\outputs\reports\2023_table_8_lasso_final_hdd_marjinal_etki_bilesenleri_aylik.csv,archive_full/reports/2023_table_8_lasso_final_hdd_marjinal_etki_bilesenleri_aylik.csv,validation_artifact,0.0061,report or validation artifact kept in full archive only,not_needed,no
C:\Users\Monster\OneDrive\Masaüstü\proje2\outputs\reports\2023_table_8_lasso_final_hdd_marjinal_etki_bilesenleri_aylik.txt,archive_full/reports/2023_table_8_lasso_final_hdd_marjinal_etki_bilesenleri_aylik.txt,validation_artifact,0.0014,report or validation artifact kept in full archive only,not_needed,no
C:\Users\Monster\OneDrive\Masaüstü\proje2\outputs\reports\2023_table_8_lasso_final_model_diyagnostik.csv,archive_full/reports/2023_table_8_lasso_final_model_diyagnostik.csv,validation_artifact,0.0013,report or validation artifact kept in full archive only,not_needed,no
C:\Users\Monster\OneDrive\Masaüstü\proje2\outputs\reports\2023_table_8_lasso_final_model_diyagnostik.txt,archive_full/reports/2023_table_8_lasso_final_model_diyagnostik.txt,validation_artifact,0.0007,report or validation artifact kept in full archive only,not_needed,no
C:\Users\Monster\OneDrive\Masaüstü\proje2\outputs\reports\2023_table_8_lasso_final_ols_ozeti.txt,archive_full/reports/2023_table_8_lasso_final_ols_ozeti.txt,validation_artifact,0.0031,report or validation artifact kept in full archive only,not_needed,no
C:\Users\Monster\OneDrive\Masaüstü\proje2\outputs\reports\2023_table_8_lasso_final_ols_regresyon_tablosu.csv,archive_full/reports/2023_table_8_lasso_final_ols_regresyon_tablosu.csv,validation_artifact,0.0058,report or validation artifact kept in full archive only,not_needed,no
C:\Users\Monster\OneDrive\Masaüstü\proje2\outputs\reports\2023_table_8_lasso_final_ols_regresyon_tablosu.txt,archive_full/reports/2023_table_8_lasso_final_ols_regresyon_tablosu.txt,validation_artifact,0.0012,report or validation artifact kept in full archive only,not_needed,no
C:\Users\Monster\OneDrive\Masaüstü\proje2\outputs\reports\2023_table_8_lasso_final_ridge_diyagnostik.csv,archive_full/reports/2023_table_8_lasso_final_ridge_diyagnostik.csv,validation_artifact,0.0013,report or validation artifact kept in full archive only,not_needed,no
C:\Users\Monster\OneDrive\Masaüstü\proje2\outputs\reports\2023_table_8_lasso_final_ridge_diyagnostik.txt,archive_full/reports/2023_table_8_lasso_final_ridge_diyagnostik.txt,validation_artifact,0.0005,report or validation artifact kept in full archive only,not_needed,no
C:\Users\Monster\OneDrive\Masaüstü\proje2\outputs\reports\2023_table_8_lasso_final_ridge_katsayilari.csv,archive_full/reports/2023_table_8_lasso_final_ridge_katsayilari.csv,validation_artifact,0.0037,report or validation artifact kept in full archive only,not_needed,no
C:\Users\Monster\OneDrive\Masaüstü\proje2\outputs\reports\2023_table_8_lasso_final_ridge_katsayilari.txt,archive_full/reports/2023_table_8_lasso_final_ridge_katsayilari.txt,validation_artifact,0.0008,report or validation artifact kept in full archive only,not_needed,no
C:\Users\Monster\OneDrive\Masaüstü\proje2\outputs\reports\2023_table_8_lasso_final_standardizasyon_bazlari.csv,archive_full/reports/2023_table_8_lasso_final_standardizasyon_bazlari.csv,validation_artifact,0.0028,report or validation artifact kept in full archive only,not_needed,no
C:\Users\Monster\OneDrive\Masaüstü\proje2\outputs\reports\2023_table_8_lasso_final_tasarim_degisenleri.csv,archive_full/reports/2023_table_8_lasso_final_tasarim_degisenleri.csv,validation_artifact,0.0004,report or validation artifact kept in full archive only,not_needed,no
C:\Users\Monster\OneDrive\Masaüstü\proje2\outputs\reports\2023_table_8_lasso_final_vif_tablosu.csv,archive_full/reports/2023_table_8_lasso_final_vif_tablosu.csv,validation_artifact,0.0035,report or validation artifact kept in full archive only,not_needed,no
C:\Users\Monster\OneDrive\Masaüstü\proje2\outputs\reports\2023_table_8_lasso_final_vif_tablosu.txt,archive_full/reports/2023_table_8_lasso_final_vif_tablosu.txt,validation_artifact,0.0006,report or validation artifact kept in full archive only,not_needed,no
C:\Users\Monster\OneDrive\Masaüstü\proje2\outputs\reports\2023_table_8_lasso_interaction_adaylari.csv,archive_full/reports/2023_table_8_lasso_interaction_adaylari.csv,validation_artifact,0.007,report or validation artifact kept in full archive only,not_needed,no
C:\Users\Monster\OneDrive\Masaüstü\proje2\outputs\reports\2023_table_8_lasso_interaction_adaylari.txt,archive_full/reports/2023_table_8_lasso_interaction_adaylari.txt,validation_artifact,0.0038,report or validation artifact kept in full archive only,not_needed,no
C:\Users\Monster\OneDrive\Masaüstü\proje2\outputs\reports\2023_table_8_lasso_interactionli_model_diyagnostik.csv,archive_full/reports/2023_table_8_lasso_interactionli_model_diyagnostik.csv,validation_artifact,0.0014,report or validation artifact kept in full archive only,not_needed,no
C:\Users\Monster\OneDrive\Masaüstü\proje2\outputs\reports\2023_table_8_lasso_interactionli_ols_ozeti.txt,archive_full/reports/2023_table_8_lasso_interactionli_ols_ozeti.txt,validation_artifact,0.0027,report or validation artifact kept in full archive only,not_needed,no
C:\Users\Monster\OneDrive\Masaüstü\proje2\outputs\reports\2023_table_8_lasso_interactionli_ols_regresyon_tablosu.csv,archive_full/reports/2023_table_8_lasso_interactionli_ols_regresyon_tablosu.csv,validation_artifact,0.0028,report or validation artifact kept in full archive only,not_needed,no
C:\Users\Monster\OneDrive\Masaüstü\proje2\outputs\reports\2023_table_8_lasso_interactionli_standardizasyon_bazlari.csv,archive_full/reports/2023_table_8_lasso_interactionli_standardizasyon_bazlari.csv,validation_artifact,0.0014,report or validation artifact kept in full archive only,not_needed,no
C:\Users\Monster\OneDrive\Masaüstü\proje2\outputs\reports\2023_table_8_lasso_interactionli_vif_tablosu.csv,archive_full/reports/2023_table_8_lasso_interactionli_vif_tablosu.csv,validation_artifact,0.0015,report or validation artifact kept in full archive only,not_needed,no
C:\Users\Monster\OneDrive\Masaüstü\proje2\outputs\reports\2023_table_8_lasso_interactionli_vif_tablosu.txt,archive_full/reports/2023_table_8_lasso_interactionli_vif_tablosu.txt,validation_artifact,0.0005,report or validation artifact kept in full archive only,not_needed,no
C:\Users\Monster\OneDrive\Masaüstü\proje2\outputs\reports\2023_table_8_lasso_ozet_metrikleri.csv,archive_full/reports/2023_table_8_lasso_ozet_metrikleri.csv,validation_artifact,0.001,report or validation artifact kept in full archive only,not_needed,no
C:\Users\Monster\OneDrive\Masaüstü\proje2\outputs\reports\2023_table_8_lasso_ozet_metrikleri.txt,archive_full/reports/2023_table_8_lasso_ozet_metrikleri.txt,validation_artifact,0.0005,report or validation artifact kept in full archive only,not_needed,no
C:\Users\Monster\OneDrive\Masaüstü\proje2\outputs\reports\2023_table_8_lasso_secilen_interactionlar.csv,archive_full/reports/2023_table_8_lasso_secilen_interactionlar.csv,validation_artifact,0.0023,report or validation artifact kept in full archive only,not_needed,no
C:\Users\Monster\OneDrive\Masaüstü\proje2\outputs\reports\2023_table_8_lasso_secilen_interactionlar.txt,archive_full/reports/2023_table_8_lasso_secilen_interactionlar.txt,validation_artifact,0.0007,report or validation artifact kept in full archive only,not_needed,no
C:\Users\Monster\OneDrive\Masaüstü\proje2\outputs\reports\2023_table_8_model_diyagnostik.csv,archive_full/reports/2023_table_8_model_diyagnostik.csv,validation_artifact,0.0012,report or validation artifact kept in full archive only,not_needed,no
C:\Users\Monster\OneDrive\Masaüstü\proje2\outputs\reports\2023_table_8_ols_ozeti.txt,archive_full/reports/2023_table_8_ols_ozeti.txt,validation_artifact,0.0023,report or validation artifact kept in full archive only,not_needed,no
C:\Users\Monster\OneDrive\Masaüstü\proje2\outputs\reports\2023_table_8_ols_regresyon_tablosu.csv,archive_full/reports/2023_table_8_ols_regresyon_tablosu.csv,validation_artifact,0.0015,report or validation artifact kept in full archive only,not_needed,no
C:\Users\Monster\OneDrive\Masaüstü\proje2\outputs\reports\2023_table_8_standardizasyon_bazlari.csv,archive_full/reports/2023_table_8_standardizasyon_bazlari.csv,validation_artifact,0.0006,report or validation artifact kept in full archive only,not_needed,no
C:\Users\Monster\OneDrive\Masaüstü\proje2\outputs\reports\2023_table_8_vif_tablosu.csv,archive_full/reports/2023_table_8_vif_tablosu.csv,validation_artifact,0.0007,report or validation artifact kept in full archive only,not_needed,no
C:\Users\Monster\OneDrive\Masaüstü\proje2\outputs\reports\2023_table_8_vif_tablosu.txt,archive_full/reports/2023_table_8_vif_tablosu.txt,validation_artifact,0.0004,report or validation artifact kept in full archive only,not_needed,no
C:\Users\Monster\OneDrive\Masaüstü\proje2\outputs\reports\2023_tum_lasso_final_cdd_marjinal_etki_aylik.csv,archive_full/reports/2023_tum_lasso_final_cdd_marjinal_etki_aylik.csv,validation_artifact,0.0323,report or validation artifact kept in full archive only,not_needed,no
C:\Users\Monster\OneDrive\Masaüstü\proje2\outputs\reports\2023_tum_lasso_final_elastic_net_diyagnostikleri.csv,archive_full/reports/2023_tum_lasso_final_elastic_net_diyagnostikleri.csv,validation_artifact,0.0099,report or validation artifact kept in full archive only,not_needed,no
C:\Users\Monster\OneDrive\Masaüstü\proje2\outputs\reports\2023_tum_lasso_final_elastic_net_katsayilari.csv,archive_full/reports/2023_tum_lasso_final_elastic_net_katsayilari.csv,validation_artifact,0.0294,report or validation artifact kept in full archive only,not_needed,no
C:\Users\Monster\OneDrive\Masaüstü\proje2\outputs\reports\2023_tum_lasso_final_hdd_marjinal_etki_aylik.csv,archive_full/reports/2023_tum_lasso_final_hdd_marjinal_etki_aylik.csv,validation_artifact,0.0327,report or validation artifact kept in full archive only,not_needed,no
C:\Users\Monster\OneDrive\Masaüstü\proje2\outputs\reports\2023_tum_lasso_final_model_diyagnostikleri.csv,archive_full/reports/2023_tum_lasso_final_model_diyagnostikleri.csv,validation_artifact,0.0094,report or validation artifact kept in full archive only,not_needed,no
C:\Users\Monster\OneDrive\Masaüstü\proje2\outputs\reports\2023_tum_lasso_final_ols_tablolari.csv,archive_full/reports/2023_tum_lasso_final_ols_tablolari.csv,validation_artifact,0.045,report or validation artifact kept in full archive only,not_needed,no
C:\Users\Monster\OneDrive\Masaüstü\proje2\outputs\reports\2023_tum_lasso_final_ridge_diyagnostikleri.csv,archive_full/reports/2023_tum_lasso_final_ridge_diyagnostikleri.csv,validation_artifact,0.0095,report or validation artifact kept in full archive only,not_needed,no
C:\Users\Monster\OneDrive\Masaüstü\proje2\outputs\reports\2023_tum_lasso_final_ridge_katsayilari.csv,archive_full/reports/2023_tum_lasso_final_ridge_katsayilari.csv,validation_artifact,0.0285,report or validation artifact kept in full archive only,not_needed,no
C:\Users\Monster\OneDrive\Masaüstü\proje2\outputs\reports\2023_tum_lasso_final_standardizasyon_bazlari.csv,archive_full/reports/2023_tum_lasso_final_standardizasyon_bazlari.csv,validation_artifact,0.0131,report or validation artifact kept in full archive only,not_needed,no
C:\Users\Monster\OneDrive\Masaüstü\proje2\outputs\reports\2023_tum_lasso_final_vif_tablolari.csv,archive_full/reports/2023_tum_lasso_final_vif_tablolari.csv,validation_artifact,0.0273,report or validation artifact kept in full archive only,not_needed,no
C:\Users\Monster\OneDrive\Masaüstü\proje2\outputs\reports\2023_tum_lasso_interaction_adaylari.csv,archive_full/reports/2023_tum_lasso_interaction_adaylari.csv,validation_artifact,0.0467,report or validation artifact kept in full archive only,not_needed,no
C:\Users\Monster\OneDrive\Masaüstü\proje2\outputs\reports\2023_tum_lasso_interactionli_model_diyagnostikleri.csv,archive_full/reports/2023_tum_lasso_interactionli_model_diyagnostikleri.csv,validation_artifact,0.0084,report or validation artifact kept in full archive only,not_needed,no
C:\Users\Monster\OneDrive\Masaüstü\proje2\outputs\reports\2023_tum_lasso_interactionli_ols_tablolari.csv,archive_full/reports/2023_tum_lasso_interactionli_ols_tablolari.csv,validation_artifact,0.0193,report or validation artifact kept in full archive only,not_needed,no
C:\Users\Monster\OneDrive\Masaüstü\proje2\outputs\reports\2023_tum_lasso_interactionli_standardizasyon_bazlari.csv,archive_full/reports/2023_tum_lasso_interactionli_standardizasyon_bazlari.csv,validation_artifact,0.0084,report or validation artifact kept in full archive only,not_needed,no
C:\Users\Monster\OneDrive\Masaüstü\proje2\outputs\reports\2023_tum_lasso_interactionli_vif_tablolari.csv,archive_full/reports/2023_tum_lasso_interactionli_vif_tablolari.csv,validation_artifact,0.011,report or validation artifact kept in full archive only,not_needed,no
C:\Users\Monster\OneDrive\Masaüstü\proje2\outputs\reports\2023_tum_lasso_ozet_metrikleri.csv,archive_full/reports/2023_tum_lasso_ozet_metrikleri.csv,validation_artifact,0.0073,report or validation artifact kept in full archive only,not_needed,no
C:\Users\Monster\OneDrive\Masaüstü\proje2\outputs\reports\2023_tum_lasso_secilen_interactionlar.csv,archive_full/reports/2023_tum_lasso_secilen_interactionlar.csv,validation_artifact,0.012,report or validation artifact kept in full archive only,not_needed,no
C:\Users\Monster\OneDrive\Masaüstü\proje2\outputs\reports\2023_tum_lasso_secilen_interactionlar.txt,archive_full/reports/2023_tum_lasso_secilen_interactionlar.txt,validation_artifact,0.0057,report or validation artifact kept in full archive only,not_needed,no
C:\Users\Monster\OneDrive\Masaüstü\proje2\outputs\reports\2023_tum_model_diyagnostikleri.csv,archive_full/reports/2023_tum_model_diyagnostikleri.csv,validation_artifact,0.0088,report or validation artifact kept in full archive only,not_needed,no
C:\Users\Monster\OneDrive\Masaüstü\proje2\outputs\reports\2023_tum_ols_regresyon_tablolari.csv,archive_full/reports/2023_tum_ols_regresyon_tablolari.csv,validation_artifact,0.0115,report or validation artifact kept in full archive only,not_needed,no
C:\Users\Monster\OneDrive\Masaüstü\proje2\outputs\reports\2023_tum_standardizasyon_bazlari.csv,archive_full/reports/2023_tum_standardizasyon_bazlari.csv,validation_artifact,0.0032,report or validation artifact kept in full archive only,not_needed,no
C:\Users\Monster\OneDrive\Masaüstü\proje2\outputs\reports\2023_tum_vif_tablolari.csv,archive_full/reports/2023_tum_vif_tablolari.csv,validation_artifact,0.0055,report or validation artifact kept in full archive only,not_needed,no
C:\Users\Monster\OneDrive\Masaüstü\proje2\outputs\reports\2023_tum_vif_tablolari.txt,archive_full/reports/2023_tum_vif_tablolari.txt,validation_artifact,0.0026,report or validation artifact kept in full archive only,not_needed,no
C:\Users\Monster\OneDrive\Masaüstü\proje2\outputs\reports\2024_model_rehberi.txt,archive_full/reports/2024_model_rehberi.txt,validation_artifact,0.0108,report or validation artifact kept in full archive only,not_needed,no
C:\Users\Monster\OneDrive\Masaüstü\proje2\outputs\reports\2024_table_1_lasso_final_cdd_marjinal_etki_aylik.csv,archive_full/reports/2024_table_1_lasso_final_cdd_marjinal_etki_aylik.csv,validation_artifact,0.0038,report or validation artifact kept in full archive only,not_needed,no
C:\Users\Monster\OneDrive\Masaüstü\proje2\outputs\reports\2024_table_1_lasso_final_cdd_marjinal_etki_aylik.txt,archive_full/reports/2024_table_1_lasso_final_cdd_marjinal_etki_aylik.txt,validation_artifact,0.0017,report or validation artifact kept in full archive only,not_needed,no
C:\Users\Monster\OneDrive\Masaüstü\proje2\outputs\reports\2024_table_1_lasso_final_cdd_marjinal_etki_bilesenleri_aylik.csv,archive_full/reports/2024_table_1_lasso_final_cdd_marjinal_etki_bilesenleri_aylik.csv,validation_artifact,0.0141,report or validation artifact kept in full archive only,not_needed,no
C:\Users\Monster\OneDrive\Masaüstü\proje2\outputs\reports\2024_table_1_lasso_final_cdd_marjinal_etki_bilesenleri_aylik.txt,archive_full/reports/2024_table_1_lasso_final_cdd_marjinal_etki_bilesenleri_aylik.txt,validation_artifact,0.0032,report or validation artifact kept in full archive only,not_needed,no
C:\Users\Monster\OneDrive\Masaüstü\proje2\outputs\reports\2024_table_1_lasso_final_elastic_net_diyagnostik.csv,archive_full/reports/2024_table_1_lasso_final_elastic_net_diyagnostik.csv,validation_artifact,0.001,report or validation artifact kept in full archive only,not_needed,no
C:\Users\Monster\OneDrive\Masaüstü\proje2\outputs\reports\2024_table_1_lasso_final_elastic_net_diyagnostik.txt,archive_full/reports/2024_table_1_lasso_final_elastic_net_diyagnostik.txt,validation_artifact,0.0004,report or validation artifact kept in full archive only,not_needed,no
C:\Users\Monster\OneDrive\Masaüstü\proje2\outputs\reports\2024_table_1_lasso_final_elastic_net_katsayilari.csv,archive_full/reports/2024_table_1_lasso_final_elastic_net_katsayilari.csv,validation_artifact,0.0039,report or validation artifact kept in full archive only,not_needed,no
C:\Users\Monster\OneDrive\Masaüstü\proje2\outputs\reports\2024_table_1_lasso_final_elastic_net_katsayilari.txt,archive_full/reports/2024_table_1_lasso_final_elastic_net_katsayilari.txt,validation_artifact,0.0015,report or validation artifact kept in full archive only,not_needed,no
C:\Users\Monster\OneDrive\Masaüstü\proje2\outputs\reports\2024_table_1_lasso_final_hdd_marjinal_etki_aylik.csv,archive_full/reports/2024_table_1_lasso_final_hdd_marjinal_etki_aylik.csv,validation_artifact,0.004,report or validation artifact kept in full archive only,not_needed,no
C:\Users\Monster\OneDrive\Masaüstü\proje2\outputs\reports\2024_table_1_lasso_final_hdd_marjinal_etki_aylik.txt,archive_full/reports/2024_table_1_lasso_final_hdd_marjinal_etki_aylik.txt,validation_artifact,0.0016,report or validation artifact kept in full archive only,not_needed,no
C:\Users\Monster\OneDrive\Masaüstü\proje2\outputs\reports\2024_table_1_lasso_final_hdd_marjinal_etki_bilesenleri_aylik.csv,archive_full/reports/2024_table_1_lasso_final_hdd_marjinal_etki_bilesenleri_aylik.csv,validation_artifact,0.0188,report or validation artifact kept in full archive only,not_needed,no
C:\Users\Monster\OneDrive\Masaüstü\proje2\outputs\reports\2024_table_1_lasso_final_hdd_marjinal_etki_bilesenleri_aylik.txt,archive_full/reports/2024_table_1_lasso_final_hdd_marjinal_etki_bilesenleri_aylik.txt,validation_artifact,0.0041,report or validation artifact kept in full archive only,not_needed,no
C:\Users\Monster\OneDrive\Masaüstü\proje2\outputs\reports\2024_table_1_lasso_final_model_diyagnostik.csv,archive_full/reports/2024_table_1_lasso_final_model_diyagnostik.csv,validation_artifact,0.0009,report or validation artifact kept in full archive only,not_needed,no
C:\Users\Monster\OneDrive\Masaüstü\proje2\outputs\reports\2024_table_1_lasso_final_model_diyagnostik.txt,archive_full/reports/2024_table_1_lasso_final_model_diyagnostik.txt,validation_artifact,0.0006,report or validation artifact kept in full archive only,not_needed,no
C:\Users\Monster\OneDrive\Masaüstü\proje2\outputs\reports\2024_table_1_lasso_final_ols_ozeti.txt,archive_full/reports/2024_table_1_lasso_final_ols_ozeti.txt,validation_artifact,0.0043,report or validation artifact kept in full archive only,not_needed,no
C:\Users\Monster\OneDrive\Masaüstü\proje2\outputs\reports\2024_table_1_lasso_final_ols_regresyon_tablosu.csv,archive_full/reports/2024_table_1_lasso_final_ols_regresyon_tablosu.csv,validation_artifact,0.0063,report or validation artifact kept in full archive only,not_needed,no
C:\Users\Monster\OneDrive\Masaüstü\proje2\outputs\reports\2024_table_1_lasso_final_ols_regresyon_tablosu.txt,archive_full/reports/2024_table_1_lasso_final_ols_regresyon_tablosu.txt,validation_artifact,0.0023,report or validation artifact kept in full archive only,not_needed,no
C:\Users\Monster\OneDrive\Masaüstü\proje2\outputs\reports\2024_table_1_lasso_final_ridge_diyagnostik.csv,archive_full/reports/2024_table_1_lasso_final_ridge_diyagnostik.csv,validation_artifact,0.001,report or validation artifact kept in full archive only,not_needed,no
C:\Users\Monster\OneDrive\Masaüstü\proje2\outputs\reports\2024_table_1_lasso_final_ridge_diyagnostik.txt,archive_full/reports/2024_table_1_lasso_final_ridge_diyagnostik.txt,validation_artifact,0.0004,report or validation artifact kept in full archive only,not_needed,no
C:\Users\Monster\OneDrive\Masaüstü\proje2\outputs\reports\2024_table_1_lasso_final_ridge_katsayilari.csv,archive_full/reports/2024_table_1_lasso_final_ridge_katsayilari.csv,validation_artifact,0.0037,report or validation artifact kept in full archive only,not_needed,no
C:\Users\Monster\OneDrive\Masaüstü\proje2\outputs\reports\2024_table_1_lasso_final_ridge_katsayilari.txt,archive_full/reports/2024_table_1_lasso_final_ridge_katsayilari.txt,validation_artifact,0.0015,report or validation artifact kept in full archive only,not_needed,no
C:\Users\Monster\OneDrive\Masaüstü\proje2\outputs\reports\2024_table_1_lasso_final_standardizasyon_bazlari.csv,archive_full/reports/2024_table_1_lasso_final_standardizasyon_bazlari.csv,validation_artifact,0.0052,report or validation artifact kept in full archive only,not_needed,no
C:\Users\Monster\OneDrive\Masaüstü\proje2\outputs\reports\2024_table_1_lasso_final_tasarim_degisenleri.csv,archive_full/reports/2024_table_1_lasso_final_tasarim_degisenleri.csv,validation_artifact,0.0007,report or validation artifact kept in full archive only,not_needed,no
C:\Users\Monster\OneDrive\Masaüstü\proje2\outputs\reports\2024_table_1_lasso_final_vif_tablosu.csv,archive_full/reports/2024_table_1_lasso_final_vif_tablosu.csv,validation_artifact,0.0035,report or validation artifact kept in full archive only,not_needed,no
C:\Users\Monster\OneDrive\Masaüstü\proje2\outputs\reports\2024_table_1_lasso_final_vif_tablosu.txt,archive_full/reports/2024_table_1_lasso_final_vif_tablosu.txt,validation_artifact,0.001,report or validation artifact kept in full archive only,not_needed,no
C:\Users\Monster\OneDrive\Masaüstü\proje2\outputs\reports\2024_table_1_lasso_interaction_adaylari.csv,archive_full/reports/2024_table_1_lasso_interaction_adaylari.csv,validation_artifact,0.0049,report or validation artifact kept in full archive only,not_needed,no
C:\Users\Monster\OneDrive\Masaüstü\proje2\outputs\reports\2024_table_1_lasso_interaction_adaylari.txt,archive_full/reports/2024_table_1_lasso_interaction_adaylari.txt,validation_artifact,0.0037,report or validation artifact kept in full archive only,not_needed,no
C:\Users\Monster\OneDrive\Masaüstü\proje2\outputs\reports\2024_table_1_lasso_ozet_metrikleri.csv,archive_full/reports/2024_table_1_lasso_ozet_metrikleri.csv,validation_artifact,0.0006,report or validation artifact kept in full archive only,not_needed,no
C:\Users\Monster\OneDrive\Masaüstü\proje2\outputs\reports\2024_table_1_lasso_ozet_metrikleri.txt,archive_full/reports/2024_table_1_lasso_ozet_metrikleri.txt,validation_artifact,0.0004,report or validation artifact kept in full archive only,not_needed,no
C:\Users\Monster\OneDrive\Masaüstü\proje2\outputs\reports\2024_table_1_lasso_secilen_interactionlar.csv,archive_full/reports/2024_table_1_lasso_secilen_interactionlar.csv,validation_artifact,0.0024,report or validation artifact kept in full archive only,not_needed,no
C:\Users\Monster\OneDrive\Masaüstü\proje2\outputs\reports\2024_table_1_lasso_secilen_interactionlar.txt,archive_full/reports/2024_table_1_lasso_secilen_interactionlar.txt,validation_artifact,0.0015,report or validation artifact kept in full archive only,not_needed,no
C:\Users\Monster\OneDrive\Masaüstü\proje2\outputs\reports\2024_table_1_model_diyagnostik.csv,archive_full/reports/2024_table_1_model_diyagnostik.csv,validation_artifact,0.0007,report or validation artifact kept in full archive only,not_needed,no
C:\Users\Monster\OneDrive\Masaüstü\proje2\outputs\reports\2024_table_1_ols_ozeti.txt,archive_full/reports/2024_table_1_ols_ozeti.txt,validation_artifact,0.0019,report or validation artifact kept in full archive only,not_needed,no
C:\Users\Monster\OneDrive\Masaüstü\proje2\outputs\reports\2024_table_1_ols_regresyon_tablosu.csv,archive_full/reports/2024_table_1_ols_regresyon_tablosu.csv,validation_artifact,0.0005,report or validation artifact kept in full archive only,not_needed,no
C:\Users\Monster\OneDrive\Masaüstü\proje2\outputs\reports\2024_table_1_standardizasyon_bazlari.csv,archive_full/reports/2024_table_1_standardizasyon_bazlari.csv,validation_artifact,0.0002,report or validation artifact kept in full archive only,not_needed,no
C:\Users\Monster\OneDrive\Masaüstü\proje2\outputs\reports\2024_table_1_vif_tablosu.csv,archive_full/reports/2024_table_1_vif_tablosu.csv,validation_artifact,0.0002,report or validation artifact kept in full archive only,not_needed,no
C:\Users\Monster\OneDrive\Masaüstü\proje2\outputs\reports\2024_table_1_vif_tablosu.txt,archive_full/reports/2024_table_1_vif_tablosu.txt,validation_artifact,0.0002,report or validation artifact kept in full archive only,not_needed,no
C:\Users\Monster\OneDrive\Masaüstü\proje2\outputs\reports\2024_table_2_lasso_final_cdd_marjinal_etki_aylik.csv,archive_full/reports/2024_table_2_lasso_final_cdd_marjinal_etki_aylik.csv,validation_artifact,0.004,report or validation artifact kept in full archive only,not_needed,no
C:\Users\Monster\OneDrive\Masaüstü\proje2\outputs\reports\2024_table_2_lasso_final_cdd_marjinal_etki_aylik.txt,archive_full/reports/2024_table_2_lasso_final_cdd_marjinal_etki_aylik.txt,validation_artifact,0.0017,report or validation artifact kept in full archive only,not_needed,no
C:\Users\Monster\OneDrive\Masaüstü\proje2\outputs\reports\2024_table_2_lasso_final_cdd_marjinal_etki_bilesenleri_aylik.csv,archive_full/reports/2024_table_2_lasso_final_cdd_marjinal_etki_bilesenleri_aylik.csv,validation_artifact,0.0151,report or validation artifact kept in full archive only,not_needed,no
C:\Users\Monster\OneDrive\Masaüstü\proje2\outputs\reports\2024_table_2_lasso_final_cdd_marjinal_etki_bilesenleri_aylik.txt,archive_full/reports/2024_table_2_lasso_final_cdd_marjinal_etki_bilesenleri_aylik.txt,validation_artifact,0.0032,report or validation artifact kept in full archive only,not_needed,no
C:\Users\Monster\OneDrive\Masaüstü\proje2\outputs\reports\2024_table_2_lasso_final_elastic_net_diyagnostik.csv,archive_full/reports/2024_table_2_lasso_final_elastic_net_diyagnostik.csv,validation_artifact,0.0011,report or validation artifact kept in full archive only,not_needed,no
C:\Users\Monster\OneDrive\Masaüstü\proje2\outputs\reports\2024_table_2_lasso_final_elastic_net_diyagnostik.txt,archive_full/reports/2024_table_2_lasso_final_elastic_net_diyagnostik.txt,validation_artifact,0.0005,report or validation artifact kept in full archive only,not_needed,no
C:\Users\Monster\OneDrive\Masaüstü\proje2\outputs\reports\2024_table_2_lasso_final_elastic_net_katsayilari.csv,archive_full/reports/2024_table_2_lasso_final_elastic_net_katsayilari.csv,validation_artifact,0.0043,report or validation artifact kept in full archive only,not_needed,no
C:\Users\Monster\OneDrive\Masaüstü\proje2\outputs\reports\2024_table_2_lasso_final_elastic_net_katsayilari.txt,archive_full/reports/2024_table_2_lasso_final_elastic_net_katsayilari.txt,validation_artifact,0.0015,report or validation artifact kept in full archive only,not_needed,no
C:\Users\Monster\OneDrive\Masaüstü\proje2\outputs\reports\2024_table_2_lasso_final_hdd_marjinal_etki_aylik.csv,archive_full/reports/2024_table_2_lasso_final_hdd_marjinal_etki_aylik.csv,validation_artifact,0.0041,report or validation artifact kept in full archive only,not_needed,no
C:\Users\Monster\OneDrive\Masaüstü\proje2\outputs\reports\2024_table_2_lasso_final_hdd_marjinal_etki_aylik.txt,archive_full/reports/2024_table_2_lasso_final_hdd_marjinal_etki_aylik.txt,validation_artifact,0.0017,report or validation artifact kept in full archive only,not_needed,no
C:\Users\Monster\OneDrive\Masaüstü\proje2\outputs\reports\2024_table_2_lasso_final_hdd_marjinal_etki_bilesenleri_aylik.csv,archive_full/reports/2024_table_2_lasso_final_hdd_marjinal_etki_bilesenleri_aylik.csv,validation_artifact,0.0202,report or validation artifact kept in full archive only,not_needed,no
C:\Users\Monster\OneDrive\Masaüstü\proje2\outputs\reports\2024_table_2_lasso_final_hdd_marjinal_etki_bilesenleri_aylik.txt,archive_full/reports/2024_table_2_lasso_final_hdd_marjinal_etki_bilesenleri_aylik.txt,validation_artifact,0.0042,report or validation artifact kept in full archive only,not_needed,no
C:\Users\Monster\OneDrive\Masaüstü\proje2\outputs\reports\2024_table_2_lasso_final_model_diyagnostik.csv,archive_full/reports/2024_table_2_lasso_final_model_diyagnostik.csv,validation_artifact,0.001,report or validation artifact kept in full archive only,not_needed,no
C:\Users\Monster\OneDrive\Masaüstü\proje2\outputs\reports\2024_table_2_lasso_final_model_diyagnostik.txt,archive_full/reports/2024_table_2_lasso_final_model_diyagnostik.txt,validation_artifact,0.0006,report or validation artifact kept in full archive only,not_needed,no
C:\Users\Monster\OneDrive\Masaüstü\proje2\outputs\reports\2024_table_2_lasso_final_ols_ozeti.txt,archive_full/reports/2024_table_2_lasso_final_ols_ozeti.txt,validation_artifact,0.0043,report or validation artifact kept in full archive only,not_needed,no
C:\Users\Monster\OneDrive\Masaüstü\proje2\outputs\reports\2024_table_2_lasso_final_ols_regresyon_tablosu.csv,archive_full/reports/2024_table_2_lasso_final_ols_regresyon_tablosu.csv,validation_artifact,0.0068,report or validation artifact kept in full archive only,not_needed,no
C:\Users\Monster\OneDrive\Masaüstü\proje2\outputs\reports\2024_table_2_lasso_final_ols_regresyon_tablosu.txt,archive_full/reports/2024_table_2_lasso_final_ols_regresyon_tablosu.txt,validation_artifact,0.0023,report or validation artifact kept in full archive only,not_needed,no
C:\Users\Monster\OneDrive\Masaüstü\proje2\outputs\reports\2024_table_2_lasso_final_ridge_diyagnostik.csv,archive_full/reports/2024_table_2_lasso_final_ridge_diyagnostik.csv,validation_artifact,0.001,report or validation artifact kept in full archive only,not_needed,no
C:\Users\Monster\OneDrive\Masaüstü\proje2\outputs\reports\2024_table_2_lasso_final_ridge_diyagnostik.txt,archive_full/reports/2024_table_2_lasso_final_ridge_diyagnostik.txt,validation_artifact,0.0005,report or validation artifact kept in full archive only,not_needed,no
C:\Users\Monster\OneDrive\Masaüstü\proje2\outputs\reports\2024_table_2_lasso_final_ridge_katsayilari.csv,archive_full/reports/2024_table_2_lasso_final_ridge_katsayilari.csv,validation_artifact,0.0041,report or validation artifact kept in full archive only,not_needed,no
C:\Users\Monster\OneDrive\Masaüstü\proje2\outputs\reports\2024_table_2_lasso_final_ridge_katsayilari.txt,archive_full/reports/2024_table_2_lasso_final_ridge_katsayilari.txt,validation_artifact,0.0015,report or validation artifact kept in full archive only,not_needed,no
C:\Users\Monster\OneDrive\Masaüstü\proje2\outputs\reports\2024_table_2_lasso_final_standardizasyon_bazlari.csv,archive_full/reports/2024_table_2_lasso_final_standardizasyon_bazlari.csv,validation_artifact,0.0055,report or validation artifact kept in full archive only,not_needed,no
C:\Users\Monster\OneDrive\Masaüstü\proje2\outputs\reports\2024_table_2_lasso_final_tasarim_degisenleri.csv,archive_full/reports/2024_table_2_lasso_final_tasarim_degisenleri.csv,validation_artifact,0.0007,report or validation artifact kept in full archive only,not_needed,no
C:\Users\Monster\OneDrive\Masaüstü\proje2\outputs\reports\2024_table_2_lasso_final_vif_tablosu.csv,archive_full/reports/2024_table_2_lasso_final_vif_tablosu.csv,validation_artifact,0.0039,report or validation artifact kept in full archive only,not_needed,no
C:\Users\Monster\OneDrive\Masaüstü\proje2\outputs\reports\2024_table_2_lasso_final_vif_tablosu.txt,archive_full/reports/2024_table_2_lasso_final_vif_tablosu.txt,validation_artifact,0.001,report or validation artifact kept in full archive only,not_needed,no
C:\Users\Monster\OneDrive\Masaüstü\proje2\outputs\reports\2024_table_2_lasso_interaction_adaylari.csv,archive_full/reports/2024_table_2_lasso_interaction_adaylari.csv,validation_artifact,0.0055,report or validation artifact kept in full archive only,not_needed,no
C:\Users\Monster\OneDrive\Masaüstü\proje2\outputs\reports\2024_table_2_lasso_interaction_adaylari.txt,archive_full/reports/2024_table_2_lasso_interaction_adaylari.txt,validation_artifact,0.0037,report or validation artifact kept in full archive only,not_needed,no
C:\Users\Monster\OneDrive\Masaüstü\proje2\outputs\reports\2024_table_2_lasso_ozet_metrikleri.csv,archive_full/reports/2024_table_2_lasso_ozet_metrikleri.csv,validation_artifact,0.0007,report or validation artifact kept in full archive only,not_needed,no
C:\Users\Monster\OneDrive\Masaüstü\proje2\outputs\reports\2024_table_2_lasso_ozet_metrikleri.txt,archive_full/reports/2024_table_2_lasso_ozet_metrikleri.txt,validation_artifact,0.0005,report or validation artifact kept in full archive only,not_needed,no
C:\Users\Monster\OneDrive\Masaüstü\proje2\outputs\reports\2024_table_2_lasso_secilen_interactionlar.csv,archive_full/reports/2024_table_2_lasso_secilen_interactionlar.csv,validation_artifact,0.0027,report or validation artifact kept in full archive only,not_needed,no
C:\Users\Monster\OneDrive\Masaüstü\proje2\outputs\reports\2024_table_2_lasso_secilen_interactionlar.txt,archive_full/reports/2024_table_2_lasso_secilen_interactionlar.txt,validation_artifact,0.0015,report or validation artifact kept in full archive only,not_needed,no
C:\Users\Monster\OneDrive\Masaüstü\proje2\outputs\reports\2024_table_2_model_diyagnostik.csv,archive_full/reports/2024_table_2_model_diyagnostik.csv,validation_artifact,0.0009,report or validation artifact kept in full archive only,not_needed,no
C:\Users\Monster\OneDrive\Masaüstü\proje2\outputs\reports\2024_table_2_ols_ozeti.txt,archive_full/reports/2024_table_2_ols_ozeti.txt,validation_artifact,0.002,report or validation artifact kept in full archive only,not_needed,no
C:\Users\Monster\OneDrive\Masaüstü\proje2\outputs\reports\2024_table_2_ols_regresyon_tablosu.csv,archive_full/reports/2024_table_2_ols_regresyon_tablosu.csv,validation_artifact,0.0007,report or validation artifact kept in full archive only,not_needed,no
C:\Users\Monster\OneDrive\Masaüstü\proje2\outputs\reports\2024_table_2_standardizasyon_bazlari.csv,archive_full/reports/2024_table_2_standardizasyon_bazlari.csv,validation_artifact,0.0002,report or validation artifact kept in full archive only,not_needed,no
C:\Users\Monster\OneDrive\Masaüstü\proje2\outputs\reports\2024_table_2_vif_tablosu.csv,archive_full/reports/2024_table_2_vif_tablosu.csv,validation_artifact,0.0003,report or validation artifact kept in full archive only,not_needed,no
C:\Users\Monster\OneDrive\Masaüstü\proje2\outputs\reports\2024_table_2_vif_tablosu.txt,archive_full/reports/2024_table_2_vif_tablosu.txt,validation_artifact,0.0002,report or validation artifact kept in full archive only,not_needed,no
C:\Users\Monster\OneDrive\Masaüstü\proje2\outputs\reports\2024_table_3_lasso_final_cdd_marjinal_etki_aylik.csv,archive_full/reports/2024_table_3_lasso_final_cdd_marjinal_etki_aylik.csv,validation_artifact,0.0042,report or validation artifact kept in full archive only,not_needed,no
C:\Users\Monster\OneDrive\Masaüstü\proje2\outputs\reports\2024_table_3_lasso_final_cdd_marjinal_etki_aylik.txt,archive_full/reports/2024_table_3_lasso_final_cdd_marjinal_etki_aylik.txt,validation_artifact,0.0017,report or validation artifact kept in full archive only,not_needed,no
C:\Users\Monster\OneDrive\Masaüstü\proje2\outputs\reports\2024_table_3_lasso_final_cdd_marjinal_etki_bilesenleri_aylik.csv,archive_full/reports/2024_table_3_lasso_final_cdd_marjinal_etki_bilesenleri_aylik.csv,validation_artifact,0.0162,report or validation artifact kept in full archive only,not_needed,no
C:\Users\Monster\OneDrive\Masaüstü\proje2\outputs\reports\2024_table_3_lasso_final_cdd_marjinal_etki_bilesenleri_aylik.txt,archive_full/reports/2024_table_3_lasso_final_cdd_marjinal_etki_bilesenleri_aylik.txt,validation_artifact,0.0033,report or validation artifact kept in full archive only,not_needed,no
C:\Users\Monster\OneDrive\Masaüstü\proje2\outputs\reports\2024_table_3_lasso_final_elastic_net_diyagnostik.csv,archive_full/reports/2024_table_3_lasso_final_elastic_net_diyagnostik.csv,validation_artifact,0.0012,report or validation artifact kept in full archive only,not_needed,no
C:\Users\Monster\OneDrive\Masaüstü\proje2\outputs\reports\2024_table_3_lasso_final_elastic_net_diyagnostik.txt,archive_full/reports/2024_table_3_lasso_final_elastic_net_diyagnostik.txt,validation_artifact,0.0005,report or validation artifact kept in full archive only,not_needed,no
C:\Users\Monster\OneDrive\Masaüstü\proje2\outputs\reports\2024_table_3_lasso_final_elastic_net_katsayilari.csv,archive_full/reports/2024_table_3_lasso_final_elastic_net_katsayilari.csv,validation_artifact,0.0047,report or validation artifact kept in full archive only,not_needed,no
C:\Users\Monster\OneDrive\Masaüstü\proje2\outputs\reports\2024_table_3_lasso_final_elastic_net_katsayilari.txt,archive_full/reports/2024_table_3_lasso_final_elastic_net_katsayilari.txt,validation_artifact,0.0016,report or validation artifact kept in full archive only,not_needed,no
C:\Users\Monster\OneDrive\Masaüstü\proje2\outputs\reports\2024_table_3_lasso_final_hdd_marjinal_etki_aylik.csv,archive_full/reports/2024_table_3_lasso_final_hdd_marjinal_etki_aylik.csv,validation_artifact,0.0043,report or validation artifact kept in full archive only,not_needed,no
C:\Users\Monster\OneDrive\Masaüstü\proje2\outputs\reports\2024_table_3_lasso_final_hdd_marjinal_etki_aylik.txt,archive_full/reports/2024_table_3_lasso_final_hdd_marjinal_etki_aylik.txt,validation_artifact,0.0017,report or validation artifact kept in full archive only,not_needed,no
C:\Users\Monster\OneDrive\Masaüstü\proje2\outputs\reports\2024_table_3_lasso_final_hdd_marjinal_etki_bilesenleri_aylik.csv,archive_full/reports/2024_table_3_lasso_final_hdd_marjinal_etki_bilesenleri_aylik.csv,validation_artifact,0.0217,report or validation artifact kept in full archive only,not_needed,no
C:\Users\Monster\OneDrive\Masaüstü\proje2\outputs\reports\2024_table_3_lasso_final_hdd_marjinal_etki_bilesenleri_aylik.txt,archive_full/reports/2024_table_3_lasso_final_hdd_marjinal_etki_bilesenleri_aylik.txt,validation_artifact,0.0042,report or validation artifact kept in full archive only,not_needed,no
C:\Users\Monster\OneDrive\Masaüstü\proje2\outputs\reports\2024_table_3_lasso_final_model_diyagnostik.csv,archive_full/reports/2024_table_3_lasso_final_model_diyagnostik.csv,validation_artifact,0.0011,report or validation artifact kept in full archive only,not_needed,no
C:\Users\Monster\OneDrive\Masaüstü\proje2\outputs\reports\2024_table_3_lasso_final_model_diyagnostik.txt,archive_full/reports/2024_table_3_lasso_final_model_diyagnostik.txt,validation_artifact,0.0006,report or validation artifact kept in full archive only,not_needed,no
C:\Users\Monster\OneDrive\Masaüstü\proje2\outputs\reports\2024_table_3_lasso_final_ols_ozeti.txt,archive_full/reports/2024_table_3_lasso_final_ols_ozeti.txt,validation_artifact,0.0044,report or validation artifact kept in full archive only,not_needed,no
C:\Users\Monster\OneDrive\Masaüstü\proje2\outputs\reports\2024_table_3_lasso_final_ols_regresyon_tablosu.csv,archive_full/reports/2024_table_3_lasso_final_ols_regresyon_tablosu.csv,validation_artifact,0.0072,report or validation artifact kept in full archive only,not_needed,no
C:\Users\Monster\OneDrive\Masaüstü\proje2\outputs\reports\2024_table_3_lasso_final_ols_regresyon_tablosu.txt,archive_full/reports/2024_table_3_lasso_final_ols_regresyon_tablosu.txt,validation_artifact,0.0023,report or validation artifact kept in full archive only,not_needed,no
C:\Users\Monster\OneDrive\Masaüstü\proje2\outputs\reports\2024_table_3_lasso_final_ridge_diyagnostik.csv,archive_full/reports/2024_table_3_lasso_final_ridge_diyagnostik.csv,validation_artifact,0.0012,report or validation artifact kept in full archive only,not_needed,no
C:\Users\Monster\OneDrive\Masaüstü\proje2\outputs\reports\2024_table_3_lasso_final_ridge_diyagnostik.txt,archive_full/reports/2024_table_3_lasso_final_ridge_diyagnostik.txt,validation_artifact,0.0005,report or validation artifact kept in full archive only,not_needed,no
C:\Users\Monster\OneDrive\Masaüstü\proje2\outputs\reports\2024_table_3_lasso_final_ridge_katsayilari.csv,archive_full/reports/2024_table_3_lasso_final_ridge_katsayilari.csv,validation_artifact,0.0045,report or validation artifact kept in full archive only,not_needed,no
C:\Users\Monster\OneDrive\Masaüstü\proje2\outputs\reports\2024_table_3_lasso_final_ridge_katsayilari.txt,archive_full/reports/2024_table_3_lasso_final_ridge_katsayilari.txt,validation_artifact,0.0016,report or validation artifact kept in full archive only,not_needed,no
C:\Users\Monster\OneDrive\Masaüstü\proje2\outputs\reports\2024_table_3_lasso_final_standardizasyon_bazlari.csv,archive_full/reports/2024_table_3_lasso_final_standardizasyon_bazlari.csv,validation_artifact,0.006,report or validation artifact kept in full archive only,not_needed,no
C:\Users\Monster\OneDrive\Masaüstü\proje2\outputs\reports\2024_table_3_lasso_final_tasarim_degisenleri.csv,archive_full/reports/2024_table_3_lasso_final_tasarim_degisenleri.csv,validation_artifact,0.0007,report or validation artifact kept in full archive only,not_needed,no
C:\Users\Monster\OneDrive\Masaüstü\proje2\outputs\reports\2024_table_3_lasso_final_vif_tablosu.csv,archive_full/reports/2024_table_3_lasso_final_vif_tablosu.csv,validation_artifact,0.0043,report or validation artifact kept in full archive only,not_needed,no
C:\Users\Monster\OneDrive\Masaüstü\proje2\outputs\reports\2024_table_3_lasso_final_vif_tablosu.txt,archive_full/reports/2024_table_3_lasso_final_vif_tablosu.txt,validation_artifact,0.001,report or validation artifact kept in full archive only,not_needed,no
C:\Users\Monster\OneDrive\Masaüstü\proje2\outputs\reports\2024_table_3_lasso_interaction_adaylari.csv,archive_full/reports/2024_table_3_lasso_interaction_adaylari.csv,validation_artifact,0.0062,report or validation artifact kept in full archive only,not_needed,no
C:\Users\Monster\OneDrive\Masaüstü\proje2\outputs\reports\2024_table_3_lasso_interaction_adaylari.txt,archive_full/reports/2024_table_3_lasso_interaction_adaylari.txt,validation_artifact,0.0037,report or validation artifact kept in full archive only,not_needed,no
C:\Users\Monster\OneDrive\Masaüstü\proje2\outputs\reports\2024_table_3_lasso_interactionli_model_diyagnostik.csv,archive_full/reports/2024_table_3_lasso_interactionli_model_diyagnostik.csv,validation_artifact,0.0013,report or validation artifact kept in full archive only,not_needed,no
C:\Users\Monster\OneDrive\Masaüstü\proje2\outputs\reports\2024_table_3_lasso_interactionli_ols_ozeti.txt,archive_full/reports/2024_table_3_lasso_interactionli_ols_ozeti.txt,validation_artifact,0.0025,report or validation artifact kept in full archive only,not_needed,no
C:\Users\Monster\OneDrive\Masaüstü\proje2\outputs\reports\2024_table_3_lasso_interactionli_ols_regresyon_tablosu.csv,archive_full/reports/2024_table_3_lasso_interactionli_ols_regresyon_tablosu.csv,validation_artifact,0.0021,report or validation artifact kept in full archive only,not_needed,no
C:\Users\Monster\OneDrive\Masaüstü\proje2\outputs\reports\2024_table_3_lasso_interactionli_standardizasyon_bazlari.csv,archive_full/reports/2024_table_3_lasso_interactionli_standardizasyon_bazlari.csv,validation_artifact,0.001,report or validation artifact kept in full archive only,not_needed,no
C:\Users\Monster\OneDrive\Masaüstü\proje2\outputs\reports\2024_table_3_lasso_interactionli_vif_tablosu.csv,archive_full/reports/2024_table_3_lasso_interactionli_vif_tablosu.csv,validation_artifact,0.0011,report or validation artifact kept in full archive only,not_needed,no
C:\Users\Monster\OneDrive\Masaüstü\proje2\outputs\reports\2024_table_3_lasso_interactionli_vif_tablosu.txt,archive_full/reports/2024_table_3_lasso_interactionli_vif_tablosu.txt,validation_artifact,0.0004,report or validation artifact kept in full archive only,not_needed,no
C:\Users\Monster\OneDrive\Masaüstü\proje2\outputs\reports\2024_table_3_lasso_ozet_metrikleri.csv,archive_full/reports/2024_table_3_lasso_ozet_metrikleri.csv,validation_artifact,0.0009,report or validation artifact kept in full archive only,not_needed,no
C:\Users\Monster\OneDrive\Masaüstü\proje2\outputs\reports\2024_table_3_lasso_ozet_metrikleri.txt,archive_full/reports/2024_table_3_lasso_ozet_metrikleri.txt,validation_artifact,0.0005,report or validation artifact kept in full archive only,not_needed,no
C:\Users\Monster\OneDrive\Masaüstü\proje2\outputs\reports\2024_table_3_lasso_secilen_interactionlar.csv,archive_full/reports/2024_table_3_lasso_secilen_interactionlar.csv,validation_artifact,0.003,report or validation artifact kept in full archive only,not_needed,no
C:\Users\Monster\OneDrive\Masaüstü\proje2\outputs\reports\2024_table_3_lasso_secilen_interactionlar.txt,archive_full/reports/2024_table_3_lasso_secilen_interactionlar.txt,validation_artifact,0.0015,report or validation artifact kept in full archive only,not_needed,no
C:\Users\Monster\OneDrive\Masaüstü\proje2\outputs\reports\2024_table_3_model_diyagnostik.csv,archive_full/reports/2024_table_3_model_diyagnostik.csv,validation_artifact,0.001,report or validation artifact kept in full archive only,not_needed,no
C:\Users\Monster\OneDrive\Masaüstü\proje2\outputs\reports\2024_table_3_ols_ozeti.txt,archive_full/reports/2024_table_3_ols_ozeti.txt,validation_artifact,0.0021,report or validation artifact kept in full archive only,not_needed,no
C:\Users\Monster\OneDrive\Masaüstü\proje2\outputs\reports\2024_table_3_ols_regresyon_tablosu.csv,archive_full/reports/2024_table_3_ols_regresyon_tablosu.csv,validation_artifact,0.001,report or validation artifact kept in full archive only,not_needed,no
C:\Users\Monster\OneDrive\Masaüstü\proje2\outputs\reports\2024_table_3_standardizasyon_bazlari.csv,archive_full/reports/2024_table_3_standardizasyon_bazlari.csv,validation_artifact,0.0003,report or validation artifact kept in full archive only,not_needed,no
C:\Users\Monster\OneDrive\Masaüstü\proje2\outputs\reports\2024_table_3_vif_tablosu.csv,archive_full/reports/2024_table_3_vif_tablosu.csv,validation_artifact,0.0004,report or validation artifact kept in full archive only,not_needed,no
C:\Users\Monster\OneDrive\Masaüstü\proje2\outputs\reports\2024_table_3_vif_tablosu.txt,archive_full/reports/2024_table_3_vif_tablosu.txt,validation_artifact,0.0003,report or validation artifact kept in full archive only,not_needed,no
C:\Users\Monster\OneDrive\Masaüstü\proje2\outputs\reports\2024_table_4_lasso_final_cdd_marjinal_etki_aylik.csv,archive_full/reports/2024_table_4_lasso_final_cdd_marjinal_etki_aylik.csv,validation_artifact,0.0045,report or validation artifact kept in full archive only,not_needed,no
C:\Users\Monster\OneDrive\Masaüstü\proje2\outputs\reports\2024_table_4_lasso_final_cdd_marjinal_etki_aylik.txt,archive_full/reports/2024_table_4_lasso_final_cdd_marjinal_etki_aylik.txt,validation_artifact,0.0017,report or validation artifact kept in full archive only,not_needed,no
C:\Users\Monster\OneDrive\Masaüstü\proje2\outputs\reports\2024_table_4_lasso_final_cdd_marjinal_etki_bilesenleri_aylik.csv,archive_full/reports/2024_table_4_lasso_final_cdd_marjinal_etki_bilesenleri_aylik.csv,validation_artifact,0.0174,report or validation artifact kept in full archive only,not_needed,no
C:\Users\Monster\OneDrive\Masaüstü\proje2\outputs\reports\2024_table_4_lasso_final_cdd_marjinal_etki_bilesenleri_aylik.txt,archive_full/reports/2024_table_4_lasso_final_cdd_marjinal_etki_bilesenleri_aylik.txt,validation_artifact,0.0033,report or validation artifact kept in full archive only,not_needed,no
C:\Users\Monster\OneDrive\Masaüstü\proje2\outputs\reports\2024_table_4_lasso_final_elastic_net_diyagnostik.csv,archive_full/reports/2024_table_4_lasso_final_elastic_net_diyagnostik.csv,validation_artifact,0.0013,report or validation artifact kept in full archive only,not_needed,no
C:\Users\Monster\OneDrive\Masaüstü\proje2\outputs\reports\2024_table_4_lasso_final_elastic_net_diyagnostik.txt,archive_full/reports/2024_table_4_lasso_final_elastic_net_diyagnostik.txt,validation_artifact,0.0005,report or validation artifact kept in full archive only,not_needed,no
C:\Users\Monster\OneDrive\Masaüstü\proje2\outputs\reports\2024_table_4_lasso_final_elastic_net_katsayilari.csv,archive_full/reports/2024_table_4_lasso_final_elastic_net_katsayilari.csv,validation_artifact,0.0072,report or validation artifact kept in full archive only,not_needed,no
C:\Users\Monster\OneDrive\Masaüstü\proje2\outputs\reports\2024_table_4_lasso_final_elastic_net_katsayilari.txt,archive_full/reports/2024_table_4_lasso_final_elastic_net_katsayilari.txt,validation_artifact,0.0016,report or validation artifact kept in full archive only,not_needed,no
C:\Users\Monster\OneDrive\Masaüstü\proje2\outputs\reports\2024_table_4_lasso_final_hdd_marjinal_etki_aylik.csv,archive_full/reports/2024_table_4_lasso_final_hdd_marjinal_etki_aylik.csv,validation_artifact,0.0045,report or validation artifact kept in full archive only,not_needed,no
C:\Users\Monster\OneDrive\Masaüstü\proje2\outputs\reports\2024_table_4_lasso_final_hdd_marjinal_etki_aylik.txt,archive_full/reports/2024_table_4_lasso_final_hdd_marjinal_etki_aylik.txt,validation_artifact,0.0017,report or validation artifact kept in full archive only,not_needed,no
C:\Users\Monster\OneDrive\Masaüstü\proje2\outputs\reports\2024_table_4_lasso_final_hdd_marjinal_etki_bilesenleri_aylik.csv,archive_full/reports/2024_table_4_lasso_final_hdd_marjinal_etki_bilesenleri_aylik.csv,validation_artifact,0.0175,report or validation artifact kept in full archive only,not_needed,no
C:\Users\Monster\OneDrive\Masaüstü\proje2\outputs\reports\2024_table_4_lasso_final_hdd_marjinal_etki_bilesenleri_aylik.txt,archive_full/reports/2024_table_4_lasso_final_hdd_marjinal_etki_bilesenleri_aylik.txt,validation_artifact,0.0033,report or validation artifact kept in full archive only,not_needed,no
C:\Users\Monster\OneDrive\Masaüstü\proje2\outputs\reports\2024_table_4_lasso_final_model_diyagnostik.csv,archive_full/reports/2024_table_4_lasso_final_model_diyagnostik.csv,validation_artifact,0.0013,report or validation artifact kept in full archive only,not_needed,no
C:\Users\Monster\OneDrive\Masaüstü\proje2\outputs\reports\2024_table_4_lasso_final_model_diyagnostik.txt,archive_full/reports/2024_table_4_lasso_final_model_diyagnostik.txt,validation_artifact,0.0007,report or validation artifact kept in full archive only,not_needed,no
C:\Users\Monster\OneDrive\Masaüstü\proje2\outputs\reports\2024_table_4_lasso_final_ols_ozeti.txt,archive_full/reports/2024_table_4_lasso_final_ols_ozeti.txt,validation_artifact,0.0044,report or validation artifact kept in full archive only,not_needed,no
C:\Users\Monster\OneDrive\Masaüstü\proje2\outputs\reports\2024_table_4_lasso_final_ols_regresyon_tablosu.csv,archive_full/reports/2024_table_4_lasso_final_ols_regresyon_tablosu.csv,validation_artifact,0.0106,report or validation artifact kept in full archive only,not_needed,no
C:\Users\Monster\OneDrive\Masaüstü\proje2\outputs\reports\2024_table_4_lasso_final_ols_regresyon_tablosu.txt,archive_full/reports/2024_table_4_lasso_final_ols_regresyon_tablosu.txt,validation_artifact,0.0024,report or validation artifact kept in full archive only,not_needed,no
C:\Users\Monster\OneDrive\Masaüstü\proje2\outputs\reports\2024_table_4_lasso_final_ridge_diyagnostik.csv,archive_full/reports/2024_table_4_lasso_final_ridge_diyagnostik.csv,validation_artifact,0.0013,report or validation artifact kept in full archive only,not_needed,no
C:\Users\Monster\OneDrive\Masaüstü\proje2\outputs\reports\2024_table_4_lasso_final_ridge_diyagnostik.txt,archive_full/reports/2024_table_4_lasso_final_ridge_diyagnostik.txt,validation_artifact,0.0005,report or validation artifact kept in full archive only,not_needed,no
C:\Users\Monster\OneDrive\Masaüstü\proje2\outputs\reports\2024_table_4_lasso_final_ridge_katsayilari.csv,archive_full/reports/2024_table_4_lasso_final_ridge_katsayilari.csv,validation_artifact,0.0069,report or validation artifact kept in full archive only,not_needed,no
C:\Users\Monster\OneDrive\Masaüstü\proje2\outputs\reports\2024_table_4_lasso_final_ridge_katsayilari.txt,archive_full/reports/2024_table_4_lasso_final_ridge_katsayilari.txt,validation_artifact,0.0016,report or validation artifact kept in full archive only,not_needed,no
C:\Users\Monster\OneDrive\Masaüstü\proje2\outputs\reports\2024_table_4_lasso_final_standardizasyon_bazlari.csv,archive_full/reports/2024_table_4_lasso_final_standardizasyon_bazlari.csv,validation_artifact,0.0064,report or validation artifact kept in full archive only,not_needed,no
C:\Users\Monster\OneDrive\Masaüstü\proje2\outputs\reports\2024_table_4_lasso_final_tasarim_degisenleri.csv,archive_full/reports/2024_table_4_lasso_final_tasarim_degisenleri.csv,validation_artifact,0.0006,report or validation artifact kept in full archive only,not_needed,no
C:\Users\Monster\OneDrive\Masaüstü\proje2\outputs\reports\2024_table_4_lasso_final_vif_tablosu.csv,archive_full/reports/2024_table_4_lasso_final_vif_tablosu.csv,validation_artifact,0.0067,report or validation artifact kept in full archive only,not_needed,no
C:\Users\Monster\OneDrive\Masaüstü\proje2\outputs\reports\2024_table_4_lasso_final_vif_tablosu.txt,archive_full/reports/2024_table_4_lasso_final_vif_tablosu.txt,validation_artifact,0.001,report or validation artifact kept in full archive only,not_needed,no
C:\Users\Monster\OneDrive\Masaüstü\proje2\outputs\reports\2024_table_4_lasso_interaction_adaylari.csv,archive_full/reports/2024_table_4_lasso_interaction_adaylari.csv,validation_artifact,0.0069,report or validation artifact kept in full archive only,not_needed,no
C:\Users\Monster\OneDrive\Masaüstü\proje2\outputs\reports\2024_table_4_lasso_interaction_adaylari.txt,archive_full/reports/2024_table_4_lasso_interaction_adaylari.txt,validation_artifact,0.0025,report or validation artifact kept in full archive only,not_needed,no
C:\Users\Monster\OneDrive\Masaüstü\proje2\outputs\reports\2024_table_4_lasso_interactionli_model_diyagnostik.csv,archive_full/reports/2024_table_4_lasso_interactionli_model_diyagnostik.csv,validation_artifact,0.0014,report or validation artifact kept in full archive only,not_needed,no
C:\Users\Monster\OneDrive\Masaüstü\proje2\outputs\reports\2024_table_4_lasso_interactionli_ols_ozeti.txt,archive_full/reports/2024_table_4_lasso_interactionli_ols_ozeti.txt,validation_artifact,0.0051,report or validation artifact kept in full archive only,not_needed,no
C:\Users\Monster\OneDrive\Masaüstü\proje2\outputs\reports\2024_table_4_lasso_interactionli_ols_regresyon_tablosu.csv,archive_full/reports/2024_table_4_lasso_interactionli_ols_regresyon_tablosu.csv,validation_artifact,0.0094,report or validation artifact kept in full archive only,not_needed,no
C:\Users\Monster\OneDrive\Masaüstü\proje2\outputs\reports\2024_table_4_lasso_interactionli_standardizasyon_bazlari.csv,archive_full/reports/2024_table_4_lasso_interactionli_standardizasyon_bazlari.csv,validation_artifact,0.0042,report or validation artifact kept in full archive only,not_needed,no
C:\Users\Monster\OneDrive\Masaüstü\proje2\outputs\reports\2024_table_4_lasso_interactionli_vif_tablosu.csv,archive_full/reports/2024_table_4_lasso_interactionli_vif_tablosu.csv,validation_artifact,0.0056,report or validation artifact kept in full archive only,not_needed,no
C:\Users\Monster\OneDrive\Masaüstü\proje2\outputs\reports\2024_table_4_lasso_interactionli_vif_tablosu.txt,archive_full/reports/2024_table_4_lasso_interactionli_vif_tablosu.txt,validation_artifact,0.0013,report or validation artifact kept in full archive only,not_needed,no
C:\Users\Monster\OneDrive\Masaüstü\proje2\outputs\reports\2024_table_4_lasso_ozet_metrikleri.csv,archive_full/reports/2024_table_4_lasso_ozet_metrikleri.csv,validation_artifact,0.001,report or validation artifact kept in full archive only,not_needed,no
C:\Users\Monster\OneDrive\Masaüstü\proje2\outputs\reports\2024_table_4_lasso_ozet_metrikleri.txt,archive_full/reports/2024_table_4_lasso_ozet_metrikleri.txt,validation_artifact,0.0005,report or validation artifact kept in full archive only,not_needed,no
C:\Users\Monster\OneDrive\Masaüstü\proje2\outputs\reports\2024_table_4_lasso_secilen_interactionlar.csv,archive_full/reports/2024_table_4_lasso_secilen_interactionlar.csv,validation_artifact,0.0033,report or validation artifact kept in full archive only,not_needed,no
C:\Users\Monster\OneDrive\Masaüstü\proje2\outputs\reports\2024_table_4_lasso_secilen_interactionlar.txt,archive_full/reports/2024_table_4_lasso_secilen_interactionlar.txt,validation_artifact,0.0014,report or validation artifact kept in full archive only,not_needed,no
C:\Users\Monster\OneDrive\Masaüstü\proje2\outputs\reports\2024_table_4_model_diyagnostik.csv,archive_full/reports/2024_table_4_model_diyagnostik.csv,validation_artifact,0.0012,report or validation artifact kept in full archive only,not_needed,no
C:\Users\Monster\OneDrive\Masaüstü\proje2\outputs\reports\2024_table_4_ols_ozeti.txt,archive_full/reports/2024_table_4_ols_ozeti.txt,validation_artifact,0.003,report or validation artifact kept in full archive only,not_needed,no
C:\Users\Monster\OneDrive\Masaüstü\proje2\outputs\reports\2024_table_4_ols_regresyon_tablosu.csv,archive_full/reports/2024_table_4_ols_regresyon_tablosu.csv,validation_artifact,0.0034,report or validation artifact kept in full archive only,not_needed,no
C:\Users\Monster\OneDrive\Masaüstü\proje2\outputs\reports\2024_table_4_standardizasyon_bazlari.csv,archive_full/reports/2024_table_4_standardizasyon_bazlari.csv,validation_artifact,0.0003,report or validation artifact kept in full archive only,not_needed,no
C:\Users\Monster\OneDrive\Masaüstü\proje2\outputs\reports\2024_table_4_vif_tablosu.csv,archive_full/reports/2024_table_4_vif_tablosu.csv,validation_artifact,0.0018,report or validation artifact kept in full archive only,not_needed,no
C:\Users\Monster\OneDrive\Masaüstü\proje2\outputs\reports\2024_table_4_vif_tablosu.txt,archive_full/reports/2024_table_4_vif_tablosu.txt,validation_artifact,0.0006,report or validation artifact kept in full archive only,not_needed,no
C:\Users\Monster\OneDrive\Masaüstü\proje2\outputs\reports\2024_table_5_lasso_final_cdd_marjinal_etki_aylik.csv,archive_full/reports/2024_table_5_lasso_final_cdd_marjinal_etki_aylik.csv,validation_artifact,0.0043,report or validation artifact kept in full archive only,not_needed,no
C:\Users\Monster\OneDrive\Masaüstü\proje2\outputs\reports\2024_table_5_lasso_final_cdd_marjinal_etki_aylik.txt,archive_full/reports/2024_table_5_lasso_final_cdd_marjinal_etki_aylik.txt,validation_artifact,0.0018,report or validation artifact kept in full archive only,not_needed,no
C:\Users\Monster\OneDrive\Masaüstü\proje2\outputs\reports\2024_table_5_lasso_final_cdd_marjinal_etki_bilesenleri_aylik.csv,archive_full/reports/2024_table_5_lasso_final_cdd_marjinal_etki_bilesenleri_aylik.csv,validation_artifact,0.017,report or validation artifact kept in full archive only,not_needed,no
C:\Users\Monster\OneDrive\Masaüstü\proje2\outputs\reports\2024_table_5_lasso_final_cdd_marjinal_etki_bilesenleri_aylik.txt,archive_full/reports/2024_table_5_lasso_final_cdd_marjinal_etki_bilesenleri_aylik.txt,validation_artifact,0.0033,report or validation artifact kept in full archive only,not_needed,no
C:\Users\Monster\OneDrive\Masaüstü\proje2\outputs\reports\2024_table_5_lasso_final_elastic_net_diyagnostik.csv,archive_full/reports/2024_table_5_lasso_final_elastic_net_diyagnostik.csv,validation_artifact,0.0013,report or validation artifact kept in full archive only,not_needed,no
C:\Users\Monster\OneDrive\Masaüstü\proje2\outputs\reports\2024_table_5_lasso_final_elastic_net_diyagnostik.txt,archive_full/reports/2024_table_5_lasso_final_elastic_net_diyagnostik.txt,validation_artifact,0.0005,report or validation artifact kept in full archive only,not_needed,no
C:\Users\Monster\OneDrive\Masaüstü\proje2\outputs\reports\2024_table_5_lasso_final_elastic_net_katsayilari.csv,archive_full/reports/2024_table_5_lasso_final_elastic_net_katsayilari.csv,validation_artifact,0.005,report or validation artifact kept in full archive only,not_needed,no
C:\Users\Monster\OneDrive\Masaüstü\proje2\outputs\reports\2024_table_5_lasso_final_elastic_net_katsayilari.txt,archive_full/reports/2024_table_5_lasso_final_elastic_net_katsayilari.txt,validation_artifact,0.0016,report or validation artifact kept in full archive only,not_needed,no
C:\Users\Monster\OneDrive\Masaüstü\proje2\outputs\reports\2024_table_5_lasso_final_hdd_marjinal_etki_aylik.csv,archive_full/reports/2024_table_5_lasso_final_hdd_marjinal_etki_aylik.csv,validation_artifact,0.0045,report or validation artifact kept in full archive only,not_needed,no
C:\Users\Monster\OneDrive\Masaüstü\proje2\outputs\reports\2024_table_5_lasso_final_hdd_marjinal_etki_aylik.txt,archive_full/reports/2024_table_5_lasso_final_hdd_marjinal_etki_aylik.txt,validation_artifact,0.0017,report or validation artifact kept in full archive only,not_needed,no
C:\Users\Monster\OneDrive\Masaüstü\proje2\outputs\reports\2024_table_5_lasso_final_hdd_marjinal_etki_bilesenleri_aylik.csv,archive_full/reports/2024_table_5_lasso_final_hdd_marjinal_etki_bilesenleri_aylik.csv,validation_artifact,0.0228,report or validation artifact kept in full archive only,not_needed,no
C:\Users\Monster\OneDrive\Masaüstü\proje2\outputs\reports\2024_table_5_lasso_final_hdd_marjinal_etki_bilesenleri_aylik.txt,archive_full/reports/2024_table_5_lasso_final_hdd_marjinal_etki_bilesenleri_aylik.txt,validation_artifact,0.0042,report or validation artifact kept in full archive only,not_needed,no
C:\Users\Monster\OneDrive\Masaüstü\proje2\outputs\reports\2024_table_5_lasso_final_model_diyagnostik.csv,archive_full/reports/2024_table_5_lasso_final_model_diyagnostik.csv,validation_artifact,0.0012,report or validation artifact kept in full archive only,not_needed,no
C:\Users\Monster\OneDrive\Masaüstü\proje2\outputs\reports\2024_table_5_lasso_final_model_diyagnostik.txt,archive_full/reports/2024_table_5_lasso_final_model_diyagnostik.txt,validation_artifact,0.0006,report or validation artifact kept in full archive only,not_needed,no
C:\Users\Monster\OneDrive\Masaüstü\proje2\outputs\reports\2024_table_5_lasso_final_ols_ozeti.txt,archive_full/reports/2024_table_5_lasso_final_ols_ozeti.txt,validation_artifact,0.0044,report or validation artifact kept in full archive only,not_needed,no
C:\Users\Monster\OneDrive\Masaüstü\proje2\outputs\reports\2024_table_5_lasso_final_ols_regresyon_tablosu.csv,archive_full/reports/2024_table_5_lasso_final_ols_regresyon_tablosu.csv,validation_artifact,0.0075,report or validation artifact kept in full archive only,not_needed,no
C:\Users\Monster\OneDrive\Masaüstü\proje2\outputs\reports\2024_table_5_lasso_final_ols_regresyon_tablosu.txt,archive_full/reports/2024_table_5_lasso_final_ols_regresyon_tablosu.txt,validation_artifact,0.0024,report or validation artifact kept in full archive only,not_needed,no
C:\Users\Monster\OneDrive\Masaüstü\proje2\outputs\reports\2024_table_5_lasso_final_ridge_diyagnostik.csv,archive_full/reports/2024_table_5_lasso_final_ridge_diyagnostik.csv,validation_artifact,0.0012,report or validation artifact kept in full archive only,not_needed,no
C:\Users\Monster\OneDrive\Masaüstü\proje2\outputs\reports\2024_table_5_lasso_final_ridge_diyagnostik.txt,archive_full/reports/2024_table_5_lasso_final_ridge_diyagnostik.txt,validation_artifact,0.0005,report or validation artifact kept in full archive only,not_needed,no
C:\Users\Monster\OneDrive\Masaüstü\proje2\outputs\reports\2024_table_5_lasso_final_ridge_katsayilari.csv,archive_full/reports/2024_table_5_lasso_final_ridge_katsayilari.csv,validation_artifact,0.0048,report or validation artifact kept in full archive only,not_needed,no
C:\Users\Monster\OneDrive\Masaüstü\proje2\outputs\reports\2024_table_5_lasso_final_ridge_katsayilari.txt,archive_full/reports/2024_table_5_lasso_final_ridge_katsayilari.txt,validation_artifact,0.0016,report or validation artifact kept in full archive only,not_needed,no
C:\Users\Monster\OneDrive\Masaüstü\proje2\outputs\reports\2024_table_5_lasso_final_standardizasyon_bazlari.csv,archive_full/reports/2024_table_5_lasso_final_standardizasyon_bazlari.csv,validation_artifact,0.0063,report or validation artifact kept in full archive only,not_needed,no
C:\Users\Monster\OneDrive\Masaüstü\proje2\outputs\reports\2024_table_5_lasso_final_tasarim_degisenleri.csv,archive_full/reports/2024_table_5_lasso_final_tasarim_degisenleri.csv,validation_artifact,0.0007,report or validation artifact kept in full archive only,not_needed,no
C:\Users\Monster\OneDrive\Masaüstü\proje2\outputs\reports\2024_table_5_lasso_final_vif_tablosu.csv,archive_full/reports/2024_table_5_lasso_final_vif_tablosu.csv,validation_artifact,0.0046,report or validation artifact kept in full archive only,not_needed,no
C:\Users\Monster\OneDrive\Masaüstü\proje2\outputs\reports\2024_table_5_lasso_final_vif_tablosu.txt,archive_full/reports/2024_table_5_lasso_final_vif_tablosu.txt,validation_artifact,0.001,report or validation artifact kept in full archive only,not_needed,no
C:\Users\Monster\OneDrive\Masaüstü\proje2\outputs\reports\2024_table_5_lasso_interaction_adaylari.csv,archive_full/reports/2024_table_5_lasso_interaction_adaylari.csv,validation_artifact,0.0067,report or validation artifact kept in full archive only,not_needed,no
C:\Users\Monster\OneDrive\Masaüstü\proje2\outputs\reports\2024_table_5_lasso_interaction_adaylari.txt,archive_full/reports/2024_table_5_lasso_interaction_adaylari.txt,validation_artifact,0.0037,report or validation artifact kept in full archive only,not_needed,no
C:\Users\Monster\OneDrive\Masaüstü\proje2\outputs\reports\2024_table_5_lasso_interactionli_model_diyagnostik.csv,archive_full/reports/2024_table_5_lasso_interactionli_model_diyagnostik.csv,validation_artifact,0.0014,report or validation artifact kept in full archive only,not_needed,no
C:\Users\Monster\OneDrive\Masaüstü\proje2\outputs\reports\2024_table_5_lasso_interactionli_ols_ozeti.txt,archive_full/reports/2024_table_5_lasso_interactionli_ols_ozeti.txt,validation_artifact,0.0029,report or validation artifact kept in full archive only,not_needed,no
C:\Users\Monster\OneDrive\Masaüstü\proje2\outputs\reports\2024_table_5_lasso_interactionli_ols_regresyon_tablosu.csv,archive_full/reports/2024_table_5_lasso_interactionli_ols_regresyon_tablosu.csv,validation_artifact,0.0032,report or validation artifact kept in full archive only,not_needed,no
C:\Users\Monster\OneDrive\Masaüstü\proje2\outputs\reports\2024_table_5_lasso_interactionli_standardizasyon_bazlari.csv,archive_full/reports/2024_table_5_lasso_interactionli_standardizasyon_bazlari.csv,validation_artifact,0.0017,report or validation artifact kept in full archive only,not_needed,no
C:\Users\Monster\OneDrive\Masaüstü\proje2\outputs\reports\2024_table_5_lasso_interactionli_vif_tablosu.csv,archive_full/reports/2024_table_5_lasso_interactionli_vif_tablosu.csv,validation_artifact,0.0018,report or validation artifact kept in full archive only,not_needed,no
C:\Users\Monster\OneDrive\Masaüstü\proje2\outputs\reports\2024_table_5_lasso_interactionli_vif_tablosu.txt,archive_full/reports/2024_table_5_lasso_interactionli_vif_tablosu.txt,validation_artifact,0.0006,report or validation artifact kept in full archive only,not_needed,no
C:\Users\Monster\OneDrive\Masaüstü\proje2\outputs\reports\2024_table_5_lasso_ozet_metrikleri.csv,archive_full/reports/2024_table_5_lasso_ozet_metrikleri.csv,validation_artifact,0.001,report or validation artifact kept in full archive only,not_needed,no
C:\Users\Monster\OneDrive\Masaüstü\proje2\outputs\reports\2024_table_5_lasso_ozet_metrikleri.txt,archive_full/reports/2024_table_5_lasso_ozet_metrikleri.txt,validation_artifact,0.0005,report or validation artifact kept in full archive only,not_needed,no
C:\Users\Monster\OneDrive\Masaüstü\proje2\outputs\reports\2024_table_5_lasso_secilen_interactionlar.csv,archive_full/reports/2024_table_5_lasso_secilen_interactionlar.csv,validation_artifact,0.0032,report or validation artifact kept in full archive only,not_needed,no
C:\Users\Monster\OneDrive\Masaüstü\proje2\outputs\reports\2024_table_5_lasso_secilen_interactionlar.txt,archive_full/reports/2024_table_5_lasso_secilen_interactionlar.txt,validation_artifact,0.0016,report or validation artifact kept in full archive only,not_needed,no
C:\Users\Monster\OneDrive\Masaüstü\proje2\outputs\reports\2024_table_5_model_diyagnostik.csv,archive_full/reports/2024_table_5_model_diyagnostik.csv,validation_artifact,0.0012,report or validation artifact kept in full archive only,not_needed,no
C:\Users\Monster\OneDrive\Masaüstü\proje2\outputs\reports\2024_table_5_ols_ozeti.txt,archive_full/reports/2024_table_5_ols_ozeti.txt,validation_artifact,0.0023,report or validation artifact kept in full archive only,not_needed,no
C:\Users\Monster\OneDrive\Masaüstü\proje2\outputs\reports\2024_table_5_ols_regresyon_tablosu.csv,archive_full/reports/2024_table_5_ols_regresyon_tablosu.csv,validation_artifact,0.0015,report or validation artifact kept in full archive only,not_needed,no
C:\Users\Monster\OneDrive\Masaüstü\proje2\outputs\reports\2024_table_5_standardizasyon_bazlari.csv,archive_full/reports/2024_table_5_standardizasyon_bazlari.csv,validation_artifact,0.0005,report or validation artifact kept in full archive only,not_needed,no
C:\Users\Monster\OneDrive\Masaüstü\proje2\outputs\reports\2024_table_5_vif_tablosu.csv,archive_full/reports/2024_table_5_vif_tablosu.csv,validation_artifact,0.0007,report or validation artifact kept in full archive only,not_needed,no
C:\Users\Monster\OneDrive\Masaüstü\proje2\outputs\reports\2024_table_5_vif_tablosu.txt,archive_full/reports/2024_table_5_vif_tablosu.txt,validation_artifact,0.0004,report or validation artifact kept in full archive only,not_needed,no
C:\Users\Monster\OneDrive\Masaüstü\proje2\outputs\reports\2024_table_6_lasso_final_cdd_marjinal_etki_aylik.csv,archive_full/reports/2024_table_6_lasso_final_cdd_marjinal_etki_aylik.csv,validation_artifact,0.0044,report or validation artifact kept in full archive only,not_needed,no
C:\Users\Monster\OneDrive\Masaüstü\proje2\outputs\reports\2024_table_6_lasso_final_cdd_marjinal_etki_aylik.txt,archive_full/reports/2024_table_6_lasso_final_cdd_marjinal_etki_aylik.txt,validation_artifact,0.0018,report or validation artifact kept in full archive only,not_needed,no
C:\Users\Monster\OneDrive\Masaüstü\proje2\outputs\reports\2024_table_6_lasso_final_cdd_marjinal_etki_bilesenleri_aylik.csv,archive_full/reports/2024_table_6_lasso_final_cdd_marjinal_etki_bilesenleri_aylik.csv,validation_artifact,0.0174,report or validation artifact kept in full archive only,not_needed,no
C:\Users\Monster\OneDrive\Masaüstü\proje2\outputs\reports\2024_table_6_lasso_final_cdd_marjinal_etki_bilesenleri_aylik.txt,archive_full/reports/2024_table_6_lasso_final_cdd_marjinal_etki_bilesenleri_aylik.txt,validation_artifact,0.0033,report or validation artifact kept in full archive only,not_needed,no
C:\Users\Monster\OneDrive\Masaüstü\proje2\outputs\reports\2024_table_6_lasso_final_elastic_net_diyagnostik.csv,archive_full/reports/2024_table_6_lasso_final_elastic_net_diyagnostik.csv,validation_artifact,0.0013,report or validation artifact kept in full archive only,not_needed,no
C:\Users\Monster\OneDrive\Masaüstü\proje2\outputs\reports\2024_table_6_lasso_final_elastic_net_diyagnostik.txt,archive_full/reports/2024_table_6_lasso_final_elastic_net_diyagnostik.txt,validation_artifact,0.0005,report or validation artifact kept in full archive only,not_needed,no
C:\Users\Monster\OneDrive\Masaüstü\proje2\outputs\reports\2024_table_6_lasso_final_elastic_net_katsayilari.csv,archive_full/reports/2024_table_6_lasso_final_elastic_net_katsayilari.csv,validation_artifact,0.0051,report or validation artifact kept in full archive only,not_needed,no
C:\Users\Monster\OneDrive\Masaüstü\proje2\outputs\reports\2024_table_6_lasso_final_elastic_net_katsayilari.txt,archive_full/reports/2024_table_6_lasso_final_elastic_net_katsayilari.txt,validation_artifact,0.0016,report or validation artifact kept in full archive only,not_needed,no
C:\Users\Monster\OneDrive\Masaüstü\proje2\outputs\reports\2024_table_6_lasso_final_hdd_marjinal_etki_aylik.csv,archive_full/reports/2024_table_6_lasso_final_hdd_marjinal_etki_aylik.csv,validation_artifact,0.0045,report or validation artifact kept in full archive only,not_needed,no
C:\Users\Monster\OneDrive\Masaüstü\proje2\outputs\reports\2024_table_6_lasso_final_hdd_marjinal_etki_aylik.txt,archive_full/reports/2024_table_6_lasso_final_hdd_marjinal_etki_aylik.txt,validation_artifact,0.0017,report or validation artifact kept in full archive only,not_needed,no
C:\Users\Monster\OneDrive\Masaüstü\proje2\outputs\reports\2024_table_6_lasso_final_hdd_marjinal_etki_bilesenleri_aylik.csv,archive_full/reports/2024_table_6_lasso_final_hdd_marjinal_etki_bilesenleri_aylik.csv,validation_artifact,0.0233,report or validation artifact kept in full archive only,not_needed,no
C:\Users\Monster\OneDrive\Masaüstü\proje2\outputs\reports\2024_table_6_lasso_final_hdd_marjinal_etki_bilesenleri_aylik.txt,archive_full/reports/2024_table_6_lasso_final_hdd_marjinal_etki_bilesenleri_aylik.txt,validation_artifact,0.0042,report or validation artifact kept in full archive only,not_needed,no
C:\Users\Monster\OneDrive\Masaüstü\proje2\outputs\reports\2024_table_6_lasso_final_model_diyagnostik.csv,archive_full/reports/2024_table_6_lasso_final_model_diyagnostik.csv,validation_artifact,0.0013,report or validation artifact kept in full archive only,not_needed,no
C:\Users\Monster\OneDrive\Masaüstü\proje2\outputs\reports\2024_table_6_lasso_final_model_diyagnostik.txt,archive_full/reports/2024_table_6_lasso_final_model_diyagnostik.txt,validation_artifact,0.0007,report or validation artifact kept in full archive only,not_needed,no
C:\Users\Monster\OneDrive\Masaüstü\proje2\outputs\reports\2024_table_6_lasso_final_ols_ozeti.txt,archive_full/reports/2024_table_6_lasso_final_ols_ozeti.txt,validation_artifact,0.0044,report or validation artifact kept in full archive only,not_needed,no
C:\Users\Monster\OneDrive\Masaüstü\proje2\outputs\reports\2024_table_6_lasso_final_ols_regresyon_tablosu.csv,archive_full/reports/2024_table_6_lasso_final_ols_regresyon_tablosu.csv,validation_artifact,0.0077,report or validation artifact kept in full archive only,not_needed,no
C:\Users\Monster\OneDrive\Masaüstü\proje2\outputs\reports\2024_table_6_lasso_final_ols_regresyon_tablosu.txt,archive_full/reports/2024_table_6_lasso_final_ols_regresyon_tablosu.txt,validation_artifact,0.0024,report or validation artifact kept in full archive only,not_needed,no
C:\Users\Monster\OneDrive\Masaüstü\proje2\outputs\reports\2024_table_6_lasso_final_ridge_diyagnostik.csv,archive_full/reports/2024_table_6_lasso_final_ridge_diyagnostik.csv,validation_artifact,0.0013,report or validation artifact kept in full archive only,not_needed,no
C:\Users\Monster\OneDrive\Masaüstü\proje2\outputs\reports\2024_table_6_lasso_final_ridge_diyagnostik.txt,archive_full/reports/2024_table_6_lasso_final_ridge_diyagnostik.txt,validation_artifact,0.0005,report or validation artifact kept in full archive only,not_needed,no
C:\Users\Monster\OneDrive\Masaüstü\proje2\outputs\reports\2024_table_6_lasso_final_ridge_katsayilari.csv,archive_full/reports/2024_table_6_lasso_final_ridge_katsayilari.csv,validation_artifact,0.005,report or validation artifact kept in full archive only,not_needed,no
C:\Users\Monster\OneDrive\Masaüstü\proje2\outputs\reports\2024_table_6_lasso_final_ridge_katsayilari.txt,archive_full/reports/2024_table_6_lasso_final_ridge_katsayilari.txt,validation_artifact,0.0016,report or validation artifact kept in full archive only,not_needed,no
C:\Users\Monster\OneDrive\Masaüstü\proje2\outputs\reports\2024_table_6_lasso_final_standardizasyon_bazlari.csv,archive_full/reports/2024_table_6_lasso_final_standardizasyon_bazlari.csv,validation_artifact,0.0064,report or validation artifact kept in full archive only,not_needed,no
C:\Users\Monster\OneDrive\Masaüstü\proje2\outputs\reports\2024_table_6_lasso_final_tasarim_degisenleri.csv,archive_full/reports/2024_table_6_lasso_final_tasarim_degisenleri.csv,validation_artifact,0.0007,report or validation artifact kept in full archive only,not_needed,no
C:\Users\Monster\OneDrive\Masaüstü\proje2\outputs\reports\2024_table_6_lasso_final_vif_tablosu.csv,archive_full/reports/2024_table_6_lasso_final_vif_tablosu.csv,validation_artifact,0.0048,report or validation artifact kept in full archive only,not_needed,no
C:\Users\Monster\OneDrive\Masaüstü\proje2\outputs\reports\2024_table_6_lasso_final_vif_tablosu.txt,archive_full/reports/2024_table_6_lasso_final_vif_tablosu.txt,validation_artifact,0.0011,report or validation artifact kept in full archive only,not_needed,no
C:\Users\Monster\OneDrive\Masaüstü\proje2\outputs\reports\2024_table_6_lasso_interaction_adaylari.csv,archive_full/reports/2024_table_6_lasso_interaction_adaylari.csv,validation_artifact,0.007,report or validation artifact kept in full archive only,not_needed,no
C:\Users\Monster\OneDrive\Masaüstü\proje2\outputs\reports\2024_table_6_lasso_interaction_adaylari.txt,archive_full/reports/2024_table_6_lasso_interaction_adaylari.txt,validation_artifact,0.0038,report or validation artifact kept in full archive only,not_needed,no
C:\Users\Monster\OneDrive\Masaüstü\proje2\outputs\reports\2024_table_6_lasso_interactionli_model_diyagnostik.csv,archive_full/reports/2024_table_6_lasso_interactionli_model_diyagnostik.csv,validation_artifact,0.0014,report or validation artifact kept in full archive only,not_needed,no
C:\Users\Monster\OneDrive\Masaüstü\proje2\outputs\reports\2024_table_6_lasso_interactionli_ols_ozeti.txt,archive_full/reports/2024_table_6_lasso_interactionli_ols_ozeti.txt,validation_artifact,0.0036,report or validation artifact kept in full archive only,not_needed,no
C:\Users\Monster\OneDrive\Masaüstü\proje2\outputs\reports\2024_table_6_lasso_interactionli_ols_regresyon_tablosu.csv,archive_full/reports/2024_table_6_lasso_interactionli_ols_regresyon_tablosu.csv,validation_artifact,0.0048,report or validation artifact kept in full archive only,not_needed,no
C:\Users\Monster\OneDrive\Masaüstü\proje2\outputs\reports\2024_table_6_lasso_interactionli_standardizasyon_bazlari.csv,archive_full/reports/2024_table_6_lasso_interactionli_standardizasyon_bazlari.csv,validation_artifact,0.0028,report or validation artifact kept in full archive only,not_needed,no
C:\Users\Monster\OneDrive\Masaüstü\proje2\outputs\reports\2024_table_6_lasso_interactionli_vif_tablosu.csv,archive_full/reports/2024_table_6_lasso_interactionli_vif_tablosu.csv,validation_artifact,0.0028,report or validation artifact kept in full archive only,not_needed,no
C:\Users\Monster\OneDrive\Masaüstü\proje2\outputs\reports\2024_table_6_lasso_interactionli_vif_tablosu.txt,archive_full/reports/2024_table_6_lasso_interactionli_vif_tablosu.txt,validation_artifact,0.0008,report or validation artifact kept in full archive only,not_needed,no
C:\Users\Monster\OneDrive\Masaüstü\proje2\outputs\reports\2024_table_6_lasso_ozet_metrikleri.csv,archive_full/reports/2024_table_6_lasso_ozet_metrikleri.csv,validation_artifact,0.001,report or validation artifact kept in full archive only,not_needed,no
C:\Users\Monster\OneDrive\Masaüstü\proje2\outputs\reports\2024_table_6_lasso_ozet_metrikleri.txt,archive_full/reports/2024_table_6_lasso_ozet_metrikleri.txt,validation_artifact,0.0005,report or validation artifact kept in full archive only,not_needed,no
C:\Users\Monster\OneDrive\Masaüstü\proje2\outputs\reports\2024_table_6_lasso_secilen_interactionlar.csv,archive_full/reports/2024_table_6_lasso_secilen_interactionlar.csv,validation_artifact,0.0033,report or validation artifact kept in full archive only,not_needed,no
C:\Users\Monster\OneDrive\Masaüstü\proje2\outputs\reports\2024_table_6_lasso_secilen_interactionlar.txt,archive_full/reports/2024_table_6_lasso_secilen_interactionlar.txt,validation_artifact,0.0016,report or validation artifact kept in full archive only,not_needed,no
C:\Users\Monster\OneDrive\Masaüstü\proje2\outputs\reports\2024_table_6_model_diyagnostik.csv,archive_full/reports/2024_table_6_model_diyagnostik.csv,validation_artifact,0.0012,report or validation artifact kept in full archive only,not_needed,no
C:\Users\Monster\OneDrive\Masaüstü\proje2\outputs\reports\2024_table_6_ols_ozeti.txt,archive_full/reports/2024_table_6_ols_ozeti.txt,validation_artifact,0.0024,report or validation artifact kept in full archive only,not_needed,no
C:\Users\Monster\OneDrive\Masaüstü\proje2\outputs\reports\2024_table_6_ols_regresyon_tablosu.csv,archive_full/reports/2024_table_6_ols_regresyon_tablosu.csv,validation_artifact,0.0017,report or validation artifact kept in full archive only,not_needed,no
C:\Users\Monster\OneDrive\Masaüstü\proje2\outputs\reports\2024_table_6_standardizasyon_bazlari.csv,archive_full/reports/2024_table_6_standardizasyon_bazlari.csv,validation_artifact,0.0007,report or validation artifact kept in full archive only,not_needed,no
C:\Users\Monster\OneDrive\Masaüstü\proje2\outputs\reports\2024_table_6_vif_tablosu.csv,archive_full/reports/2024_table_6_vif_tablosu.csv,validation_artifact,0.0008,report or validation artifact kept in full archive only,not_needed,no
C:\Users\Monster\OneDrive\Masaüstü\proje2\outputs\reports\2024_table_6_vif_tablosu.txt,archive_full/reports/2024_table_6_vif_tablosu.txt,validation_artifact,0.0004,report or validation artifact kept in full archive only,not_needed,no
C:\Users\Monster\OneDrive\Masaüstü\proje2\outputs\reports\2024_table_7_lasso_final_cdd_marjinal_etki_aylik.csv,archive_full/reports/2024_table_7_lasso_final_cdd_marjinal_etki_aylik.csv,validation_artifact,0.0045,report or validation artifact kept in full archive only,not_needed,no
C:\Users\Monster\OneDrive\Masaüstü\proje2\outputs\reports\2024_table_7_lasso_final_cdd_marjinal_etki_aylik.txt,archive_full/reports/2024_table_7_lasso_final_cdd_marjinal_etki_aylik.txt,validation_artifact,0.0017,report or validation artifact kept in full archive only,not_needed,no
C:\Users\Monster\OneDrive\Masaüstü\proje2\outputs\reports\2024_table_7_lasso_final_cdd_marjinal_etki_bilesenleri_aylik.csv,archive_full/reports/2024_table_7_lasso_final_cdd_marjinal_etki_bilesenleri_aylik.csv,validation_artifact,0.0118,report or validation artifact kept in full archive only,not_needed,no
C:\Users\Monster\OneDrive\Masaüstü\proje2\outputs\reports\2024_table_7_lasso_final_cdd_marjinal_etki_bilesenleri_aylik.txt,archive_full/reports/2024_table_7_lasso_final_cdd_marjinal_etki_bilesenleri_aylik.txt,validation_artifact,0.0024,report or validation artifact kept in full archive only,not_needed,no
C:\Users\Monster\OneDrive\Masaüstü\proje2\outputs\reports\2024_table_7_lasso_final_elastic_net_diyagnostik.csv,archive_full/reports/2024_table_7_lasso_final_elastic_net_diyagnostik.csv,validation_artifact,0.0013,report or validation artifact kept in full archive only,not_needed,no
C:\Users\Monster\OneDrive\Masaüstü\proje2\outputs\reports\2024_table_7_lasso_final_elastic_net_diyagnostik.txt,archive_full/reports/2024_table_7_lasso_final_elastic_net_diyagnostik.txt,validation_artifact,0.0005,report or validation artifact kept in full archive only,not_needed,no
C:\Users\Monster\OneDrive\Masaüstü\proje2\outputs\reports\2024_table_7_lasso_final_elastic_net_katsayilari.csv,archive_full/reports/2024_table_7_lasso_final_elastic_net_katsayilari.csv,validation_artifact,0.0069,report or validation artifact kept in full archive only,not_needed,no
C:\Users\Monster\OneDrive\Masaüstü\proje2\outputs\reports\2024_table_7_lasso_final_elastic_net_katsayilari.txt,archive_full/reports/2024_table_7_lasso_final_elastic_net_katsayilari.txt,validation_artifact,0.0015,report or validation artifact kept in full archive only,not_needed,no
C:\Users\Monster\OneDrive\Masaüstü\proje2\outputs\reports\2024_table_7_lasso_final_hdd_marjinal_etki_aylik.csv,archive_full/reports/2024_table_7_lasso_final_hdd_marjinal_etki_aylik.csv,validation_artifact,0.0047,report or validation artifact kept in full archive only,not_needed,no
C:\Users\Monster\OneDrive\Masaüstü\proje2\outputs\reports\2024_table_7_lasso_final_hdd_marjinal_etki_aylik.txt,archive_full/reports/2024_table_7_lasso_final_hdd_marjinal_etki_aylik.txt,validation_artifact,0.0017,report or validation artifact kept in full archive only,not_needed,no
C:\Users\Monster\OneDrive\Masaüstü\proje2\outputs\reports\2024_table_7_lasso_final_hdd_marjinal_etki_bilesenleri_aylik.csv,archive_full/reports/2024_table_7_lasso_final_hdd_marjinal_etki_bilesenleri_aylik.csv,validation_artifact,0.0209,report or validation artifact kept in full archive only,not_needed,no
C:\Users\Monster\OneDrive\Masaüstü\proje2\outputs\reports\2024_table_7_lasso_final_hdd_marjinal_etki_bilesenleri_aylik.txt,archive_full/reports/2024_table_7_lasso_final_hdd_marjinal_etki_bilesenleri_aylik.txt,validation_artifact,0.0038,report or validation artifact kept in full archive only,not_needed,no
C:\Users\Monster\OneDrive\Masaüstü\proje2\outputs\reports\2024_table_7_lasso_final_model_diyagnostik.csv,archive_full/reports/2024_table_7_lasso_final_model_diyagnostik.csv,validation_artifact,0.0013,report or validation artifact kept in full archive only,not_needed,no
C:\Users\Monster\OneDrive\Masaüstü\proje2\outputs\reports\2024_table_7_lasso_final_model_diyagnostik.txt,archive_full/reports/2024_table_7_lasso_final_model_diyagnostik.txt,validation_artifact,0.0007,report or validation artifact kept in full archive only,not_needed,no
C:\Users\Monster\OneDrive\Masaüstü\proje2\outputs\reports\2024_table_7_lasso_final_ols_ozeti.txt,archive_full/reports/2024_table_7_lasso_final_ols_ozeti.txt,validation_artifact,0.0042,report or validation artifact kept in full archive only,not_needed,no
C:\Users\Monster\OneDrive\Masaüstü\proje2\outputs\reports\2024_table_7_lasso_final_ols_regresyon_tablosu.csv,archive_full/reports/2024_table_7_lasso_final_ols_regresyon_tablosu.csv,validation_artifact,0.0107,report or validation artifact kept in full archive only,not_needed,no
C:\Users\Monster\OneDrive\Masaüstü\proje2\outputs\reports\2024_table_7_lasso_final_ols_regresyon_tablosu.txt,archive_full/reports/2024_table_7_lasso_final_ols_regresyon_tablosu.txt,validation_artifact,0.0022,report or validation artifact kept in full archive only,not_needed,no
C:\Users\Monster\OneDrive\Masaüstü\proje2\outputs\reports\2024_table_7_lasso_final_ridge_diyagnostik.csv,archive_full/reports/2024_table_7_lasso_final_ridge_diyagnostik.csv,validation_artifact,0.0013,report or validation artifact kept in full archive only,not_needed,no
C:\Users\Monster\OneDrive\Masaüstü\proje2\outputs\reports\2024_table_7_lasso_final_ridge_diyagnostik.txt,archive_full/reports/2024_table_7_lasso_final_ridge_diyagnostik.txt,validation_artifact,0.0005,report or validation artifact kept in full archive only,not_needed,no
C:\Users\Monster\OneDrive\Masaüstü\proje2\outputs\reports\2024_table_7_lasso_final_ridge_katsayilari.csv,archive_full/reports/2024_table_7_lasso_final_ridge_katsayilari.csv,validation_artifact,0.0068,report or validation artifact kept in full archive only,not_needed,no
C:\Users\Monster\OneDrive\Masaüstü\proje2\outputs\reports\2024_table_7_lasso_final_ridge_katsayilari.txt,archive_full/reports/2024_table_7_lasso_final_ridge_katsayilari.txt,validation_artifact,0.0015,report or validation artifact kept in full archive only,not_needed,no
C:\Users\Monster\OneDrive\Masaüstü\proje2\outputs\reports\2024_table_7_lasso_final_standardizasyon_bazlari.csv,archive_full/reports/2024_table_7_lasso_final_standardizasyon_bazlari.csv,validation_artifact,0.0059,report or validation artifact kept in full archive only,not_needed,no
C:\Users\Monster\OneDrive\Masaüstü\proje2\outputs\reports\2024_table_7_lasso_final_tasarim_degisenleri.csv,archive_full/reports/2024_table_7_lasso_final_tasarim_degisenleri.csv,validation_artifact,0.0008,report or validation artifact kept in full archive only,not_needed,no
C:\Users\Monster\OneDrive\Masaüstü\proje2\outputs\reports\2024_table_7_lasso_final_vif_tablosu.csv,archive_full/reports/2024_table_7_lasso_final_vif_tablosu.csv,validation_artifact,0.0064,report or validation artifact kept in full archive only,not_needed,no
C:\Users\Monster\OneDrive\Masaüstü\proje2\outputs\reports\2024_table_7_lasso_final_vif_tablosu.txt,archive_full/reports/2024_table_7_lasso_final_vif_tablosu.txt,validation_artifact,0.001,report or validation artifact kept in full archive only,not_needed,no
C:\Users\Monster\OneDrive\Masaüstü\proje2\outputs\reports\2024_table_7_lasso_interaction_adaylari.csv,archive_full/reports/2024_table_7_lasso_interaction_adaylari.csv,validation_artifact,0.0075,report or validation artifact kept in full archive only,not_needed,no
C:\Users\Monster\OneDrive\Masaüstü\proje2\outputs\reports\2024_table_7_lasso_interaction_adaylari.txt,archive_full/reports/2024_table_7_lasso_interaction_adaylari.txt,validation_artifact,0.0038,report or validation artifact kept in full archive only,not_needed,no
C:\Users\Monster\OneDrive\Masaüstü\proje2\outputs\reports\2024_table_7_lasso_interactionli_model_diyagnostik.csv,archive_full/reports/2024_table_7_lasso_interactionli_model_diyagnostik.csv,validation_artifact,0.0014,report or validation artifact kept in full archive only,not_needed,no
C:\Users\Monster\OneDrive\Masaüstü\proje2\outputs\reports\2024_table_7_lasso_interactionli_ols_ozeti.txt,archive_full/reports/2024_table_7_lasso_interactionli_ols_ozeti.txt,validation_artifact,0.0028,report or validation artifact kept in full archive only,not_needed,no
C:\Users\Monster\OneDrive\Masaüstü\proje2\outputs\reports\2024_table_7_lasso_interactionli_ols_regresyon_tablosu.csv,archive_full/reports/2024_table_7_lasso_interactionli_ols_regresyon_tablosu.csv,validation_artifact,0.0031,report or validation artifact kept in full archive only,not_needed,no
C:\Users\Monster\OneDrive\Masaüstü\proje2\outputs\reports\2024_table_7_lasso_interactionli_standardizasyon_bazlari.csv,archive_full/reports/2024_table_7_lasso_interactionli_standardizasyon_bazlari.csv,validation_artifact,0.0016,report or validation artifact kept in full archive only,not_needed,no
C:\Users\Monster\OneDrive\Masaüstü\proje2\outputs\reports\2024_table_7_lasso_interactionli_vif_tablosu.csv,archive_full/reports/2024_table_7_lasso_interactionli_vif_tablosu.csv,validation_artifact,0.0017,report or validation artifact kept in full archive only,not_needed,no
C:\Users\Monster\OneDrive\Masaüstü\proje2\outputs\reports\2024_table_7_lasso_interactionli_vif_tablosu.txt,archive_full/reports/2024_table_7_lasso_interactionli_vif_tablosu.txt,validation_artifact,0.0006,report or validation artifact kept in full archive only,not_needed,no
C:\Users\Monster\OneDrive\Masaüstü\proje2\outputs\reports\2024_table_7_lasso_ozet_metrikleri.csv,archive_full/reports/2024_table_7_lasso_ozet_metrikleri.csv,validation_artifact,0.001,report or validation artifact kept in full archive only,not_needed,no
C:\Users\Monster\OneDrive\Masaüstü\proje2\outputs\reports\2024_table_7_lasso_ozet_metrikleri.txt,archive_full/reports/2024_table_7_lasso_ozet_metrikleri.txt,validation_artifact,0.0005,report or validation artifact kept in full archive only,not_needed,no
C:\Users\Monster\OneDrive\Masaüstü\proje2\outputs\reports\2024_table_7_lasso_secilen_interactionlar.csv,archive_full/reports/2024_table_7_lasso_secilen_interactionlar.csv,validation_artifact,0.0052,report or validation artifact kept in full archive only,not_needed,no
C:\Users\Monster\OneDrive\Masaüstü\proje2\outputs\reports\2024_table_7_lasso_secilen_interactionlar.txt,archive_full/reports/2024_table_7_lasso_secilen_interactionlar.txt,validation_artifact,0.0016,report or validation artifact kept in full archive only,not_needed,no
C:\Users\Monster\OneDrive\Masaüstü\proje2\outputs\reports\2024_table_7_model_diyagnostik.csv,archive_full/reports/2024_table_7_model_diyagnostik.csv,validation_artifact,0.0012,report or validation artifact kept in full archive only,not_needed,no
C:\Users\Monster\OneDrive\Masaüstü\proje2\outputs\reports\2024_table_7_ols_ozeti.txt,archive_full/reports/2024_table_7_ols_ozeti.txt,validation_artifact,0.0023,report or validation artifact kept in full archive only,not_needed,no
C:\Users\Monster\OneDrive\Masaüstü\proje2\outputs\reports\2024_table_7_ols_regresyon_tablosu.csv,archive_full/reports/2024_table_7_ols_regresyon_tablosu.csv,validation_artifact,0.0015,report or validation artifact kept in full archive only,not_needed,no
C:\Users\Monster\OneDrive\Masaüstü\proje2\outputs\reports\2024_table_7_standardizasyon_bazlari.csv,archive_full/reports/2024_table_7_standardizasyon_bazlari.csv,validation_artifact,0.0005,report or validation artifact kept in full archive only,not_needed,no
C:\Users\Monster\OneDrive\Masaüstü\proje2\outputs\reports\2024_table_7_vif_tablosu.csv,archive_full/reports/2024_table_7_vif_tablosu.csv,validation_artifact,0.0007,report or validation artifact kept in full archive only,not_needed,no
C:\Users\Monster\OneDrive\Masaüstü\proje2\outputs\reports\2024_table_7_vif_tablosu.txt,archive_full/reports/2024_table_7_vif_tablosu.txt,validation_artifact,0.0004,report or validation artifact kept in full archive only,not_needed,no
C:\Users\Monster\OneDrive\Masaüstü\proje2\outputs\reports\2024_table_8_lasso_final_cdd_marjinal_etki_aylik.csv,archive_full/reports/2024_table_8_lasso_final_cdd_marjinal_etki_aylik.csv,validation_artifact,0.0044,report or validation artifact kept in full archive only,not_needed,no
C:\Users\Monster\OneDrive\Masaüstü\proje2\outputs\reports\2024_table_8_lasso_final_cdd_marjinal_etki_aylik.txt,archive_full/reports/2024_table_8_lasso_final_cdd_marjinal_etki_aylik.txt,validation_artifact,0.0017,report or validation artifact kept in full archive only,not_needed,no
C:\Users\Monster\OneDrive\Masaüstü\proje2\outputs\reports\2024_table_8_lasso_final_cdd_marjinal_etki_bilesenleri_aylik.csv,archive_full/reports/2024_table_8_lasso_final_cdd_marjinal_etki_bilesenleri_aylik.csv,validation_artifact,0.0148,report or validation artifact kept in full archive only,not_needed,no
C:\Users\Monster\OneDrive\Masaüstü\proje2\outputs\reports\2024_table_8_lasso_final_cdd_marjinal_etki_bilesenleri_aylik.txt,archive_full/reports/2024_table_8_lasso_final_cdd_marjinal_etki_bilesenleri_aylik.txt,validation_artifact,0.0028,report or validation artifact kept in full archive only,not_needed,no
C:\Users\Monster\OneDrive\Masaüstü\proje2\outputs\reports\2024_table_8_lasso_final_elastic_net_diyagnostik.csv,archive_full/reports/2024_table_8_lasso_final_elastic_net_diyagnostik.csv,validation_artifact,0.0013,report or validation artifact kept in full archive only,not_needed,no
C:\Users\Monster\OneDrive\Masaüstü\proje2\outputs\reports\2024_table_8_lasso_final_elastic_net_diyagnostik.txt,archive_full/reports/2024_table_8_lasso_final_elastic_net_diyagnostik.txt,validation_artifact,0.0005,report or validation artifact kept in full archive only,not_needed,no
C:\Users\Monster\OneDrive\Masaüstü\proje2\outputs\reports\2024_table_8_lasso_final_elastic_net_katsayilari.csv,archive_full/reports/2024_table_8_lasso_final_elastic_net_katsayilari.csv,validation_artifact,0.0072,report or validation artifact kept in full archive only,not_needed,no
C:\Users\Monster\OneDrive\Masaüstü\proje2\outputs\reports\2024_table_8_lasso_final_elastic_net_katsayilari.txt,archive_full/reports/2024_table_8_lasso_final_elastic_net_katsayilari.txt,validation_artifact,0.0016,report or validation artifact kept in full archive only,not_needed,no
C:\Users\Monster\OneDrive\Masaüstü\proje2\outputs\reports\2024_table_8_lasso_final_hdd_marjinal_etki_aylik.csv,archive_full/reports/2024_table_8_lasso_final_hdd_marjinal_etki_aylik.csv,validation_artifact,0.0046,report or validation artifact kept in full archive only,not_needed,no
C:\Users\Monster\OneDrive\Masaüstü\proje2\outputs\reports\2024_table_8_lasso_final_hdd_marjinal_etki_aylik.txt,archive_full/reports/2024_table_8_lasso_final_hdd_marjinal_etki_aylik.txt,validation_artifact,0.0017,report or validation artifact kept in full archive only,not_needed,no
C:\Users\Monster\OneDrive\Masaüstü\proje2\outputs\reports\2024_table_8_lasso_final_hdd_marjinal_etki_bilesenleri_aylik.csv,archive_full/reports/2024_table_8_lasso_final_hdd_marjinal_etki_bilesenleri_aylik.csv,validation_artifact,0.0238,report or validation artifact kept in full archive only,not_needed,no
C:\Users\Monster\OneDrive\Masaüstü\proje2\outputs\reports\2024_table_8_lasso_final_hdd_marjinal_etki_bilesenleri_aylik.txt,archive_full/reports/2024_table_8_lasso_final_hdd_marjinal_etki_bilesenleri_aylik.txt,validation_artifact,0.0042,report or validation artifact kept in full archive only,not_needed,no
C:\Users\Monster\OneDrive\Masaüstü\proje2\outputs\reports\2024_table_8_lasso_final_model_diyagnostik.csv,archive_full/reports/2024_table_8_lasso_final_model_diyagnostik.csv,validation_artifact,0.0013,report or validation artifact kept in full archive only,not_needed,no
C:\Users\Monster\OneDrive\Masaüstü\proje2\outputs\reports\2024_table_8_lasso_final_model_diyagnostik.txt,archive_full/reports/2024_table_8_lasso_final_model_diyagnostik.txt,validation_artifact,0.0007,report or validation artifact kept in full archive only,not_needed,no
C:\Users\Monster\OneDrive\Masaüstü\proje2\outputs\reports\2024_table_8_lasso_final_ols_ozeti.txt,archive_full/reports/2024_table_8_lasso_final_ols_ozeti.txt,validation_artifact,0.0043,report or validation artifact kept in full archive only,not_needed,no
C:\Users\Monster\OneDrive\Masaüstü\proje2\outputs\reports\2024_table_8_lasso_final_ols_regresyon_tablosu.csv,archive_full/reports/2024_table_8_lasso_final_ols_regresyon_tablosu.csv,validation_artifact,0.0107,report or validation artifact kept in full archive only,not_needed,no
C:\Users\Monster\OneDrive\Masaüstü\proje2\outputs\reports\2024_table_8_lasso_final_ols_regresyon_tablosu.txt,archive_full/reports/2024_table_8_lasso_final_ols_regresyon_tablosu.txt,validation_artifact,0.0023,report or validation artifact kept in full archive only,not_needed,no
C:\Users\Monster\OneDrive\Masaüstü\proje2\outputs\reports\2024_table_8_lasso_final_ridge_diyagnostik.csv,archive_full/reports/2024_table_8_lasso_final_ridge_diyagnostik.csv,validation_artifact,0.0013,report or validation artifact kept in full archive only,not_needed,no
C:\Users\Monster\OneDrive\Masaüstü\proje2\outputs\reports\2024_table_8_lasso_final_ridge_diyagnostik.txt,archive_full/reports/2024_table_8_lasso_final_ridge_diyagnostik.txt,validation_artifact,0.0005,report or validation artifact kept in full archive only,not_needed,no
C:\Users\Monster\OneDrive\Masaüstü\proje2\outputs\reports\2024_table_8_lasso_final_ridge_katsayilari.csv,archive_full/reports/2024_table_8_lasso_final_ridge_katsayilari.csv,validation_artifact,0.007,report or validation artifact kept in full archive only,not_needed,no
C:\Users\Monster\OneDrive\Masaüstü\proje2\outputs\reports\2024_table_8_lasso_final_ridge_katsayilari.txt,archive_full/reports/2024_table_8_lasso_final_ridge_katsayilari.txt,validation_artifact,0.0015,report or validation artifact kept in full archive only,not_needed,no
C:\Users\Monster\OneDrive\Masaüstü\proje2\outputs\reports\2024_table_8_lasso_final_standardizasyon_bazlari.csv,archive_full/reports/2024_table_8_lasso_final_standardizasyon_bazlari.csv,validation_artifact,0.0062,report or validation artifact kept in full archive only,not_needed,no
C:\Users\Monster\OneDrive\Masaüstü\proje2\outputs\reports\2024_table_8_lasso_final_tasarim_degisenleri.csv,archive_full/reports/2024_table_8_lasso_final_tasarim_degisenleri.csv,validation_artifact,0.0007,report or validation artifact kept in full archive only,not_needed,no
C:\Users\Monster\OneDrive\Masaüstü\proje2\outputs\reports\2024_table_8_lasso_final_vif_tablosu.csv,archive_full/reports/2024_table_8_lasso_final_vif_tablosu.csv,validation_artifact,0.0067,report or validation artifact kept in full archive only,not_needed,no
C:\Users\Monster\OneDrive\Masaüstü\proje2\outputs\reports\2024_table_8_lasso_final_vif_tablosu.txt,archive_full/reports/2024_table_8_lasso_final_vif_tablosu.txt,validation_artifact,0.001,report or validation artifact kept in full archive only,not_needed,no
C:\Users\Monster\OneDrive\Masaüstü\proje2\outputs\reports\2024_table_8_lasso_interaction_adaylari.csv,archive_full/reports/2024_table_8_lasso_interaction_adaylari.csv,validation_artifact,0.0075,report or validation artifact kept in full archive only,not_needed,no
C:\Users\Monster\OneDrive\Masaüstü\proje2\outputs\reports\2024_table_8_lasso_interaction_adaylari.txt,archive_full/reports/2024_table_8_lasso_interaction_adaylari.txt,validation_artifact,0.0038,report or validation artifact kept in full archive only,not_needed,no
C:\Users\Monster\OneDrive\Masaüstü\proje2\outputs\reports\2024_table_8_lasso_interactionli_model_diyagnostik.csv,archive_full/reports/2024_table_8_lasso_interactionli_model_diyagnostik.csv,validation_artifact,0.0014,report or validation artifact kept in full archive only,not_needed,no
C:\Users\Monster\OneDrive\Masaüstü\proje2\outputs\reports\2024_table_8_lasso_interactionli_ols_ozeti.txt,archive_full/reports/2024_table_8_lasso_interactionli_ols_ozeti.txt,validation_artifact,0.0028,report or validation artifact kept in full archive only,not_needed,no
C:\Users\Monster\OneDrive\Masaüstü\proje2\outputs\reports\2024_table_8_lasso_interactionli_ols_regresyon_tablosu.csv,archive_full/reports/2024_table_8_lasso_interactionli_ols_regresyon_tablosu.csv,validation_artifact,0.003,report or validation artifact kept in full archive only,not_needed,no
C:\Users\Monster\OneDrive\Masaüstü\proje2\outputs\reports\2024_table_8_lasso_interactionli_standardizasyon_bazlari.csv,archive_full/reports/2024_table_8_lasso_interactionli_standardizasyon_bazlari.csv,validation_artifact,0.0016,report or validation artifact kept in full archive only,not_needed,no
C:\Users\Monster\OneDrive\Masaüstü\proje2\outputs\reports\2024_table_8_lasso_interactionli_vif_tablosu.csv,archive_full/reports/2024_table_8_lasso_interactionli_vif_tablosu.csv,validation_artifact,0.0017,report or validation artifact kept in full archive only,not_needed,no
C:\Users\Monster\OneDrive\Masaüstü\proje2\outputs\reports\2024_table_8_lasso_interactionli_vif_tablosu.txt,archive_full/reports/2024_table_8_lasso_interactionli_vif_tablosu.txt,validation_artifact,0.0006,report or validation artifact kept in full archive only,not_needed,no
C:\Users\Monster\OneDrive\Masaüstü\proje2\outputs\reports\2024_table_8_lasso_ozet_metrikleri.csv,archive_full/reports/2024_table_8_lasso_ozet_metrikleri.csv,validation_artifact,0.001,report or validation artifact kept in full archive only,not_needed,no
C:\Users\Monster\OneDrive\Masaüstü\proje2\outputs\reports\2024_table_8_lasso_ozet_metrikleri.txt,archive_full/reports/2024_table_8_lasso_ozet_metrikleri.txt,validation_artifact,0.0005,report or validation artifact kept in full archive only,not_needed,no
C:\Users\Monster\OneDrive\Masaüstü\proje2\outputs\reports\2024_table_8_lasso_secilen_interactionlar.csv,archive_full/reports/2024_table_8_lasso_secilen_interactionlar.csv,validation_artifact,0.0054,report or validation artifact kept in full archive only,not_needed,no
C:\Users\Monster\OneDrive\Masaüstü\proje2\outputs\reports\2024_table_8_lasso_secilen_interactionlar.txt,archive_full/reports/2024_table_8_lasso_secilen_interactionlar.txt,validation_artifact,0.0016,report or validation artifact kept in full archive only,not_needed,no
C:\Users\Monster\OneDrive\Masaüstü\proje2\outputs\reports\2024_table_8_model_diyagnostik.csv,archive_full/reports/2024_table_8_model_diyagnostik.csv,validation_artifact,0.0012,report or validation artifact kept in full archive only,not_needed,no
C:\Users\Monster\OneDrive\Masaüstü\proje2\outputs\reports\2024_table_8_ols_ozeti.txt,archive_full/reports/2024_table_8_ols_ozeti.txt,validation_artifact,0.0023,report or validation artifact kept in full archive only,not_needed,no
C:\Users\Monster\OneDrive\Masaüstü\proje2\outputs\reports\2024_table_8_ols_regresyon_tablosu.csv,archive_full/reports/2024_table_8_ols_regresyon_tablosu.csv,validation_artifact,0.0015,report or validation artifact kept in full archive only,not_needed,no
C:\Users\Monster\OneDrive\Masaüstü\proje2\outputs\reports\2024_table_8_standardizasyon_bazlari.csv,archive_full/reports/2024_table_8_standardizasyon_bazlari.csv,validation_artifact,0.0006,report or validation artifact kept in full archive only,not_needed,no
C:\Users\Monster\OneDrive\Masaüstü\proje2\outputs\reports\2024_table_8_vif_tablosu.csv,archive_full/reports/2024_table_8_vif_tablosu.csv,validation_artifact,0.0007,report or validation artifact kept in full archive only,not_needed,no
C:\Users\Monster\OneDrive\Masaüstü\proje2\outputs\reports\2024_table_8_vif_tablosu.txt,archive_full/reports/2024_table_8_vif_tablosu.txt,validation_artifact,0.0004,report or validation artifact kept in full archive only,not_needed,no
C:\Users\Monster\OneDrive\Masaüstü\proje2\outputs\reports\2024_tum_lasso_final_cdd_marjinal_etki_aylik.csv,archive_full/reports/2024_tum_lasso_final_cdd_marjinal_etki_aylik.csv,validation_artifact,0.0329,report or validation artifact kept in full archive only,not_needed,no
C:\Users\Monster\OneDrive\Masaüstü\proje2\outputs\reports\2024_tum_lasso_final_elastic_net_diyagnostikleri.csv,archive_full/reports/2024_tum_lasso_final_elastic_net_diyagnostikleri.csv,validation_artifact,0.0099,report or validation artifact kept in full archive only,not_needed,no
C:\Users\Monster\OneDrive\Masaüstü\proje2\outputs\reports\2024_tum_lasso_final_elastic_net_katsayilari.csv,archive_full/reports/2024_tum_lasso_final_elastic_net_katsayilari.csv,validation_artifact,0.0451,report or validation artifact kept in full archive only,not_needed,no
C:\Users\Monster\OneDrive\Masaüstü\proje2\outputs\reports\2024_tum_lasso_final_hdd_marjinal_etki_aylik.csv,archive_full/reports/2024_tum_lasso_final_hdd_marjinal_etki_aylik.csv,validation_artifact,0.0341,report or validation artifact kept in full archive only,not_needed,no
C:\Users\Monster\OneDrive\Masaüstü\proje2\outputs\reports\2024_tum_lasso_final_model_diyagnostikleri.csv,archive_full/reports/2024_tum_lasso_final_model_diyagnostikleri.csv,validation_artifact,0.0094,report or validation artifact kept in full archive only,not_needed,no
C:\Users\Monster\OneDrive\Masaüstü\proje2\outputs\reports\2024_tum_lasso_final_ols_tablolari.csv,archive_full/reports/2024_tum_lasso_final_ols_tablolari.csv,validation_artifact,0.0683,report or validation artifact kept in full archive only,not_needed,no
C:\Users\Monster\OneDrive\Masaüstü\proje2\outputs\reports\2024_tum_lasso_final_ridge_diyagnostikleri.csv,archive_full/reports/2024_tum_lasso_final_ridge_diyagnostikleri.csv,validation_artifact,0.0095,report or validation artifact kept in full archive only,not_needed,no
C:\Users\Monster\OneDrive\Masaüstü\proje2\outputs\reports\2024_tum_lasso_final_ridge_katsayilari.csv,archive_full/reports/2024_tum_lasso_final_ridge_katsayilari.csv,validation_artifact,0.0439,report or validation artifact kept in full archive only,not_needed,no
C:\Users\Monster\OneDrive\Masaüstü\proje2\outputs\reports\2024_tum_lasso_final_standardizasyon_bazlari.csv,archive_full/reports/2024_tum_lasso_final_standardizasyon_bazlari.csv,validation_artifact,0.0153,report or validation artifact kept in full archive only,not_needed,no
C:\Users\Monster\OneDrive\Masaüstü\proje2\outputs\reports\2024_tum_lasso_final_vif_tablolari.csv,archive_full/reports/2024_tum_lasso_final_vif_tablolari.csv,validation_artifact,0.0421,report or validation artifact kept in full archive only,not_needed,no
C:\Users\Monster\OneDrive\Masaüstü\proje2\outputs\reports\2024_tum_lasso_interaction_adaylari.csv,archive_full/reports/2024_tum_lasso_interaction_adaylari.csv,validation_artifact,0.0493,report or validation artifact kept in full archive only,not_needed,no
C:\Users\Monster\OneDrive\Masaüstü\proje2\outputs\reports\2024_tum_lasso_interactionli_model_diyagnostikleri.csv,archive_full/reports/2024_tum_lasso_interactionli_model_diyagnostikleri.csv,validation_artifact,0.0084,report or validation artifact kept in full archive only,not_needed,no
C:\Users\Monster\OneDrive\Masaüstü\proje2\outputs\reports\2024_tum_lasso_interactionli_ols_tablolari.csv,archive_full/reports/2024_tum_lasso_interactionli_ols_tablolari.csv,validation_artifact,0.0258,report or validation artifact kept in full archive only,not_needed,no
C:\Users\Monster\OneDrive\Masaüstü\proje2\outputs\reports\2024_tum_lasso_interactionli_standardizasyon_bazlari.csv,archive_full/reports/2024_tum_lasso_interactionli_standardizasyon_bazlari.csv,validation_artifact,0.0129,report or validation artifact kept in full archive only,not_needed,no
C:\Users\Monster\OneDrive\Masaüstü\proje2\outputs\reports\2024_tum_lasso_interactionli_vif_tablolari.csv,archive_full/reports/2024_tum_lasso_interactionli_vif_tablolari.csv,validation_artifact,0.0151,report or validation artifact kept in full archive only,not_needed,no
C:\Users\Monster\OneDrive\Masaüstü\proje2\outputs\reports\2024_tum_lasso_ozet_metrikleri.csv,archive_full/reports/2024_tum_lasso_ozet_metrikleri.csv,validation_artifact,0.0073,report or validation artifact kept in full archive only,not_needed,no
C:\Users\Monster\OneDrive\Masaüstü\proje2\outputs\reports\2024_tum_lasso_secilen_interactionlar.csv,archive_full/reports/2024_tum_lasso_secilen_interactionlar.csv,validation_artifact,0.027,report or validation artifact kept in full archive only,not_needed,no
C:\Users\Monster\OneDrive\Masaüstü\proje2\outputs\reports\2024_tum_lasso_secilen_interactionlar.txt,archive_full/reports/2024_tum_lasso_secilen_interactionlar.txt,validation_artifact,0.0115,report or validation artifact kept in full archive only,not_needed,no
C:\Users\Monster\OneDrive\Masaüstü\proje2\outputs\reports\2024_tum_model_diyagnostikleri.csv,archive_full/reports/2024_tum_model_diyagnostikleri.csv,validation_artifact,0.0088,report or validation artifact kept in full archive only,not_needed,no
C:\Users\Monster\OneDrive\Masaüstü\proje2\outputs\reports\2024_tum_ols_regresyon_tablolari.csv,archive_full/reports/2024_tum_ols_regresyon_tablolari.csv,validation_artifact,0.0116,report or validation artifact kept in full archive only,not_needed,no
C:\Users\Monster\OneDrive\Masaüstü\proje2\outputs\reports\2024_tum_standardizasyon_bazlari.csv,archive_full/reports/2024_tum_standardizasyon_bazlari.csv,validation_artifact,0.0032,report or validation artifact kept in full archive only,not_needed,no
C:\Users\Monster\OneDrive\Masaüstü\proje2\outputs\reports\2024_tum_vif_tablolari.csv,archive_full/reports/2024_tum_vif_tablolari.csv,validation_artifact,0.0055,report or validation artifact kept in full archive only,not_needed,no
C:\Users\Monster\OneDrive\Masaüstü\proje2\outputs\reports\2024_tum_vif_tablolari.txt,archive_full/reports/2024_tum_vif_tablolari.txt,validation_artifact,0.0026,report or validation artifact kept in full archive only,not_needed,no
C:\Users\Monster\OneDrive\Masaüstü\proje2\outputs\reports\lasso_dosya_aciklamalari.txt,archive_full/reports/lasso_dosya_aciklamalari.txt,validation_artifact,0.0043,report or validation artifact kept in full archive only,not_needed,no
C:\Users\Monster\OneDrive\Masaüstü\proje2\outputs\reports\lasso_r_squared_karsilastirma_tablosu.csv,archive_full/reports/lasso_r_squared_karsilastirma_tablosu.csv,validation_artifact,0.001,report or validation artifact kept in full archive only,not_needed,no
C:\Users\Monster\OneDrive\Masaüstü\proje2\outputs\reports\population_weighted_city_weights.csv,archive_full/reports/population_weighted_city_weights.csv,validation_artifact,0.0039,report or validation artifact kept in full archive only,not_needed,no
C:\Users\Monster\OneDrive\Masaüstü\proje2\outputs\reports\population_weighted_hourly_coverage_2022.csv,archive_full/reports/population_weighted_hourly_coverage_2022.csv,validation_artifact,0.3804,report or validation artifact kept in full archive only,not_needed,no
C:\Users\Monster\OneDrive\Masaüstü\proje2\outputs\reports\population_weighted_hourly_coverage_2023.csv,archive_full/reports/population_weighted_hourly_coverage_2023.csv,validation_artifact,0.3839,report or validation artifact kept in full archive only,not_needed,no
C:\Users\Monster\OneDrive\Masaüstü\proje2\outputs\reports\population_weighted_hourly_coverage_2024.csv,archive_full/reports/population_weighted_hourly_coverage_2024.csv,validation_artifact,0.365,report or validation artifact kept in full archive only,not_needed,no
C:\Users\Monster\OneDrive\Masaüstü\proje2\outputs\reports\population_weighted_hourly_coverage_2025.csv,archive_full/reports/population_weighted_hourly_coverage_2025.csv,validation_artifact,0.3633,report or validation artifact kept in full archive only,not_needed,no
C:\Users\Monster\OneDrive\Masaüstü\proje2\outputs\reports\population_weighted_matched_cities.csv,archive_full/reports/population_weighted_matched_cities.csv,validation_artifact,0.0044,report or validation artifact kept in full archive only,not_needed,no
C:\Users\Monster\OneDrive\Masaüstü\proje2\outputs\reports\population_weighted_observed_hour_counts.csv,archive_full/reports/population_weighted_observed_hour_counts.csv,validation_artifact,0.006,report or validation artifact kept in full archive only,not_needed,no
C:\Users\Monster\OneDrive\Masaüstü\proje2\outputs\reports\population_weighted_population_unique_cities.csv,archive_full/reports/population_weighted_population_unique_cities.csv,validation_artifact,0.0029,report or validation artifact kept in full archive only,not_needed,no
C:\Users\Monster\OneDrive\Masaüstü\proje2\outputs\reports\population_weighted_province_hourly_hdd_cdd.csv,archive_full/large_intermediates/population_weighted_province_hourly_hdd_cdd.csv,archived_experiment,477.6152,large intermediate file; not needed in reviewer package,compress_or_external_backup,no
C:\Users\Monster\OneDrive\Masaüstü\proje2\outputs\reports\population_weighted_temperature_unique_cities.csv,archive_full/reports/population_weighted_temperature_unique_cities.csv,validation_artifact,0.0029,report or validation artifact kept in full archive only,not_needed,no
C:\Users\Monster\OneDrive\Masaüstü\proje2\outputs\reports\population_weighted_unmatched_population_cities.csv,archive_full/reports/population_weighted_unmatched_population_cities.csv,validation_artifact,0.0001,report or validation artifact kept in full archive only,not_needed,no
C:\Users\Monster\OneDrive\Masaüstü\proje2\outputs\reports\population_weighted_unmatched_temperature_cities.csv,archive_full/reports/population_weighted_unmatched_temperature_cities.csv,validation_artifact,0.0001,report or validation artifact kept in full archive only,not_needed,no
C:\Users\Monster\OneDrive\Masaüstü\proje2\outputs\reports\r_squared_karsilastirma_tablosu.csv,archive_full/reports/r_squared_karsilastirma_tablosu.csv,validation_artifact,0.001,report or validation artifact kept in full archive only,not_needed,no
C:\Users\Monster\OneDrive\Masaüstü\proje2\outputs\reports\tum_yillar_lasso_final_cdd_marjinal_etki_aylik.csv,archive_full/reports/tum_yillar_lasso_final_cdd_marjinal_etki_aylik.csv,validation_artifact,0.0973,report or validation artifact kept in full archive only,not_needed,no
C:\Users\Monster\OneDrive\Masaüstü\proje2\outputs\reports\tum_yillar_lasso_final_elastic_net_diyagnostikleri.csv,archive_full/reports/tum_yillar_lasso_final_elastic_net_diyagnostikleri.csv,validation_artifact,0.0295,report or validation artifact kept in full archive only,not_needed,no
C:\Users\Monster\OneDrive\Masaüstü\proje2\outputs\reports\tum_yillar_lasso_final_elastic_net_katsayilari.csv,archive_full/reports/tum_yillar_lasso_final_elastic_net_katsayilari.csv,validation_artifact,0.0978,report or validation artifact kept in full archive only,not_needed,no
C:\Users\Monster\OneDrive\Masaüstü\proje2\outputs\reports\tum_yillar_lasso_final_hdd_marjinal_etki_aylik.csv,archive_full/reports/tum_yillar_lasso_final_hdd_marjinal_etki_aylik.csv,validation_artifact,0.1009,report or validation artifact kept in full archive only,not_needed,no
C:\Users\Monster\OneDrive\Masaüstü\proje2\outputs\reports\tum_yillar_lasso_final_model_diyagnostikleri.csv,archive_full/reports/tum_yillar_lasso_final_model_diyagnostikleri.csv,validation_artifact,0.0282,report or validation artifact kept in full archive only,not_needed,no
C:\Users\Monster\OneDrive\Masaüstü\proje2\outputs\reports\tum_yillar_lasso_final_ols_tablolari.csv,archive_full/reports/tum_yillar_lasso_final_ols_tablolari.csv,validation_artifact,0.1495,report or validation artifact kept in full archive only,not_needed,no
C:\Users\Monster\OneDrive\Masaüstü\proje2\outputs\reports\tum_yillar_lasso_final_ridge_diyagnostikleri.csv,archive_full/reports/tum_yillar_lasso_final_ridge_diyagnostikleri.csv,validation_artifact,0.0284,report or validation artifact kept in full archive only,not_needed,no
C:\Users\Monster\OneDrive\Masaüstü\proje2\outputs\reports\tum_yillar_lasso_final_ridge_katsayilari.csv,archive_full/reports/tum_yillar_lasso_final_ridge_katsayilari.csv,validation_artifact,0.0949,report or validation artifact kept in full archive only,not_needed,no
C:\Users\Monster\OneDrive\Masaüstü\proje2\outputs\reports\tum_yillar_lasso_final_standardizasyon_bazlari.csv,archive_full/reports/tum_yillar_lasso_final_standardizasyon_bazlari.csv,validation_artifact,0.0409,report or validation artifact kept in full archive only,not_needed,no
C:\Users\Monster\OneDrive\Masaüstü\proje2\outputs\reports\tum_yillar_lasso_final_vif_tablolari.csv,archive_full/reports/tum_yillar_lasso_final_vif_tablolari.csv,validation_artifact,0.0911,report or validation artifact kept in full archive only,not_needed,no
C:\Users\Monster\OneDrive\Masaüstü\proje2\outputs\reports\tum_yillar_lasso_interaction_adaylari.csv,archive_full/reports/tum_yillar_lasso_interaction_adaylari.csv,validation_artifact,0.1437,report or validation artifact kept in full archive only,not_needed,no
C:\Users\Monster\OneDrive\Masaüstü\proje2\outputs\reports\tum_yillar_lasso_interactionli_model_diyagnostikleri.csv,archive_full/reports/tum_yillar_lasso_interactionli_model_diyagnostikleri.csv,validation_artifact,0.0263,report or validation artifact kept in full archive only,not_needed,no
C:\Users\Monster\OneDrive\Masaüstü\proje2\outputs\reports\tum_yillar_lasso_interactionli_ols_tablolari.csv,archive_full/reports/tum_yillar_lasso_interactionli_ols_tablolari.csv,validation_artifact,0.0753,report or validation artifact kept in full archive only,not_needed,no
C:\Users\Monster\OneDrive\Masaüstü\proje2\outputs\reports\tum_yillar_lasso_interactionli_standardizasyon_bazlari.csv,archive_full/reports/tum_yillar_lasso_interactionli_standardizasyon_bazlari.csv,validation_artifact,0.0371,report or validation artifact kept in full archive only,not_needed,no
C:\Users\Monster\OneDrive\Masaüstü\proje2\outputs\reports\tum_yillar_lasso_interactionli_vif_tablolari.csv,archive_full/reports/tum_yillar_lasso_interactionli_vif_tablolari.csv,validation_artifact,0.0437,report or validation artifact kept in full archive only,not_needed,no
C:\Users\Monster\OneDrive\Masaüstü\proje2\outputs\reports\tum_yillar_lasso_ozet_metrikleri.csv,archive_full/reports/tum_yillar_lasso_ozet_metrikleri.csv,validation_artifact,0.0217,report or validation artifact kept in full archive only,not_needed,no
C:\Users\Monster\OneDrive\Masaüstü\proje2\outputs\reports\tum_yillar_lasso_secilen_interactionlar.csv,archive_full/reports/tum_yillar_lasso_secilen_interactionlar.csv,validation_artifact,0.058,report or validation artifact kept in full archive only,not_needed,no
C:\Users\Monster\OneDrive\Masaüstü\proje2\outputs\reports\tum_yillar_lasso_secilen_interactionlar.txt,archive_full/reports/tum_yillar_lasso_secilen_interactionlar.txt,validation_artifact,0.0232,report or validation artifact kept in full archive only,not_needed,no
C:\Users\Monster\OneDrive\Masaüstü\proje2\outputs\reports\tum_yillar_model_diyagnostikleri.csv,archive_full/reports/tum_yillar_model_diyagnostikleri.csv,validation_artifact,0.0264,report or validation artifact kept in full archive only,not_needed,no
C:\Users\Monster\OneDrive\Masaüstü\proje2\outputs\reports\tum_yillar_ols_regresyon_tablolari.csv,archive_full/reports/tum_yillar_ols_regresyon_tablolari.csv,validation_artifact,0.0346,report or validation artifact kept in full archive only,not_needed,no
C:\Users\Monster\OneDrive\Masaüstü\proje2\outputs\reports\tum_yillar_standardizasyon_bazlari.csv,archive_full/reports/tum_yillar_standardizasyon_bazlari.csv,validation_artifact,0.0095,report or validation artifact kept in full archive only,not_needed,no
C:\Users\Monster\OneDrive\Masaüstü\proje2\outputs\reports\tum_yillar_vif_tablolari.csv,archive_full/reports/tum_yillar_vif_tablolari.csv,validation_artifact,0.0166,report or validation artifact kept in full archive only,not_needed,no
C:\Users\Monster\OneDrive\Masaüstü\proje2\outputs\reports\tum_yillar_vif_tablolari.txt,archive_full/reports/tum_yillar_vif_tablolari.txt,validation_artifact,0.0054,report or validation artifact kept in full archive only,not_needed,no
C:\Users\Monster\OneDrive\Masaüstü\proje2\outputs\xgboost\error_comparisons.txt,archive_full/xgboost_misc/error_comparisons.txt,archived_experiment,0.0023,non-final xgboost artifact retained in full archive,not_needed,no
C:\Users\Monster\OneDrive\Masaüstü\proje2\outputs\xgboost\feature_generation_timeline_report.txt,archive_full/xgboost_misc/feature_generation_timeline_report.txt,archived_experiment,0.0049,non-final xgboost artifact retained in full archive,not_needed,no
C:\Users\Monster\OneDrive\Masaüstü\proje2\outputs\xgboost\fully_blind_broad_future_forecast_feature_importance.csv,archive_full/experiments/discarded_trials/fully_blind_broad_future_forecast_feature_importance.csv,archived_experiment,0.0003,non-final xgboost artifact retained in full archive,not_needed,no
C:\Users\Monster\OneDrive\Masaüstü\proje2\outputs\xgboost\fully_blind_broad_future_forecast_leakage_audit.csv,archive_full/experiments/discarded_trials/fully_blind_broad_future_forecast_leakage_audit.csv,archived_experiment,0.0016,non-final xgboost artifact retained in full archive,not_needed,no
C:\Users\Monster\OneDrive\Masaüstü\proje2\outputs\xgboost\fully_blind_broad_future_forecast_leakage_notlari.txt,archive_full/experiments/discarded_trials/fully_blind_broad_future_forecast_leakage_notlari.txt,archived_experiment,0.0021,non-final xgboost artifact retained in full archive,not_needed,no
C:\Users\Monster\OneDrive\Masaüstü\proje2\outputs\xgboost\fully_blind_broad_future_forecast_test_2025_metrics.json,archive_full/experiments/discarded_trials/fully_blind_broad_future_forecast_test_2025_metrics.json,archived_experiment,0.0012,non-final xgboost artifact retained in full archive,not_needed,no
C:\Users\Monster\OneDrive\Masaüstü\proje2\outputs\xgboost\fully_blind_broad_future_forecast_test_2025_predictions.csv,archive_full/experiments/discarded_trials/fully_blind_broad_future_forecast_test_2025_predictions.csv,archived_experiment,1.0106,non-final xgboost artifact retained in full archive,not_needed,no
C:\Users\Monster\OneDrive\Masaüstü\proje2\outputs\xgboost\fully_blind_broad_future_forecast_train_predictions.csv,archive_full/experiments/discarded_trials/fully_blind_broad_future_forecast_train_predictions.csv,archived_experiment,2.9499,large train-prediction intermediate; omit from reviewer package,not_needed,no
C:\Users\Monster\OneDrive\Masaüstü\proje2\outputs\xgboost\nonrecursive_historical_ablation_study.csv,archive_full/experiments/table3_rolling_month_ahead/nonrecursive_historical_ablation_study.csv,archived_experiment,0.0049,important methodology-history experiment retained in archive,not_needed,no
C:\Users\Monster\OneDrive\Masaüstü\proje2\outputs\xgboost\population_weighted_hdd_cdd_merge_validation.txt,archive_full/xgboost_misc/population_weighted_hdd_cdd_merge_validation.txt,archived_experiment,0.001,non-final xgboost artifact retained in full archive,not_needed,no
C:\Users\Monster\OneDrive\Masaüstü\proje2\outputs\xgboost\population_weighted_hdd_cdd_validation_summary.csv,archive_full/xgboost_misc/population_weighted_hdd_cdd_validation_summary.csv,archived_experiment,0.0003,non-final xgboost artifact retained in full archive,not_needed,no
C:\Users\Monster\OneDrive\Masaüstü\proje2\outputs\xgboost\table3_2025_monthly_validation.csv,archive_full/xgboost_misc/table3_2025_monthly_validation.csv,archived_experiment,0.0036,non-final xgboost artifact retained in full archive,not_needed,no
C:\Users\Monster\OneDrive\Masaüstü\proje2\outputs\xgboost\table3_2025_rolling_backtest_interpretation.txt,archive_full/experiments/table3_rolling_month_ahead/table3_2025_rolling_backtest_interpretation.txt,archived_experiment,0.0049,important methodology-history experiment retained in archive,not_needed,no
C:\Users\Monster\OneDrive\Masaüstü\proje2\outputs\xgboost\table3_2025_rolling_backtest_metrics.csv,archive_full/experiments/table3_rolling_month_ahead/table3_2025_rolling_backtest_metrics.csv,archived_experiment,0.001,important methodology-history experiment retained in archive,not_needed,no
C:\Users\Monster\OneDrive\Masaüstü\proje2\outputs\xgboost\table3_2025_rolling_vs_recursive_comparison.csv,archive_full/experiments/table3_rolling_month_ahead/table3_2025_rolling_vs_recursive_comparison.csv,archived_experiment,1.0369,important methodology-history experiment retained in archive,not_needed,no
C:\Users\Monster\OneDrive\Masaüstü\proje2\outputs\xgboost\table3_forecast_2026_full_year_recursive_previous.csv,archive_full/experiments/table3_rolling_month_ahead/table3_forecast_2026_full_year_recursive_previous.csv,archived_experiment,0.9297,important methodology-history experiment retained in archive,not_needed,no
C:\Users\Monster\OneDrive\Masaüstü\proje2\outputs\xgboost\table3_forecast_2026_rolling_vs_full_year_recursive.csv,archive_full/experiments/table3_rolling_month_ahead/table3_forecast_2026_rolling_vs_full_year_recursive.csv,archived_experiment,0.661,important methodology-history experiment retained in archive,not_needed,no
C:\Users\Monster\OneDrive\Masaüstü\proje2\outputs\xgboost\table3_forecast_2026_rolling_vs_full_year_recursive.txt,archive_full/experiments/table3_rolling_month_ahead/table3_forecast_2026_rolling_vs_full_year_recursive.txt,archived_experiment,0.0057,important methodology-history experiment retained in archive,not_needed,no
C:\Users\Monster\OneDrive\Masaüstü\proje2\outputs\xgboost\table3_intramonth_enhanced_feature_importance.csv,archive_full/experiments/discarded_trials/table3_intramonth_enhanced_feature_importance.csv,archived_experiment,0.0005,discarded or superseded experiment family,not_needed,no
C:\Users\Monster\OneDrive\Masaüstü\proje2\outputs\xgboost\table3_intramonth_enhanced_leakage_audit.csv,archive_full/experiments/discarded_trials/table3_intramonth_enhanced_leakage_audit.csv,archived_experiment,0.0014,discarded or superseded experiment family,not_needed,no
C:\Users\Monster\OneDrive\Masaüstü\proje2\outputs\xgboost\table3_intramonth_enhanced_leakage_notlari.txt,archive_full/experiments/discarded_trials/table3_intramonth_enhanced_leakage_notlari.txt,archived_experiment,0.0018,discarded or superseded experiment family,not_needed,no
C:\Users\Monster\OneDrive\Masaüstü\proje2\outputs\xgboost\table3_intramonth_enhanced_train_predictions.csv,archive_full/experiments/discarded_trials/table3_intramonth_enhanced_train_predictions.csv,archived_experiment,6.9275,large train-prediction intermediate; omit from reviewer package,consider_compression_if_large,no
C:\Users\Monster\OneDrive\Masaüstü\proje2\outputs\xgboost\table3_intramonth_feature_importance.csv,archive_full/xgboost_misc/table3_intramonth_feature_importance.csv,archived_experiment,0.0001,non-final xgboost artifact retained in full archive,not_needed,no
C:\Users\Monster\OneDrive\Masaüstü\proje2\outputs\xgboost\table3_intramonth_leakage_audit.csv,archive_full/xgboost_misc/table3_intramonth_leakage_audit.csv,archived_experiment,0.0011,non-final xgboost artifact retained in full archive,not_needed,no
C:\Users\Monster\OneDrive\Masaüstü\proje2\outputs\xgboost\table3_intramonth_leakage_notlari.txt,archive_full/xgboost_misc/table3_intramonth_leakage_notlari.txt,archived_experiment,0.0013,non-final xgboost artifact retained in full archive,not_needed,no
C:\Users\Monster\OneDrive\Masaüstü\proje2\outputs\xgboost\table3_intramonth_population_weighted_feature_importance.csv,archive_full/xgboost_misc/table3_intramonth_population_weighted_feature_importance.csv,archived_experiment,0.0001,non-final xgboost artifact retained in full archive,not_needed,no
C:\Users\Monster\OneDrive\Masaüstü\proje2\outputs\xgboost\table3_intramonth_population_weighted_metrics.json,archive_full/xgboost_misc/table3_intramonth_population_weighted_metrics.json,archived_experiment,0.0008,non-final xgboost artifact retained in full archive,not_needed,no
C:\Users\Monster\OneDrive\Masaüstü\proje2\outputs\xgboost\table3_intramonth_population_weighted_predictions_2025.csv,archive_full/xgboost_misc/table3_intramonth_population_weighted_predictions_2025.csv,archived_experiment,0.7842,non-final xgboost artifact retained in full archive,not_needed,no
C:\Users\Monster\OneDrive\Masaüstü\proje2\outputs\xgboost\table3_intramonth_population_weighted_train_metrics.json,archive_full/xgboost_misc/table3_intramonth_population_weighted_train_metrics.json,archived_experiment,0.0006,non-final xgboost artifact retained in full archive,not_needed,no
C:\Users\Monster\OneDrive\Masaüstü\proje2\outputs\xgboost\table3_intramonth_population_weighted_train_predictions.csv,archive_full/large_intermediates/train_predictions/table3_intramonth_population_weighted_train_predictions.csv,archived_experiment,2.3165,large train-prediction intermediate; omit from reviewer package,not_needed,no
C:\Users\Monster\OneDrive\Masaüstü\proje2\outputs\xgboost\table3_intramonth_sarima_guided_feature_importance.csv,archive_full/xgboost_misc/table3_intramonth_sarima_guided_feature_importance.csv,archived_experiment,0.0002,non-final xgboost artifact retained in full archive,not_needed,no
C:\Users\Monster\OneDrive\Masaüstü\proje2\outputs\xgboost\table3_intramonth_sarima_guided_leakage_audit.csv,archive_full/xgboost_misc/table3_intramonth_sarima_guided_leakage_audit.csv,archived_experiment,0.0014,non-final xgboost artifact retained in full archive,not_needed,no
C:\Users\Monster\OneDrive\Masaüstü\proje2\outputs\xgboost\table3_intramonth_sarima_guided_leakage_notlari.txt,archive_full/xgboost_misc/table3_intramonth_sarima_guided_leakage_notlari.txt,archived_experiment,0.0017,non-final xgboost artifact retained in full archive,not_needed,no
C:\Users\Monster\OneDrive\Masaüstü\proje2\outputs\xgboost\table3_intramonth_sarima_guided_recursive_test_2025_metrics.json,archive_full/experiments/table3_rolling_month_ahead/table3_intramonth_sarima_guided_recursive_test_2025_metrics.json,archived_experiment,0.001,important methodology-history experiment retained in archive,not_needed,no
C:\Users\Monster\OneDrive\Masaüstü\proje2\outputs\xgboost\table3_intramonth_sarima_guided_recursive_test_2025_predictions.csv,archive_full/experiments/table3_rolling_month_ahead/table3_intramonth_sarima_guided_recursive_test_2025_predictions.csv,archived_experiment,1.3063,important methodology-history experiment retained in archive,not_needed,no
C:\Users\Monster\OneDrive\Masaüstü\proje2\outputs\xgboost\table3_intramonth_sarima_guided_test_2025_metrics.json,archive_full/xgboost_misc/table3_intramonth_sarima_guided_test_2025_metrics.json,archived_experiment,0.001,non-final xgboost artifact retained in full archive,not_needed,no
C:\Users\Monster\OneDrive\Masaüstü\proje2\outputs\xgboost\table3_intramonth_sarima_guided_test_2025_predictions.csv,archive_full/xgboost_misc/table3_intramonth_sarima_guided_test_2025_predictions.csv,archived_experiment,1.0277,non-final xgboost artifact retained in full archive,not_needed,no
C:\Users\Monster\OneDrive\Masaüstü\proje2\outputs\xgboost\table3_intramonth_sarima_guided_train_predictions.csv,archive_full/large_intermediates/train_predictions/table3_intramonth_sarima_guided_train_predictions.csv,archived_experiment,3.0931,large train-prediction intermediate; omit from reviewer package,not_needed,no
C:\Users\Monster\OneDrive\Masaüstü\proje2\outputs\xgboost\table3_intramonth_test_2025_metrics.json,archive_full/xgboost_misc/table3_intramonth_test_2025_metrics.json,archived_experiment,0.0008,non-final xgboost artifact retained in full archive,not_needed,no
C:\Users\Monster\OneDrive\Masaüstü\proje2\outputs\xgboost\table3_intramonth_test_2025_predictions.csv,archive_full/xgboost_misc/table3_intramonth_test_2025_predictions.csv,archived_experiment,0.6798,non-final xgboost artifact retained in full archive,not_needed,no
C:\Users\Monster\OneDrive\Masaüstü\proje2\outputs\xgboost\table3_intramonth_train_predictions.csv,archive_full/large_intermediates/train_predictions/table3_intramonth_train_predictions.csv,archived_experiment,2.0496,large train-prediction intermediate; omit from reviewer package,not_needed,no
C:\Users\Monster\OneDrive\Masaüstü\proje2\outputs\xgboost\table3_medium_horizon_predictions_2025.csv,archive_full/xgboost_misc/table3_medium_horizon_predictions_2025.csv,archived_experiment,0.5085,non-final xgboost artifact retained in full archive,not_needed,no
C:\Users\Monster\OneDrive\Masaüstü\proje2\outputs\xgboost\table3_sarima_guided_population_weighted_feature_importance.csv,archive_full/xgboost_misc/table3_sarima_guided_population_weighted_feature_importance.csv,archived_experiment,0.0002,non-final xgboost artifact retained in full archive,not_needed,no
C:\Users\Monster\OneDrive\Masaüstü\proje2\outputs\xgboost\table3_sarima_guided_population_weighted_train_predictions.csv,archive_full/large_intermediates/train_predictions/table3_sarima_guided_population_weighted_train_predictions.csv,archived_experiment,3.3622,large train-prediction intermediate; omit from reviewer package,not_needed,no
C:\Users\Monster\OneDrive\Masaüstü\proje2\outputs\xgboost\table8_broadscale_enhanced_feature_importance.csv,archive_full/experiments/discarded_trials/table8_broadscale_enhanced_feature_importance.csv,archived_experiment,0.0005,discarded or superseded experiment family,not_needed,no
C:\Users\Monster\OneDrive\Masaüstü\proje2\outputs\xgboost\table8_broadscale_enhanced_leakage_audit.csv,archive_full/experiments/discarded_trials/table8_broadscale_enhanced_leakage_audit.csv,archived_experiment,0.0015,discarded or superseded experiment family,not_needed,no
C:\Users\Monster\OneDrive\Masaüstü\proje2\outputs\xgboost\table8_broadscale_enhanced_leakage_notlari.txt,archive_full/experiments/discarded_trials/table8_broadscale_enhanced_leakage_notlari.txt,archived_experiment,0.002,discarded or superseded experiment family,not_needed,no
C:\Users\Monster\OneDrive\Masaüstü\proje2\outputs\xgboost\table8_broadscale_enhanced_train_predictions.csv,archive_full/experiments/discarded_trials/table8_broadscale_enhanced_train_predictions.csv,archived_experiment,7.279,large train-prediction intermediate; omit from reviewer package,consider_compression_if_large,no
C:\Users\Monster\OneDrive\Masaüstü\proje2\outputs\xgboost\table8_broadscale_feature_importance.csv,archive_full/experiments/discarded_trials/table8_broadscale_feature_importance.csv,archived_experiment,0.0001,discarded or superseded experiment family,not_needed,no
C:\Users\Monster\OneDrive\Masaüstü\proje2\outputs\xgboost\table8_broadscale_leakage_audit.csv,archive_full/experiments/discarded_trials/table8_broadscale_leakage_audit.csv,archived_experiment,0.0011,discarded or superseded experiment family,not_needed,no
C:\Users\Monster\OneDrive\Masaüstü\proje2\outputs\xgboost\table8_broadscale_leakage_notlari.txt,archive_full/experiments/discarded_trials/table8_broadscale_leakage_notlari.txt,archived_experiment,0.0015,discarded or superseded experiment family,not_needed,no
C:\Users\Monster\OneDrive\Masaüstü\proje2\outputs\xgboost\table8_broadscale_recursive_stabilized_feature_importance.csv,archive_full/experiments/table3_rolling_month_ahead/table8_broadscale_recursive_stabilized_feature_importance.csv,archived_experiment,0.0005,discarded or superseded experiment family,not_needed,no
C:\Users\Monster\OneDrive\Masaüstü\proje2\outputs\xgboost\table8_broadscale_recursive_stabilized_leakage_audit.csv,archive_full/experiments/table3_rolling_month_ahead/table8_broadscale_recursive_stabilized_leakage_audit.csv,archived_experiment,0.002,discarded or superseded experiment family,not_needed,no
C:\Users\Monster\OneDrive\Masaüstü\proje2\outputs\xgboost\table8_broadscale_recursive_stabilized_leakage_notlari.txt,archive_full/experiments/table3_rolling_month_ahead/table8_broadscale_recursive_stabilized_leakage_notlari.txt,archived_experiment,0.0026,discarded or superseded experiment family,not_needed,no
C:\Users\Monster\OneDrive\Masaüstü\proje2\outputs\xgboost\table8_broadscale_recursive_stabilized_recursive_test_2025_metrics.json,archive_full/experiments/table3_rolling_month_ahead/table8_broadscale_recursive_stabilized_recursive_test_2025_metrics.json,archived_experiment,0.0014,discarded or superseded experiment family,not_needed,no
C:\Users\Monster\OneDrive\Masaüstü\proje2\outputs\xgboost\table8_broadscale_recursive_stabilized_recursive_test_2025_predictions.csv,archive_full/experiments/table3_rolling_month_ahead/table8_broadscale_recursive_stabilized_recursive_test_2025_predictions.csv,archived_experiment,3.1688,discarded or superseded experiment family,not_needed,no
C:\Users\Monster\OneDrive\Masaüstü\proje2\outputs\xgboost\table8_broadscale_recursive_stabilized_test_2025_metrics.json,archive_full/experiments/table3_rolling_month_ahead/table8_broadscale_recursive_stabilized_test_2025_metrics.json,archived_experiment,0.0014,discarded or superseded experiment family,not_needed,no
C:\Users\Monster\OneDrive\Masaüstü\proje2\outputs\xgboost\table8_broadscale_recursive_stabilized_test_2025_predictions.csv,archive_full/experiments/table3_rolling_month_ahead/table8_broadscale_recursive_stabilized_test_2025_predictions.csv,archived_experiment,2.6894,discarded or superseded experiment family,not_needed,no
C:\Users\Monster\OneDrive\Masaüstü\proje2\outputs\xgboost\table8_broadscale_recursive_stabilized_train_predictions.csv,archive_full/experiments/table3_rolling_month_ahead/table8_broadscale_recursive_stabilized_train_predictions.csv,archived_experiment,7.8598,large train-prediction intermediate; omit from reviewer package,consider_compression_if_large,no
C:\Users\Monster\OneDrive\Masaüstü\proje2\outputs\xgboost\table8_broadscale_sarima_guided_feature_importance.csv,archive_full/experiments/discarded_trials/table8_broadscale_sarima_guided_feature_importance.csv,archived_experiment,0.0002,discarded or superseded experiment family,not_needed,no
C:\Users\Monster\OneDrive\Masaüstü\proje2\outputs\xgboost\table8_broadscale_sarima_guided_leakage_audit.csv,archive_full/experiments/discarded_trials/table8_broadscale_sarima_guided_leakage_audit.csv,archived_experiment,0.0015,discarded or superseded experiment family,not_needed,no
C:\Users\Monster\OneDrive\Masaüstü\proje2\outputs\xgboost\table8_broadscale_sarima_guided_leakage_notlari.txt,archive_full/experiments/discarded_trials/table8_broadscale_sarima_guided_leakage_notlari.txt,archived_experiment,0.0019,discarded or superseded experiment family,not_needed,no
C:\Users\Monster\OneDrive\Masaüstü\proje2\outputs\xgboost\table8_broadscale_sarima_guided_recursive_test_2025_metrics.json,archive_full/experiments/table3_rolling_month_ahead/table8_broadscale_sarima_guided_recursive_test_2025_metrics.json,archived_experiment,0.0011,discarded or superseded experiment family,not_needed,no
C:\Users\Monster\OneDrive\Masaüstü\proje2\outputs\xgboost\table8_broadscale_sarima_guided_recursive_test_2025_predictions.csv,archive_full/experiments/table3_rolling_month_ahead/table8_broadscale_sarima_guided_recursive_test_2025_predictions.csv,archived_experiment,1.6306,discarded or superseded experiment family,not_needed,no
C:\Users\Monster\OneDrive\Masaüstü\proje2\outputs\xgboost\table8_broadscale_sarima_guided_test_2025_metrics.json,archive_full/experiments/discarded_trials/table8_broadscale_sarima_guided_test_2025_metrics.json,archived_experiment,0.0011,discarded or superseded experiment family,not_needed,no
C:\Users\Monster\OneDrive\Masaüstü\proje2\outputs\xgboost\table8_broadscale_sarima_guided_test_2025_predictions.csv,archive_full/experiments/discarded_trials/table8_broadscale_sarima_guided_test_2025_predictions.csv,archived_experiment,1.203,discarded or superseded experiment family,not_needed,no
C:\Users\Monster\OneDrive\Masaüstü\proje2\outputs\xgboost\table8_broadscale_sarima_guided_train_predictions.csv,archive_full/experiments/discarded_trials/table8_broadscale_sarima_guided_train_predictions.csv,archived_experiment,3.5126,large train-prediction intermediate; omit from reviewer package,not_needed,no
C:\Users\Monster\OneDrive\Masaüstü\proje2\outputs\xgboost\table8_broadscale_test_2025_metrics.json,archive_full/experiments/discarded_trials/table8_broadscale_test_2025_metrics.json,archived_experiment,0.0009,discarded or superseded experiment family,not_needed,no
C:\Users\Monster\OneDrive\Masaüstü\proje2\outputs\xgboost\table8_broadscale_test_2025_predictions.csv,archive_full/experiments/discarded_trials/table8_broadscale_test_2025_predictions.csv,archived_experiment,0.8537,discarded or superseded experiment family,not_needed,no
C:\Users\Monster\OneDrive\Masaüstü\proje2\outputs\xgboost\table8_broadscale_train_predictions.csv,archive_full/experiments/discarded_trials/table8_broadscale_train_predictions.csv,archived_experiment,2.4923,large train-prediction intermediate; omit from reviewer package,not_needed,no
C:\Users\Monster\OneDrive\Masaüstü\proje2\outputs\xgboost\table8_fully_blind_population_weighted_feature_importance.csv,archive_full/xgboost_misc/table8_fully_blind_population_weighted_feature_importance.csv,archived_experiment,0.0003,non-final xgboost artifact retained in full archive,not_needed,no
C:\Users\Monster\OneDrive\Masaüstü\proje2\outputs\xgboost\table8_fully_blind_population_weighted_metrics.json,archive_full/xgboost_misc/table8_fully_blind_population_weighted_metrics.json,archived_experiment,0.001,non-final xgboost artifact retained in full archive,not_needed,no
C:\Users\Monster\OneDrive\Masaüstü\proje2\outputs\xgboost\table8_fully_blind_population_weighted_overfitting_diagnostics.json,archive_full/xgboost_misc/table8_fully_blind_population_weighted_overfitting_diagnostics.json,archived_experiment,0.0009,non-final xgboost artifact retained in full archive,not_needed,no
C:\Users\Monster\OneDrive\Masaüstü\proje2\outputs\xgboost\table8_fully_blind_population_weighted_predictions_2025.csv,archive_full/xgboost_misc/table8_fully_blind_population_weighted_predictions_2025.csv,archived_experiment,0.5428,non-final xgboost artifact retained in full archive,not_needed,no
C:\Users\Monster\OneDrive\Masaüstü\proje2\outputs\xgboost\table8_fully_blind_population_weighted_train_metrics.json,archive_full/xgboost_misc/table8_fully_blind_population_weighted_train_metrics.json,archived_experiment,0.0008,non-final xgboost artifact retained in full archive,not_needed,no
C:\Users\Monster\OneDrive\Masaüstü\proje2\outputs\xgboost\table8_fully_blind_population_weighted_train_predictions.csv,archive_full/large_intermediates/train_predictions/table8_fully_blind_population_weighted_train_predictions.csv,archived_experiment,3.3184,large train-prediction intermediate; omit from reviewer package,not_needed,no
C:\Users\Monster\OneDrive\Masaüstü\proje2\outputs\xgboost\table8_fully_blind_vs_nonrecursive_historical_population_weighted.csv,archive_full/experiments/table3_rolling_month_ahead/table8_fully_blind_vs_nonrecursive_historical_population_weighted.csv,archived_experiment,0.0015,important methodology-history experiment retained in archive,not_needed,no
C:\Users\Monster\OneDrive\Masaüstü\proje2\outputs\xgboost\table8_long_term_comparison.csv,archive_full/xgboost_misc/table8_long_term_comparison.csv,archived_experiment,0.001,non-final xgboost artifact retained in full archive,not_needed,no
C:\Users\Monster\OneDrive\Masaüstü\proje2\outputs\xgboost\table8_long_term_comparison.txt,archive_full/xgboost_misc/table8_long_term_comparison.txt,archived_experiment,0.0021,non-final xgboost artifact retained in full archive,not_needed,no
C:\Users\Monster\OneDrive\Masaüstü\proje2\outputs\xgboost\table8_long_term_comparison_population_weighted.csv,archive_full/xgboost_misc/table8_long_term_comparison_population_weighted.csv,archived_experiment,0.0005,non-final xgboost artifact retained in full archive,not_needed,no
C:\Users\Monster\OneDrive\Masaüstü\proje2\outputs\xgboost\table8_long_term_comparison_population_weighted.txt,archive_full/xgboost_misc/table8_long_term_comparison_population_weighted.txt,archived_experiment,0.0019,non-final xgboost artifact retained in full archive,not_needed,no
C:\Users\Monster\OneDrive\Masaüstü\proje2\outputs\xgboost\table8_recursive_population_weighted_metrics.json,archive_full/experiments/table3_rolling_month_ahead/table8_recursive_population_weighted_metrics.json,archived_experiment,0.001,important methodology-history experiment retained in archive,not_needed,no
C:\Users\Monster\OneDrive\Masaüstü\proje2\outputs\xgboost\table8_recursive_population_weighted_predictions_2025.csv,archive_full/experiments/table3_rolling_month_ahead/table8_recursive_population_weighted_predictions_2025.csv,archived_experiment,0.7478,important methodology-history experiment retained in archive,not_needed,no
C:\Users\Monster\OneDrive\Masaüstü\proje2\outputs\xgboost\table8_sarima_guided_population_weighted_feature_importance.csv,archive_full/xgboost_misc/table8_sarima_guided_population_weighted_feature_importance.csv,archived_experiment,0.0002,non-final xgboost artifact retained in full archive,not_needed,no
C:\Users\Monster\OneDrive\Masaüstü\proje2\outputs\xgboost\table8_sarima_guided_population_weighted_metrics.json,archive_full/xgboost_misc/table8_sarima_guided_population_weighted_metrics.json,archived_experiment,0.0009,non-final xgboost artifact retained in full archive,not_needed,no
C:\Users\Monster\OneDrive\Masaüstü\proje2\outputs\xgboost\table8_sarima_guided_population_weighted_predictions_2025.csv,archive_full/xgboost_misc/table8_sarima_guided_population_weighted_predictions_2025.csv,archived_experiment,1.386,non-final xgboost artifact retained in full archive,not_needed,no
C:\Users\Monster\OneDrive\Masaüstü\proje2\outputs\xgboost\table8_sarima_guided_population_weighted_train_metrics.json,archive_full/xgboost_misc/table8_sarima_guided_population_weighted_train_metrics.json,archived_experiment,0.0007,non-final xgboost artifact retained in full archive,not_needed,no
C:\Users\Monster\OneDrive\Masaüstü\proje2\outputs\xgboost\table8_sarima_guided_population_weighted_train_predictions.csv,archive_full/large_intermediates/train_predictions/table8_sarima_guided_population_weighted_train_predictions.csv,archived_experiment,4.009,large train-prediction intermediate; omit from reviewer package,not_needed,no
C:\Users\Monster\OneDrive\Masaüstü\proje2\outputs\xgboost\xgboost_2025_notebook_feature_importance.csv,archive_full/experiments/discarded_trials/xgboost_2025_notebook_feature_importance.csv,archived_experiment,0.0006,older notebook-derived artifact superseded by final curated outputs,not_needed,no
C:\Users\Monster\OneDrive\Masaüstü\proje2\outputs\xgboost\xgboost_2025_notebook_performance.csv,archive_full/experiments/discarded_trials/xgboost_2025_notebook_performance.csv,archived_experiment,0.0002,older notebook-derived artifact superseded by final curated outputs,not_needed,no
C:\Users\Monster\OneDrive\Masaüstü\proje2\outputs\xgboost\xgboost_2025_notebook_predictions.csv,archive_full/experiments/discarded_trials/xgboost_2025_notebook_predictions.csv,archived_experiment,0.5548,older notebook-derived artifact superseded by final curated outputs,not_needed,no
C:\Users\Monster\OneDrive\Masaüstü\proje2\outputs\xgboost\xgboost_2025_test_hazirlik.txt,archive_full/xgboost_misc/xgboost_2025_test_hazirlik.txt,archived_experiment,0.0026,non-final xgboost artifact retained in full archive,not_needed,no
C:\Users\Monster\OneDrive\Masaüstü\proje2\outputs\xgboost\xgboost_backtest_predictions_2024.csv,archive_full/xgboost_misc/xgboost_backtest_predictions_2024.csv,archived_experiment,3.1539,non-final xgboost artifact retained in full archive,not_needed,no
C:\Users\Monster\OneDrive\Masaüstü\proje2\outputs\xgboost\xgboost_feature_importance.csv,archive_full/xgboost_misc/xgboost_feature_importance.csv,archived_experiment,0.0008,non-final xgboost artifact retained in full archive,not_needed,no
C:\Users\Monster\OneDrive\Masaüstü\proje2\outputs\xgboost\xgboost_leakage_audit.csv,archive_full/xgboost_misc/xgboost_leakage_audit.csv,archived_experiment,0.001,non-final xgboost artifact retained in full archive,not_needed,no
C:\Users\Monster\OneDrive\Masaüstü\proje2\outputs\xgboost\xgboost_leakage_notlari.txt,archive_full/xgboost_misc/xgboost_leakage_notlari.txt,archived_experiment,0.0016,non-final xgboost artifact retained in full archive,not_needed,no
C:\Users\Monster\OneDrive\Masaüstü\proje2\outputs\xgboost\xgboost_population_weighted_model_validation.txt,archive_full/xgboost_misc/xgboost_population_weighted_model_validation.txt,archived_experiment,0.0045,non-final xgboost artifact retained in full archive,not_needed,no
C:\Users\Monster\OneDrive\Masaüstü\proje2\outputs\xgboost\xgboost_population_weighted_overfitting_summary.csv,archive_full/xgboost_misc/xgboost_population_weighted_overfitting_summary.csv,archived_experiment,0.0009,non-final xgboost artifact retained in full archive,not_needed,no
C:\Users\Monster\OneDrive\Masaüstü\proje2\outputs\xgboost\xgboost_population_weighted_recursive_summary.csv,archive_full/experiments/table3_rolling_month_ahead/xgboost_population_weighted_recursive_summary.csv,archived_experiment,0.0005,important methodology-history experiment retained in archive,not_needed,no
C:\Users\Monster\OneDrive\Masaüstü\proje2\outputs\xgboost\xgboost_population_weighted_spec_consistency.csv,archive_full/xgboost_misc/xgboost_population_weighted_spec_consistency.csv,archived_experiment,0.0017,non-final xgboost artifact retained in full archive,not_needed,no
C:\Users\Monster\OneDrive\Masaüstü\proje2\outputs\xgboost\xgboost_population_weighted_spec_consistency.txt,archive_full/xgboost_misc/xgboost_population_weighted_spec_consistency.txt,archived_experiment,0.0031,non-final xgboost artifact retained in full archive,not_needed,no
C:\Users\Monster\OneDrive\Masaüstü\proje2\outputs\xgboost\xgboost_population_weighted_table3_table8_metrics.csv,archive_full/xgboost_misc/xgboost_population_weighted_table3_table8_metrics.csv,archived_experiment,0.0005,non-final xgboost artifact retained in full archive,not_needed,no
C:\Users\Monster\OneDrive\Masaüstü\proje2\outputs\xgboost\xgboost_population_weighted_test_summary.csv,archive_full/xgboost_misc/xgboost_population_weighted_test_summary.csv,archived_experiment,0.0017,non-final xgboost artifact retained in full archive,not_needed,no
C:\Users\Monster\OneDrive\Masaüstü\proje2\outputs\xgboost\xgboost_population_weighted_training_summary.csv,archive_full/xgboost_misc/xgboost_population_weighted_training_summary.csv,archived_experiment,0.0023,non-final xgboost artifact retained in full archive,not_needed,no
C:\Users\Monster\OneDrive\Masaüstü\proje2\outputs\xgboost\xgboost_recursive_test_2025_summary.csv,archive_full/experiments/table3_rolling_month_ahead/xgboost_recursive_test_2025_summary.csv,archived_experiment,0.0029,important methodology-history experiment retained in archive,not_needed,no
C:\Users\Monster\OneDrive\Masaüstü\proje2\outputs\xgboost\xgboost_test_2025_summary.csv,archive_full/xgboost_misc/xgboost_test_2025_summary.csv,archived_experiment,0.0049,non-final xgboost artifact retained in full archive,not_needed,no
C:\Users\Monster\OneDrive\Masaüstü\proje2\outputs\xgboost\xgboost_train_metrics.csv,archive_full/xgboost_misc/xgboost_train_metrics.csv,archived_experiment,0.0004,non-final xgboost artifact retained in full archive,not_needed,no
C:\Users\Monster\OneDrive\Masaüstü\proje2\outputs\xgboost\xgboost_train_predictions_2022_2024.csv,archive_full/large_intermediates/train_predictions/xgboost_train_predictions_2022_2024.csv,archived_experiment,9.15,large train-prediction intermediate; omit from reviewer package,consider_compression_if_large,no
C:\Users\Monster\OneDrive\Masaüstü\proje2\outputs\xgboost\xgboost_train_summary.csv,archive_full/xgboost_misc/xgboost_train_summary.csv,archived_experiment,0.0003,non-final xgboost artifact retained in full archive,not_needed,no
C:\Users\Monster\OneDrive\Masaüstü\proje2\outputs\xgboost\xgboost_training_summary.csv,archive_full/xgboost_misc/xgboost_training_summary.csv,archived_experiment,0.0053,non-final xgboost artifact retained in full archive,not_needed,no
C:\Users\Monster\OneDrive\Masaüstü\proje2\project_cleanup_inventory.py,archive_full/experiments/other_scripts/project_cleanup_inventory.py,archived_experiment,0.0259,script preserved in full archive but not needed in reviewer package,not_needed,no
C:\Users\Monster\OneDrive\Masaüstü\proje2\project_cleanup_plan_v2.py,archive_full/experiments/other_scripts/project_cleanup_plan_v2.py,archived_experiment,0.0215,script preserved in full archive but not needed in reviewer package,not_needed,no
C:\Users\Monster\OneDrive\Masaüstü\proje2\project_file_inventory.csv,archive_full/misc/project_file_inventory.csv,unknown_review_manually,0.4277,defaulted to archive_full to avoid accidental loss,not_needed,no
C:\Users\Monster\OneDrive\Masaüstü\proje2\table3_2025_rolling_backtest.py,archive_full/experiments/table3_rolling_month_ahead/table3_2025_rolling_backtest.py,archived_experiment,0.023,script preserved in full archive but not needed in reviewer package,not_needed,no
C:\Users\Monster\OneDrive\Masaüstü\proje2\table8_long_term_comparison.py,archive_full/experiments/other_scripts/table8_long_term_comparison.py,archived_experiment,0.0035,script preserved in full archive but not needed in reviewer package,not_needed,no
C:\Users\Monster\OneDrive\Masaüstü\proje2\xgboost_nonrecursive_historical_ablation_study.py,archive_full/experiments/table3_full_year_recursive/xgboost_nonrecursive_historical_ablation_study.py,archived_experiment,0.0089,script preserved in full archive but not needed in reviewer package,not_needed,no
C:\Users\Monster\OneDrive\Masaüstü\proje2\xgboost_nonrecursive_historical_leakage_audit.py,archive_full/experiments/table3_full_year_recursive/xgboost_nonrecursive_historical_leakage_audit.py,archived_experiment,0.0107,script preserved in full archive but not needed in reviewer package,not_needed,no
C:\Users\Monster\OneDrive\Masaüstü\proje2\xgboost_notebook_2025.py,archive_full/experiments/discarded_trials/xgboost_notebook_2025.py,archived_experiment,0.0221,script preserved in full archive but not needed in reviewer package,not_needed,no
C:\Users\Monster\OneDrive\Masaüstü\proje2\xgboost_population_weighted_nonrecursive_historical_experiment.py,archive_full/experiments/table3_full_year_recursive/xgboost_population_weighted_nonrecursive_historical_experiment.py,archived_experiment,0.0158,script preserved in full archive but not needed in reviewer package,not_needed,no
C:\Users\Monster\OneDrive\Masaüstü\proje2\xgboost_recursive_test_2025.py,archive_full/experiments/table3_full_year_recursive/xgboost_recursive_test_2025.py,archived_experiment,0.0084,script preserved in full archive but not needed in reviewer package,not_needed,no
C:\Users\Monster\OneDrive\Masaüstü\proje2\xgboost_test_2025.py,archive_full/experiments/discarded_trials/xgboost_test_2025.py,archived_experiment,0.006,script preserved in full archive but not needed in reviewer package,not_needed,no
C:\Users\Monster\OneDrive\Masaüstü\proje2\xgboost_train.py,archive_full/experiments/discarded_trials/xgboost_train.py,archived_experiment,0.0279,script preserved in full archive but not needed in reviewer package,not_needed,no
