datetime,actual_consumption,predicted_consumption,residual
2025-01-01 00:00:00,32707.510000000002,32777.207,-69.69703124999796
2025-01-01 01:00:00,31196.05,31006.74,189.30976562499927
2025-01-01 02:00:00,29674.850000000002,29911.602,-236.75156249999782
2025-01-01 03:00:00,28490.580000000005,28774.473,-283.8926562499946
2025-01-01 04:00:00,28012.95,28474.873,-461.9230468749993
2025-01-01 05:00:00,27879.66,29108.111,-1228.4513281250001
2025-01-01 06:00:00,28192.02,29551.564,-1359.5444531249996
2025-01-01 07:00:00,28743.579999999998,31939.912,-3196.332109375002
2025-01-01 08:00:00,29101.850000000002,35838.285,-6736.435156249998
2025-01-01 09:00:00,30100.08,37067.71,-6967.630937499998
2025-01-01 10:00:00,31868.469999999998,37107.27,-5238.7995312500025
2025-01-01 11:00:00,33388.06,38346.12,-4958.061093750002
2025-01-01 12:00:00,34049.89000000001,36930.984,-2881.0943749999933
2025-01-01 13:00:00,34287.83,36711.906,-2424.0762499999983
2025-01-01 14:00:00,34141.29,36740.727,-2599.436562499999
2025-01-01 15:00:00,34313.83,36933.86,-2620.0293749999983
2025-01-01 16:00:00,35729.56,37338.445,-1608.8853125000023
2025-01-01 17:00:00,38584.84,38907.395,-322.5545312500035
2025-01-01 18:00:00,40034.18000000001,38464.836,1569.3440625000076
2025-01-01 19:00:00,39610.35,37279.19,2331.1585937499985
2025-01-01 20:00:00,38912.16,36731.645,2180.5154687500035
2025-01-01 21:00:00,38071.58,36599.695,1471.8846875000017
2025-01-01 22:00:00,36920.29,36619.87,300.4189062500009
2025-01-01 23:00:00,35384.59,35007.77,376.8204687499965
2025-01-02 00:00:00,33561.92,36113.906,-2551.9862500000017
2025-01-02 01:00:00,31767.82,34176.594,-2408.7737500000003
2025-01-02 02:00:00,30555.629999999997,32301.154,-1745.5242968750026
2025-01-02 03:00:00,30020.75,31318.307,-1297.556640625
2025-01-02 04:00:00,29997.080000000005,31080.389,-1083.3086718749946
2025-01-02 05:00:00,30346.769999999997,31729.543,-1382.7729687500032
2025-01-02 06:00:00,31822.64,32153.498,-330.8580468750006
2025-01-02 07:00:00,35518.12,35201.527,316.5926562500026
2025-01-02 08:00:00,41803.24,42017.938,-214.69750000000204
2025-01-02 09:00:00,44488.350000000006,44216.96,271.3890625000058
2025-01-02 10:00:00,44830.36,44225.965,604.3951562500006
2025-01-02 11:00:00,45004.36,44824.324,180.03578125000058
2025-01-02 12:00:00,43246.44000000001,43610.098,-363.6576562499904
2025-01-02 13:00:00,43330.9,43452.85,-121.95156249999854
2025-01-02 14:00:00,43891.72,43300.074,591.6457812500012
2025-01-02 15:00:00,43853.05000000001,43461.523,391.5265625000102
2025-01-02 16:00:00,45359.6,43890.24,1469.3617187499985
2025-01-02 17:00:00,46988.34,44789.016,2199.3243749999965
2025-01-02 18:00:00,46217.46,44775.51,1441.9482812499991
2025-01-02 19:00:00,45006.66000000001,43490.254,1516.4060937500108
2025-01-02 20:00:00,43525.39,42857.707,667.6829687499994
2025-01-02 21:00:00,42423.45,42510.855,-87.40546875000291
2025-01-02 22:00:00,40899.0,42115.18,-1216.1796875
2025-01-02 23:00:00,38900.97,38761.72,139.25125000000116
2025-01-03 00:00:00,36411.39,38502.066,-2090.6764062500006
2025-01-03 01:00:00,34478.68,36636.953,-2158.2731249999997
2025-01-03 02:00:00,33100.5,34650.92,-1550.421875
2025-01-03 03:00:00,32232.740000000005,33975.04,-1742.2990624999948
2025-01-03 04:00:00,32136.44,33787.5,-1651.0600000000013
2025-01-03 05:00:00,32490.440000000002,34357.336,-1866.8959374999977
2025-01-03 06:00:00,33712.36000000001,34791.91,-1079.5501562499921
2025-01-03 07:00:00,37017.04,37868.492,-851.4521874999991
2025-01-03 08:00:00,42524.14,43791.49,-1267.3482812500006
2025-01-03 09:00:00,45139.97,45607.02,-467.04953124999884
2025-01-03 10:00:00,45835.98999999999,45940.547,-104.55687500000931
2025-01-03 11:00:00,46063.32,46472.24,-408.9182812500003
2025-01-03 12:00:00,43643.00000000001,44880.01,-1237.0117187499927
2025-01-03 13:00:00,42247.76,44562.84,-2315.079843749998
2025-01-03 14:00:00,43976.41999999999,44644.004,-667.583906250009
2025-01-03 15:00:00,44040.05000000001,44676.23,-636.1804687499898
2025-01-03 16:00:00,45233.43,44874.508,358.9221875000003
2025-01-03 17:00:00,46622.01,46136.793,485.21703125000204
2025-01-03 18:00:00,45874.439999999995,46028.824,-154.38421875000495
2025-01-03 19:00:00,44602.35,44705.36,-103.00937500000146
2025-01-03 20:00:00,43385.98000000001,44183.508,-797.5278124999895
2025-01-03 21:00:00,42055.75,43926.81,-1871.05859375
2025-01-03 22:00:00,40805.16000000001,42765.145,-1959.9845312499892
2025-01-03 23:00:00,39048.5,40358.99,-1310.48828125
2025-01-04 00:00:00,36684.71,37492.402,-807.6923437500009
2025-01-04 01:00:00,34742.16,35907.805,-1165.6446874999965
2025-01-04 02:00:00,33250.61,33753.55,-502.9407812499994
2025-01-04 03:00:00,32336.739999999998,32877.703,-540.963125000002
2025-01-04 04:00:00,32027.5,32822.566,-795.06640625
2025-01-04 05:00:00,32177.7,32944.51,-766.8117187499993
2025-01-04 06:00:00,32674.999999999996,33341.66,-666.6601562500036
2025-01-04 07:00:00,33978.659999999996,34532.234,-553.5743750000038
2025-01-04 08:00:00,37031.06,39136.746,-2105.6860937500023
2025-01-04 09:00:00,39861.25,41517.68,-1656.4296875
2025-01-04 10:00:00,42215.55000000001,42987.297,-771.7468749999898
2025-01-04 11:00:00,43268.66000000001,44278.016,-1009.3556249999892
2025-01-04 12:00:00,42416.3,43213.137,-796.8367187499971
2025-01-04 13:00:00,42813.189999999995,43467.363,-654.173281250005
2025-01-04 14:00:00,43048.52999999999,43531.414,-482.88406250000844
2025-01-04 15:00:00,43005.91,43348.594,-342.6837499999965
2025-01-04 16:00:00,43173.61,43267.555,-93.94468749999942
2025-01-04 17:00:00,44479.21,45229.637,-750.4267187500009
2025-01-04 18:00:00,44955.92999999999,45488.477,-532.546562500007
2025-01-04 19:00:00,43751.67,44050.49,-298.81828125000175
2025-01-04 20:00:00,42473.25,43407.016,-933.765625
2025-01-04 21:00:00,41309.15,42284.34,-975.1898437499985
2025-01-04 22:00:00,40011.77,40366.87,-355.1010937500032
2025-01-04 23:00:00,38145.06,38168.57,-23.51031250000233
2025-01-05 00:00:00,35782.23,36599.81,-817.5785937499968
2025-01-05 01:00:00,33641.69,35121.445,-1479.7553124999977
2025-01-05 02:00:00,32049.980000000003,32907.332,-857.3520312499968
2025-01-05 03:00:00,30788.05,32316.99,-1528.9402343750007
2025-01-05 04:00:00,30456.77,31781.021,-1324.2514843749996
2025-01-05 05:00:00,30275.730000000003,31501.293,-1225.5629687499968
2025-01-05 06:00:00,30643.380000000005,31212.504,-569.1239062499953
2025-01-05 07:00:00,30795.220000000005,31306.836,-511.6159374999952
2025-01-05 08:00:00,31119.379999999997,32464.752,-1345.3719531250026
2025-01-05 09:00:00,32904.16999999999,34407.883,-1503.712812500009
2025-01-05 10:00:00,34915.17999999999,36215.785,-1300.605156250007
2025-01-05 11:00:00,36148.41000000001,37939.04,-1790.6290624999892
2025-01-05 12:00:00,36167.6,37550.77,-1383.1695312500015
2025-01-05 13:00:00,36613.96,38081.938,-1467.9775000000009
2025-01-05 14:00:00,36814.94999999999,38230.22,-1415.2687500000102
2025-01-05 15:00:00,37221.58000000001,37906.52,-684.939531249991
2025-01-05 16:00:00,37702.62,39064.59,-1361.9698437499974
2025-01-05 17:00:00,39668.670000000006,41074.94,-1406.2714062499945
2025-01-05 18:00:00,41346.84,41685.664,-338.8240625000035
2025-01-05 19:00:00,41113.24,41403.992,-290.75218750000204
2025-01-05 20:00:00,40236.04000000001,41080.91,-844.8701562499919
2025-01-05 21:00:00,39286.06,40465.61,-1179.5493750000023
2025-01-05 22:00:00,38105.59,39054.566,-948.9764062500035
2025-01-05 23:00:00,36464.35,37168.527,-704.1773437500015
2025-01-06 00:00:00,34463.71000000001,36153.17,-1689.4618749999936
2025-01-06 01:00:00,32339.249999999996,33588.125,-1248.8750000000036
2025-01-06 02:00:00,31118.769999999997,31833.434,-714.6635937500032
2025-01-06 03:00:00,30292.500000000004,31230.121,-937.6210937499964
2025-01-06 04:00:00,30139.83,31183.88,-1044.0508593749983
2025-01-06 05:00:00,30496.690000000002,31653.256,-1156.5658593749977
2025-01-06 06:00:00,32334.05,32089.352,244.69843749999927
2025-01-06 07:00:00,36159.99,35604.65,555.341562499998
2025-01-06 08:00:00,43000.08000000001,42258.35,741.728437500009
2025-01-06 09:00:00,46582.0,45640.418,941.58203125
2025-01-06 10:00:00,46966.44,45785.562,1180.8775000000023
2025-01-06 11:00:00,46988.56,46481.527,507.0326562499977
2025-01-06 12:00:00,44379.86,45107.605,-727.7454687499994
2025-01-06 13:00:00,44438.04,45146.977,-708.9365624999991
2025-01-06 14:00:00,44697.16999999999,45051.992,-354.822187500009
2025-01-06 15:00:00,44678.4,45117.69,-439.29140624999854
2025-01-06 16:00:00,45716.469999999994,45500.19,216.2785937499939
2025-01-06 17:00:00,47430.579999999994,46698.11,732.4706249999945
2025-01-06 18:00:00,46898.08,46881.04,17.040937500001746
2025-01-06 19:00:00,45620.63,45986.92,-366.2918750000026
2025-01-06 20:00:00,44440.920000000006,45244.977,-804.0565624999945
2025-01-06 21:00:00,43191.54,44860.953,-1669.4131249999991
2025-01-06 22:00:00,41803.28,43701.86,-1898.5793750000012
2025-01-06 23:00:00,39728.59,40599.73,-871.1404687500035
2025-01-07 00:00:00,37369.329999999994,38582.633,-1213.3028125000055
2025-01-07 01:00:00,35416.09,35930.426,-514.3357812500035
2025-01-07 02:00:00,34025.14000000001,34729.594,-704.4537499999933
2025-01-07 03:00:00,33324.74,33689.164,-364.42406250000204
2025-01-07 04:00:00,33056.530000000006,33615.43,-558.8996874999939
2025-01-07 05:00:00,33394.42,34145.953,-751.5331250000017
2025-01-07 06:00:00,34907.0,34650.56,256.44140625
2025-01-07 07:00:00,38146.33999999999,37586.77,559.5704687499892
2025-01-07 08:00:00,44006.5,43372.156,634.34375
2025-01-07 09:00:00,46233.55999999999,45483.43,750.1303124999904
2025-01-07 10:00:00,46469.95999999999,45499.566,970.3935937499919
2025-01-07 11:00:00,46354.1,46210.992,143.10781249999854
2025-01-07 12:00:00,44127.219999999994,44936.293,-809.0729687500061
2025-01-07 13:00:00,44229.990000000005,44919.2,-689.2092187499948
2025-01-07 14:00:00,44449.53999999999,44867.035,-417.4951562500064
2025-01-07 15:00:00,44570.24,44927.652,-357.41234375000204
2025-01-07 16:00:00,45514.38,45068.125,446.2549999999974
2025-01-07 17:00:00,47156.02999999999,46200.59,955.4401562499916
2025-01-07 18:00:00,46777.10999999999,46291.812,485.2974999999933
2025-01-07 19:00:00,45379.26,45263.12,116.13890625000204
2025-01-07 20:00:00,44355.2,44644.492,-289.2921875000029
2025-01-07 21:00:00,43253.73,44397.094,-1143.3637499999968
2025-01-07 22:00:00,41598.24999999999,43567.2,-1968.9492187500073
2025-01-07 23:00:00,39632.3,41076.18,-1443.879687499997
2025-01-08 00:00:00,36782.16999999999,38366.8,-1584.630781250009
2025-01-08 01:00:00,35192.68,36257.305,-1064.6246874999997
2025-01-08 02:00:00,33794.14000000001,34705.293,-911.1529687499933
2025-01-08 03:00:00,33130.10999999999,33637.06,-506.9485937500067
2025-01-08 04:00:00,32843.49999999999,33595.664,-752.1640625000073
2025-01-08 05:00:00,33172.77999999999,34056.97,-884.1887500000084
2025-01-08 06:00:00,34649.19,34477.457,171.73296875000233
2025-01-08 07:00:00,37868.78,37082.09,786.6901562499988
2025-01-08 08:00:00,43289.19999999999,43238.13,51.071093749989814
2025-01-08 09:00:00,45814.21,45372.22,441.9912499999991
2025-01-08 10:00:00,46335.899999999994,45532.12,803.7789062499942
2025-01-08 11:00:00,46234.09,46162.637,71.45328124999651
2025-01-08 12:00:00,42806.93,44599.496,-1792.5660937499997
2025-01-08 13:00:00,42640.49,44763.535,-2123.045156250002
2025-01-08 14:00:00,43118.28,44805.027,-1686.7473437500012
2025-01-08 15:00:00,44724.04,44795.55,-71.51078124999913
2025-01-08 16:00:00,45157.68,44960.57,197.1096875000003
2025-01-08 17:00:00,46785.630000000005,46368.79,416.84093750000466
2025-01-08 18:00:00,46739.43,46660.273,79.15656250000029
2025-01-08 19:00:00,45423.67,45566.66,-142.99015625000175
2025-01-08 20:00:00,44464.54,45006.7,-542.1592187499991
2025-01-08 21:00:00,43333.67,44764.684,-1431.0135937500017
2025-01-08 22:00:00,41805.99,43775.703,-1969.713125000002
2025-01-08 23:00:00,39792.68,40979.977,-1187.2965624999997
2025-01-09 00:00:00,37332.1,38779.98,-1447.8804687500015
2025-01-09 01:00:00,35347.759999999995,36683.684,-1335.9235937500052
2025-01-09 02:00:00,34096.299999999996,34819.0,-722.7000000000044
2025-01-09 03:00:00,33212.95,33676.2,-463.2492187500029
2025-01-09 04:00:00,32942.79,33765.645,-822.8545312499991
2025-01-09 05:00:00,33387.87,34162.168,-774.2979687499974
2025-01-09 06:00:00,34799.86,34580.91,218.94984375000058
2025-01-09 07:00:00,38096.48000000001,37751.234,345.2456250000105
2025-01-09 08:00:00,43658.39,43989.227,-330.8365625000006
2025-01-09 09:00:00,45792.21,45903.16,-110.95015625000087
2025-01-09 10:00:00,45853.090000000004,45234.137,618.9532812500038
2025-01-09 11:00:00,44618.47000000001,45978.07,-1359.6003124999916
2025-01-09 12:00:00,43413.12000000001,44754.555,-1341.43468749999
2025-01-09 13:00:00,43352.24999999999,44788.465,-1436.2148437500073
2025-01-09 14:00:00,43687.67,44775.945,-1088.2753125000017
2025-01-09 15:00:00,43710.869999999995,44917.457,-1206.5870312500047
2025-01-09 16:00:00,44629.83,45607.67,-977.8418749999983
2025-01-09 17:00:00,46231.07,46679.65,-448.5784375000003
2025-01-09 18:00:00,46237.47000000001,46672.816,-435.34640624999156
2025-01-09 19:00:00,45325.01999999999,45761.29,-436.2690625000105
2025-01-09 20:00:00,44308.23999999999,45251.363,-943.1232812500093
2025-01-09 21:00:00,43119.979999999996,44978.24,-1858.258281250004
2025-01-09 22:00:00,41844.02,44188.223,-2344.202656250003
2025-01-09 23:00:00,39834.869999999995,41286.008,-1451.1378125000047
2025-01-10 00:00:00,37423.96,38688.434,-1264.4735937500009
2025-01-10 01:00:00,35414.5,36767.58,-1353.078125
2025-01-10 02:00:00,33995.020000000004,35047.668,-1052.647968749996
2025-01-10 03:00:00,33216.23,34305.715,-1089.4848437499968
2025-01-10 04:00:00,33032.38999999999,33733.316,-700.9264062500079
2025-01-10 05:00:00,33335.200000000004,34291.727,-956.5265624999956
2025-01-10 06:00:00,34676.130000000005,34571.125,105.00500000000466
2025-01-10 07:00:00,38056.36,37878.72,177.64125000000058
2025-01-10 08:00:00,43661.94,43912.715,-250.77484374999767
2025-01-10 09:00:00,45886.079999999994,45700.688,185.39249999999447
2025-01-10 10:00:00,46024.6,45778.715,245.88515624999854
2025-01-10 11:00:00,45960.22000000001,45984.15,-23.92843749999156
2025-01-10 12:00:00,43351.31,44654.38,-1303.0689062500023
2025-01-10 13:00:00,41727.05999999999,44726.273,-2999.2134375000096
2025-01-10 14:00:00,43032.2,44912.523,-1880.323437500003
2025-01-10 15:00:00,43044.04,45173.77,-2129.729531249999
2025-01-10 16:00:00,44064.51,45508.473,-1443.962656249998
2025-01-10 17:00:00,45720.17,46579.29,-859.1190625000017
2025-01-10 18:00:00,45928.729999999996,46573.336,-644.6059375000041
2025-01-10 19:00:00,44816.670000000006,45659.465,-842.7948437499945
2025-01-10 20:00:00,43620.35,45119.312,-1498.9625000000015
2025-01-10 21:00:00,42503.020000000004,44820.027,-2317.007343749996
2025-01-10 22:00:00,41253.009999999995,43660.74,-2407.7282812500052
2025-01-10 23:00:00,39522.420000000006,41176.51,-1654.0917187499945
2025-01-11 00:00:00,37328.12999999999,38564.81,-1236.67859375001
2025-01-11 01:00:00,35393.66,36848.707,-1455.0470312499965
2025-01-11 02:00:00,34023.719999999994,35037.082,-1013.3620312500061
2025-01-11 03:00:00,33097.43,33711.668,-614.2379687499997
2025-01-11 04:00:00,32725.260000000002,33775.312,-1050.052499999998
2025-01-11 05:00:00,32952.68,33808.22,-855.5387499999997
2025-01-11 06:00:00,33622.01999999999,34170.94,-548.9214062500105
2025-01-11 07:00:00,35015.159999999996,35708.215,-693.0548437500038
2025-01-11 08:00:00,38380.08000000001,40155.926,-1775.845781249991
2025-01-11 09:00:00,40889.26000000001,42694.496,-1805.2360937499907
2025-01-11 10:00:00,42246.16,44088.926,-1842.7657812499965
2025-01-11 11:00:00,43018.06,45268.895,-2250.8345312500023
2025-01-11 12:00:00,42245.23999999999,43849.535,-1604.2951562500093
2025-01-11 13:00:00,42788.37,44015.484,-1227.1143749999974
2025-01-11 14:00:00,42774.44,44145.56,-1371.1185937499977
2025-01-11 15:00:00,42388.43,43894.79,-1506.3590624999997
2025-01-11 16:00:00,42481.41,43838.746,-1357.3360937499965
2025-01-11 17:00:00,43686.15,45274.934,-1588.7835937499985
2025-01-11 18:00:00,44599.78,45635.117,-1035.3371875000012
2025-01-11 19:00:00,43473.71,44597.324,-1123.6142187500009
2025-01-11 20:00:00,42289.67,43950.484,-1660.8143750000017
2025-01-11 21:00:00,41313.99,43098.086,-1784.095937500002
2025-01-11 22:00:00,39924.6,41619.785,-1695.1851562500015
2025-01-11 23:00:00,38179.31,39201.566,-1022.2564062500023
2025-01-12 00:00:00,35909.14000000001,36412.938,-503.7974999999933
2025-01-12 01:00:00,33838.7,34947.426,-1108.725781250003
2025-01-12 02:00:00,32294.919999999995,32782.387,-487.4667187500054
2025-01-12 03:00:00,31275.870000000003,32126.805,-850.9346874999974
2025-01-12 04:00:00,30908.42,31480.125,-571.7050000000017
2025-01-12 05:00:00,30604.080000000005,31259.617,-655.5371874999946
2025-01-12 06:00:00,30885.569999999996,30954.068,-68.49835937500393
2025-01-12 07:00:00,31064.740000000005,31342.668,-277.92796874999476
2025-01-12 08:00:00,31211.770000000004,32541.598,-1329.827656249996
2025-01-12 09:00:00,32559.700000000004,33951.54,-1391.8390624999956
2025-01-12 10:00:00,34556.26,35931.152,-1374.892343749998
2025-01-12 11:00:00,35760.83999999999,37719.445,-1958.6053125000108
2025-01-12 12:00:00,36259.98,37414.35,-1154.3715624999968
2025-01-12 13:00:00,36717.78,38030.445,-1312.6653125000012
2025-01-12 14:00:00,36903.41999999999,38122.37,-1218.951093750009
2025-01-12 15:00:00,36962.869999999995,37778.395,-815.5245312500047
2025-01-12 16:00:00,37573.850000000006,39103.29,-1529.4390624999942
2025-01-12 17:00:00,39528.27,40879.008,-1350.7378125000032
2025-01-12 18:00:00,41283.08,41423.19,-140.11140624999825
2025-01-12 19:00:00,40863.71,41313.094,-449.3837500000009
2025-01-12 20:00:00,40266.69,41013.785,-747.0951562499977
2025-01-12 21:00:00,39243.14000000001,40212.34,-969.1998437499933
2025-01-12 22:00:00,37949.100000000006,38863.336,-914.2359374999942
2025-01-12 23:00:00,36395.34,36987.227,-591.8865625000035
2025-01-13 00:00:00,34519.55,36538.902,-2019.352343749997
2025-01-13 01:00:00,32449.939999999995,33559.74,-1109.798281250005
2025-01-13 02:00:00,31404.07,31869.986,-465.9163281250003
2025-01-13 03:00:00,30823.43,31264.451,-441.0211718749997
2025-01-13 04:00:00,30632.780000000002,31178.777,-545.9973437499975
2025-01-13 05:00:00,31139.83,31606.08,-466.25007812499825
2025-01-13 06:00:00,32409.400000000005,32061.5,347.9000000000051
2025-01-13 07:00:00,36078.909999999996,35582.0,496.9099999999962
2025-01-13 08:00:00,42480.17,42653.953,-173.78312500000175
2025-01-13 09:00:00,45941.71,45748.73,192.97953124999913
2025-01-13 10:00:00,47416.52,45983.984,1432.5356249999968
2025-01-13 11:00:00,48440.62000000001,46693.477,1747.14343750001
2025-01-13 12:00:00,47104.84999999999,45410.07,1694.7796874999913
2025-01-13 13:00:00,47768.66,45450.94,2317.7185937500035
2025-01-13 14:00:00,48378.02,45503.74,2874.281718749997
2025-01-13 15:00:00,48246.829999999994,45494.83,2752.0018749999945
2025-01-13 16:00:00,48669.63,45661.395,3008.2354687499974
2025-01-13 17:00:00,48833.64,46796.887,2036.7532812499994
2025-01-13 18:00:00,47678.159999999996,46780.062,898.0974999999962
2025-01-13 19:00:00,46264.32,45906.62,357.6989062499997
2025-01-13 20:00:00,45004.04,45155.492,-151.45218749999913
2025-01-13 21:00:00,43712.1,44895.605,-1183.5054687500015
2025-01-13 22:00:00,42075.01999999999,44009.96,-1934.9409375000105
2025-01-13 23:00:00,40121.04,41168.55,-1047.5107812499991
2025-01-14 00:00:00,37778.38,38853.03,-1074.6512500000026
2025-01-14 01:00:00,35761.75,36201.996,-440.24609375
2025-01-14 02:00:00,34365.21,35012.54,-647.3290625000009
2025-01-14 03:00:00,33572.9,33766.97,-194.06874999999854
2025-01-14 04:00:00,33443.69,33745.285,-301.5951562499977
2025-01-14 05:00:00,33819.01000000001,34257.95,-438.9392187499907
2025-01-14 06:00:00,34944.66,34737.035,207.6248437500035
2025-01-14 07:00:00,38015.38,37731.094,284.2862499999974
2025-01-14 08:00:00,43755.590000000004,43670.215,85.37515625000378
2025-01-14 09:00:00,46464.880000000005,46396.586,68.29406250000466
2025-01-14 10:00:00,47488.77,46485.613,1003.1567187499968
2025-01-14 11:00:00,48046.82000000001,47267.395,779.425468750007
2025-01-14 12:00:00,46320.73,46041.61,279.1206250000032
2025-01-14 13:00:00,46673.32,46036.137,637.1832812499997
2025-01-14 14:00:00,47589.83000000001,46035.883,1553.947187500009
2025-01-14 15:00:00,47503.69000000001,46038.715,1464.9751562500096
2025-01-14 16:00:00,48036.350000000006,46128.496,1907.8539062500058
2025-01-14 17:00:00,48671.15,47203.355,1467.7945312500015
2025-01-14 18:00:00,47770.7,47281.07,489.6296874999971
2025-01-14 19:00:00,46247.11,46161.324,85.78578125000058
2025-01-14 20:00:00,45048.50000000001,45340.04,-291.5390624999927
2025-01-14 21:00:00,43674.01,45160.305,-1486.294687499998
2025-01-14 22:00:00,42215.240000000005,44256.75,-2041.5099999999948
2025-01-14 23:00:00,40308.61,41575.742,-1267.1321874999994
2025-01-15 00:00:00,37842.08999999999,38840.664,-998.5740625000108
2025-01-15 01:00:00,35344.89,36818.07,-1473.1803125000006
2025-01-15 02:00:00,34623.490000000005,35058.98,-435.49046874999476
2025-01-15 03:00:00,33739.79,33881.85,-142.06156249999913
2025-01-15 04:00:00,33498.33000000001,33870.047,-371.716874999991
2025-01-15 05:00:00,33980.35,34416.844,-436.49375000000146
2025-01-15 06:00:00,35416.21,34899.83,516.3818749999991
2025-01-15 07:00:00,37936.19,37780.957,155.23296875000233
2025-01-15 08:00:00,43863.29,44710.004,-846.7139062499991
2025-01-15 09:00:00,46228.21,46556.89,-328.6806250000009
2025-01-15 10:00:00,47637.54000000001,46657.906,979.6337500000081
2025-01-15 11:00:00,48195.79000000001,47426.3,769.4892187500081
2025-01-15 12:00:00,46333.05,46345.742,-12.69218749999709
2025-01-15 13:00:00,46968.94,46303.797,665.1431250000023
2025-01-15 14:00:00,47682.75,46427.277,1255.47265625
2025-01-15 15:00:00,47531.12000000001,46427.918,1103.20203125001
2025-01-15 16:00:00,48277.55,46645.23,1632.319531250003
2025-01-15 17:00:00,48713.90000000001,47606.36,1107.5406250000087
2025-01-15 18:00:00,47683.27999999999,47672.47,10.81124999999156
2025-01-15 19:00:00,46390.14,46490.043,-99.90296875000058
2025-01-15 20:00:00,45381.76,45798.227,-416.46656249999796
2025-01-15 21:00:00,43979.36,45440.375,-1461.0149999999994
2025-01-15 22:00:00,42506.47,44276.453,-1769.9831249999988
2025-01-15 23:00:00,40781.89000000001,41643.41,-861.5201562499933
2025-01-16 00:00:00,38291.09,39471.65,-1180.5584375000035
2025-01-16 01:00:00,36236.95,37219.137,-982.1867187500029
2025-01-16 02:00:00,34753.28,35319.086,-565.8059375000012
2025-01-16 03:00:00,33715.130000000005,33942.633,-227.50281249999534
2025-01-16 04:00:00,33465.23,33870.277,-405.0473437499968
2025-01-16 05:00:00,33816.55,34439.156,-622.6062499999971
2025-01-16 06:00:00,34915.78,34854.047,61.733124999998836
2025-01-16 07:00:00,37926.45,38381.824,-455.3742187500029
2025-01-16 08:00:00,43753.630000000005,44504.133,-750.5028124999953
2025-01-16 09:00:00,46866.520000000004,46348.055,518.4653125000041
2025-01-16 10:00:00,47664.479999999996,46229.113,1435.366718749996
2025-01-16 11:00:00,46868.52999999999,46814.957,53.57296874999156
2025-01-16 12:00:00,46328.92,45546.207,782.7129687499983
2025-01-16 13:00:00,46698.47,45558.79,1139.6809375000012
2025-01-16 14:00:00,46791.16,45995.36,795.8006250000035
2025-01-16 15:00:00,47235.1,45995.785,1239.3148437499985
2025-01-16 16:00:00,47588.049999999996,46150.277,1437.7726562499956
2025-01-16 17:00:00,48439.11,47289.95,1149.1607812500006
2025-01-16 18:00:00,48043.66999999999,47279.39,764.279374999991
2025-01-16 19:00:00,46743.85,46223.812,520.0374999999985
2025-01-16 20:00:00,45485.36,45594.137,-108.77671874999942
2025-01-16 21:00:00,44439.63,45506.55,-1066.9207812500026
2025-01-16 22:00:00,42918.280000000006,44708.41,-1790.130156249994
2025-01-16 23:00:00,41062.75,41807.676,-744.92578125
2025-01-17 00:00:00,38370.74,39431.895,-1061.154531250002
2025-01-17 01:00:00,35980.58000000001,37122.7,-1142.119218749991
2025-01-17 02:00:00,34823.19,34936.734,-113.54437499999767
2025-01-17 03:00:00,33925.26999999999,34577.344,-652.0737500000105
2025-01-17 04:00:00,33633.600000000006,33984.38,-350.7789062499942
2025-01-17 05:00:00,33833.13,34572.203,-739.0731250000026
2025-01-17 06:00:00,35168.72,34969.445,199.27468750000116
2025-01-17 07:00:00,37058.95,38498.76,-1439.811718750003
2025-01-17 08:00:00,44299.15000000001,44586.434,-287.28359374999127
2025-01-17 09:00:00,46990.740000000005,46307.105,683.6345312500052
2025-01-17 10:00:00,47018.62999999999,46307.914,710.7159374999901
2025-01-17 11:00:00,46784.29,47083.645,-299.3545312499991
2025-01-17 12:00:00,44955.54000000001,45666.242,-710.7021874999919
2025-01-17 13:00:00,43461.72,45852.42,-2390.701874999999
2025-01-17 14:00:00,44804.549999999996,45932.805,-1128.2546875000044
2025-01-17 15:00:00,44874.87999999999,46084.996,-1210.11609375001
2025-01-17 16:00:00,45265.75,46420.07,-1154.3203125
2025-01-17 17:00:00,46857.77999999999,47727.516,-869.7356250000084
2025-01-17 18:00:00,47093.59,47711.863,-618.2732812500035
2025-01-17 19:00:00,46091.33,46517.098,-425.76765624999825
2025-01-17 20:00:00,44923.44,45935.54,-1012.0990624999977
2025-01-17 21:00:00,43743.83,45521.76,-1777.9317187499983
2025-01-17 22:00:00,42191.51999999999,44330.133,-2138.6128125000105
2025-01-17 23:00:00,40568.18000000001,41779.98,-1211.8004687499924
2025-01-18 00:00:00,38293.94,38806.934,-512.9935937499977
2025-01-18 01:00:00,36365.78999999999,37135.52,-769.7295312500064
2025-01-18 02:00:00,34683.78,35311.707,-627.9270312500012
2025-01-18 03:00:00,33604.67,34089.113,-484.44328125000175
2025-01-18 04:00:00,33117.24,33963.51,-846.271718750002
2025-01-18 05:00:00,33287.07,34082.242,-795.1721875000003
2025-01-18 06:00:00,34107.01000000001,34363.914,-256.9040624999907
2025-01-18 07:00:00,35616.73,35931.9,-315.1684374999968
2025-01-18 08:00:00,38870.579999999994,40330.938,-1460.3575000000055
2025-01-18 09:00:00,41761.85,42955.176,-1193.3257812500015
2025-01-18 10:00:00,43178.69,44078.4,-899.7084374999977
2025-01-18 11:00:00,43629.82000000001,45512.605,-1882.785468749993
2025-01-18 12:00:00,42422.82,43800.754,-1377.9339062500003
2025-01-18 13:00:00,42217.020000000004,43976.727,-1759.706562499996
2025-01-18 14:00:00,41776.22,44110.535,-2334.315156249999
2025-01-18 15:00:00,41245.59,43520.883,-2275.2928125000035
2025-01-18 16:00:00,41492.30000000001,43831.406,-2339.10624999999
2025-01-18 17:00:00,43052.54,45698.35,-2645.811562499999
2025-01-18 18:00:00,44903.65,46183.527,-1279.8773437499985
2025-01-18 19:00:00,44260.520000000004,45036.85,-776.3315624999959
2025-01-18 20:00:00,43196.67,44380.402,-1183.7323437500017
2025-01-18 21:00:00,42063.25,43429.54,-1366.2890625
2025-01-18 22:00:00,40574.54,41913.87,-1339.3310937499991
2025-01-18 23:00:00,38819.03,39561.45,-742.4192187500012
2025-01-19 00:00:00,36260.87999999999,36528.42,-267.5418750000099
2025-01-19 01:00:00,34379.11000000001,35036.543,-657.4329687499921
2025-01-19 02:00:00,32735.489999999998,32976.31,-240.81859375000204
2025-01-19 03:00:00,31696.669999999995,32245.344,-548.6737500000054
2025-01-19 04:00:00,31158.57,31762.924,-604.3538281250003
2025-01-19 05:00:00,31137.27,31551.373,-414.10304687499956
2025-01-19 06:00:00,31478.469999999998,31174.375,304.0949999999975
2025-01-19 07:00:00,31747.740000000005,31269.783,477.95679687500524
2025-01-19 08:00:00,32088.520000000004,32475.465,-386.9448437499959
2025-01-19 09:00:00,33297.43000000001,33568.027,-270.59734374999243
2025-01-19 10:00:00,34396.89000000001,35938.574,-1541.6842187499933
2025-01-19 11:00:00,35168.020000000004,37232.91,-2064.890156249996
2025-01-19 12:00:00,35218.4,36926.137,-1707.7367187499985
2025-01-19 13:00:00,35517.82000000001,37510.438,-1992.617499999993
2025-01-19 14:00:00,35447.92,37656.957,-2209.0370312500017
2025-01-19 15:00:00,35430.310000000005,37751.215,-2320.904843749995
2025-01-19 16:00:00,36024.36,38767.445,-2743.0853124999994
2025-01-19 17:00:00,38099.52,40533.297,-2433.776875000003
2025-01-19 18:00:00,40626.86,41306.867,-680.0071874999994
2025-01-19 19:00:00,40697.46,41387.26,-689.8017187500009
2025-01-19 20:00:00,39874.06,40937.004,-1062.9439062500023
2025-01-19 21:00:00,38891.81,40153.883,-1262.0728125000023
2025-01-19 22:00:00,38192.94,38577.387,-384.4467187499977
2025-01-19 23:00:00,36693.05,36911.516,-218.4656249999971
2025-01-20 00:00:00,35014.69,35780.45,-765.7592187499977
2025-01-20 01:00:00,32958.16,33081.73,-123.57046874999651
2025-01-20 02:00:00,31468.71,31984.367,-515.6571875000009
2025-01-20 03:00:00,30671.28,31281.004,-609.7239062500012
2025-01-20 04:00:00,30470.02,31243.174,-773.1538281249996
2025-01-20 05:00:00,30762.539999999997,31507.084,-744.5439843750028
2025-01-20 06:00:00,32299.12,31876.11,423.010624999999
2025-01-20 07:00:00,35604.36,34943.484,660.8756250000006
2025-01-20 08:00:00,42432.15000000001,41838.73,593.4195312500087
2025-01-20 09:00:00,45914.560000000005,44799.957,1114.602968750005
2025-01-20 10:00:00,46391.23,45321.906,1069.3237500000032
2025-01-20 11:00:00,45878.21,46153.754,-275.5439062500009
2025-01-20 12:00:00,45182.1,44999.547,182.55312499999854
2025-01-20 13:00:00,45458.64,45475.855,-17.215468750000582
2025-01-20 14:00:00,45950.86,45642.113,308.7467187500006
2025-01-20 15:00:00,45772.76,45606.875,165.88500000000204
2025-01-20 16:00:00,46396.30999999999,45770.977,625.3334374999904
2025-01-20 17:00:00,47557.66,46809.094,748.5662500000035
2025-01-20 18:00:00,47701.34,46935.156,766.1837499999965
2025-01-20 19:00:00,46431.37,46061.434,369.9364062500026
2025-01-20 20:00:00,45241.88,45486.234,-244.35437500000262
2025-01-20 21:00:00,44041.76,45101.25,-1059.489999999998
2025-01-20 22:00:00,42501.17999999999,43849.33,-1348.148125000007
2025-01-20 23:00:00,40641.34,40610.25,31.089999999996508
2025-01-21 00:00:00,38639.5,38865.582,-226.08203125
2025-01-21 01:00:00,36544.20999999999,36281.6,262.60843749999185
2025-01-21 02:00:00,34861.48000000001,34963.86,-102.37937499998952
2025-01-21 03:00:00,33909.09,33807.39,101.69937499999651
2025-01-21 04:00:00,33782.4,33746.035,36.364843750001455
2025-01-21 05:00:00,34056.43,34343.258,-286.8278124999997
2025-01-21 06:00:00,35206.530000000006,34753.117,453.4128125000061
2025-01-21 07:00:00,37357.95,37613.914,-255.9640625000029
2025-01-21 08:00:00,43653.18000000001,43206.85,446.32843750000757
2025-01-21 09:00:00,46517.62999999999,46044.957,472.6729687499901
2025-01-21 10:00:00,47618.59999999999,46137.74,1480.8617187499913
2025-01-21 11:00:00,47924.24999999999,46782.562,1141.6874999999927
2025-01-21 12:00:00,46522.54,45703.336,819.2040625000009
2025-01-21 13:00:00,46430.37,45664.492,765.8778125000026
2025-01-21 14:00:00,46778.55,45662.555,1115.995312500003
2025-01-21 15:00:00,46286.079999999994,45578.83,707.2518749999945
2025-01-21 16:00:00,46961.66,45798.082,1163.5779687500035
2025-01-21 17:00:00,48068.53999999999,47123.26,945.2782812499936
2025-01-21 18:00:00,47644.16000000001,46910.473,733.6873437500108
2025-01-21 19:00:00,46334.1,46044.367,289.73281249999854
2025-01-21 20:00:00,45003.23,45469.375,-466.1449999999968
2025-01-21 21:00:00,43756.030000000006,45048.973,-1292.942656249994
2025-01-21 22:00:00,42015.86,44176.406,-2160.5462499999994
2025-01-21 23:00:00,40430.03,41645.348,-1215.3176562500012
2025-01-22 00:00:00,37987.799999999996,38652.145,-664.3445312500044
2025-01-22 01:00:00,36165.35999999999,36594.832,-429.4720312500067
2025-01-22 02:00:00,34783.16,34909.625,-126.46499999999651
2025-01-22 03:00:00,33924.4,33757.625,166.77500000000146
2025-01-22 04:00:00,33612.45,33742.203,-129.7531250000029
2025-01-22 05:00:00,33861.78,34053.324,-191.54421875000116
2025-01-22 06:00:00,34956.9,34385.266,571.6343750000015
2025-01-22 07:00:00,37267.420000000006,37033.277,234.14265625000553
2025-01-22 08:00:00,42094.59,43881.55,-1786.9607812500035
2025-01-22 09:00:00,46324.78,45833.45,491.33078124999884
2025-01-22 10:00:00,47722.26,45891.492,1830.767812500002
2025-01-22 11:00:00,48692.2,46654.66,2037.539843749997
2025-01-22 12:00:00,47326.92,45143.332,2183.5879687499983
2025-01-22 13:00:00,47533.14,45136.08,2397.0618749999994
2025-01-22 14:00:00,47805.28,45183.305,2621.975312499999
2025-01-22 15:00:00,47665.37,45413.316,2252.0535937500026
2025-01-22 16:00:00,47686.3,45849.68,1836.620312500003
2025-01-22 17:00:00,48037.619999999995,46856.375,1181.2449999999953
2025-01-22 18:00:00,47440.36000000001,46849.53,590.8287500000079
2025-01-22 19:00:00,46342.99,45839.395,503.59546874999796
2025-01-22 20:00:00,45056.26,45144.895,-88.63453124999796
2025-01-22 21:00:00,43780.42999999999,44871.72,-1091.288750000007
2025-01-22 22:00:00,42043.51,44178.176,-2134.665781249998
2025-01-22 23:00:00,39900.64,41421.61,-1520.9693750000006
2025-01-23 00:00:00,37925.15,39248.914,-1323.7640624999985
2025-01-23 01:00:00,35843.63,36946.668,-1103.0379687500026
2025-01-23 02:00:00,34919.01,35000.418,-81.40796874999796
2025-01-23 03:00:00,33767.04000000001,33887.957,-120.91703124999185
2025-01-23 04:00:00,33415.29,33805.684,-390.3935937499991
2025-01-23 05:00:00,33884.85,34268.2,-383.34921875000146
2025-01-23 06:00:00,34975.810000000005,34680.47,295.34125000000495
2025-01-23 07:00:00,37235.46000000001,38144.793,-909.3329687499936
2025-01-23 08:00:00,43055.79,44261.402,-1205.6123437499991
2025-01-23 09:00:00,46363.1,46081.258,281.84218749999854
2025-01-23 10:00:00,47630.31999999999,45729.184,1901.1364062499924
2025-01-23 11:00:00,48358.43000000001,46270.363,2088.0667187500076
2025-01-23 12:00:00,46869.6,45093.523,1776.0765624999985
2025-01-23 13:00:00,47822.39000000001,45112.668,2709.7220312500067
2025-01-23 14:00:00,47942.79,45120.58,2822.211875000001
2025-01-23 15:00:00,47268.73999999999,45228.508,2040.2321874999907
2025-01-23 16:00:00,47398.329999999994,45552.832,1845.4979687499945
2025-01-23 17:00:00,47325.76,46548.418,777.342031250002
2025-01-23 18:00:00,47173.75,46702.043,471.70703125
2025-01-23 19:00:00,46198.79000000001,45713.188,485.60250000000815
2025-01-23 20:00:00,45049.30000000001,45155.24,-105.93828124998981
2025-01-23 21:00:00,43974.53,45177.285,-1202.7551562500012
2025-01-23 22:00:00,42476.28,44455.44,-1979.1614062500012
2025-01-23 23:00:00,40705.37,41480.816,-775.4464062499974
2025-01-24 00:00:00,38100.83,38732.414,-631.5840624999983
2025-01-24 01:00:00,36118.11,36779.215,-661.1048437499994
2025-01-24 02:00:00,34720.23999999999,34894.77,-174.5295312500093
2025-01-24 03:00:00,33606.69,34321.617,-714.9271874999977
2025-01-24 04:00:00,33225.24999999999,33646.332,-421.0820312500073
2025-01-24 05:00:00,33578.04,34158.086,-580.0459374999991
2025-01-24 06:00:00,34741.33999999999,34523.26,218.07828124998923
2025-01-24 07:00:00,37056.240000000005,37624.96,-568.7209374999948
2025-01-24 08:00:00,42615.76,43545.723,-929.962656249998
2025-01-24 09:00:00,45638.43,44692.79,945.6409375000003
2025-01-24 10:00:00,46901.07000000001,44736.445,2164.624687500007
2025-01-24 11:00:00,47191.24,45549.49,1641.751718749998
2025-01-24 12:00:00,45145.52,44342.613,802.9067187499968
2025-01-24 13:00:00,43662.73,44915.945,-1253.2153124999968
2025-01-24 14:00:00,44999.90000000001,45038.066,-38.16640624999127
2025-01-24 15:00:00,44930.84999999999,45052.12,-121.27109375000873
2025-01-24 16:00:00,45334.03,45175.855,158.17453124999884
2025-01-24 17:00:00,46213.34999999999,46199.684,13.666406249991269
2025-01-24 18:00:00,46518.090000000004,46160.543,357.5470312500038
2025-01-24 19:00:00,45509.170000000006,45281.367,227.80281250000553
2025-01-24 20:00:00,44304.740000000005,44831.27,-526.5295312499948
2025-01-24 21:00:00,43184.85,44582.38,-1397.5289062500015
2025-01-24 22:00:00,41808.52,43415.4,-1606.8784375000032
2025-01-24 23:00:00,40194.75000000001,41105.637,-910.8867187499927
2025-01-25 00:00:00,37823.43000000001,38482.477,-659.0465624999924
2025-01-25 01:00:00,35956.52,36687.96,-731.4409375000032
2025-01-25 02:00:00,34339.23,34671.71,-332.4809374999968
2025-01-25 03:00:00,33319.83,33507.836,-188.00593749999825
2025-01-25 04:00:00,32820.340000000004,33432.773,-612.4334374999962
2025-01-25 05:00:00,32910.42,33373.69,-463.27140625000175
2025-01-25 06:00:00,33529.40000000001,33656.363,-126.96328124999127
2025-01-25 07:00:00,34743.04000000001,35112.992,-369.95218749999185
2025-01-25 08:00:00,37757.56,39517.297,-1759.7368750000023
2025-01-25 09:00:00,40568.92,41969.113,-1400.1932812500017
2025-01-25 10:00:00,42504.31,43444.64,-940.3306250000023
2025-01-25 11:00:00,43338.11000000001,44745.26,-1407.1517187499921
2025-01-25 12:00:00,42677.46,43121.188,-443.7275000000009
2025-01-25 13:00:00,42886.82000000001,43302.67,-415.851874999993
2025-01-25 14:00:00,42856.71000000001,43852.895,-996.1845312499936
2025-01-25 15:00:00,42449.399999999994,43691.156,-1241.7562500000058
2025-01-25 16:00:00,42587.810000000005,43648.555,-1060.744687499995
2025-01-25 17:00:00,43623.08,45059.45,-1436.3692187499983
2025-01-25 18:00:00,44944.41,45004.453,-60.04312499999651
2025-01-25 19:00:00,44213.939999999995,44256.117,-42.17718750000495
2025-01-25 20:00:00,42953.64,43948.258,-994.6178125000006
2025-01-25 21:00:00,41833.57,42962.586,-1129.0159375000003
2025-01-25 22:00:00,40589.46,41517.24,-927.7782812500009
2025-01-25 23:00:00,38621.48,38869.883,-248.4028124999968
2025-01-26 00:00:00,36447.23,36510.203,-62.9731249999968
2025-01-26 01:00:00,34520.13,34849.418,-329.2879687500026
2025-01-26 02:00:00,32813.51,32687.467,126.04320312500204
2025-01-26 03:00:00,31747.46,32094.682,-347.2216406250009
2025-01-26 04:00:00,31279.53,31538.457,-258.92703125000116
2025-01-26 05:00:00,31183.359999999997,31275.865,-92.50523437500306
2025-01-26 06:00:00,31361.160000000003,30932.31,428.8494531250035
2025-01-26 07:00:00,31757.56,30922.527,835.0326562500013
2025-01-26 08:00:00,31416.889999999996,32050.287,-633.3971093750042
2025-01-26 09:00:00,32133.309999999998,33705.96,-1572.6509375000023
2025-01-26 10:00:00,34160.79,35708.4,-1547.6084374999991
2025-01-26 11:00:00,35158.26,37493.18,-2334.919687499998
2025-01-26 12:00:00,35165.270000000004,37156.38,-1991.108906249996
2025-01-26 13:00:00,35297.72000000001,37822.66,-2524.9401562499916
2025-01-26 14:00:00,34869.19,37847.523,-2978.3334374999977
2025-01-26 15:00:00,34888.29,37517.645,-2629.354531249999
2025-01-26 16:00:00,35768.2,38349.676,-2581.475781250003
2025-01-26 17:00:00,37914.64,40111.062,-2196.4225000000006
2025-01-26 18:00:00,40622.689999999995,41156.484,-533.794375000005
2025-01-26 19:00:00,41000.12000000001,41424.57,-424.4503124999901
2025-01-26 20:00:00,40068.55,41268.543,-1199.992968749997
2025-01-26 21:00:00,39146.78,40307.98,-1161.2004687500012
2025-01-26 22:00:00,38216.13999999999,38906.914,-690.7740625000079
2025-01-26 23:00:00,36902.52,37357.324,-454.8042187500032
2025-01-27 00:00:00,35002.87,36391.555,-1388.6846874999974
2025-01-27 01:00:00,33319.74,33568.56,-248.81859375000204
2025-01-27 02:00:00,31892.82,31960.385,-67.56476562500029
2025-01-27 03:00:00,31000.839999999997,31202.697,-201.8572656250035
2025-01-27 04:00:00,30786.81,31041.078,-254.2681249999987
2025-01-27 05:00:00,31224.579999999998,31626.066,-401.4864062500019
2025-01-27 06:00:00,32506.07,31986.582,519.4879687499997
2025-01-27 07:00:00,35536.1,35341.395,194.70546874999854
2025-01-27 08:00:00,41899.93,41901.3,-1.370781249999709
2025-01-27 09:00:00,45228.18,45187.09,41.09015625000029
2025-01-27 10:00:00,46152.56999999999,45622.336,530.2340624999924
2025-01-27 11:00:00,46448.88,46372.137,76.74328124999738
2025-01-27 12:00:00,44974.560000000005,45062.895,-88.33453124999505
2025-01-27 13:00:00,45065.28,45062.883,2.397187499998836
2025-01-27 14:00:00,45388.86,45652.9,-264.0384374999994
2025-01-27 15:00:00,44839.01,46097.812,-1258.802499999998
2025-01-27 16:00:00,45581.79,46104.207,-522.4170312499991
2025-01-27 17:00:00,46802.6,47329.91,-527.3101562500015
2025-01-27 18:00:00,47035.74,47252.055,-216.31468750000204
2025-01-27 19:00:00,46049.90000000001,45952.93,96.97031250000873
2025-01-27 20:00:00,45104.58999999999,45167.49,-62.89828125001077
2025-01-27 21:00:00,43899.090000000004,44902.047,-1002.9568749999962
2025-01-27 22:00:00,42353.39000000001,43707.383,-1353.9928124999933
2025-01-27 23:00:00,40731.34999999999,40969.156,-237.80625000000873
2025-01-28 00:00:00,38322.92,38434.484,-111.56437500000175
2025-01-28 01:00:00,36293.66999999999,35785.203,508.466874999991
2025-01-28 02:00:00,34770.20999999999,34489.883,280.32718749999185
2025-01-28 03:00:00,33501.4,33362.516,138.88437500000146
2025-01-28 04:00:00,33421.9,33281.77,140.13046875000146
2025-01-28 05:00:00,33848.30000000001,33700.805,147.4953125000102
2025-01-28 06:00:00,35064.32000000001,33902.438,1161.882500000007
2025-01-28 07:00:00,37976.22,36537.406,1438.8137500000012
2025-01-28 08:00:00,43019.08,41899.547,1119.5331250000017
2025-01-28 09:00:00,45546.41,44635.266,911.1443750000035
2025-01-28 10:00:00,46164.22,44922.566,1241.6535937500012
2025-01-28 11:00:00,46285.26,45691.15,594.111562500002
2025-01-28 12:00:00,44177.86,44223.254,-45.39390624999942
2025-01-28 13:00:00,44264.619999999995,44120.105,144.51453124999534
2025-01-28 14:00:00,44278.05,44315.305,-37.25468749999709
2025-01-28 15:00:00,43487.71,44296.293,-808.5829687500009
2025-01-28 16:00:00,43952.21000000001,44526.137,-573.9267187499936
2025-01-28 17:00:00,45507.31,45610.832,-103.52203125000233
2025-01-28 18:00:00,46222.21,45800.695,421.5146874999991
2025-01-28 19:00:00,45728.87,45457.227,271.6434375000026
2025-01-28 20:00:00,44690.58,44783.734,-93.15437499999825
2025-01-28 21:00:00,43600.94999999999,44552.72,-951.7687500000102
2025-01-28 22:00:00,42114.13,43642.395,-1528.2645312500026
2025-01-28 23:00:00,40371.09,41113.02,-741.9295312500035
2025-01-29 00:00:00,38012.28999999999,38497.242,-484.9521875000064
2025-01-29 01:00:00,36187.19000000001,36635.016,-447.8256249999904
2025-01-29 02:00:00,34863.97,34930.52,-66.54953124999884
2025-01-29 03:00:00,33820.13,33755.566,64.56359374999738
2025-01-29 04:00:00,33423.1,33725.113,-302.01328125000146
2025-01-29 05:00:00,33682.84,34266.64,-583.8006250000035
2025-01-29 06:00:00,34811.35,34658.684,152.66640624999854
2025-01-29 07:00:00,37551.29,37170.6,380.6884375000009
2025-01-29 08:00:00,43030.19,43906.793,-876.6029687499977
2025-01-29 09:00:00,45223.409999999996,45851.984,-628.5743750000038
2025-01-29 10:00:00,45133.75000000001,45341.793,-208.04296874999272
2025-01-29 11:00:00,45301.58999999999,46086.61,-785.0193750000108
2025-01-29 12:00:00,43345.06,44873.023,-1527.9634375000023
2025-01-29 13:00:00,43535.01000000001,44901.266,-1366.2556249999907
2025-01-29 14:00:00,43401.11,44956.234,-1555.1243749999994
2025-01-29 15:00:00,43048.82,45098.246,-2049.4260937500003
2025-01-29 16:00:00,43654.52,45345.344,-1690.8237500000032
2025-01-29 17:00:00,45222.469999999994,46492.254,-1269.783906250006
2025-01-29 18:00:00,46118.43,46447.785,-329.3551562499997
2025-01-29 19:00:00,45545.28,45643.61,-98.32937500000116
2025-01-29 20:00:00,44475.29,45342.37,-867.0810937499991
2025-01-29 21:00:00,43485.79000000001,45058.19,-1572.4014062499919
2025-01-29 22:00:00,41994.520000000004,43974.64,-1980.120624999996
2025-01-29 23:00:00,40501.78,41432.88,-931.0989062500012
2025-01-30 00:00:00,38304.35999999999,38905.65,-601.2884375000067
2025-01-30 01:00:00,36236.92999999999,36687.43,-450.499687500007
2025-01-30 02:00:00,34768.01999999999,34818.008,-49.98781250001048
2025-01-30 03:00:00,34004.58999999999,33656.44,348.14859374998923
2025-01-30 04:00:00,33610.78,33663.7,-52.919218750001164
2025-01-30 05:00:00,33877.66,34038.41,-160.7501562499965
2025-01-30 06:00:00,34973.79000000001,34343.484,630.3056250000081
2025-01-30 07:00:00,37525.41000000001,37745.14,-219.73062499998923
2025-01-30 08:00:00,42689.05,43884.137,-1195.086718749997
2025-01-30 09:00:00,44930.58,44828.125,102.45500000000175
2025-01-30 10:00:00,45221.310000000005,44980.926,240.38421875000495
2025-01-30 11:00:00,45817.98000000001,45763.15,54.83156250001048
2025-01-30 12:00:00,43865.8,44444.18,-578.3796874999971
2025-01-30 13:00:00,44558.15,44539.18,18.970312500001455
2025-01-30 14:00:00,45048.48,44687.77,360.7104687500032
2025-01-30 15:00:00,44457.83,45210.715,-752.8848437499983
2025-01-30 16:00:00,44803.92999999999,45397.08,-593.148125000007
2025-01-30 17:00:00,46237.75,46423.395,-185.64453125
2025-01-30 18:00:00,46673.58,46451.535,222.04484375000175
2025-01-30 19:00:00,45750.88,45537.453,213.42687499999738
2025-01-30 20:00:00,44637.73,45082.195,-444.4653124999968
2025-01-30 21:00:00,42421.48,44867.45,-2445.969218749997
2025-01-30 22:00:00,42166.63999999999,44087.71,-1921.0709375000079
2025-01-30 23:00:00,40759.23999999999,41334.117,-574.8771875000093
2025-01-31 00:00:00,38631.82,38809.36,-177.5393750000003
2025-01-31 01:00:00,36342.07000000001,36713.906,-371.836249999993
2025-01-31 02:00:00,34806.02,34682.207,123.8129687499968
2025-01-31 03:00:00,33900.59,34142.43,-241.8396875000035
2025-01-31 04:00:00,33341.42,33427.938,-86.51750000000175
2025-01-31 05:00:00,33698.94000000001,33880.65,-181.7084374999904
2025-01-31 06:00:00,34734.41,34248.062,486.3475000000035
2025-01-31 07:00:00,37210.0,37462.04,-252.0390625
2025-01-31 08:00:00,42840.98,42924.23,-83.2504687499968
2025-01-31 09:00:00,45017.41000000001,44619.91,397.49984375001077
2025-01-31 10:00:00,45502.45,44859.46,642.9890624999971
2025-01-31 11:00:00,45830.8,45594.766,236.0343750000029
2025-01-31 12:00:00,43661.28,44246.15,-584.8684375000012
2025-01-31 13:00:00,42142.09,44280.062,-2137.9725000000035
2025-01-31 14:00:00,43465.48000000001,44413.008,-947.5278124999895
2025-01-31 15:00:00,43194.73,44687.62,-1492.8910937499968
2025-01-31 16:00:00,43298.4,45274.652,-1976.2523437499985
2025-01-31 17:00:00,44843.68,46307.82,-1464.1403124999997
2025-01-31 18:00:00,45804.05,46335.926,-531.8757812499971
2025-01-31 19:00:00,45212.58,45476.41,-263.83015624999825
2025-01-31 20:00:00,44057.31,45031.96,-974.6509375000023
2025-01-31 21:00:00,42986.80000000001,44753.023,-1766.2234374999898
2025-01-31 22:00:00,41540.350000000006,43852.53,-2312.181249999994
2025-01-31 23:00:00,40121.65000000001,41186.188,-1064.5374999999913
2025-02-01 00:00:00,37873.38,38456.785,-583.4051562500026
2025-02-01 01:00:00,35896.16000000001,36839.85,-943.6915624999892
2025-02-01 02:00:00,34308.62,35045.785,-737.1651562499974
2025-02-01 03:00:00,33319.329999999994,33920.71,-601.3809375000055
2025-02-01 04:00:00,32829.1,33942.29,-1113.1890625000015
2025-02-01 05:00:00,32975.39,33627.836,-652.4459375000006
2025-02-01 06:00:00,33762.53999999999,34357.426,-594.8857812500064
2025-02-01 07:00:00,34970.33,35119.113,-148.78328124999825
2025-02-01 08:00:00,37979.05,39569.98,-1590.930468749997
2025-02-01 09:00:00,39861.67,42026.3,-2164.6307812500017
2025-02-01 10:00:00,41084.58,43341.72,-2257.1387499999983
2025-02-01 11:00:00,41549.47,43500.746,-1951.2760937499988
2025-02-01 12:00:00,40202.189999999995,42450.996,-2248.806093750005
2025-02-01 13:00:00,40185.97000000001,42674.383,-2488.4128124999916
2025-02-01 14:00:00,39872.25,42808.926,-2936.67578125
2025-02-01 15:00:00,39176.65,42357.742,-3181.0921874999985
2025-02-01 16:00:00,39205.56,42673.9,-3468.3384375000023
2025-02-01 17:00:00,40635.08999999999,43796.668,-3161.5779687500108
2025-02-01 18:00:00,42941.62000000001,44202.81,-1261.18859374999
2025-02-01 19:00:00,43232.61,44140.37,-907.7610937499994
2025-02-01 20:00:00,42245.780000000006,43607.684,-1361.903593749994
2025-02-01 21:00:00,41138.99,42886.0,-1747.010000000002
2025-02-01 22:00:00,39973.11,41499.633,-1526.5228124999994
2025-02-01 23:00:00,38279.48999999999,39004.695,-725.2053125000093
2025-02-02 00:00:00,35953.9,36485.332,-531.4320312499985
2025-02-02 01:00:00,33943.24,35011.02,-1067.779531250002
2025-02-02 02:00:00,32241.660000000003,32883.734,-642.0743749999965
2025-02-02 03:00:00,31280.92,32187.688,-906.7675000000017
2025-02-02 04:00:00,30664.72,31683.049,-1018.3288281249988
2025-02-02 05:00:00,30528.889999999996,31526.615,-997.7252343750042
2025-02-02 06:00:00,30980.699999999997,31107.264,-126.56367187500291
2025-02-02 07:00:00,31124.729999999996,31110.488,14.241718749995925
2025-02-02 08:00:00,30826.4,32321.967,-1495.5667968749985
2025-02-02 09:00:00,31818.169999999995,33732.332,-1914.1620312500054
2025-02-02 10:00:00,33521.85999999999,35673.156,-2151.2962500000067
2025-02-02 11:00:00,34343.65000000001,36619.555,-2275.9046874999913
2025-02-02 12:00:00,34601.189999999995,36982.074,-2380.884218750005
2025-02-02 13:00:00,35040.66000000001,37586.99,-2546.3282812499892
2025-02-02 14:00:00,34561.56,37626.87,-3065.3110937500023
2025-02-02 15:00:00,34377.26,37314.04,-2936.779062499998
2025-02-02 16:00:00,34982.67,38247.34,-3264.6698437500017
2025-02-02 17:00:00,36682.74999999999,39362.57,-2679.8203125000073
2025-02-02 18:00:00,39877.83000000001,40052.625,-174.79499999999098
2025-02-02 19:00:00,40698.61,40898.125,-199.51499999999942
2025-02-02 20:00:00,40101.08,40934.785,-833.7051562499983
2025-02-02 21:00:00,38976.32,40207.387,-1231.0667187500003
2025-02-02 22:00:00,38017.490000000005,39070.34,-1052.8498437499948
2025-02-02 23:00:00,36223.76,36943.605,-719.845468749998
2025-02-03 00:00:00,34470.4,36523.28,-2052.8812499999985
2025-02-03 01:00:00,31107.830000000005,33627.617,-2519.7871874999946
2025-02-03 02:00:00,29860.27,31941.062,-2080.7924999999996
2025-02-03 03:00:00,30541.950000000004,31414.582,-872.6320312499956
2025-02-03 04:00:00,30475.66,31394.328,-918.6681250000001
2025-02-03 05:00:00,30862.239999999998,31641.953,-779.713125000002
2025-02-03 06:00:00,32568.849999999995,32269.916,298.9339843749949
2025-02-03 07:00:00,36174.34,35291.656,882.6837499999965
2025-02-03 08:00:00,42411.69,42169.516,242.17437500000233
2025-02-03 09:00:00,45374.880000000005,45388.62,-13.741093749995343
2025-02-03 10:00:00,45835.130000000005,45748.293,86.83703125000466
2025-02-03 11:00:00,45926.69,45628.934,297.7564062500023
2025-02-03 12:00:00,43987.83000000001,44954.953,-967.123124999991
2025-02-03 13:00:00,44098.92,45052.887,-953.9667187500017
2025-02-03 14:00:00,44362.939999999995,45095.402,-732.462343750005
2025-02-03 15:00:00,44130.69,44965.805,-835.1146874999977
2025-02-03 16:00:00,44361.88,45200.46,-838.5809375000026
2025-02-03 17:00:00,45368.44,45698.594,-330.1537499999977
2025-02-03 18:00:00,45937.4,45766.715,170.68515625000146
2025-02-03 19:00:00,45572.619999999995,46016.09,-443.46984375000466
2025-02-03 20:00:00,44600.51,45344.17,-743.661874999998
2025-02-03 21:00:00,43504.25,45081.92,-1577.671875
2025-02-03 22:00:00,41922.19000000001,43825.496,-1903.3060937499904
2025-02-03 23:00:00,40036.21,41160.043,-1123.8329687500009
2025-02-04 00:00:00,37356.799999999996,38948.375,-1591.5750000000044
2025-02-04 01:00:00,35007.86,36268.12,-1260.2610937499994
2025-02-04 02:00:00,34219.38,34902.793,-683.4129687500026
2025-02-04 03:00:00,33382.57,33772.24,-389.6682812500003
2025-02-04 04:00:00,33138.43,33835.83,-697.3981249999997
2025-02-04 05:00:00,32266.4,34324.97,-2058.5687499999985
2025-02-04 06:00:00,35131.829999999994,35271.508,-139.67781250000553
2025-02-04 07:00:00,38363.02,37686.863,676.1567187499968
2025-02-04 08:00:00,43979.700000000004,43657.836,321.86406250000437
2025-02-04 09:00:00,46741.97,46601.277,140.69265625000116
2025-02-04 10:00:00,47032.84999999999,46744.855,287.99453124999127
2025-02-04 11:00:00,47380.73,46669.582,711.1479687500032
2025-02-04 12:00:00,45606.8,45985.844,-379.0437499999971
2025-02-04 13:00:00,44614.38999999999,46037.086,-1422.6959375000079
2025-02-04 14:00:00,45201.13,45787.484,-586.3543750000026
2025-02-04 15:00:00,46737.23,45897.48,839.7495312500032
2025-02-04 16:00:00,47180.39,46113.566,1066.8235937499994
2025-02-04 17:00:00,47958.590000000004,46457.19,1501.3985937500038
2025-02-04 18:00:00,47643.57,46515.78,1127.7887499999997
2025-02-04 19:00:00,47031.46,46386.535,644.9248437499991
2025-02-04 20:00:00,45874.719999999994,45488.625,386.0949999999939
2025-02-04 21:00:00,44475.34,45277.316,-801.9764062500035
2025-02-04 22:00:00,42954.07,44407.55,-1453.4807812500003
2025-02-04 23:00:00,40947.23000000001,41633.332,-686.1020312499895
2025-02-05 00:00:00,38201.159999999996,39137.156,-935.9962500000038
2025-02-05 01:00:00,34798.37,37046.027,-2247.6573437499974
2025-02-05 02:00:00,33421.18,35339.9,-1918.7184374999997
2025-02-05 03:00:00,33982.25000000001,34161.465,-179.21484374999272
2025-02-05 04:00:00,33621.73,34215.223,-593.4926562499968
2025-02-05 05:00:00,33904.78,34631.465,-726.6848437500012
2025-02-05 06:00:00,34279.58,35466.23,-1186.6504687499983
2025-02-05 07:00:00,38661.259999999995,37776.24,885.0217187499948
2025-02-05 08:00:00,44551.92,44618.76,-66.84171875000175
2025-02-05 09:00:00,47843.270000000004,46989.38,853.8910937500041
2025-02-05 10:00:00,49161.92,47240.555,1921.3653124999983
2025-02-05 11:00:00,49856.509999999995,47224.492,2632.0178124999948
2025-02-05 12:00:00,48586.16000000001,46647.07,1939.0896875000108
2025-02-05 13:00:00,49300.96,46661.34,2639.620156249999
2025-02-05 14:00:00,49994.509999999995,46710.113,3284.3967187499948
2025-02-05 15:00:00,49630.87000000001,46662.824,2968.04578125001
2025-02-05 16:00:00,49340.86,46808.223,2532.6373437500006
2025-02-05 17:00:00,49404.63,47109.15,2295.4815624999974
2025-02-05 18:00:00,48699.18,47170.848,1528.3323437500003
2025-02-05 19:00:00,47961.780000000006,46847.227,1114.553437500006
2025-02-05 20:00:00,46637.33,46229.18,408.15031250000175
2025-02-05 21:00:00,45347.5,45848.824,-501.32421875
2025-02-05 22:00:00,43685.520000000004,45030.19,-1344.671406249996
2025-02-05 23:00:00,41610.3,41924.473,-314.1726562499971
2025-02-06 00:00:00,38906.71,38621.09,285.6201562499991
2025-02-06 01:00:00,36585.72000000001,36323.906,261.81375000000844
2025-02-06 02:00:00,35223.08,34493.8,729.2792187500017
2025-02-06 03:00:00,34586.46,33268.582,1317.8779687499991
2025-02-06 04:00:00,34252.32,33340.758,911.5621874999997
2025-02-06 05:00:00,34457.56,33647.336,810.2240624999977
2025-02-06 06:00:00,35699.2,34350.926,1348.274218749997
2025-02-06 07:00:00,38648.35,37321.98,1326.3695312499985
2025-02-06 08:00:00,44762.44000000001,43671.996,1090.4439062500096
2025-02-06 09:00:00,47912.439999999995,46339.57,1572.869687499995
2025-02-06 10:00:00,49012.36,46506.145,2506.2154687500006
2025-02-06 11:00:00,49447.700000000004,46481.258,2966.4421875000044
2025-02-06 12:00:00,47912.22,45987.453,1924.7668750000012
2025-02-06 13:00:00,48548.61,45871.508,2677.1021875000006
2025-02-06 14:00:00,48392.44,45880.156,2512.2837500000023
2025-02-06 15:00:00,48325.1,45816.777,2508.3226562499985
2025-02-06 16:00:00,48787.36,46046.727,2740.6334375000006
2025-02-06 17:00:00,49028.5,46451.746,2576.75390625
2025-02-06 18:00:00,48523.28,46660.277,1863.0026562499988
2025-02-06 19:00:00,47965.42999999999,46458.1,1507.328437499993
2025-02-06 20:00:00,46693.28,45743.02,950.2604687499988
2025-02-06 21:00:00,45286.35999999999,45231.53,54.828749999993306
2025-02-06 22:00:00,43616.52,44106.633,-490.1128125000032
2025-02-06 23:00:00,41453.45,40892.62,560.8289062499971
2025-02-07 00:00:00,38957.31,37951.945,1005.3646874999977
2025-02-07 01:00:00,36748.88,35887.473,861.4073437499974
2025-02-07 02:00:00,35483.57,34062.46,1421.1090624999997
2025-02-07 03:00:00,34554.89,33320.516,1234.3743749999994
2025-02-07 04:00:00,34271.3,32978.88,1292.421093750003
2025-02-07 05:00:00,34586.73000000001,33285.336,1301.3940625000105
2025-02-07 06:00:00,36186.33000000001,33943.645,2242.685468750009
2025-02-07 07:00:00,39200.55,36864.15,2336.401562500003
2025-02-07 08:00:00,45168.21,43093.246,2074.963906249999
2025-02-07 09:00:00,48319.93000000001,45630.316,2689.6135937500076
2025-02-07 10:00:00,49495.28,45924.504,3570.776093749999
2025-02-07 11:00:00,50099.27,45816.195,4283.074687499997
2025-02-07 12:00:00,48581.31,45154.453,3426.8568749999977
2025-02-07 13:00:00,47246.98,45144.97,2102.011250000003
2025-02-07 14:00:00,49013.219999999994,45309.1,3704.118437499994
2025-02-07 15:00:00,48828.81999999999,45246.117,3582.7028124999924
2025-02-07 16:00:00,48914.04000000001,45431.27,3482.770468750008
2025-02-07 17:00:00,48978.41,45819.848,3158.5623437500035
2025-02-07 18:00:00,48440.91999999999,45991.195,2449.724687499991
2025-02-07 19:00:00,47702.85,45958.54,1744.3109374999985
2025-02-07 20:00:00,46285.04000000001,45203.215,1081.8251562500081
2025-02-07 21:00:00,44903.469999999994,44665.05,238.4192187499939
2025-02-07 22:00:00,43369.97,43082.15,287.82156250000116
2025-02-07 23:00:00,41357.77,40496.336,861.4340624999968
2025-02-08 00:00:00,39066.409999999996,37478.684,1587.7264062499962
2025-02-08 01:00:00,36895.590000000004,35914.895,980.6954687500038
2025-02-08 02:00:00,35362.65,34090.953,1271.6968750000015
2025-02-08 03:00:00,34337.04,32880.188,1456.8525000000009
2025-02-08 04:00:00,33818.83,32985.734,833.0956250000017
2025-02-08 05:00:00,33998.27,32747.457,1250.8129687499968
2025-02-08 06:00:00,34699.04,33367.69,1331.3485937500009
2025-02-08 07:00:00,35930.06,34104.09,1825.9701562499977
2025-02-08 08:00:00,39034.14,38775.492,258.6478124999994
2025-02-08 09:00:00,42047.33,41698.855,348.47453125000175
2025-02-08 10:00:00,44113.67999999999,43164.59,949.090156249993
2025-02-08 11:00:00,44728.78,43753.363,975.4167187499988
2025-02-08 12:00:00,43618.73,42668.773,949.9565625000032
2025-02-08 13:00:00,44187.82,42917.707,1270.1129687499997
2025-02-08 14:00:00,43992.19,43120.41,871.7798437500023
2025-02-08 15:00:00,43571.91,42704.977,866.9334375000035
2025-02-08 16:00:00,43440.05999999999,42763.375,676.6849999999904
2025-02-08 17:00:00,44035.549999999996,43554.746,480.80390624999563
2025-02-08 18:00:00,45427.02999999999,43933.594,1493.4362499999916
2025-02-08 19:00:00,45251.22,43912.305,1338.9153125000012
2025-02-08 20:00:00,44054.5,43280.895,773.60546875
2025-02-08 21:00:00,42622.450000000004,42240.21,382.23906250000437
2025-02-08 22:00:00,41364.19,40745.508,618.6821875000023
2025-02-08 23:00:00,39519.26999999999,38306.344,1212.9262499999895
2025-02-09 00:00:00,37122.46,35682.066,1440.3935937499991
2025-02-09 01:00:00,35021.93,34092.004,929.9260937500003
2025-02-09 02:00:00,33409.270000000004,32100.592,1308.678203125004
2025-02-09 03:00:00,32294.7,31359.062,935.6375000000007
2025-02-09 04:00:00,31780.200000000004,31031.594,748.6062500000044
2025-02-09 05:00:00,31638.719999999998,30666.986,971.7336718749975
2025-02-09 06:00:00,31977.319999999996,30361.35,1615.970390624996
2025-02-09 07:00:00,31969.950000000004,30178.898,1791.0515625000044
2025-02-09 08:00:00,32125.199999999997,31483.514,641.6863281249971
2025-02-09 09:00:00,33963.090000000004,33460.754,502.3360937500038
2025-02-09 10:00:00,35716.55000000001,35479.523,237.0265625000102
2025-02-09 11:00:00,37085.05,36471.74,613.3117187500029
2025-02-09 12:00:00,37684.44,36864.535,819.9048437500023
2025-02-09 13:00:00,38261.00000000001,37316.348,944.6523437500073
2025-02-09 14:00:00,38274.56,37438.613,835.9467187499977
2025-02-09 15:00:00,38241.73,37262.336,979.3940625000032
2025-02-09 16:00:00,38716.37,38091.848,624.5223437500026
2025-02-09 17:00:00,39915.56,39107.047,808.5131249999977
2025-02-09 18:00:00,41968.38,39768.457,2199.9229687499974
2025-02-09 19:00:00,42423.869999999995,40833.887,1589.9832812499953
2025-02-09 20:00:00,41763.76999999999,40505.043,1258.7270312499895
2025-02-09 21:00:00,40632.1,39533.207,1098.8929687499985
2025-02-09 22:00:00,39379.149999999994,38067.52,1311.6304687499942
2025-02-09 23:00:00,37404.52,36234.42,1170.0981249999968
2025-02-10 00:00:00,35693.219999999994,35443.355,249.8645312499939
2025-02-10 01:00:00,33646.91,32700.664,946.2459375000035
2025-02-10 02:00:00,32285.849999999995,31167.393,1118.457421874995
2025-02-10 03:00:00,31462.83,30463.031,999.7987500000017
2025-02-10 04:00:00,31400.550000000003,30562.297,838.2531250000029
2025-02-10 05:00:00,31898.29,30797.797,1100.4931250000009
2025-02-10 06:00:00,33623.89,31487.992,2135.8978124999994
2025-02-10 07:00:00,37309.66000000001,34339.547,2970.1131250000108
2025-02-10 08:00:00,44218.67,41054.844,3163.8262499999983
2025-02-10 09:00:00,48092.46,44607.21,3485.249062499999
2025-02-10 10:00:00,49154.4,45245.645,3908.7554687500015
2025-02-10 11:00:00,50225.740000000005,45436.492,4789.247812500005
2025-02-10 12:00:00,48729.71,44787.07,3942.639687499999
2025-02-10 13:00:00,48952.77,44841.44,4111.328593749997
2025-02-10 14:00:00,49467.89,44878.406,4589.483749999999
2025-02-10 15:00:00,49076.30999999999,44946.742,4129.56781249999
2025-02-10 16:00:00,49275.39,45128.18,4147.210312499999
2025-02-10 17:00:00,49500.64,45383.47,4117.171249999999
2025-02-10 18:00:00,48763.33,45608.96,3154.3690625000017
2025-02-10 19:00:00,48088.55000000001,45527.785,2560.76484375001
2025-02-10 20:00:00,46802.25000000001,44929.07,1873.1796875000073
2025-02-10 21:00:00,45319.64000000001,44403.75,915.8900000000067
2025-02-10 22:00:00,43578.619999999995,43059.797,518.8231249999953
2025-02-10 23:00:00,41505.89,40130.05,1375.8392187499994
2025-02-11 00:00:00,38896.45,37803.883,1092.567187499997
2025-02-11 01:00:00,36729.01,35004.363,1724.646718750002
2025-02-11 02:00:00,35433.72,33867.945,1565.7746875000012
2025-02-11 03:00:00,34525.61000000001,32793.383,1732.2271875000079
2025-02-11 04:00:00,34293.16,32928.09,1365.0701562500035
2025-02-11 05:00:00,34741.229999999996,33260.285,1480.944843749996
2025-02-11 06:00:00,36420.65,34169.523,2251.1265625000015
2025-02-11 07:00:00,39510.93000000001,36331.375,3179.5550000000076
2025-02-11 08:00:00,45726.03,42339.5,3386.529999999999
2025-02-11 09:00:00,48908.85,45417.21,3491.6390624999985
2025-02-11 10:00:00,49441.66,45687.73,3753.9295312500035
2025-02-11 11:00:00,50104.17,45620.24,4483.931718749998
2025-02-11 12:00:00,48721.689999999995,45245.25,3476.439999999995
2025-02-11 13:00:00,49244.53,45202.312,4042.217499999999
2025-02-11 14:00:00,49681.45,45200.02,4481.430468749997
2025-02-11 15:00:00,49126.26,45156.773,3969.486562500002
2025-02-11 16:00:00,49221.84,45190.28,4031.5587499999965
2025-02-11 17:00:00,49059.78,45479.08,3580.701874999999
2025-02-11 18:00:00,48518.8,45460.348,3058.452343750003
2025-02-11 19:00:00,47501.29,45319.13,2182.161093750001
2025-02-11 20:00:00,46805.8,44790.766,2015.034375000003
2025-02-11 21:00:00,45422.86000000001,44379.668,1043.1920312500079
2025-02-11 22:00:00,43865.62,43235.98,629.6395312500026
2025-02-11 23:00:00,41751.6,40472.664,1278.9359374999985
2025-02-12 00:00:00,38955.60999999999,37942.67,1012.9381249999933
2025-02-12 01:00:00,37043.57000000001,35830.438,1213.132500000007
2025-02-12 02:00:00,35443.47,34236.48,1206.9895312500012
2025-02-12 03:00:00,34756.420000000006,33224.906,1531.5137500000055
2025-02-12 04:00:00,34331.63,33265.15,1066.4815624999974
2025-02-12 05:00:00,34796.18,33623.418,1172.7620312500003
2025-02-12 06:00:00,36196.3,34347.906,1848.393750000003
2025-02-12 07:00:00,39267.85999999999,36437.69,2830.1685937499933
2025-02-12 08:00:00,45316.87999999999,43109.656,2207.22374999999
2025-02-12 09:00:00,48648.75000000001,45647.215,3001.5351562500073
2025-02-12 10:00:00,49441.18,45876.477,3564.7034375000003
2025-02-12 11:00:00,49623.31,45887.35,3735.9584374999977
2025-02-12 12:00:00,48486.28,45146.84,3339.440156249999
2025-02-12 13:00:00,48829.670000000006,45238.938,3590.7325000000055
2025-02-12 14:00:00,49420.130000000005,45363.633,4056.4971875000047
2025-02-12 15:00:00,49187.170000000006,45538.543,3648.6270312500055
2025-02-12 16:00:00,49189.44000000001,45886.68,3302.7603125000096
2025-02-12 17:00:00,49205.80000000001,46100.125,3105.67500000001
2025-02-12 18:00:00,48687.25,46178.58,2508.671875
2025-02-12 19:00:00,48072.36,45989.45,2082.9107812500006
2025-02-12 20:00:00,46821.899999999994,45291.887,1530.0132812499942
2025-02-12 21:00:00,45523.92,44840.52,683.4004687499983
2025-02-12 22:00:00,43888.92999999999,43589.79,299.140937499993
2025-02-12 23:00:00,41727.75,40819.426,908.32421875
2025-02-13 00:00:00,39113.05,38833.184,279.8664062500029
2025-02-13 01:00:00,36980.229999999996,36706.09,274.1401562499959
2025-02-13 02:00:00,35536.98,34784.016,752.9643750000032
2025-02-13 03:00:00,34739.94999999999,33680.062,1059.8874999999898
2025-02-13 04:00:00,34448.87,33788.863,660.0067187500026
2025-02-13 05:00:00,34982.329999999994,34099.734,882.5956249999945
2025-02-13 06:00:00,36326.01999999999,34845.574,1480.4457812499895
2025-02-13 07:00:00,39161.15,37444.24,1716.9117187500015
2025-02-13 08:00:00,45061.68,43793.902,1267.7776562500003
2025-02-13 09:00:00,48632.18,46047.047,2585.1331250000003
2025-02-13 10:00:00,49562.62,46156.773,3405.8465625000026
2025-02-13 11:00:00,49988.67,46117.41,3871.2598437499983
2025-02-13 12:00:00,48324.78,45596.375,2728.404999999999
2025-02-13 13:00:00,47665.01,45731.094,1933.916250000002
2025-02-13 14:00:00,48347.08,45726.938,2620.1425000000017
2025-02-13 15:00:00,48170.659999999996,45597.1,2573.558437499996
2025-02-13 16:00:00,48291.920000000006,46062.94,2228.9785937500055
2025-02-13 17:00:00,48408.59,46430.906,1977.6837499999965
2025-02-13 18:00:00,48063.50000000001,46476.758,1586.7421875000073
2025-02-13 19:00:00,47589.32,46582.168,1007.1520312499997
2025-02-13 20:00:00,46614.82000000001,45656.668,958.152031250007
2025-02-13 21:00:00,45249.08,45505.33,-256.24812499999825
2025-02-13 22:00:00,43858.57,44517.117,-658.5471875000003
2025-02-13 23:00:00,41960.20999999999,41382.258,577.9521874999919
2025-02-14 00:00:00,39537.99,38729.34,808.650156249998
2025-02-14 01:00:00,37112.73,36660.21,452.5190625000032
2025-02-14 02:00:00,35479.07,34855.22,623.8512499999997
2025-02-14 03:00:00,34617.219999999994,34096.582,520.6379687499939
2025-02-14 04:00:00,34414.85999999999,33754.098,660.7623437499933
2025-02-14 05:00:00,34844.63999999999,34049.945,794.6946874999921
2025-02-14 06:00:00,36230.009999999995,34795.55,1434.4592187499948
2025-02-14 07:00:00,38871.450000000004,37393.973,1477.4773437500044
2025-02-14 08:00:00,44568.54,43743.86,824.6806250000009
2025-02-14 09:00:00,47324.73,45963.594,1361.1362500000032
2025-02-14 10:00:00,47905.52,46151.156,1754.3637499999968
2025-02-14 11:00:00,48468.39,46118.492,2349.8978124999994
2025-02-14 12:00:00,46658.74,45462.29,1196.450937499998
2025-02-14 13:00:00,45280.85,45485.832,-204.98203125000146
2025-02-14 14:00:00,46725.41,45649.86,1075.5506250000035
2025-02-14 15:00:00,46177.87,45664.59,513.2801562500026
2025-02-14 16:00:00,46479.64000000001,45779.152,700.4876562500067
2025-02-14 17:00:00,46996.69000000001,45977.145,1019.5454687500096
2025-02-14 18:00:00,46932.950000000004,46114.207,818.7429687500044
2025-02-14 19:00:00,46419.04,46067.31,351.7314062500009
2025-02-14 20:00:00,45108.97,45509.56,-400.58859374999884
2025-02-14 21:00:00,43999.58,45099.117,-1099.5371874999983
2025-02-14 22:00:00,42453.20999999999,43906.805,-1453.5946875000081
2025-02-14 23:00:00,40611.76000000001,41382.11,-770.3493749999907
2025-02-15 00:00:00,38434.60999999999,38056.85,377.7584374999933
2025-02-15 01:00:00,36387.09,36556.527,-169.4373437500035
2025-02-15 02:00:00,34760.14,34608.336,151.80406249999942
2025-02-15 03:00:00,33741.810000000005,33592.48,149.32953125000495
2025-02-15 04:00:00,33278.22,33699.164,-420.94406249999884
2025-02-15 05:00:00,33410.87999999999,33507.645,-96.7645312500099
2025-02-15 06:00:00,34236.92,34092.926,143.99421874999825
2025-02-15 07:00:00,35331.08000000001,34765.574,565.505781250009
2025-02-15 08:00:00,38400.51000000001,39421.348,-1020.8376562499907
2025-02-15 09:00:00,41212.67,41906.7,-694.0292187500017
2025-02-15 10:00:00,42879.630000000005,43297.383,-417.75281249999534
2025-02-15 11:00:00,43715.240000000005,43677.895,37.34546875000524
2025-02-15 12:00:00,42630.780000000006,42871.434,-240.6535937499939
2025-02-15 13:00:00,42584.11,43161.316,-577.2064062499994
2025-02-15 14:00:00,41838.329999999994,42990.06,-1151.7285937500055
2025-02-15 15:00:00,41179.310000000005,42660.414,-1481.104062499995
2025-02-15 16:00:00,40964.76,43033.1,-2068.341562499998
2025-02-15 17:00:00,41941.53,43784.336,-1842.8059375000012
2025-02-15 18:00:00,43661.89000000001,44053.633,-391.7428124999933
2025-02-15 19:00:00,44133.78999999999,44142.3,-8.510781250006403
2025-02-15 20:00:00,43076.75,43736.58,-659.828125
2025-02-15 21:00:00,41802.520000000004,42926.35,-1123.831562499996
2025-02-15 22:00:00,40475.89,41126.355,-650.4654687500006
2025-02-15 23:00:00,38763.9,38764.31,-0.4085937499985448
2025-02-16 00:00:00,36272.57,36014.965,257.6051562499997
2025-02-16 01:00:00,34188.57,34455.598,-267.0276562500003
2025-02-16 02:00:00,32684.260000000002,32667.27,16.990468750002037
2025-02-16 03:00:00,31618.159999999996,31946.555,-328.3946875000038
2025-02-16 04:00:00,31100.240000000005,31562.346,-462.10570312499476
2025-02-16 05:00:00,30897.89,31267.564,-369.6744531250006
2025-02-16 06:00:00,31300.34,30948.727,351.61343750000015
2025-02-16 07:00:00,31064.870000000003,30926.47,138.39929687500262
2025-02-16 08:00:00,31184.850000000002,32040.82,-855.9703124999978
2025-02-16 09:00:00,32763.410000000003,33608.277,-844.8673437499965
2025-02-16 10:00:00,34510.49,35544.977,-1034.486562500002
2025-02-16 11:00:00,35380.58,36469.348,-1088.7676562499983
2025-02-16 12:00:00,35717.71,36676.125,-958.4150000000009
2025-02-16 13:00:00,35934.39000000001,37309.32,-1374.9303124999933
2025-02-16 14:00:00,35599.93,37217.992,-1618.0621874999997
2025-02-16 15:00:00,35188.03,37018.496,-1830.4660937500012
2025-02-16 16:00:00,35620.76,37835.87,-2215.111093749998
2025-02-16 17:00:00,37033.26,38785.13,-1751.868906249998
2025-02-16 18:00:00,38707.50000000001,39709.527,-1002.0273437499927
2025-02-16 19:00:00,39653.66,40686.26,-1032.6017187499965
2025-02-16 20:00:00,39765.33000000001,40418.582,-653.252031249991
2025-02-16 21:00:00,38758.39,39637.945,-879.5553125000006
2025-02-16 22:00:00,37827.950000000004,38353.027,-525.0773437499956
2025-02-16 23:00:00,35596.44,36674.508,-1078.0678124999977
2025-02-17 00:00:00,34563.34999999999,36086.438,-1523.0875000000087
2025-02-17 01:00:00,32565.160000000003,33275.504,-710.3439062499965
2025-02-17 02:00:00,31203.280000000002,31764.67,-561.3899218749975
2025-02-17 03:00:00,30475.84,31047.75,-571.9099999999999
2025-02-17 04:00:00,30360.62,31139.53,-778.909296875001
2025-02-17 05:00:00,30800.25,31396.957,-596.70703125
2025-02-17 06:00:00,32471.510000000002,32116.44,355.07054687500204
2025-02-17 07:00:00,35929.59,34848.234,1081.3556249999965
2025-02-17 08:00:00,42179.52,41994.6,184.9184374999968
2025-02-17 09:00:00,45144.09,44841.4,302.6915624999965
2025-02-17 10:00:00,46068.829999999994,45343.258,725.5721874999945
2025-02-17 11:00:00,46572.98,45352.297,1220.6831250000032
2025-02-17 12:00:00,45285.88999999999,44601.223,684.6673437499921
2025-02-17 13:00:00,45765.12000000001,44813.414,951.7059375000099
2025-02-17 14:00:00,46706.86,44775.613,1931.2467187500006
2025-02-17 15:00:00,46149.95,44694.97,1454.981249999997
2025-02-17 16:00:00,46657.47,44906.395,1751.0754687500012
2025-02-17 17:00:00,46799.52999999999,45171.875,1627.6549999999916
2025-02-17 18:00:00,46316.950000000004,45297.695,1019.2546875000044
2025-02-17 19:00:00,46047.18,45199.082,848.0979687500003
2025-02-17 20:00:00,44880.4,44899.51,-19.111718749998545
2025-02-17 21:00:00,43456.6,44528.637,-1072.0367187500015
2025-02-17 22:00:00,41946.96,43287.508,-1340.5478125000009
2025-02-17 23:00:00,39843.17999999999,40600.785,-757.605156250007
2025-02-18 00:00:00,37594.32000000001,38497.953,-903.633124999993
2025-02-18 01:00:00,35416.46,35792.867,-376.4071875000009
2025-02-18 02:00:00,34094.91,34569.195,-474.2853124999965
2025-02-18 03:00:00,33188.52,33453.344,-264.8237500000032
2025-02-18 04:00:00,32901.16,33594.004,-692.8439062499965
2025-02-18 05:00:00,33461.36,33896.812,-435.4524999999994
2025-02-18 06:00:00,34820.9,34727.86,93.04062500000146
2025-02-18 07:00:00,37533.09,36879.832,653.2579687499965
2025-02-18 08:00:00,43404.12,42767.69,636.4285937500026
2025-02-18 09:00:00,46003.13999999999,45419.418,583.7220312499921
2025-02-18 10:00:00,46966.26,45607.1,1359.158437500002
2025-02-18 11:00:00,48167.24,45505.758,2661.482187499998
2025-02-18 12:00:00,46247.17,44898.594,1348.5762499999983
2025-02-18 13:00:00,46758.54,44934.754,1823.7860937500009
2025-02-18 14:00:00,47707.71000000001,44877.22,2830.4912500000064
2025-02-18 15:00:00,47597.57000000001,44835.92,2761.648125000007
2025-02-18 16:00:00,47507.2,44971.39,2535.809374999997
2025-02-18 17:00:00,47277.39,45293.55,1983.8392187499994
2025-02-18 18:00:00,46473.149999999994,45431.83,1041.3218749999942
2025-02-18 19:00:00,46325.56,45356.344,969.2162499999977
2025-02-18 20:00:00,45074.95,44714.617,360.3328124999971
2025-02-18 21:00:00,43743.05,43877.977,-134.9265624999971
2025-02-18 22:00:00,42181.26000000001,43723.24,-1541.9782812499907
2025-02-18 23:00:00,40389.67,41178.273,-788.6034375000017
2025-02-19 00:00:00,37666.97,38443.305,-776.3346874999988
2025-02-19 01:00:00,35948.56,36336.477,-387.9165625000023
2025-02-19 02:00:00,34477.45,34708.254,-230.8039062500029
2025-02-19 03:00:00,33719.44,33624.152,95.28765625000233
2025-02-19 04:00:00,33385.469999999994,33755.27,-369.7995312500061
2025-02-19 05:00:00,33861.13,34074.285,-213.15515625000262
2025-02-19 06:00:00,35287.479999999996,34796.184,491.2964062499959
2025-02-19 07:00:00,38001.97,36888.87,1113.0989062500012
2025-02-19 08:00:00,43864.73,43758.215,106.5151562500032
2025-02-19 09:00:00,47087.21000000001,45776.07,1311.1396875000064
2025-02-19 10:00:00,47958.28,46123.1,1835.1784374999988
2025-02-19 11:00:00,48472.95999999999,46124.727,2348.233437499992
2025-02-19 12:00:00,46910.99,45546.85,1364.138437499998
2025-02-19 13:00:00,47251.11000000001,45527.094,1724.0162500000079
2025-02-19 14:00:00,48024.83,45675.008,2349.8221875000017
2025-02-19 15:00:00,47666.74,45540.098,2126.642343749998
2025-02-19 16:00:00,47793.479999999996,45791.586,2001.894062499996
2025-02-19 17:00:00,47625.799999999996,46077.05,1548.7492187499956
2025-02-19 18:00:00,46941.920000000006,46143.83,798.0918750000055
2025-02-19 19:00:00,47051.13999999999,46036.797,1014.3431249999921
2025-02-19 20:00:00,45985.19000000001,45238.375,746.8150000000096
2025-02-19 21:00:00,44527.15,44827.574,-300.42421874999854
2025-02-19 22:00:00,43310.99,43932.695,-621.705312500002
2025-02-19 23:00:00,41563.8,41235.438,328.3625000000029
2025-02-20 00:00:00,39102.14,38953.78,148.35874999999942
2025-02-20 01:00:00,36901.7,36633.992,267.7078124999971
2025-02-20 02:00:00,35392.92,34794.55,598.3692187499983
2025-02-20 03:00:00,34671.46,33602.242,1069.2178124999991
2025-02-20 04:00:00,34492.159999999996,33710.918,781.2420312499962
2025-02-20 05:00:00,34682.9,34047.28,635.6187500000015
2025-02-20 06:00:00,36250.56,34767.51,1483.0482812499977
2025-02-20 07:00:00,39081.24,37572.5,1508.739999999998
2025-02-20 08:00:00,44479.06,43872.113,606.9467187499977
2025-02-20 09:00:00,47808.96000000001,46160.953,1648.0068750000064
2025-02-20 10:00:00,48621.08999999999,46374.47,2246.6212499999892
2025-02-20 11:00:00,49186.66,46363.0,2823.6600000000035
2025-02-20 12:00:00,47750.06,45721.754,2028.3060937499977
2025-02-20 13:00:00,48276.84,45770.81,2506.0314062499965
2025-02-20 14:00:00,48431.33999999999,45895.582,2535.7579687499892
2025-02-20 15:00:00,48138.94,45800.07,2338.8696875000023
2025-02-20 16:00:00,48401.94,45855.45,2546.4907812500023
2025-02-20 17:00:00,48524.7,46091.32,2433.379687499997
2025-02-20 18:00:00,48222.33,46147.617,2074.7128125000017
2025-02-20 19:00:00,48392.21,45988.434,2403.776406249999
2025-02-20 20:00:00,47179.38999999999,45456.64,1722.7493749999921
2025-02-20 21:00:00,45559.75,45023.484,536.265625
2025-02-20 22:00:00,43997.34999999999,44382.434,-385.08359375000873
2025-02-20 23:00:00,42025.9,41274.91,750.9898437500015
2025-02-21 00:00:00,39389.82,38933.312,456.5074999999997
2025-02-21 01:00:00,37353.76,36588.16,765.599843750002
2025-02-21 02:00:00,35778.87,34747.934,1030.9364062500026
2025-02-21 03:00:00,34817.42999999999,34050.85,766.578437499993
2025-02-21 04:00:00,34601.98,33707.152,894.8276562500032
2025-02-21 05:00:00,35031.09,33988.723,1042.3673437499965
2025-02-21 06:00:00,36415.899999999994,34723.02,1692.8804687499942
2025-02-21 07:00:00,38509.74999999999,37513.695,996.0546874999927
2025-02-21 08:00:00,44214.0,43823.516,390.484375
2025-02-21 09:00:00,47519.04,45848.945,1670.0946875000009
2025-02-21 10:00:00,48095.47000000001,46190.16,1905.3098437500084
2025-02-21 11:00:00,49002.07,46175.36,2826.7106249999997
2025-02-21 12:00:00,47883.87,45611.4,2272.4715625000026
2025-02-21 13:00:00,46498.35,45622.85,875.4984374999985
2025-02-21 14:00:00,48413.84,45797.508,2616.3321874999965
2025-02-21 15:00:00,48111.62,45729.36,2382.2606250000026
2025-02-21 16:00:00,48263.969999999994,45795.992,2467.977812499994
2025-02-21 17:00:00,48688.02,46038.402,2649.617656249997
2025-02-21 18:00:00,48473.43,46127.473,2345.9573437500003
2025-02-21 19:00:00,48391.80000000001,46001.418,2390.38203125001
2025-02-21 20:00:00,47074.880000000005,45480.105,1594.7745312500047
2025-02-21 21:00:00,45600.85,45091.035,509.81484374999854
2025-02-21 22:00:00,43894.98,43938.855,-43.8754687499968
2025-02-21 23:00:00,41955.869999999995,41257.688,698.1824999999953
2025-02-22 00:00:00,39490.9,38326.336,1164.5640625000015
2025-02-22 01:00:00,37293.72000000001,36654.81,638.9114062500084
2025-02-22 02:00:00,35575.7,34837.715,737.9851562499971
2025-02-22 03:00:00,34537.49,33691.95,845.540781249998
2025-02-22 04:00:00,34215.240000000005,33774.273,440.96656250000524
2025-02-22 05:00:00,34408.6,33541.17,867.4281249999985
2025-02-22 06:00:00,35134.58,34105.87,1028.7089062500017
2025-02-22 07:00:00,35764.2,35039.47,724.7312499999971
2025-02-22 08:00:00,38811.51999999999,39515.45,-703.9292187500105
2025-02-22 09:00:00,41688.76000000001,42361.793,-673.0329687499907
2025-02-22 10:00:00,43943.69000000001,43763.645,180.0454687500096
2025-02-22 11:00:00,45159.48,44395.336,764.1440625000032
2025-02-22 12:00:00,44878.87,43383.004,1495.8660937500026
2025-02-22 13:00:00,45173.66,43629.875,1543.7850000000035
2025-02-22 14:00:00,44898.09,43847.035,1051.0548437499965
2025-02-22 15:00:00,44385.06,43351.35,1033.7084374999977
2025-02-22 16:00:00,44110.85,43384.684,726.1664062499985
2025-02-22 17:00:00,44889.03,44125.176,763.8542187499988
2025-02-22 18:00:00,46316.82000000001,44531.33,1785.491875000007
2025-02-22 19:00:00,47045.16,44478.652,2566.5076562500035
2025-02-22 20:00:00,45802.36000000001,44027.887,1774.4732812500079
2025-02-22 21:00:00,44174.53,43080.594,1093.9362499999988
2025-02-22 22:00:00,42715.08,41739.36,975.7206250000017
2025-02-22 23:00:00,40796.06,39126.31,1669.7514062499977
2025-02-23 00:00:00,38098.009999999995,36200.92,1897.0881249999948
2025-02-23 01:00:00,35950.310000000005,34659.438,1290.872500000005
2025-02-23 02:00:00,34118.42,32665.742,1452.6778124999983
2025-02-23 03:00:00,32948.52,31958.064,990.4555468749968
2025-02-23 04:00:00,32446.15,31578.803,867.3472656250015
2025-02-23 05:00:00,32279.710000000003,31251.977,1027.7334375000028
2025-02-23 06:00:00,32648.850000000002,30955.604,1693.2464843750022
2025-02-23 07:00:00,32257.8,30770.389,1487.4113281249993
2025-02-23 08:00:00,32488.14,32101.54,386.6009374999994
2025-02-23 09:00:00,33592.869999999995,33974.996,-382.12609375000466
2025-02-23 10:00:00,35856.81,36063.066,-206.25640625000233
2025-02-23 11:00:00,37564.76,37028.926,535.834218750002
2025-02-23 12:00:00,38428.29000000001,37490.188,938.1025000000081
2025-02-23 13:00:00,38724.00000000001,37980.12,743.8789062500073
2025-02-23 14:00:00,38603.06,38156.188,446.8724999999977
2025-02-23 15:00:00,38702.88999999999,37804.902,897.9876562499921
2025-02-23 16:00:00,39161.04,38607.734,553.3056250000009
2025-02-23 17:00:00,40019.39,39448.703,570.6868749999994
2025-02-23 18:00:00,42336.62999999999,40143.773,2192.85656249999
2025-02-23 19:00:00,44056.98000000001,41242.79,2814.1909375000105
2025-02-23 20:00:00,43517.84,40966.367,2551.4728124999965
2025-02-23 21:00:00,42233.97,40092.676,2141.294218750001
2025-02-23 22:00:00,40939.76,38682.562,2257.197500000002
2025-02-23 23:00:00,39123.26,36792.574,2330.685781250002
2025-02-24 00:00:00,36721.979999999996,35850.98,870.9995312499959
2025-02-24 01:00:00,34503.17,33172.027,1331.1426562499983
2025-02-24 02:00:00,33164.95,31647.262,1517.688281249997
2025-02-24 03:00:00,32165.16,30942.434,1222.7264062499999
2025-02-24 04:00:00,32083.829999999998,31042.477,1041.353437499998
2025-02-24 05:00:00,32545.150000000005,31282.559,1262.591406250005
2025-02-24 06:00:00,34487.579999999994,32076.982,2410.5975781249945
2025-02-24 07:00:00,37740.020000000004,34851.1,2888.918437500004
2025-02-24 08:00:00,44364.43,41811.355,2553.0745312500003
2025-02-24 09:00:00,47288.36,45090.926,2197.4342187500006
2025-02-24 10:00:00,48543.73,45485.688,3058.042500000003
2025-02-24 11:00:00,49274.079999999994,45484.445,3789.6346874999945
2025-02-24 12:00:00,48554.49999999999,45029.55,3524.9492187499927
2025-02-24 13:00:00,48611.02,45132.395,3478.625468749997
2025-02-24 14:00:00,48700.369999999995,45190.023,3510.3465624999953
2025-02-24 15:00:00,48391.18,45107.754,3283.4260937500003
2025-02-24 16:00:00,48441.71,45344.242,3097.467812499999
2025-02-24 17:00:00,48933.65000000001,45497.418,3436.2320312500087
2025-02-24 18:00:00,48877.65,45526.496,3351.1539062500015
2025-02-24 19:00:00,49301.94999999999,45512.86,3789.09062499999
2025-02-24 20:00:00,47969.780000000006,44750.02,3219.760468750006
2025-02-24 21:00:00,45565.51,44440.766,1124.744375000002
2025-02-24 22:00:00,44740.9,43346.68,1394.2203125000015
2025-02-24 23:00:00,42777.96000000001,40656.285,2121.6748437500064
2025-02-25 00:00:00,39809.43,38273.49,1535.9417187500003
2025-02-25 01:00:00,37512.44,35617.97,1894.4712500000023
2025-02-25 02:00:00,35916.92999999999,34467.688,1449.242499999993
2025-02-25 03:00:00,34891.2,33295.758,1595.442187499997
2025-02-25 04:00:00,34860.97,33449.848,1411.1223437500012
2025-02-25 05:00:00,35362.4,33787.508,1574.8921875000015
2025-02-25 06:00:00,36806.28,34706.633,2099.647187499999
2025-02-25 07:00:00,39435.48999999999,36877.05,2558.4392187499907
2025-02-25 08:00:00,45185.68000000001,42876.043,2309.6370312500076
2025-02-25 09:00:00,48602.26,45619.37,2982.888906250002
2025-02-25 10:00:00,49423.86000000001,45877.664,3546.195937500008
2025-02-25 11:00:00,49980.15000000001,45885.566,4094.5835937500087
2025-02-25 12:00:00,48535.16999999999,45410.85,3124.318437499991
2025-02-25 13:00:00,48605.14000000001,45429.58,3175.5618750000067
2025-02-25 14:00:00,48993.43,45369.94,3623.4885937500003
2025-02-25 15:00:00,48568.44,45407.914,3160.5259375000023
2025-02-25 16:00:00,49161.299999999996,45499.938,3661.3624999999956
2025-02-25 17:00:00,49350.060000000005,45532.2,3817.860781250005
2025-02-25 18:00:00,48854.369999999995,45579.668,3274.7020312499953
2025-02-25 19:00:00,49061.659999999996,45322.2,3739.460781249996
2025-02-25 20:00:00,47864.11,44909.562,2954.5475000000006
2025-02-25 21:00:00,46355.38999999999,44446.496,1908.8939062499921
2025-02-25 22:00:00,44516.40000000001,43577.875,938.5250000000087
2025-02-25 23:00:00,42396.87,41030.164,1366.7059375000026
2025-02-26 00:00:00,39469.81,38383.223,1086.5873437499977
2025-02-26 01:00:00,37293.72000000001,36315.223,978.4973437500084
2025-02-26 02:00:00,35837.82,34714.074,1123.7457812499997
2025-02-26 03:00:00,34561.490000000005,33640.656,920.8337500000052
2025-02-26 04:00:00,34802.11,33743.69,1058.4185937500006
2025-02-26 05:00:00,35036.84,34035.066,1001.7735937499965
2025-02-26 06:00:00,36827.14,34776.25,2050.8899999999994
2025-02-26 07:00:00,39549.57000000001,36856.555,2693.015312500007
2025-02-26 08:00:00,45567.72,43543.47,2024.2512500000012
2025-02-26 09:00:00,48855.060000000005,45767.6,3087.458437500005
2025-02-26 10:00:00,48960.46,45864.566,3095.893593749999
2025-02-26 11:00:00,48957.58,45882.273,3075.3065625000017
2025-02-26 12:00:00,46873.2,45205.465,1667.735156249997
2025-02-26 13:00:00,46668.38999999999,45208.586,1459.8040624999921
2025-02-26 14:00:00,46702.21,45298.758,1403.4521874999991
2025-02-26 15:00:00,46236.08999999999,45284.27,951.8204687499892
2025-02-26 16:00:00,46629.0,45405.645,1223.35546875
2025-02-26 17:00:00,47117.41,45432.21,1685.1990625000035
2025-02-26 18:00:00,47246.82,45730.273,1516.5465624999997
2025-02-26 19:00:00,48058.71,45559.254,2499.456093749999
2025-02-26 20:00:00,47146.72,45255.785,1890.9348437500012
2025-02-26 21:00:00,45719.23,44898.723,820.5073437500032
2025-02-26 22:00:00,44064.060000000005,43907.234,156.82562500000495
2025-02-26 23:00:00,41751.799999999996,41174.48,577.3195312499956
2025-02-27 00:00:00,39045.32,38630.633,414.6871874999997
2025-02-27 01:00:00,36880.99999999999,36545.04,335.9609374999927
2025-02-27 02:00:00,35237.11,34627.242,609.8678125000006
2025-02-27 03:00:00,34624.94,33517.05,1107.8892187500023
2025-02-27 04:00:00,34401.990000000005,33634.355,767.6345312500052
2025-02-27 05:00:00,34824.64,33952.797,871.8431249999994
2025-02-27 06:00:00,36420.47,34690.258,1730.2121875000012
2025-02-27 07:00:00,38921.270000000004,37288.902,1632.367656250004
2025-02-27 08:00:00,44609.15000000001,43599.37,1009.7789062500087
2025-02-27 09:00:00,46630.94,45179.617,1451.3228125000023
2025-02-27 10:00:00,47170.06999999999,45145.11,2024.9606249999924
2025-02-27 11:00:00,46918.06,45059.668,1858.3920312499977
2025-02-27 12:00:00,45212.36,44441.633,770.7271875000006
2025-02-27 13:00:00,45222.38,44506.81,715.5714062499974
2025-02-27 14:00:00,45518.49,44100.33,1418.161874999998
2025-02-27 15:00:00,45213.46,44155.504,1057.9560937499991
2025-02-27 16:00:00,45705.18000000001,44606.19,1098.9885937500076
2025-02-27 17:00:00,46564.38,45062.223,1502.1573437499974
2025-02-27 18:00:00,46520.67,45043.105,1477.5645312499983
2025-02-27 19:00:00,47150.03999999999,45186.78,1963.2587499999936
2025-02-27 20:00:00,46080.15000000001,44973.973,1106.1773437500087
2025-02-27 21:00:00,44640.05000000001,44645.234,-5.184374999989814
2025-02-27 22:00:00,43169.13,43855.586,-686.4559375000026
2025-02-27 23:00:00,40943.02,41104.88,-161.8589062500032
2025-02-28 00:00:00,38391.74,38588.754,-197.01390625000204
2025-02-28 01:00:00,36278.43,36469.188,-190.7574999999997
2025-02-28 02:00:00,34757.25,34694.566,62.68359375
2025-02-28 03:00:00,33963.25,33839.113,124.13671875
2025-02-28 04:00:00,33718.87,33452.75,266.1200000000026
2025-02-28 05:00:00,34044.47000000001,33756.027,288.44265625000844
2025-02-28 06:00:00,35554.63,34565.418,989.2120312499974
2025-02-28 07:00:00,37983.54,36994.344,989.1962500000009
2025-02-28 08:00:00,43615.00000000001,43200.02,414.9804687500073
2025-02-28 09:00:00,46506.65000000001,44578.605,1928.0445312500087
2025-02-28 10:00:00,46860.22,44723.434,2136.786406250001
2025-02-28 11:00:00,47025.71,44653.63,2372.081093749999
2025-02-28 12:00:00,45101.78999999999,43872.887,1228.9032812499936
2025-02-28 13:00:00,43717.21,43885.047,-167.83687500000087
2025-02-28 14:00:00,45199.74,44023.76,1175.978281249998
2025-02-28 15:00:00,45417.26,44020.05,1397.209218750002
2025-02-28 16:00:00,45750.810000000005,44334.625,1416.185000000005
2025-02-28 17:00:00,45908.100000000006,44890.55,1017.5492187500058
2025-02-28 18:00:00,45724.17,45014.18,709.9903124999983
2025-02-28 19:00:00,46443.27999999999,45337.11,1106.1706249999916
2025-02-28 20:00:00,45285.77999999999,44498.473,787.3073437499916
2025-02-28 21:00:00,43961.64000000001,44205.324,-243.6842187499933
2025-02-28 22:00:00,42782.45999999999,43133.957,-351.49703125000815
2025-02-28 23:00:00,40778.34,40957.98,-179.6404687500035
2025-03-01 00:00:00,37689.689999999995,38163.086,-473.39593750000495
2025-03-01 01:00:00,36416.39,36644.39,-228.00062500000058
2025-03-01 02:00:00,34959.899999999994,35274.777,-314.8773437500058
2025-03-01 03:00:00,34931.83,33614.82,1317.0096875000017
2025-03-01 04:00:00,35665.46,34178.812,1486.6474999999991
2025-03-01 05:00:00,36097.95999999999,33862.004,2235.956093749992
2025-03-01 06:00:00,35171.96,33540.227,1631.7334374999991
2025-03-01 07:00:00,33672.41000000001,34000.832,-328.42203124998923
2025-03-01 08:00:00,36136.83,38701.22,-2564.3887499999983
2025-03-01 09:00:00,38308.91,40668.45,-2359.5392187499965
2025-03-01 10:00:00,39598.630000000005,42199.418,-2600.7879687499953
2025-03-01 11:00:00,40346.08,43004.086,-2658.0059374999983
2025-03-01 12:00:00,39467.47,41841.46,-2373.990937499999
2025-03-01 13:00:00,39997.54,41861.91,-1864.3701562499991
2025-03-01 14:00:00,39759.22,42604.176,-2844.955781249999
2025-03-01 15:00:00,39434.27,42071.04,-2636.769062500003
2025-03-01 16:00:00,40053.21,42299.836,-2246.625937500001
2025-03-01 17:00:00,41679.51,43056.598,-1377.087656249998
2025-03-01 18:00:00,42803.64,43621.47,-817.8287500000006
2025-03-01 19:00:00,42056.75,43583.805,-1527.0546875
2025-03-01 20:00:00,42824.94,43390.812,-565.8724999999977
2025-03-01 21:00:00,41201.66,42339.203,-1137.5431249999965
2025-03-01 22:00:00,39762.94000000001,40736.305,-973.3646874999904
2025-03-01 23:00:00,38045.43000000001,38838.902,-793.4723437499924
2025-03-02 00:00:00,35784.1,36161.527,-377.42734375000146
2025-03-02 01:00:00,34005.94999999999,34640.25,-634.3000000000102
2025-03-02 02:00:00,32864.01,32951.29,-87.27906249999796
2025-03-02 03:00:00,32598.97,31918.209,680.7610156250012
2025-03-02 04:00:00,33474.66,31742.922,1731.7381250000035
2025-03-02 05:00:00,33873.61,31214.213,2659.3971093750006
2025-03-02 06:00:00,32514.88,30415.172,2099.708125000001
2025-03-02 07:00:00,29945.969999999998,29921.705,24.264921874997526
2025-03-02 08:00:00,29635.460000000003,30697.664,-1062.2040624999972
2025-03-02 09:00:00,29860.400000000005,32261.057,-2400.656640624995
2025-03-02 10:00:00,31244.83,34589.51,-3344.6817187499983
2025-03-02 11:00:00,32758.19,35651.066,-2892.8764062500013
2025-03-02 12:00:00,33602.89,35851.92,-2249.0318750000006
2025-03-02 13:00:00,34172.68,36407.633,-2234.9528124999997
2025-03-02 14:00:00,34341.94999999999,36695.812,-2353.86250000001
2025-03-02 15:00:00,34830.86000000001,36344.688,-1513.8274999999921
2025-03-02 16:00:00,36068.71,37207.375,-1138.6650000000009
2025-03-02 17:00:00,38529.25,38289.535,239.71484375
2025-03-02 18:00:00,40181.98,39216.43,965.5503125000032
2025-03-02 19:00:00,39846.98,40337.27,-490.2895312499968
2025-03-02 20:00:00,40346.45,40475.004,-128.5539062500029
2025-03-02 21:00:00,38868.05000000001,39392.848,-524.7976562499898
2025-03-02 22:00:00,37661.47000000001,37825.53,-164.06124999999156
2025-03-02 23:00:00,36342.72,36342.27,0.45046875000116415
2025-03-03 00:00:00,34363.41,35974.383,-1610.9728124999965
2025-03-03 01:00:00,32687.15,33242.74,-555.5882812499985
2025-03-03 02:00:00,31684.58,32154.357,-469.77742187499825
2025-03-03 03:00:00,31641.240000000005,31045.768,595.4724218750052
2025-03-03 04:00:00,32899.03,31580.25,1318.7799999999988
2025-03-03 05:00:00,33656.3,31798.053,1858.247265625003
2025-03-03 06:00:00,33470.20999999999,31638.512,1831.6982812499919
2025-03-03 07:00:00,34672.27,33946.965,725.3051562499968
2025-03-03 08:00:00,40514.619999999995,40537.18,-22.559687500004657
2025-03-03 09:00:00,43815.98,43548.887,267.0932812500032
2025-03-03 10:00:00,45249.59,44636.51,613.0782812499965
2025-03-03 11:00:00,46522.69,44880.09,1642.6001562500023
2025-03-03 12:00:00,45946.8,43981.86,1964.940625000003
2025-03-03 13:00:00,46653.39,44108.59,2544.8001562499994
2025-03-03 14:00:00,47414.45,44551.766,2862.684374999997
2025-03-03 15:00:00,47098.619999999995,44269.73,2828.8895312499953
2025-03-03 16:00:00,47214.83999999999,44623.4,2591.4415624999892
2025-03-03 17:00:00,46318.43000000001,44837.254,1481.1760937500076
2025-03-03 18:00:00,45465.36,45023.97,441.3912500000006
2025-03-03 19:00:00,44618.03,44894.516,-276.48562500000116
2025-03-03 20:00:00,45376.14000000001,44730.92,645.2181250000067
2025-03-03 21:00:00,43664.98000000001,44169.133,-504.1528124999895
2025-03-03 22:00:00,42042.95,42879.92,-836.9718750000029
2025-03-03 23:00:00,40372.29,40409.582,-37.29203124999913
2025-03-04 00:00:00,37869.42,38524.957,-655.5370312500017
2025-03-04 01:00:00,36200.36,35740.664,459.6959375000006
2025-03-04 02:00:00,34945.53,35210.2,-264.66921875000116
2025-03-04 03:00:00,34722.03,33528.91,1193.1198437499988
2025-03-04 04:00:00,35371.66,34221.656,1150.0037500000035
2025-03-04 05:00:00,36360.82,34438.066,1922.7535937499997
2025-03-04 06:00:00,36038.76000000001,34038.64,2000.1193750000093
2025-03-04 07:00:00,37072.91999999999,35653.34,1419.580156249991
2025-03-04 08:00:00,41768.94,41914.164,-145.22406249999767
2025-03-04 09:00:00,43891.86,43805.31,86.55140625000058
2025-03-04 10:00:00,44738.08,44541.633,196.44718750000175
2025-03-04 11:00:00,44936.06,44760.906,175.15374999999767
2025-03-04 12:00:00,43667.52,43870.98,-203.4604687500032
2025-03-04 13:00:00,43917.47,43933.25,-15.779999999998836
2025-03-04 14:00:00,44187.61,44489.207,-301.5970312499994
2025-03-04 15:00:00,44060.30000000001,44089.105,-28.805468749989814
2025-03-04 16:00:00,44334.47,44772.484,-438.01437499999884
2025-03-04 17:00:00,44153.549999999996,45060.86,-907.3093750000044
2025-03-04 18:00:00,44417.950000000004,45279.34,-861.3898437499956
2025-03-04 19:00:00,43968.05,44886.902,-918.8523437499971
2025-03-04 20:00:00,44770.0,44976.95,-206.94921875
2025-03-04 21:00:00,43034.72000000001,44500.3,-1465.5807812499916
2025-03-04 22:00:00,41549.19,43210.1,-1660.9115624999977
2025-03-04 23:00:00,39839.58,40875.805,-1036.2246874999983
2025-03-05 00:00:00,37602.25,38732.87,-1130.62109375
2025-03-05 01:00:00,35928.2,36646.406,-718.2062500000029
2025-03-05 02:00:00,34845.66999999999,35437.363,-591.693281250009
2025-03-05 03:00:00,34468.42,33759.4,709.0215624999983
2025-03-05 04:00:00,35347.52,34115.086,1232.4340624999968
2025-03-05 05:00:00,36006.23,34345.734,1660.4956250000032
2025-03-05 06:00:00,35823.48,33960.4,1863.0815625000032
2025-03-05 07:00:00,36566.41000000001,35710.19,856.2185937500108
2025-03-05 08:00:00,41199.38,41817.92,-618.5418750000026
2025-03-05 09:00:00,42953.96,43310.25,-356.2900000000009
2025-03-05 10:00:00,43200.57,43919.3,-718.7307812500003
2025-03-05 11:00:00,42182.67999999999,44156.625,-1973.945000000007
2025-03-05 12:00:00,42252.90000000001,43308.355,-1055.4554687499913
2025-03-05 13:00:00,42420.93,43388.2,-967.2692187499997
2025-03-05 14:00:00,42696.63,43833.83,-1137.1981250000026
2025-03-05 15:00:00,42497.98000000001,43651.45,-1153.4692187499895
2025-03-05 16:00:00,42557.5,44717.664,-2160.1640625
2025-03-05 17:00:00,42914.73,44905.707,-1990.9770312499968
2025-03-05 18:00:00,43551.65,45048.695,-1497.0453124999985
2025-03-05 19:00:00,43245.05,45221.668,-1976.617968749997
2025-03-05 20:00:00,44261.58,44995.668,-734.0879687499983
2025-03-05 21:00:00,42577.600000000006,44462.79,-1885.1890624999942
2025-03-05 22:00:00,41274.08,43225.37,-1951.2910937499983
2025-03-05 23:00:00,39641.89,41008.355,-1366.4654687500006
2025-03-06 00:00:00,37679.72000000001,38941.37,-1261.6510937499916
2025-03-06 01:00:00,35852.53999999999,36743.418,-890.8779687500064
2025-03-06 02:00:00,34738.03999999999,35220.395,-482.3545312500064
2025-03-06 03:00:00,34315.259999999995,33461.37,853.8889062499948
2025-03-06 04:00:00,35255.47,34058.668,1196.8020312500012
2025-03-06 05:00:00,35865.1,34299.016,1566.0843749999985
2025-03-06 06:00:00,35701.17,33812.535,1888.6348437499983
2025-03-06 07:00:00,36368.0,36004.188,363.8125
2025-03-06 08:00:00,40720.240000000005,41704.258,-984.0178124999948
2025-03-06 09:00:00,42385.119999999995,43245.258,-860.1378125000047
2025-03-06 10:00:00,43411.97000000001,43778.64,-366.67062499999156
2025-03-06 11:00:00,43681.02999999999,44056.176,-375.14578125000844
2025-03-06 12:00:00,42150.02,42933.17,-783.1518750000032
2025-03-06 13:00:00,41837.25000000001,43344.438,-1507.1874999999927
2025-03-06 14:00:00,41945.95,43539.027,-1593.077343750003
2025-03-06 15:00:00,41587.990000000005,43567.656,-1979.6662499999948
2025-03-06 16:00:00,42191.48000000001,43907.84,-1716.3598437499895
2025-03-06 17:00:00,42265.19,44146.6,-1881.4115624999977
2025-03-06 18:00:00,42942.42,44446.895,-1504.4745312500017
2025-03-06 19:00:00,42532.55999999999,44649.066,-2116.5064062500096
2025-03-06 20:00:00,43693.11,44944.277,-1251.1673437499994
2025-03-06 21:00:00,42440.54,44378.402,-1937.8623437499991
2025-03-06 22:00:00,40929.53,43382.93,-2453.399687500001
2025-03-06 23:00:00,39070.46,40748.69,-1678.2314062500009
2025-03-07 00:00:00,37267.22,38129.99,-862.7682812499988
2025-03-07 01:00:00,35588.6,36270.305,-681.7046875000015
2025-03-07 02:00:00,34471.93000000001,34628.08,-156.14812499999243
2025-03-07 03:00:00,34232.44,33558.23,674.2095312500023
2025-03-07 04:00:00,34936.62999999999,33721.75,1214.87999999999
2025-03-07 05:00:00,35529.380000000005,33890.324,1639.0557812500047
2025-03-07 06:00:00,35287.049999999996,33461.562,1825.4874999999956
2025-03-07 07:00:00,35754.98999999999,35457.105,297.8845312499907
2025-03-07 08:00:00,39670.35,41414.336,-1743.9859375000015
2025-03-07 09:00:00,42093.51,42602.28,-508.77124999999796
2025-03-07 10:00:00,41907.72,43271.477,-1363.7565624999988
2025-03-07 11:00:00,42458.81,43545.363,-1086.5532812500023
2025-03-07 12:00:00,41229.049999999996,42561.914,-1332.8640625000044
2025-03-07 13:00:00,39531.03,42663.156,-3132.126250000001
2025-03-07 14:00:00,40933.94999999999,43262.77,-2328.81953125001
2025-03-07 15:00:00,41273.23,43053.82,-1780.5903124999968
2025-03-07 16:00:00,41633.060000000005,43598.453,-1965.393124999995
2025-03-07 17:00:00,41847.229999999996,43977.863,-2130.633281250004
2025-03-07 18:00:00,42429.29,43685.926,-1256.6357812499991
2025-03-07 19:00:00,42052.86000000001,44388.793,-2335.932968749992
2025-03-07 20:00:00,43269.08,44229.49,-960.4082812499983
2025-03-07 21:00:00,41650.31,43610.39,-1960.0806250000023
2025-03-07 22:00:00,40238.439999999995,42288.637,-2050.196718750005
2025-03-07 23:00:00,39049.27,40068.85,-1019.5815625000032
2025-03-08 00:00:00,37132.3,37634.176,-501.8757812499971
2025-03-08 01:00:00,35491.659999999996,36208.598,-716.9376562500038
2025-03-08 02:00:00,34304.64,34697.066,-392.4264062500006
2025-03-08 03:00:00,33905.52999999999,33359.207,546.3229687499916
2025-03-08 04:00:00,34476.950000000004,33833.727,643.2234375000044
2025-03-08 05:00:00,34793.2,33373.926,1419.274218749997
2025-03-08 06:00:00,33966.28999999999,32966.508,999.7821874999936
2025-03-08 07:00:00,32781.69,33277.38,-495.6889062499977
2025-03-08 08:00:00,35244.92,37930.46,-2685.5409375000017
2025-03-08 09:00:00,37049.06999999999,39902.215,-2853.1448437500076
2025-03-08 10:00:00,38437.04,41635.05,-3198.010781249999
2025-03-08 11:00:00,39358.32000000001,42484.652,-3126.332343749993
2025-03-08 12:00:00,38810.420000000006,41334.55,-2524.1307812499945
2025-03-08 13:00:00,39040.93,41268.418,-2227.4879687499997
2025-03-08 14:00:00,38793.73,41804.906,-3011.176249999997
2025-03-08 15:00:00,38185.87,41276.387,-3090.5167187499974
2025-03-08 16:00:00,38615.38,41783.992,-3168.6121875000026
2025-03-08 17:00:00,40064.20999999999,42398.117,-2333.907187500008
2025-03-08 18:00:00,41538.98999999999,42863.36,-1324.3693750000093
2025-03-08 19:00:00,40706.27,42875.125,-2168.855000000003
2025-03-08 20:00:00,41543.66,42734.73,-1191.0704687499965
2025-03-08 21:00:00,39974.31999999999,41713.387,-1739.0667187500076
2025-03-08 22:00:00,38686.08,39958.49,-1272.4082812499983
2025-03-08 23:00:00,37262.02999999999,38195.805,-933.7746875000084
2025-03-09 00:00:00,35288.13,35395.383,-107.25281250000262
2025-03-09 01:00:00,33731.28,33898.773,-167.49343750000116
2025-03-09 02:00:00,32314.239999999998,32470.979,-156.73851562500204
2025-03-09 03:00:00,31925.800000000003,31536.002,389.7980468750029
2025-03-09 04:00:00,32546.599999999995,31398.67,1147.930078124995
2025-03-09 05:00:00,32511.479999999996,30979.336,1532.144062499996
2025-03-09 06:00:00,31175.36,30148.041,1027.3189843750006
2025-03-09 07:00:00,28377.35,29506.863,-1129.5132812500015
2025-03-09 08:00:00,27967.389999999996,30400.031,-2432.641250000004
2025-03-09 09:00:00,29119.319999999996,32023.844,-2904.523750000004
2025-03-09 10:00:00,30675.7,34150.324,-3474.6242187499993
2025-03-09 11:00:00,31856.349999999995,35086.6,-3230.251562500005
2025-03-09 12:00:00,32465.11,35403.758,-2938.6478124999994
2025-03-09 13:00:00,33044.57,35827.035,-2782.4651562500003
2025-03-09 14:00:00,33096.62,36134.45,-3037.8292187499974
2025-03-09 15:00:00,33249.19000000001,35729.75,-2480.5599999999904
2025-03-09 16:00:00,34186.92,36462.797,-2275.8768750000017
2025-03-09 17:00:00,35997.92999999999,37325.035,-1327.105156250007
2025-03-09 18:00:00,38197.60999999999,38232.05,-34.440781250006694
2025-03-09 19:00:00,38175.19,39604.45,-1429.2592187499977
2025-03-09 20:00:00,39028.72000000001,39714.086,-685.3659374999916
2025-03-09 21:00:00,37689.57,38718.69,-1029.1214062500003
2025-03-09 22:00:00,36556.18,37052.312,-496.1324999999997
2025-03-09 23:00:00,35715.490000000005,35642.24,73.25171875000524
2025-03-10 00:00:00,34179.17,35291.29,-1112.1190625000017
2025-03-10 01:00:00,32391.1,32874.1,-483.00156250000146
2025-03-10 02:00:00,31316.0,31866.848,-550.84765625
2025-03-10 03:00:00,31242.609999999997,30756.701,485.90882812499694
2025-03-10 04:00:00,31987.129999999997,31289.008,698.1221874999974
2025-03-10 05:00:00,32313.289999999997,31433.906,879.3837499999972
2025-03-10 06:00:00,32228.419999999995,31065.412,1163.0078906249946
2025-03-10 07:00:00,33305.10999999999,33049.33,255.7818749999933
2025-03-10 08:00:00,38549.87,39052.355,-502.4854687499974
2025-03-10 09:00:00,41123.78,41867.137,-743.3567187500012
2025-03-10 10:00:00,41545.72,42761.023,-1215.3034374999988
2025-03-10 11:00:00,41924.81,43022.42,-1097.6118750000023
2025-03-10 12:00:00,40617.91999999999,42017.72,-1399.798750000009
2025-03-10 13:00:00,40895.89000000001,42176.797,-1280.9068749999933
2025-03-10 14:00:00,40889.67,42656.438,-1766.7675000000017
2025-03-10 15:00:00,40685.04,42395.21,-1710.1709374999991
2025-03-10 16:00:00,41159.13,42782.91,-1623.7801562500026
2025-03-10 17:00:00,41527.59,43087.625,-1560.0350000000035
2025-03-10 18:00:00,42363.30000000001,43400.418,-1037.1179687499898
2025-03-10 19:00:00,42109.46,43512.31,-1402.8485937500009
2025-03-10 20:00:00,43077.560000000005,43397.207,-319.64703124999505
2025-03-10 21:00:00,41585.56,42922.367,-1336.8071875000023
2025-03-10 22:00:00,40356.75,41689.184,-1332.43359375
2025-03-10 23:00:00,38876.34,39390.676,-514.3357812500035
2025-03-11 00:00:00,36813.00000000001,37332.637,-519.6367187499927
2025-03-11 01:00:00,35031.68,34849.168,182.5120312500003
2025-03-11 02:00:00,33984.55,34336.387,-351.8367187499971
2025-03-11 03:00:00,33634.63,32875.54,759.0909374999974
2025-03-11 04:00:00,34309.08,33571.594,737.4862500000017
2025-03-11 05:00:00,34822.71,33666.953,1155.7568749999991
2025-03-11 06:00:00,34503.28999999999,33081.484,1421.8056249999936
2025-03-11 07:00:00,34875.80999999999,34244.316,631.4935937499904
2025-03-11 08:00:00,39045.19,39796.188,-750.9974999999977
2025-03-11 09:00:00,40429.26,41971.516,-1542.255624999998
2025-03-11 10:00:00,40978.38,42581.555,-1603.1746875000026
2025-03-11 11:00:00,41332.69999999999,42731.16,-1398.4601562500102
2025-03-11 12:00:00,39990.66,41966.31,-1975.6485937499965
2025-03-11 13:00:00,40128.46000000001,42140.07,-2011.6103124999936
2025-03-11 14:00:00,40540.15,42802.11,-2261.9593749999985
2025-03-11 15:00:00,40419.99,42397.64,-1977.650625000002
2025-03-11 16:00:00,40906.11,42876.16,-1970.0501562499994
2025-03-11 17:00:00,41279.36000000001,42978.996,-1699.6360937499921
2025-03-11 18:00:00,42368.78,43518.152,-1149.3723437500012
2025-03-11 19:00:00,41836.76,43324.01,-1487.251718749998
2025-03-11 20:00:00,42723.02,43514.516,-791.4956250000032
2025-03-11 21:00:00,41271.66,43089.203,-1817.5431249999965
2025-03-11 22:00:00,39976.54,41914.3,-1937.7607812499991
2025-03-11 23:00:00,38634.329999999994,39658.406,-1024.0762500000055
2025-03-12 00:00:00,36749.26,37201.277,-452.01734374999796
2025-03-12 01:00:00,34936.34,35139.348,-203.0076562500035
2025-03-12 02:00:00,33758.91,34054.99,-296.0782812499965
2025-03-12 03:00:00,33690.22,32495.486,1194.7336718750012
2025-03-12 04:00:00,34290.090000000004,33044.984,1245.1056250000038
2025-03-12 05:00:00,34612.6,33097.656,1514.9437499999985
2025-03-12 06:00:00,34269.8,32571.262,1698.538281250003
2025-03-12 07:00:00,34474.829999999994,34017.277,457.55265624999447
2025-03-12 08:00:00,38591.08999999999,39848.336,-1257.2459375000108
2025-03-12 09:00:00,40170.93,41625.848,-1454.9176562499997
2025-03-12 10:00:00,40391.81,42533.656,-2141.8462500000023
2025-03-12 11:00:00,40925.33,42808.062,-1882.7324999999983
2025-03-12 12:00:00,39622.72,41848.727,-2226.006562499999
2025-03-12 13:00:00,39592.56,42151.27,-2558.7095312500023
2025-03-12 14:00:00,39658.32,42784.14,-3125.8206250000003
2025-03-12 15:00:00,39848.49,42403.37,-2554.881093750002
2025-03-12 16:00:00,40906.04,42946.3,-2040.2607812499991
2025-03-12 17:00:00,41141.98,43078.973,-1936.9926562499968
2025-03-12 18:00:00,41928.27999999999,43289.57,-1361.2903125000084
2025-03-12 19:00:00,41264.76,43263.957,-1999.197031249998
2025-03-12 20:00:00,42359.73999999999,43302.03,-942.2912500000093
2025-03-12 21:00:00,41008.28999999999,42865.14,-1856.8506250000064
2025-03-12 22:00:00,40000.03,41682.36,-1682.3293750000012
2025-03-12 23:00:00,38481.49,39442.926,-961.435781250002
2025-03-13 00:00:00,36551.02,37200.402,-649.3823437500032
2025-03-13 01:00:00,34857.420000000006,35118.348,-260.92765624999447
2025-03-13 02:00:00,33781.29,33791.207,-9.917031249999127
2025-03-13 03:00:00,33403.48,32433.836,969.6440625000032
2025-03-13 04:00:00,34074.079999999994,32968.914,1105.1659374999945
2025-03-13 05:00:00,34235.17,32990.64,1244.5293749999983
2025-03-13 06:00:00,33852.62,32522.03,1330.5907031250026
2025-03-13 07:00:00,33894.99,34330.26,-435.27171875000204
2025-03-13 08:00:00,37450.37,40093.285,-2642.9151562499974
2025-03-13 09:00:00,39073.25,41827.06,-2753.80859375
2025-03-13 10:00:00,39778.170000000006,42543.21,-2765.0409374999945
2025-03-13 11:00:00,40438.920000000006,42950.06,-2511.1385937499945
2025-03-13 12:00:00,39084.18000000001,42249.875,-3165.6949999999924
2025-03-13 13:00:00,39389.97000000001,42349.445,-2959.4753124999916
2025-03-13 14:00:00,40050.24,42811.34,-2761.099843750002
2025-03-13 15:00:00,39981.200000000004,42535.344,-2554.1437499999956
2025-03-13 16:00:00,40965.05,42931.125,-1966.074999999997
2025-03-13 17:00:00,41276.63,43057.598,-1780.9676562500026
2025-03-13 18:00:00,41747.98,43347.64,-1599.6606249999968
2025-03-13 19:00:00,40919.55000000001,42937.156,-2017.6062499999898
2025-03-13 20:00:00,41941.94999999999,43351.65,-1409.6984375000102
2025-03-13 21:00:00,40610.23,42894.08,-2283.848124999997
2025-03-13 22:00:00,39532.87000000001,41668.785,-2135.91515624999
2025-03-13 23:00:00,38231.74,39254.676,-1022.935781250002
2025-03-14 00:00:00,36541.57000000001,36923.414,-381.844062499993
2025-03-14 01:00:00,34819.37,34815.297,4.073125000002619
2025-03-14 02:00:00,33658.59999999999,33640.457,18.14296874999127
2025-03-14 03:00:00,33149.43,32667.502,481.9280468750003
2025-03-14 04:00:00,33665.8,32750.55,915.2492187500029
2025-03-14 05:00:00,33788.06,32845.184,942.8764062499977
2025-03-14 06:00:00,33305.149999999994,32386.197,918.9527343749942
2025-03-14 07:00:00,33469.39,34039.098,-569.7076562500006
2025-03-14 08:00:00,37414.19000000001,39512.14,-2097.9506249999904
2025-03-14 09:00:00,38791.94999999999,41188.957,-2397.00703125001
2025-03-14 10:00:00,39008.59,41929.65,-2921.0584375000035
2025-03-14 11:00:00,39362.829999999994,42284.27,-2921.4395312500055
2025-03-14 12:00:00,37949.29,41291.547,-3342.256874999999
2025-03-14 13:00:00,36466.52,41642.695,-5176.175312500003
2025-03-14 14:00:00,38642.049999999996,42433.164,-3791.1140625000044
2025-03-14 15:00:00,38761.06999999999,42161.895,-3400.8245312500076
2025-03-14 16:00:00,39785.8,42573.11,-2787.309374999997
2025-03-14 17:00:00,40363.02,42754.055,-2391.034687500003
2025-03-14 18:00:00,41157.37,43029.98,-1872.6104687499974
2025-03-14 19:00:00,40425.29,42923.695,-2498.405312499999
2025-03-14 20:00:00,41354.72,42785.39,-1430.6706249999988
2025-03-14 21:00:00,40208.85,42281.06,-2072.2085937500015
2025-03-14 22:00:00,38912.61,40737.406,-1824.7962499999994
2025-03-14 23:00:00,37774.45999999999,38686.305,-911.8446875000081
2025-03-15 00:00:00,36120.99999999999,36040.633,80.36718749999272
2025-03-15 01:00:00,34502.24,34549.633,-47.39281250000204
2025-03-15 02:00:00,33413.21,33386.07,27.139687499999127
2025-03-15 03:00:00,32977.28,32137.09,840.1901562499988
2025-03-15 04:00:00,33275.58000000001,32614.041,661.538984375009
2025-03-15 05:00:00,33314.5,32287.822,1026.677734375
2025-03-15 06:00:00,32119.02,31866.71,252.30906250000044
2025-03-15 07:00:00,30823.930000000004,31780.826,-956.8961718749961
2025-03-15 08:00:00,33089.89,36220.426,-3130.5357812500006
2025-03-15 09:00:00,34897.38,38124.664,-3227.2840625000026
2025-03-15 10:00:00,36280.41999999999,39810.254,-3529.833906250009
2025-03-15 11:00:00,37213.06,40614.2,-3401.1392187500023
2025-03-15 12:00:00,36749.030000000006,39675.78,-2926.751249999994
2025-03-15 13:00:00,36984.17,40034.027,-3049.8573437500017
2025-03-15 14:00:00,36837.840000000004,40665.25,-3827.409999999996
2025-03-15 15:00:00,36866.36,40000.324,-3133.9642187499994
2025-03-15 16:00:00,37354.39,40330.797,-2976.4068750000006
2025-03-15 17:00:00,38828.87,40802.25,-1973.3799999999974
2025-03-15 18:00:00,40191.35999999999,41115.76,-924.4017187500067
2025-03-15 19:00:00,39158.96,40926.32,-1767.3603125000009
2025-03-15 20:00:00,39908.09,40997.656,-1089.5662500000035
2025-03-15 21:00:00,38449.200000000004,40110.312,-1661.1124999999956
2025-03-15 22:00:00,37265.58999999999,38489.938,-1224.3475000000108
2025-03-15 23:00:00,36000.47,36757.836,-757.3659374999988
2025-03-16 00:00:00,34165.1,34142.375,22.724999999998545
2025-03-16 01:00:00,32629.719999999998,32846.22,-216.49875000000247
2025-03-16 02:00:00,31469.840000000004,31445.35,24.490390625003783
2025-03-16 03:00:00,31097.559999999998,30586.982,510.5775781249977
2025-03-16 04:00:00,31268.540000000005,30441.969,826.5712500000045
2025-03-16 05:00:00,30995.67,30124.777,870.8926562499983
2025-03-16 06:00:00,29471.73,29195.34,276.39015624999956
2025-03-16 07:00:00,27049.390000000003,28121.027,-1071.637343749997
2025-03-16 08:00:00,26717.87,28771.744,-2053.874140625001
2025-03-16 09:00:00,27858.76,30592.25,-2733.4900000000016
2025-03-16 10:00:00,29560.029999999995,32625.865,-3065.835234375005
2025-03-16 11:00:00,31070.87,33462.938,-2392.067500000001
2025-03-16 12:00:00,31474.799999999996,33894.656,-2419.8562500000044
2025-03-16 13:00:00,31978.74,34506.164,-2527.4240624999984
2025-03-16 14:00:00,31933.31,34978.137,-3044.8267187499987
2025-03-16 15:00:00,32286.94,34551.27,-2264.3295312500013
2025-03-16 16:00:00,32936.63,35285.016,-2348.3856250000026
2025-03-16 17:00:00,34749.23,36085.523,-1336.2934374999968
2025-03-16 18:00:00,36378.28,37014.746,-636.4660937500012
2025-03-16 19:00:00,35821.62,37744.65,-1923.0284374999974
2025-03-16 20:00:00,36348.33999999999,38124.184,-1775.8435937500108
2025-03-16 21:00:00,35401.05000000001,37097.207,-1696.1570312499898
2025-03-16 22:00:00,34452.11000000001,35684.1,-1231.9915624999921
2025-03-16 23:00:00,33758.85,34201.04,-442.18906250000146
2025-03-17 00:00:00,32689.230000000003,33990.836,-1301.6059374999968
2025-03-17 01:00:00,31004.82,31796.904,-792.0842968750003
2025-03-17 02:00:00,30095.94,30856.598,-760.6576562500013
2025-03-17 03:00:00,30023.85,29755.123,268.72695312499854
2025-03-17 04:00:00,30548.979999999996,30317.39,231.58937499999593
2025-03-17 05:00:00,30628.069999999996,30300.08,327.98992187499607
2025-03-17 06:00:00,30077.33,29815.613,261.71671875000175
2025-03-17 07:00:00,30915.959999999995,31538.5,-622.5400000000045
2025-03-17 08:00:00,35733.67,37169.97,-1436.2987500000017
2025-03-17 09:00:00,38176.49,39991.633,-1815.142812500002
2025-03-17 10:00:00,39521.73000000001,40946.156,-1424.4262499999895
2025-03-17 11:00:00,40088.979999999996,41219.465,-1130.484843750004
2025-03-17 12:00:00,39112.43,40556.246,-1443.8160937499997
2025-03-17 13:00:00,39656.0,40732.133,-1076.1328125
2025-03-17 14:00:00,40298.469999999994,41193.094,-894.6237500000061
2025-03-17 15:00:00,40614.33,40985.02,-370.68953124999825
2025-03-17 16:00:00,40621.81,41373.133,-751.3228125000023
2025-03-17 17:00:00,40939.93,41449.426,-509.4957812499997
2025-03-17 18:00:00,41362.78,41760.535,-397.75515625000116
2025-03-17 19:00:00,40481.89,41968.81,-1486.9185937500006
2025-03-17 20:00:00,41527.43,41787.074,-259.6442187499997
2025-03-17 21:00:00,40514.21000000001,41437.63,-923.4189062499936
2025-03-17 22:00:00,39088.07,40207.8,-1119.7307812500003
2025-03-17 23:00:00,37471.57,37899.63,-428.0589062500003
2025-03-18 00:00:00,35911.780000000006,37535.0,-1623.219999999994
2025-03-18 01:00:00,34318.6,34834.594,-515.9937500000015
2025-03-18 02:00:00,33278.12,34421.4,-1143.2784374999974
2025-03-18 03:00:00,32893.87,32819.582,74.28796875000262
2025-03-18 04:00:00,33397.15,33436.05,-38.900781249998545
2025-03-18 05:00:00,33499.64000000001,33628.668,-129.0279687499933
2025-03-18 06:00:00,32864.47000000001,33087.547,-223.07687499999156
2025-03-18 07:00:00,33505.74,34685.402,-1179.662343750002
2025-03-18 08:00:00,38268.41999999999,40238.203,-1969.783125000009
2025-03-18 09:00:00,40571.89,42154.445,-1582.5553125000006
2025-03-18 10:00:00,41419.740000000005,42910.69,-1490.9514062499948
2025-03-18 11:00:00,41890.479999999996,43018.133,-1127.652812500004
2025-03-18 12:00:00,41047.23,42237.188,-1189.9574999999968
2025-03-18 13:00:00,41804.12,42467.54,-663.4190624999974
2025-03-18 14:00:00,42669.6,42835.875,-166.27500000000146
2025-03-18 15:00:00,42574.4,43089.71,-515.3109374999985
2025-03-18 16:00:00,43110.83999999999,43423.125,-312.28500000001077
2025-03-18 17:00:00,42865.98,42754.832,111.1479687500032
2025-03-18 18:00:00,44169.34999999999,43527.758,641.5921874999913
2025-03-18 19:00:00,43186.93,43844.555,-657.6246874999997
2025-03-18 20:00:00,43505.740000000005,43863.09,-357.34984374999476
2025-03-18 21:00:00,42104.880000000005,43196.582,-1091.7020312499953
2025-03-18 22:00:00,40535.38,42095.297,-1559.9168750000026
2025-03-18 23:00:00,38905.65,39866.008,-960.3578124999985
2025-03-19 00:00:00,37067.27,38606.445,-1539.1753125000032
2025-03-19 01:00:00,35516.39000000001,36552.836,-1036.4459374999933
2025-03-19 02:00:00,34388.65,35497.598,-1108.9476562499985
2025-03-19 03:00:00,34136.62,33790.543,346.0770312500026
2025-03-19 04:00:00,34586.78999999999,34343.83,242.9618749999936
2025-03-19 05:00:00,34644.25,34583.71,60.5390625
2025-03-19 06:00:00,33860.67,34237.805,-377.13468750000175
2025-03-19 07:00:00,34473.59,35930.043,-1456.4529687500035
2025-03-19 08:00:00,39763.81,41747.76,-1983.9517187500023
2025-03-19 09:00:00,42668.38,43430.977,-762.5965625000026
2025-03-19 10:00:00,43678.299999999996,44478.83,-800.5281250000044
2025-03-19 11:00:00,44678.619999999995,44562.477,116.14343749999534
2025-03-19 12:00:00,43830.72,43594.637,236.08328125000116
2025-03-19 13:00:00,44109.1,44047.418,61.682031249998545
2025-03-19 14:00:00,44936.52,44595.863,340.6567187499968
2025-03-19 15:00:00,44751.62000000001,44375.375,376.2450000000099
2025-03-19 16:00:00,45179.7,44790.855,388.8445312499971
2025-03-19 17:00:00,44618.83,44981.758,-362.92781249999825
2025-03-19 18:00:00,45040.4,45338.11,-297.70937499999854
2025-03-19 19:00:00,44042.29000000001,45072.14,-1029.8506249999919
2025-03-19 20:00:00,45374.38,45116.234,258.1456249999974
2025-03-19 21:00:00,44045.67,44374.746,-329.07609375000175
2025-03-19 22:00:00,42503.61,43222.0,-718.3899999999994
2025-03-19 23:00:00,40774.39,40864.637,-90.24671875000058
2025-03-20 00:00:00,38558.259999999995,38803.555,-245.29468750000524
2025-03-20 01:00:00,36945.27,36677.812,267.4574999999968
2025-03-20 02:00:00,35943.97,35446.812,497.15750000000116
2025-03-20 03:00:00,35604.56999999999,33812.203,1792.3668749999924
2025-03-20 04:00:00,35993.58,34341.633,1651.9471875000017
2025-03-20 05:00:00,36309.33999999999,34592.277,1717.0626562499892
2025-03-20 06:00:00,35187.78,34315.605,872.1745312499988
2025-03-20 07:00:00,35966.16,36397.793,-431.6329687499965
2025-03-20 08:00:00,41222.24,42056.45,-834.209218750002
2025-03-20 09:00:00,44036.53,43708.38,328.15109374999884
2025-03-20 10:00:00,45494.13,44610.82,883.3096874999974
2025-03-20 11:00:00,46670.82,44851.8,1819.0192187499997
2025-03-20 12:00:00,45860.76,44200.188,1660.572500000002
2025-03-20 13:00:00,45959.12999999999,44253.312,1705.81749999999
2025-03-20 14:00:00,46224.54,44876.45,1348.0907812500009
2025-03-20 15:00:00,46374.43000000001,44658.797,1715.6331250000076
2025-03-20 16:00:00,46747.28,44702.414,2044.8659374999988
2025-03-20 17:00:00,46196.37000000001,45138.23,1058.13953125001
2025-03-20 18:00:00,46281.74,45353.375,928.364999999998
2025-03-20 19:00:00,45633.53,45106.64,526.8893749999988
2025-03-20 20:00:00,46862.14,45153.547,1708.5931249999994
2025-03-20 21:00:00,45327.42,44663.793,663.6270312499983
2025-03-20 22:00:00,43624.670000000006,43503.785,120.88484375000553
2025-03-20 23:00:00,41889.47,40875.625,1013.8450000000012
2025-03-21 00:00:00,39494.399999999994,38895.19,599.2085937499942
2025-03-21 01:00:00,37600.07,36572.004,1028.0660937499997
2025-03-21 02:00:00,36360.34,35327.06,1033.2814062499965
2025-03-21 03:00:00,36000.47,34323.363,1677.1067187500012
2025-03-21 04:00:00,36618.87,34373.44,2245.4285937500026
2025-03-21 05:00:00,36668.65000000001,34549.266,2119.3843750000087
2025-03-21 06:00:00,35544.33,34138.473,1405.8573437500017
2025-03-21 07:00:00,36247.58,36113.06,134.52140625000175
2025-03-21 08:00:00,40727.29,41764.836,-1037.5459374999991
2025-03-21 09:00:00,42953.74,43585.773,-632.033437500002
2025-03-21 10:00:00,44099.64000000001,44492.293,-392.6529687499933
2025-03-21 11:00:00,45279.53,44815.64,463.88937499999884
2025-03-21 12:00:00,44119.15,43967.082,152.06796875000146
2025-03-21 13:00:00,43051.84,43954.22,-902.3787500000035
2025-03-21 14:00:00,44415.54000000001,44605.723,-190.18265624999185
2025-03-21 15:00:00,44860.54000000001,44323.04,537.5009375000081
2025-03-21 16:00:00,45234.84,44810.44,424.3985937499965
2025-03-21 17:00:00,44565.73999999999,44911.574,-345.8342187500093
2025-03-21 18:00:00,44964.0,45207.406,-243.40625
2025-03-21 19:00:00,44543.6,44985.414,-441.81406250000146
2025-03-21 20:00:00,45829.15,44984.977,844.1734375000015
2025-03-21 21:00:00,44383.14,44312.074,71.06578124999942
2025-03-21 22:00:00,42835.509999999995,42885.996,-50.48609375000524
2025-03-21 23:00:00,41355.47000000001,40670.79,684.6809375000084
2025-03-22 00:00:00,39186.95,38131.906,1055.043749999997
2025-03-22 01:00:00,37356.6,36602.387,754.2132812499985
2025-03-22 02:00:00,35852.66,35360.223,492.4373437500035
2025-03-22 03:00:00,35559.44,33700.574,1858.8657812500023
2025-03-22 04:00:00,36194.35,34260.875,1933.4749999999985
2025-03-22 05:00:00,36065.59,33997.414,2068.1759374999965
2025-03-22 06:00:00,34582.19000000001,33607.977,974.2134375000096
2025-03-22 07:00:00,33571.04,33580.496,-9.456093749999127
2025-03-22 08:00:00,36141.80000000001,38285.316,-2143.51640624999
2025-03-22 09:00:00,38291.59,39946.4,-1654.8084375000035
2025-03-22 10:00:00,39773.619999999995,41746.703,-1973.0831250000047
2025-03-22 11:00:00,40897.22,42642.105,-1744.8854687499988
2025-03-22 12:00:00,40591.84,41414.406,-822.5662500000035
2025-03-22 13:00:00,40511.09999999999,41753.02,-1241.9195312500087
2025-03-22 14:00:00,40208.78999999999,42385.938,-2177.1475000000064
2025-03-22 15:00:00,39527.07,40936.695,-1409.6253125000003
2025-03-22 16:00:00,39657.44999999999,42400.098,-2742.64765625001
2025-03-22 17:00:00,40866.70999999999,42882.56,-2015.8485937500081
2025-03-22 18:00:00,43350.5,43428.504,-78.00390625
2025-03-22 19:00:00,43100.61,43360.42,-259.8118749999994
2025-03-22 20:00:00,44221.43,43251.926,969.5042187500003
2025-03-22 21:00:00,42546.39,42407.77,138.62046874999942
2025-03-22 22:00:00,40996.51,40604.395,392.11546875000204
2025-03-22 23:00:00,39337.090000000004,38635.496,701.5939062500038
2025-03-23 00:00:00,37549.54,35191.81,2357.731406250001
2025-03-23 01:00:00,35750.61,33991.05,1759.5592187500006
2025-03-23 02:00:00,34348.65,32734.1,1614.5503906250015
2025-03-23 03:00:00,33567.280000000006,31911.268,1656.012421875006
2025-03-23 04:00:00,34487.08000000001,31749.258,2737.822187500009
2025-03-23 05:00:00,33971.95,31359.482,2612.467578124997
2025-03-23 06:00:00,31822.88,30221.37,1601.510859375001
2025-03-23 07:00:00,29500.63,28871.338,629.292109375001
2025-03-23 08:00:00,29386.07,29415.951,-29.88117187500029
2025-03-23 09:00:00,30549.680000000004,31253.148,-703.4684374999961
2025-03-23 10:00:00,32328.76,33395.227,-1066.4665625000016
2025-03-23 11:00:00,33765.35,34127.15,-361.79843750000146
2025-03-23 12:00:00,34184.15,34270.77,-86.61953124999854
2025-03-23 13:00:00,34228.85,34743.75,-514.9000000000015
2025-03-23 14:00:00,34314.61,34508.035,-193.42515624999942
2025-03-23 15:00:00,34490.57,35133.246,-642.6760937500003
2025-03-23 16:00:00,35196.17,36133.47,-937.2987500000017
2025-03-23 17:00:00,37196.62,36976.14,220.47937500000262
2025-03-23 18:00:00,39825.55000000001,38065.07,1760.4796875000102
2025-03-23 19:00:00,39979.67,39207.62,772.0489062499983
2025-03-23 20:00:00,40896.57,39197.58,1698.9918749999997
2025-03-23 21:00:00,39676.48,38435.668,1240.8120312500032
2025-03-23 22:00:00,38380.31,36690.1,1690.2084374999977
2025-03-23 23:00:00,37257.63,35259.344,1998.2862499999974
2025-03-24 00:00:00,35711.60999999999,34145.77,1565.8404687499933
2025-03-24 01:00:00,33893.48,32186.176,1707.3042187500032
2025-03-24 02:00:00,32663.77,31342.766,1321.0043750000004
2025-03-24 03:00:00,32384.12,30204.064,2180.055546874999
2025-03-24 04:00:00,33181.44,30756.861,2424.5786718750023
2025-03-24 05:00:00,32878.03,30787.092,2090.938203124999
2025-03-24 06:00:00,31810.310000000005,30184.295,1626.015078125005
2025-03-24 07:00:00,32940.70999999999,31599.592,1341.1182031249919
2025-03-24 08:00:00,38778.68,37425.387,1353.2932812500003
2025-03-24 09:00:00,42135.58,39917.504,2218.0760937500017
2025-03-24 10:00:00,43435.33,40893.418,2541.9120312500017
2025-03-24 11:00:00,43774.02,41109.098,2664.922343749997
2025-03-24 12:00:00,42478.29,40313.066,2165.223593750001
2025-03-24 13:00:00,42809.97,40308.992,2500.977812500001
2025-03-24 14:00:00,43737.49,40977.254,2760.236093749998
2025-03-24 15:00:00,43525.12,40719.29,2805.8309375000026
2025-03-24 16:00:00,43559.92999999999,41089.6,2470.328437499993
2025-03-24 17:00:00,43578.41,41235.703,2342.7068750000035
2025-03-24 18:00:00,44361.450000000004,41539.605,2821.8445312500044
2025-03-24 19:00:00,43646.13,41637.293,2008.8370312499974
2025-03-24 20:00:00,44615.0,41586.977,3028.0234375
2025-03-24 21:00:00,42572.36,41110.223,1462.1373437500006
2025-03-24 22:00:00,41522.04000000001,39950.133,1571.9071875000081
2025-03-24 23:00:00,39943.09,37682.902,2260.1876562499965
2025-03-25 00:00:00,37844.17,36207.832,1636.3379687499983
2025-03-25 01:00:00,35946.24,33541.4,2404.841562499998
2025-03-25 02:00:00,34662.12999999999,33255.27,1406.86046874999
2025-03-25 03:00:00,34421.62,32335.855,2085.7645312500026
2025-03-25 04:00:00,34910.49,32973.465,1937.025156249998
2025-03-25 05:00:00,34731.159999999996,33067.977,1663.1834374999962
2025-03-25 06:00:00,33586.01,32274.531,1311.478750000002
2025-03-25 07:00:00,34022.21000000001,33092.895,929.3154687500064
2025-03-25 08:00:00,39041.5,38369.824,671.67578125
2025-03-25 09:00:00,41212.6,40161.71,1050.8890624999985
2025-03-25 10:00:00,41566.61,41049.645,516.9654687500006
2025-03-25 11:00:00,42323.59,41514.25,809.3399999999965
2025-03-25 12:00:00,41114.45,40729.652,384.7976562499971
2025-03-25 13:00:00,41377.259999999995,40877.508,499.75218749999476
2025-03-25 14:00:00,41399.58999999999,41474.15,-74.55843750001077
2025-03-25 15:00:00,41095.97,41403.625,-307.65499999999884
2025-03-25 16:00:00,41602.81,41711.953,-109.14312500000233
2025-03-25 17:00:00,42332.11,41683.7,648.4107812500006
2025-03-25 18:00:00,43284.89000000001,41914.984,1369.9056250000067
2025-03-25 19:00:00,42754.840000000004,41844.312,910.5275000000038
2025-03-25 20:00:00,43568.759999999995,41878.61,1690.1506249999948
2025-03-25 21:00:00,42403.07,41433.25,969.8199999999997
2025-03-25 22:00:00,41012.89,40388.984,623.9056249999994
2025-03-25 23:00:00,39578.36000000001,38079.523,1498.8365625000079
2025-03-26 00:00:00,37501.39,36560.445,940.9446874999994
2025-03-26 01:00:00,35556.9,34329.266,1227.6343750000015
2025-03-26 02:00:00,34312.21,33485.793,826.4170312499991
2025-03-26 03:00:00,33998.899999999994,32506.605,1492.2945312499942
2025-03-26 04:00:00,34536.37,33062.473,1473.8973437500026
2025-03-26 05:00:00,34375.1,33140.875,1234.2249999999985
2025-03-26 06:00:00,33164.44,32424.004,740.4360937500023
2025-03-26 07:00:00,33824.41999999999,33207.76,616.658281249991
2025-03-26 08:00:00,38915.82,38637.027,278.7926562499997
2025-03-26 09:00:00,41400.77,40343.08,1057.6918749999968
2025-03-26 10:00:00,42270.63,41197.477,1073.1534374999974
2025-03-26 11:00:00,42486.18,41337.387,1148.7932812500003
2025-03-26 12:00:00,41152.98,40600.965,552.0151562500032
2025-03-26 13:00:00,41546.380000000005,40767.773,778.6065625000047
2025-03-26 14:00:00,41281.80999999999,41458.684,-176.8735937500096
2025-03-26 15:00:00,41321.13,41120.13,201.00109374999738
2025-03-26 16:00:00,41749.83,41504.703,245.12687500000175
2025-03-26 17:00:00,41738.21,41647.55,90.65921874999913
2025-03-26 18:00:00,42296.47,41869.46,427.00906250000116
2025-03-26 19:00:00,41825.7,41882.32,-56.62031250000291
2025-03-26 20:00:00,42602.73999999999,42025.355,577.3845312499907
2025-03-26 21:00:00,41372.759999999995,41489.566,-116.80640625000524
2025-03-26 22:00:00,40207.4,40423.723,-216.32265624999854
2025-03-26 23:00:00,38926.72,38049.13,877.5910937500012
2025-03-27 00:00:00,37131.56,36697.062,434.4974999999977
2025-03-27 01:00:00,35405.94999999999,34493.727,912.2234374999898
2025-03-27 02:00:00,33996.02,33405.023,590.9965624999968
2025-03-27 03:00:00,33815.77,32560.34,1255.4301562499968
2025-03-27 04:00:00,34063.3,33070.457,992.8429687500029
2025-03-27 05:00:00,33967.01,33082.758,884.252187500002
2025-03-27 06:00:00,32680.65,32362.13,318.51914062500146
2025-03-27 07:00:00,33192.27,33425.008,-232.7378125000032
2025-03-27 08:00:00,37113.65,38745.75,-1632.0999999999985
2025-03-27 09:00:00,39204.2,40569.863,-1365.663281250003
2025-03-27 10:00:00,39351.17,41240.824,-1889.6542187500017
2025-03-27 11:00:00,40997.6,41415.227,-417.62656250000146
2025-03-27 12:00:00,39751.02,40690.12,-939.1010937500032
2025-03-27 13:00:00,40058.26,40851.797,-793.536874999998
2025-03-27 14:00:00,40353.48,41613.168,-1259.6879687499968
2025-03-27 15:00:00,40221.41,41264.36,-1042.9493749999965
2025-03-27 16:00:00,40900.85,41433.1,-532.2515625000015
2025-03-27 17:00:00,40785.350000000006,41644.76,-859.4117187499942
2025-03-27 18:00:00,41781.96,41694.43,87.53031249999913
2025-03-27 19:00:00,41292.780000000006,41866.652,-573.8723437499939
2025-03-27 20:00:00,42332.37,42032.246,300.1239062500026
2025-03-27 21:00:00,41262.48999999999,41400.77,-138.2795312500093
2025-03-27 22:00:00,40162.53,40370.832,-208.30203125000116
2025-03-27 23:00:00,38725.5,38117.07,608.4296875
2025-03-28 00:00:00,36827.18,36452.566,374.6135937500003
2025-03-28 01:00:00,35006.77,34340.31,666.4614062499968
2025-03-28 02:00:00,33634.78,33178.508,456.27218749999884
2025-03-28 03:00:00,33210.07000000001,32512.389,697.681328125007
2025-03-28 04:00:00,33372.41000000001,32936.695,435.71468750001077
2025-03-28 05:00:00,33180.16,32969.258,210.9021875000035
2025-03-28 06:00:00,31739.180000000004,32247.07,-507.89031249999607
2025-03-28 07:00:00,32362.370000000003,33417.168,-1054.7979687499974
2025-03-28 08:00:00,36602.5,38735.7,-2133.19921875
2025-03-28 09:00:00,39239.07,39946.844,-707.7737500000003
2025-03-28 10:00:00,39557.52,40792.855,-1235.3354687500032
2025-03-28 11:00:00,40795.21,41094.867,-299.6571875000009
2025-03-28 12:00:00,39584.52,40374.6,-790.0815625000032
2025-03-28 13:00:00,38516.64,40465.715,-1949.0748437500006
2025-03-28 14:00:00,39479.31999999999,41482.816,-2003.4964062500076
2025-03-28 15:00:00,39348.91,41216.44,-1867.5314062499965
2025-03-28 16:00:00,39381.009999999995,41540.03,-2159.0212500000052
2025-03-28 17:00:00,39602.06,41735.793,-2133.7329687500023
2025-03-28 18:00:00,40427.47,42070.594,-1643.1237499999988
2025-03-28 19:00:00,39650.23,41805.668,-2155.437968749997
2025-03-28 20:00:00,40445.48000000001,41923.836,-1478.3559374999895
2025-03-28 21:00:00,39417.19000000001,41156.83,-1739.6381249999904
2025-03-28 22:00:00,38366.79000000001,39997.004,-1630.2139062499919
2025-03-28 23:00:00,36377.17999999999,38000.195,-1623.015312500007
2025-03-29 00:00:00,34520.43000000001,31877.314,2643.1155468750076
2025-03-29 01:00:00,32579.11,30455.234,2123.8756250000006
2025-03-29 02:00:00,30822.059999999998,29447.086,1374.9740624999977
2025-03-29 03:00:00,30319.76,28352.648,1967.1115624999984
2025-03-29 04:00:00,30250.56,28956.238,1294.3217187500013
2025-03-29 05:00:00,29440.939999999995,28698.912,742.027890624995
2025-03-29 06:00:00,26894.479999999996,27029.148,-134.66843750000407
2025-03-29 07:00:00,25146.610000000004,26418.184,-1271.5735937499958
2025-03-29 08:00:00,26073.120000000003,30513.436,-4440.315546874997
2025-03-29 09:00:00,28133.1,32175.998,-4042.8980468750015
2025-03-29 10:00:00,29759.28,34171.86,-4412.579375000001
2025-03-29 11:00:00,30826.520000000004,35164.727,-4338.206562499996
2025-03-29 12:00:00,30819.65,33817.21,-2997.5609374999985
2025-03-29 13:00:00,30897.180000000004,34011.047,-3113.866874999996
2025-03-29 14:00:00,30718.459999999995,34834.81,-4116.3485937500045
2025-03-29 15:00:00,29999.819999999996,34361.875,-4362.055000000004
2025-03-29 16:00:00,30365.829999999998,34771.152,-4405.322343750002
2025-03-29 17:00:00,31375.12,35446.008,-4070.887812500001
2025-03-29 18:00:00,33343.93,36055.523,-2711.5934374999997
2025-03-29 19:00:00,33541.62000000001,36855.56,-3313.93859374999
2025-03-29 20:00:00,34410.16,36916.426,-2506.2657812499965
2025-03-29 21:00:00,33628.57000000001,36130.68,-2502.109687499993
2025-03-29 22:00:00,32691.23,34053.195,-1361.9653125000004
2025-03-29 23:00:00,31464.01,32479.574,-1015.5642187500016
2025-03-30 00:00:00,29785.550000000003,27507.703,2277.846875000003
2025-03-30 01:00:00,27331.990000000005,26738.004,593.9860937500052
2025-03-30 02:00:00,25399.16,26110.268,-711.1075781250001
2025-03-30 03:00:00,23978.520000000004,24635.668,-657.1479687499959
2025-03-30 04:00:00,23453.659999999996,25178.604,-1724.9435156250038
2025-03-30 05:00:00,23718.800000000003,24872.895,-1154.094531249997
2025-03-30 06:00:00,24304.370000000003,22956.846,1347.5242968750026
2025-03-30 07:00:00,24519.130000000005,22007.154,2511.9757031250047
2025-03-30 08:00:00,25220.370000000003,22779.812,2440.5575000000026
2025-03-30 09:00:00,25888.21,24986.064,902.1455468749991
2025-03-30 10:00:00,26289.66,27843.14,-1553.4806250000001
2025-03-30 11:00:00,26078.43,27823.27,-1744.8395312499997
2025-03-30 12:00:00,25523.060000000005,27353.797,-1830.736874999995
2025-03-30 13:00:00,24928.06,27406.879,-2478.8189062499987
2025-03-30 14:00:00,24359.75,28079.764,-3720.013671875
2025-03-30 15:00:00,24424.64,27708.375,-3283.7350000000006
2025-03-30 16:00:00,24596.249999999996,28609.531,-4013.2812500000036
2025-03-30 17:00:00,24981.130000000005,29225.008,-4243.877812499995
2025-03-30 18:00:00,26216.070000000003,29701.227,-3485.1565624999967
2025-03-30 19:00:00,28554.979999999996,30895.99,-2341.010234375004
2025-03-30 20:00:00,27787.59,30804.24,-3016.650234375
2025-03-30 21:00:00,28457.289999999997,30356.592,-1899.3017968750028
2025-03-30 22:00:00,28096.380000000005,29731.465,-1635.0848437499953
2025-03-30 23:00:00,27532.259999999995,28428.324,-896.0642187500052
2025-03-31 00:00:00,26141.780000000002,27862.988,-1721.2082812499975
2025-03-31 01:00:00,24650.69,26004.691,-1354.0014062500013
2025-03-31 02:00:00,23495.040000000005,25432.535,-1937.4951562499955
2025-03-31 03:00:00,22730.379999999997,24023.293,-1292.9129687500026
2025-03-31 04:00:00,22475.84,24823.73,-2347.89046875
2025-03-31 05:00:00,22474.660000000003,24749.416,-2274.7560156249965
2025-03-31 06:00:00,22151.79,23396.418,-1244.6279687499991
2025-03-31 07:00:00,21419.13,23734.229,-2315.098515624999
2025-03-31 08:00:00,22741.089999999997,25482.035,-2740.9451562500035
2025-03-31 09:00:00,24582.65,27122.33,-2539.6800781249985
2025-03-31 10:00:00,26382.29,28485.86,-2103.569374999999
2025-03-31 11:00:00,27256.729999999996,28525.26,-1268.529765625004
2025-03-31 12:00:00,27342.509999999995,27750.992,-408.48218750000524
2025-03-31 13:00:00,27192.02,27869.133,-677.1128124999996
2025-03-31 14:00:00,26608.929999999997,28629.068,-2020.1383593750033
2025-03-31 15:00:00,26309.8,28429.898,-2120.0984375000007
2025-03-31 16:00:00,26096.63,28804.838,-2708.207890624999
2025-03-31 17:00:00,26600.209999999995,29213.14,-2612.9306250000045
2025-03-31 18:00:00,27913.790000000005,29838.672,-1924.8818749999955
2025-03-31 19:00:00,30393.400000000005,31090.79,-697.3890624999949
2025-03-31 20:00:00,30731.81,31175.938,-444.1274999999987
2025-03-31 21:00:00,30099.819999999996,30760.613,-660.7932812500039
2025-03-31 22:00:00,29303.649999999998,30826.258,-1522.6078125000022
2025-03-31 23:00:00,28405.47,28426.158,-20.688203124998836
2025-04-01 00:00:00,27099.76,25366.809,1732.9514062499984
2025-04-01 01:00:00,25580.400000000005,24878.66,701.7398437500051
2025-04-01 02:00:00,24287.63,24568.248,-280.618046874999
2025-04-01 03:00:00,23443.34,24141.062,-697.7224999999999
2025-04-01 04:00:00,23161.699999999997,24125.314,-963.6144531250029
2025-04-01 05:00:00,23089.820000000003,23796.033,-706.2132031249967
2025-04-01 06:00:00,22719.95,23084.383,-364.4328124999993
2025-04-01 07:00:00,22091.97,23498.215,-1406.2448437499988
2025-04-01 08:00:00,23573.649999999998,24401.137,-827.4867187500022
2025-04-01 09:00:00,25832.110000000004,26105.518,-273.4075781249958
2025-04-01 10:00:00,28001.01,26337.041,1663.9689843749984
2025-04-01 11:00:00,29162.459999999995,26796.48,2365.9795312499955
2025-04-01 12:00:00,29785.060000000005,26214.695,3570.364687500005
2025-04-01 13:00:00,29907.760000000002,26666.861,3240.898671875002
2025-04-01 14:00:00,29956.730000000003,26950.701,3006.028828125003
2025-04-01 15:00:00,29685.92,26954.924,2730.9961718749983
2025-04-01 16:00:00,29731.740000000005,26973.432,2758.3083593750052
2025-04-01 17:00:00,30244.83,27138.273,3106.5565625000017
2025-04-01 18:00:00,30978.019999999997,27371.545,3606.475078124997
2025-04-01 19:00:00,32666.44,28764.053,3902.3872656249987
2025-04-01 20:00:00,32809.82000000001,29538.346,3271.474296875007
2025-04-01 21:00:00,31931.92,28764.162,3167.7578906249983
2025-04-01 22:00:00,31041.959999999995,28738.688,2303.2724999999955
2025-04-01 23:00:00,30002.199999999997,28306.871,1695.328906249997
2025-04-02 00:00:00,28798.98,31247.213,-2448.2328906250004
2025-04-02 01:00:00,27411.780000000002,29725.152,-2313.3723437499975
2025-04-02 02:00:00,26379.07,28119.22,-1740.1507031250003
2025-04-02 03:00:00,25654.799999999996,27375.475,-1720.6746093750044
2025-04-02 04:00:00,25458.99,27423.807,-1964.8166406249984
2025-04-02 05:00:00,25556.15,27033.654,-1477.5042968749985
2025-04-02 06:00:00,25343.730000000003,26122.553,-778.8227343749968
2025-04-02 07:00:00,26612.710000000003,27032.28,-419.56929687499724
2025-04-02 08:00:00,32175.329999999998,31199.992,975.3378124999981
2025-04-02 09:00:00,35758.85,33025.965,2732.8851562499985
2025-04-02 10:00:00,37688.38,33068.824,4619.555781249997
2025-04-02 11:00:00,39360.38,33873.375,5487.004999999997
2025-04-02 12:00:00,38812.1,33077.844,5734.2562499999985
2025-04-02 13:00:00,39285.600000000006,33886.88,5398.721093750006
2025-04-02 14:00:00,39384.909999999996,33953.203,5431.706874999996
2025-04-02 15:00:00,38683.51000000001,33990.05,4693.459218750009
2025-04-02 16:00:00,38522.6,34134.215,4388.3851562499985
2025-04-02 17:00:00,38881.87999999999,34189.92,4691.95812499999
2025-04-02 18:00:00,38658.52,34220.207,4438.312968749997
2025-04-02 19:00:00,39934.09,35756.035,4178.0548437499965
2025-04-02 20:00:00,39246.31,36527.71,2718.5990624999977
2025-04-02 21:00:00,38198.04000000001,35667.863,2530.176718750008
2025-04-02 22:00:00,37030.7,35189.312,1841.387499999997
2025-04-02 23:00:00,35697.61,33228.598,2469.0123437500006
2025-04-03 00:00:00,33837.840000000004,35890.887,-2053.046718749996
2025-04-03 01:00:00,32044.25,34616.652,-2572.40234375
2025-04-03 02:00:00,30723.490000000005,32860.785,-2137.2951562499948
2025-04-03 03:00:00,29915.020000000004,31986.348,-2071.327656249996
2025-04-03 04:00:00,29844.63,32065.844,-2221.213749999999
2025-04-03 05:00:00,30171.700000000004,31810.172,-1638.4718749999956
2025-04-03 06:00:00,29611.759999999995,31223.893,-1612.1325781250052
2025-04-03 07:00:00,30642.96,32960.88,-2317.918906250001
2025-04-03 08:00:00,35919.73,37812.47,-1892.7387499999968
2025-04-03 09:00:00,38819.72,39153.93,-334.20968749999884
2025-04-03 10:00:00,40249.22,39218.188,1031.0325000000012
2025-04-03 11:00:00,41374.74,39888.773,1485.966562499998
2025-04-03 12:00:00,40352.74,39099.527,1253.212656249998
2025-04-03 13:00:00,40366.11,39886.47,479.6412500000006
2025-04-03 14:00:00,40483.63999999999,39889.48,594.1595312499921
2025-04-03 15:00:00,39514.11,39872.508,-358.3978124999994
2025-04-03 16:00:00,39480.67,39945.184,-464.51359375000175
2025-04-03 17:00:00,40169.82000000001,40163.406,6.413750000006985
2025-04-03 18:00:00,39703.29,40188.754,-485.4639062499991
2025-04-03 19:00:00,41105.7,40435.574,670.1257812499971
2025-04-03 20:00:00,41004.51,40910.434,94.07640625000204
2025-04-03 21:00:00,39670.37000000001,40268.96,-598.5909374999901
2025-04-03 22:00:00,38299.98999999999,39900.258,-1600.2678125000093
2025-04-03 23:00:00,36577.030000000006,37990.035,-1413.005156249994
2025-04-04 00:00:00,34534.939999999995,35603.625,-1068.685000000005
2025-04-04 01:00:00,32899.61000000001,34080.285,-1180.6751562499921
2025-04-04 02:00:00,31499.93,32195.05,-695.1207812499997
2025-04-04 03:00:00,30621.59,31580.07,-958.4803124999999
2025-04-04 04:00:00,30303.710000000003,31534.68,-1230.9696874999972
2025-04-04 05:00:00,29462.429999999997,31279.902,-1817.4723437500033
2025-04-04 06:00:00,30248.280000000002,30759.205,-510.9250781249975
2025-04-04 07:00:00,31149.790000000005,32548.705,-1398.9150781249955
2025-04-04 08:00:00,35894.86,37680.12,-1785.2610937499994
2025-04-04 09:00:00,38581.17,38765.54,-184.36906250000175
2025-04-04 10:00:00,39497.0,39149.562,347.4375
2025-04-04 11:00:00,40262.86,39752.76,510.0982812500006
2025-04-04 12:00:00,38889.509999999995,38874.72,14.791249999994761
2025-04-04 13:00:00,38080.14,39389.6,-1309.4615625000006
2025-04-04 14:00:00,39306.130000000005,39735.79,-429.65906249999534
2025-04-04 15:00:00,39006.68000000001,39760.633,-753.9528124999924
2025-04-04 16:00:00,38860.4,39863.215,-1002.8148437499985
2025-04-04 17:00:00,39529.21,40077.016,-547.8056250000009
2025-04-04 18:00:00,39195.95,40205.145,-1009.1945312500029
2025-04-04 19:00:00,40531.0,40401.797,129.203125
2025-04-04 20:00:00,40767.87,40764.18,3.6903125000026193
2025-04-04 21:00:00,39493.85,40027.727,-533.8765625000015
2025-04-04 22:00:00,38048.1,39490.71,-1442.6109375000015
2025-04-04 23:00:00,36579.65,37782.027,-1202.3773437499985
2025-04-05 00:00:00,34686.01,35596.824,-910.814218749998
2025-04-05 01:00:00,32917.43,34458.04,-1540.6090624999997
2025-04-05 02:00:00,31493.659999999996,32735.17,-1241.5099218750038
2025-04-05 03:00:00,30593.160000000003,31918.03,-1324.8692968749965
2025-04-05 04:00:00,30346.35,31982.516,-1636.1656250000015
2025-04-05 05:00:00,30297.639999999996,31370.055,-1072.4146875000042
2025-04-05 06:00:00,29837.37,30738.379,-901.008906250001
2025-04-05 07:00:00,29987.960000000003,30672.346,-684.3857031249972
2025-04-05 08:00:00,33137.86,35394.363,-2256.5032812499994
2025-04-05 09:00:00,35936.88,37140.76,-1203.8817187500026
2025-04-05 10:00:00,37468.66999999999,38221.312,-752.642500000009
2025-04-05 11:00:00,38496.91,38848.797,-351.8868749999965
2025-04-05 12:00:00,37895.32000000001,38043.45,-148.12921874999302
2025-04-05 13:00:00,38227.88,38617.16,-389.2801562500026
2025-04-05 14:00:00,37983.28,38905.594,-922.3137500000012
2025-04-05 15:00:00,37588.08,38648.316,-1060.2364062499983
2025-04-05 16:00:00,37003.16,38746.285,-1743.1251562499965
2025-04-05 17:00:00,37128.96000000001,39233.17,-2104.2118749999936
2025-04-05 18:00:00,37968.65,39455.957,-1487.3070312499985
2025-04-05 19:00:00,39847.36000000001,39624.316,223.04359375000786
2025-04-05 20:00:00,40186.14,40085.637,100.50328124999942
2025-04-05 21:00:00,38979.670000000006,39151.477,-171.80656249999447
2025-04-05 22:00:00,37728.71,37930.535,-201.82515625000087
2025-04-05 23:00:00,36001.37,36595.645,-594.2745312499974
2025-04-06 00:00:00,33493.06,33589.492,-96.43218750000233
2025-04-06 01:00:00,31704.27,32523.758,-819.4878124999996
2025-04-06 02:00:00,30329.589999999997,31059.006,-729.4158593750035
2025-04-06 03:00:00,29407.260000000002,30252.916,-845.656015624998
2025-04-06 04:00:00,29001.77,30008.89,-1007.1206249999996
2025-04-06 05:00:00,28924.330000000005,29423.703,-499.3731249999946
2025-04-06 06:00:00,27821.3,27995.332,-174.03203125000073
2025-04-06 07:00:00,26644.420000000002,27097.693,-453.2733593749981
2025-04-06 08:00:00,27767.46,28409.195,-641.7353125000009
2025-04-06 09:00:00,29301.959999999995,30146.637,-844.6767187500045
2025-04-06 10:00:00,31153.59,31966.205,-812.6150781249999
2025-04-06 11:00:00,32412.840000000004,32412.822,0.017734375003783498
2025-04-06 12:00:00,32531.869999999995,33098.82,-566.9503125000047
2025-04-06 13:00:00,32948.68,33784.484,-835.8043749999997
2025-04-06 14:00:00,33206.76,33521.14,-314.38062499999796
2025-04-06 15:00:00,33000.13,33584.992,-584.8621875000026
2025-04-06 16:00:00,33307.18,34513.13,-1205.9489062499997
2025-04-06 17:00:00,34486.97000000001,35291.33,-804.3581249999916
2025-04-06 18:00:00,35812.05,35662.008,150.0421875000029
2025-04-06 19:00:00,38042.66,36468.754,1573.9060937500035
2025-04-06 20:00:00,38510.200000000004,36818.09,1692.1101562500044
2025-04-06 21:00:00,37457.88,35816.387,1641.4932812499974
2025-04-06 22:00:00,36040.740000000005,35047.26,993.4782812500052
2025-04-06 23:00:00,34359.409999999996,34020.742,338.6678124999962
2025-04-07 00:00:00,32454.080000000005,33412.164,-958.0840624999946
2025-04-07 01:00:00,30657.8,32119.438,-1461.6375000000007
2025-04-07 02:00:00,29574.309999999998,30736.023,-1161.7134375000023
2025-04-07 03:00:00,28738.369999999995,29727.33,-988.9600781250047
2025-04-07 04:00:00,28858.010000000002,30041.164,-1183.154062499998
2025-04-07 05:00:00,29312.190000000002,29736.35,-424.1596093749977
2025-04-07 06:00:00,29619.040000000005,29087.865,531.1747656250045
2025-04-07 07:00:00,32048.700000000004,30966.783,1081.9167968750044
2025-04-07 08:00:00,38464.58,36569.71,1894.8690625000017
2025-04-07 09:00:00,41733.18000000001,39107.707,2625.4729687500076
2025-04-07 10:00:00,43078.33,39493.258,3585.0721875000017
2025-04-07 11:00:00,43973.25000000001,40165.71,3807.5390625000073
2025-04-07 12:00:00,42630.17,39091.67,3538.4981249999983
2025-04-07 13:00:00,43195.6,39878.01,3317.5882812499985
2025-04-07 14:00:00,43709.72,39920.902,3788.817656250001
2025-04-07 15:00:00,42733.89000000001,39989.117,2744.7728125000067
2025-04-07 16:00:00,42984.61,40524.773,2459.8365625000006
2025-04-07 17:00:00,43811.52,40298.883,3512.637187499997
2025-04-07 18:00:00,42956.4,40223.05,2733.3492187500015
2025-04-07 19:00:00,43957.59,40458.547,3499.0431249999965
2025-04-07 20:00:00,43775.82,40756.145,3019.6754687499997
2025-04-07 21:00:00,42185.76,40056.516,2129.244375000002
2025-04-07 22:00:00,40468.18,39463.324,1004.8557812500003
2025-04-07 23:00:00,38718.48000000001,37529.953,1188.5268750000105
2025-04-08 00:00:00,36522.99,35706.84,816.150156249998
2025-04-08 01:00:00,34471.37,33909.258,562.1121875000026
2025-04-08 02:00:00,33055.11,33005.05,50.05921875000058
2025-04-08 03:00:00,32259.890000000003,32146.105,113.78453125000306
2025-04-08 04:00:00,32081.520000000004,32249.371,-167.85109374999593
2025-04-08 05:00:00,32545.939999999995,32011.672,534.268124999995
2025-04-08 06:00:00,32541.820000000003,31429.957,1111.8629687500033
2025-04-08 07:00:00,34210.86000000001,32921.51,1289.3482812500079
2025-04-08 08:00:00,39838.91000000001,37775.598,2063.3123437500108
2025-04-08 09:00:00,42330.03,39863.39,2466.639374999999
2025-04-08 10:00:00,43475.15,39949.97,3525.1812500000015
2025-04-08 11:00:00,44301.899999999994,40588.875,3713.024999999994
2025-04-08 12:00:00,43033.13,39761.87,3271.2589062499974
2025-04-08 13:00:00,43755.32,40478.3,3277.0192187499997
2025-04-08 14:00:00,44843.82,40649.41,4194.40984375
2025-04-08 15:00:00,44550.08000000001,40624.79,3925.290937500009
2025-04-08 16:00:00,43936.57,40759.293,3177.2770312499997
2025-04-08 17:00:00,44047.85,40924.773,3123.0765624999985
2025-04-08 18:00:00,42941.12,40963.625,1977.4950000000026
2025-04-08 19:00:00,44202.49,41212.297,2990.193124999998
2025-04-08 20:00:00,44204.130000000005,41469.777,2734.3526562500047
2025-04-08 21:00:00,42772.770000000004,40858.883,1913.887187500004
2025-04-08 22:00:00,41028.759999999995,40305.047,723.7131249999948
2025-04-08 23:00:00,39099.01,38427.055,671.955312500002
2025-04-09 00:00:00,36575.39,36004.75,570.6399999999994
2025-04-09 01:00:00,34655.40000000001,34538.766,116.63437500000873
2025-04-09 02:00:00,33024.88,32926.035,98.84484374999738
2025-04-09 03:00:00,32291.960000000003,31909.73,382.22953125000276
2025-04-09 04:00:00,32131.35,31976.104,155.24648437499854
2025-04-09 05:00:00,32495.659999999996,31480.395,1015.2654687499962
2025-04-09 06:00:00,32600.129999999997,31098.77,1501.3604687499974
2025-04-09 07:00:00,34835.8,32505.873,2329.926953125003
2025-04-09 08:00:00,41056.37,37790.4,3265.9715625000026
2025-04-09 09:00:00,43988.25,39382.91,4605.33984375
2025-04-09 10:00:00,45226.33,39597.508,5628.822187500002
2025-04-09 11:00:00,45610.81,40384.355,5226.454531249998
2025-04-09 12:00:00,44269.24,39479.94,4789.298593749998
2025-04-09 13:00:00,44471.119999999995,40146.703,4324.416874999995
2025-04-09 14:00:00,44940.530000000006,40315.145,4625.385468750006
2025-04-09 15:00:00,44391.62,40236.035,4155.584843750003
2025-04-09 16:00:00,44235.600000000006,40329.11,3906.490625000006
2025-04-09 17:00:00,43577.01,40528.11,3048.900625000002
2025-04-09 18:00:00,42853.99,40697.316,2156.673593749998
2025-04-09 19:00:00,44254.88,40966.06,3288.8214062499974
2025-04-09 20:00:00,44676.259999999995,41553.688,3122.5724999999948
2025-04-09 21:00:00,43418.060000000005,40965.47,2452.591250000005
2025-04-09 22:00:00,41572.33000000001,40415.99,1156.341718750009
2025-04-09 23:00:00,39702.71,38667.594,1035.1162499999991
2025-04-10 00:00:00,37368.35,36416.242,952.1078124999985
2025-04-10 01:00:00,35042.23000000001,35138.707,-96.47703124998952
2025-04-10 02:00:00,33883.83000000001,33367.797,516.033125000009
2025-04-10 03:00:00,33439.189999999995,32312.768,1126.422421874995
2025-04-10 04:00:00,33402.65000000001,32383.111,1019.5386718750087
2025-04-10 05:00:00,33700.23,31884.07,1816.1596875000032
2025-04-10 06:00:00,33765.58,31319.127,2446.4530468750017
2025-04-10 07:00:00,35674.64,33446.66,2227.9798437499994
2025-04-10 08:00:00,41222.12,38390.332,2831.7879687500026
2025-04-10 09:00:00,43260.48000000001,40257.867,3002.6128125000105
2025-04-10 10:00:00,43747.88,40128.668,3619.2120312499974
2025-04-10 11:00:00,44092.1,41154.113,2937.9867187499985
2025-04-10 12:00:00,41947.8,40315.65,1632.151562500003
2025-04-10 13:00:00,42268.01,41067.305,1200.705312500002
2025-04-10 14:00:00,42612.520000000004,40777.977,1834.543437500004
2025-04-10 15:00:00,42209.630000000005,40525.082,1684.5479687500047
2025-04-10 16:00:00,42968.91999999999,40778.6,2190.318437499991
2025-04-10 17:00:00,42943.91,41354.42,1589.4881250000035
2025-04-10 18:00:00,42774.02999999999,41421.81,1352.2214062499916
2025-04-10 19:00:00,44459.31999999999,41585.008,2874.3121874999924
2025-04-10 20:00:00,45080.77,42121.125,2959.644999999997
2025-04-10 21:00:00,43845.40000000001,41280.164,2565.2359375000087
2025-04-10 22:00:00,41843.07,40762.832,1080.2379687499997
2025-04-10 23:00:00,39813.33999999999,38936.21,877.1290624999892
2025-04-11 00:00:00,37510.53,36775.484,735.0456249999988
2025-04-11 01:00:00,35334.829999999994,35472.04,-137.20906250000553
2025-04-11 02:00:00,34012.82,33514.27,498.5504687499997
2025-04-11 03:00:00,33236.58,32521.281,715.2987500000017
2025-04-11 04:00:00,33358.99,32247.908,1111.081796874998
2025-04-11 05:00:00,33781.95,31809.846,1972.104296874997
2025-04-11 06:00:00,33634.53,31583.049,2051.481171874999
2025-04-11 07:00:00,35574.19,33820.94,1753.2485937500023
2025-04-11 08:00:00,41747.68000000001,39369.25,2378.4300000000076
2025-04-11 09:00:00,44547.79,40731.61,3816.180625000001
2025-04-11 10:00:00,45522.28,40890.44,4631.838593749999
2025-04-11 11:00:00,46134.96,41415.566,4719.393593749999
2025-04-11 12:00:00,44911.81,40502.805,4409.005312499998
2025-04-11 13:00:00,43845.82000000001,41200.594,2645.226250000007
2025-04-11 14:00:00,44805.25,41476.992,3328.2578125
2025-04-11 15:00:00,44532.49,41472.81,3059.681406249998
2025-04-11 16:00:00,44294.71,41579.254,2715.456093749999
2025-04-11 17:00:00,44185.22,41716.953,2468.266875000001
2025-04-11 18:00:00,44009.799999999996,41735.05,2274.7492187499956
2025-04-11 19:00:00,45351.34,41778.54,3572.8009374999965
2025-04-11 20:00:00,46015.700000000004,42323.875,3691.8250000000044
2025-04-11 21:00:00,44658.049999999996,41367.684,3290.3664062499956
2025-04-11 22:00:00,42331.29,40932.105,1399.1845312500009
2025-04-11 23:00:00,40586.99,39330.402,1256.587656249998
2025-04-12 00:00:00,38351.09999999999,36604.543,1746.5570312499913
2025-04-12 01:00:00,36085.71,35513.566,572.1435937499991
2025-04-12 02:00:00,34516.27,33502.875,1013.3949999999968
2025-04-12 03:00:00,33333.649999999994,32065.646,1268.0035156249942
2025-04-12 04:00:00,33480.280000000006,32120.182,1360.098359375006
2025-04-12 05:00:00,33674.3,31277.57,2396.729687500003
2025-04-12 06:00:00,32901.17,30963.734,1937.4356249999983
2025-04-12 07:00:00,33533.13,31175.69,2357.4405468749974
2025-04-12 08:00:00,37594.62,36712.68,881.9403125000026
2025-04-12 09:00:00,40214.37,38767.523,1446.8465625000026
2025-04-12 10:00:00,41632.83999999999,39830.953,1801.8868749999892
2025-04-12 11:00:00,43344.00000000001,40597.098,2746.9023437500073
2025-04-12 12:00:00,42639.91,39743.58,2896.3318750000035
2025-04-12 13:00:00,42955.48000000001,40151.83,2803.6518750000105
2025-04-12 14:00:00,42383.35,40122.35,2260.9984374999985
2025-04-12 15:00:00,41523.14000000001,39970.25,1552.8900000000067
2025-04-12 16:00:00,41223.76,40030.08,1193.681875000002
2025-04-12 17:00:00,41823.520000000004,40455.766,1367.754375000004
2025-04-12 18:00:00,42520.69000000001,40702.465,1818.2251562500096
2025-04-12 19:00:00,42643.05,40824.844,1818.206250000003
2025-04-12 20:00:00,44392.26,40996.1,3396.158437500002
2025-04-12 21:00:00,43040.619999999995,40305.367,2735.2528124999953
2025-04-12 22:00:00,40804.299999999996,39215.37,1588.9289062499956
2025-04-12 23:00:00,38805.340000000004,37842.996,962.3439062500038
2025-04-13 00:00:00,36631.11000000001,34715.29,1915.8209375000079
2025-04-13 01:00:00,34457.45,33619.957,837.4929687499971
2025-04-13 02:00:00,32918.35999999999,31475.5,1442.8599999999933
2025-04-13 03:00:00,31958.58,30414.885,1543.6952343750017
2025-04-13 04:00:00,31820.869999999995,30056.9,1763.9696093749953
2025-04-13 05:00:00,31799.01,29161.8,2637.2092187499984
2025-04-13 06:00:00,30464.089999999997,28020.443,2443.6466406249965
2025-04-13 07:00:00,29636.339999999997,27243.906,2392.4337499999965
2025-04-13 08:00:00,30822.330000000005,29119.697,1702.6327343750054
2025-04-13 09:00:00,32105.72,31127.635,978.0852343750012
2025-04-13 10:00:00,33684.14,33150.0,534.1399999999994
2025-04-13 11:00:00,34924.86000000001,33906.363,1018.4967187500079
2025-04-13 12:00:00,35333.270000000004,34283.098,1050.172343750004
2025-04-13 13:00:00,35827.27,34989.65,837.6215624999968
2025-04-13 14:00:00,35628.89,35077.277,551.6126562499994
2025-04-13 15:00:00,35475.52,34870.656,604.8637499999968
2025-04-13 16:00:00,35461.630000000005,35547.812,-86.18249999999534
2025-04-13 17:00:00,36062.36000000001,36321.645,-259.28453124999214
2025-04-13 18:00:00,37310.39,36921.14,389.2493749999994
2025-04-13 19:00:00,39839.38,37694.57,2144.8096874999974
2025-04-13 20:00:00,41203.77,37941.547,3262.223124999997
2025-04-13 21:00:00,40139.78,37023.887,3115.893281249999
2025-04-13 22:00:00,38701.55999999999,36144.4,2557.1615624999904
2025-04-13 23:00:00,36648.19,35140.617,1507.5728125000023
2025-04-14 00:00:00,34999.73,33647.477,1352.2534375000032
2025-04-14 01:00:00,32633.129999999997,32007.375,625.7549999999974
2025-04-14 02:00:00,31386.560000000005,30345.191,1041.368593750005
2025-04-14 03:00:00,30728.189999999995,29154.828,1573.361874999995
2025-04-14 04:00:00,31041.640000000003,29205.52,1836.120468750003
2025-04-14 05:00:00,31568.22,28800.43,2767.790312500001
2025-04-14 06:00:00,31698.58,28682.94,3015.6405468750017
2025-04-14 07:00:00,34242.90000000001,30512.695,3730.2046875000087
2025-04-14 08:00:00,40396.15,36976.89,3419.2593750000015
2025-04-14 09:00:00,43257.54,39538.52,3719.020468750001
2025-04-14 10:00:00,43622.00000000001,39816.473,3805.5273437500073
2025-04-14 11:00:00,44620.29,40502.656,4117.633750000001
2025-04-14 12:00:00,43759.22000000001,39576.49,4182.731718750008
2025-04-14 13:00:00,44210.2,40294.312,3915.887499999997
2025-04-14 14:00:00,45030.56,40340.355,4690.204531249998
2025-04-14 15:00:00,44596.20999999999,40311.438,4284.772499999992
2025-04-14 16:00:00,44193.76000000001,40477.387,3716.3732812500093
2025-04-14 17:00:00,43976.009999999995,40647.01,3328.9982812499948
2025-04-14 18:00:00,43439.50000000001,40649.85,2789.6484375000073
2025-04-14 19:00:00,44780.38,40895.62,3884.7589062499974
2025-04-14 20:00:00,45354.06,41380.223,3973.8373437499977
2025-04-14 21:00:00,43888.31999999999,40996.777,2891.5426562499924
2025-04-14 22:00:00,41865.28999999999,40363.574,1501.7157812499936
2025-04-14 23:00:00,39798.98999999999,38387.94,1411.0485937499907
2025-04-15 00:00:00,37275.24999999999,35359.395,1915.8554687499927
2025-04-15 01:00:00,35360.19,33477.184,1883.0064062500023
2025-04-15 02:00:00,34004.19,32293.744,1710.4458593750023
2025-04-15 03:00:00,33307.73000000001,31003.92,2303.8100781250105
2025-04-15 04:00:00,33153.86,31053.602,2100.2584375000006
2025-04-15 05:00:00,33482.88,30669.076,2813.8038281249974
2025-04-15 06:00:00,33210.24,30452.668,2757.572031249998
2025-04-15 07:00:00,35396.30999999999,31869.06,3527.2494531249904
2025-04-15 08:00:00,40703.28,37388.68,3314.600312499999
2025-04-15 09:00:00,42823.47,39360.84,3462.630156250001
2025-04-15 10:00:00,43628.4,39063.48,4564.9195312500015
2025-04-15 11:00:00,43968.719999999994,39598.414,4370.305937499994
2025-04-15 12:00:00,42288.85,38341.945,3946.9046874999985
2025-04-15 13:00:00,42107.73999999999,39593.18,2514.5603124999907
2025-04-15 14:00:00,42429.85,39763.7,2666.1507812499985
2025-04-15 15:00:00,41948.80999999999,39936.086,2012.7240624999904
2025-04-15 16:00:00,41988.58,40021.227,1967.3534375000017
2025-04-15 17:00:00,42307.69,40523.945,1783.7446875000023
2025-04-15 18:00:00,42291.54,40286.625,2004.9150000000009
2025-04-15 19:00:00,43729.87,40552.04,3177.8309375000026
2025-04-15 20:00:00,44554.4,40830.74,3723.6617187500015
2025-04-15 21:00:00,43432.75,40232.83,3199.921875
2025-04-15 22:00:00,41664.83999999999,39550.836,2114.0040624999892
2025-04-15 23:00:00,39578.88,37682.62,1896.2589062499974
2025-04-16 00:00:00,37151.58999999999,35242.035,1909.5548437499892
2025-04-16 01:00:00,35224.27999999999,33270.31,1953.9714062499916
2025-04-16 02:00:00,33953.94,31598.291,2355.6489843750023
2025-04-16 03:00:00,33090.56,30278.107,2812.4525781249977
2025-04-16 04:00:00,32879.30999999999,30336.57,2542.7396874999904
2025-04-16 05:00:00,33291.149999999994,29822.36,3468.790624999994
2025-04-16 06:00:00,32976.58,29649.648,3326.9315625000017
2025-04-16 07:00:00,34837.39,31039.127,3798.2630468749994
2025-04-16 08:00:00,39565.9,36783.52,2782.3804687500015
2025-04-16 09:00:00,41541.079999999994,38411.914,3129.1659374999945
2025-04-16 10:00:00,42277.8,38512.355,3765.444531250003
2025-04-16 11:00:00,42976.85999999999,39124.516,3852.3443749999933
2025-04-16 12:00:00,41478.6,38278.15,3200.4515624999985
2025-04-16 13:00:00,41403.94,39022.52,2381.4204687500023
2025-04-16 14:00:00,42065.700000000004,39100.645,2965.0554687500044
2025-04-16 15:00:00,41377.95999999999,39093.12,2284.838906249992
2025-04-16 16:00:00,41245.04,39210.543,2034.4970312500009
2025-04-16 17:00:00,41212.38,39365.84,1846.5401562499974
2025-04-16 18:00:00,41011.42,39417.906,1593.5137499999983
2025-04-16 19:00:00,42745.65,39669.88,3075.7710937500015
2025-04-16 20:00:00,43760.2,40203.094,3557.106249999997
2025-04-16 21:00:00,42628.8,39537.816,3090.983593750003
2025-04-16 22:00:00,41063.14,38957.023,2106.1165624999994
2025-04-16 23:00:00,39151.509999999995,37033.45,2118.0607812499948
2025-04-17 00:00:00,36751.56,35195.977,1555.5834374999977
2025-04-17 01:00:00,34815.1,33851.484,963.6156249999985
2025-04-17 02:00:00,33357.32,31804.38,1552.9391406249997
2025-04-17 03:00:00,32475.340000000004,30527.09,1948.2501562500038
2025-04-17 04:00:00,32217.699999999997,30606.465,1611.235156249997
2025-04-17 05:00:00,32612.280000000002,30051.87,2560.4108593750025
2025-04-17 06:00:00,32572.710000000003,29786.195,2786.5146875000028
2025-04-17 07:00:00,34167.76000000001,31593.088,2574.6721093750093
2025-04-17 08:00:00,38939.78,37269.465,1670.3151562499988
2025-04-17 09:00:00,40759.729999999996,38651.305,2108.425312499996
2025-04-17 10:00:00,41446.21,38503.266,2942.944374999999
2025-04-17 11:00:00,41857.66,39558.42,2299.2381250000035
2025-04-17 12:00:00,40055.44999999999,38608.125,1447.3249999999898
2025-04-17 13:00:00,40636.34,39353.883,1282.4571874999965
2025-04-17 14:00:00,41098.450000000004,39543.484,1554.9656250000044
2025-04-17 15:00:00,40603.03999999999,39458.36,1144.6806249999936
2025-04-17 16:00:00,40633.48,39654.332,979.1479687500032
2025-04-17 17:00:00,41009.07,39783.33,1225.7418749999997
2025-04-17 18:00:00,40895.520000000004,39693.867,1201.652812500004
2025-04-17 19:00:00,42541.99,40001.152,2540.837656249998
2025-04-17 20:00:00,43497.420000000006,40657.676,2839.7442187500055
2025-04-17 21:00:00,42403.63,39858.74,2544.8917187499974
2025-04-17 22:00:00,40854.52,39265.887,1588.6332812499968
2025-04-17 23:00:00,38844.43,37358.137,1486.2932812500003
2025-04-18 00:00:00,36551.170000000006,35338.17,1212.9981250000055
2025-04-18 01:00:00,34651.13,33963.926,687.2042187499974
2025-04-18 02:00:00,33372.549999999996,32060.45,1312.1007812499956
2025-04-18 03:00:00,32681.560000000005,31168.906,1512.653750000005
2025-04-18 04:00:00,32287.430000000004,30857.863,1429.566718750004
2025-04-18 05:00:00,32617.09,30499.96,2117.1290625
2025-04-18 06:00:00,32379.150000000005,30318.527,2060.622656250005
2025-04-18 07:00:00,33617.31999999999,32204.344,1412.9762499999924
2025-04-18 08:00:00,39065.329999999994,37563.816,1501.5135937499945
2025-04-18 09:00:00,41075.72000000001,38866.227,2209.4934375000084
2025-04-18 10:00:00,41709.62000000001,38664.37,3045.24890625001
2025-04-18 11:00:00,42168.700000000004,39776.895,2391.8054687500044
2025-04-18 12:00:00,40028.92,38702.76,1326.1582812499983
2025-04-18 13:00:00,38986.17999999999,39417.59,-431.409843750007
2025-04-18 14:00:00,40995.13,39710.47,1284.6612499999974
2025-04-18 15:00:00,40586.74,39612.418,974.322031249998
2025-04-18 16:00:00,40587.21000000001,39741.902,845.3076562500064
2025-04-18 17:00:00,41144.96,39869.23,1275.7295312499991
2025-04-18 18:00:00,40888.259999999995,39887.273,1000.9865624999948
2025-04-18 19:00:00,42109.59,40404.56,1705.0314062499965
2025-04-18 20:00:00,43043.63,40957.383,2086.2471874999974
2025-04-18 21:00:00,40965.100000000006,40058.83,906.2718750000058
2025-04-18 22:00:00,39295.759999999995,39162.824,132.93578124999476
2025-04-18 23:00:00,38199.26999999999,37485.29,713.9809374999895
2025-04-19 00:00:00,36075.100000000006,35206.062,869.0375000000058
2025-04-19 01:00:00,34365.56,34018.516,347.0443749999977
2025-04-19 02:00:00,33171.77,32078.32,1093.4496874999968
2025-04-19 03:00:00,32218.18,30950.166,1268.0139843750003
2025-04-19 04:00:00,31912.72,30978.826,933.8938281250012
2025-04-19 05:00:00,31952.240000000005,30395.227,1557.0134375000052
2025-04-19 06:00:00,30801.130000000005,30232.107,569.0225781250047
2025-04-19 07:00:00,31612.43,30438.584,1173.8460156250003
2025-04-19 08:00:00,35539.80999999999,35240.184,299.6264062499904
2025-04-19 09:00:00,38222.5,36890.83,1331.671875
2025-04-19 10:00:00,39710.29,38101.227,1609.0634375000009
2025-04-19 11:00:00,40637.51000000001,38909.117,1728.3928125000093
2025-04-19 12:00:00,39374.38,37790.113,1584.2667187499974
2025-04-19 13:00:00,39541.11,38340.062,1201.0475000000006
2025-04-19 14:00:00,39249.29000000001,38740.656,508.63375000000815
2025-04-19 15:00:00,38286.09999999999,38391.777,-105.67734375000873
2025-04-19 16:00:00,37704.829999999994,38729.598,-1024.7676562500055
2025-04-19 17:00:00,38243.26,38931.875,-688.614999999998
2025-04-19 18:00:00,38857.5,39016.55,-159.05078125
2025-04-19 19:00:00,40408.08000000001,39331.848,1076.232343750009
2025-04-19 20:00:00,41312.13,39519.47,1792.6612499999974
2025-04-19 21:00:00,40195.05,38855.59,1339.460156250003
2025-04-19 22:00:00,38703.76,37549.836,1153.924062500002
2025-04-19 23:00:00,36714.689999999995,36252.332,462.35796874999505
2025-04-20 00:00:00,34573.89,33781.56,792.3314062499994
2025-04-20 01:00:00,32798.869999999995,32591.537,207.33289062499534
2025-04-20 02:00:00,31446.770000000004,30781.037,665.7328906250041
2025-04-20 03:00:00,30460.3,29877.209,583.0910156249993
2025-04-20 04:00:00,30084.68,29512.799,571.8811718750003
2025-04-20 05:00:00,29949.240000000005,28750.06,1199.1794531250052
2025-04-20 06:00:00,28303.279999999995,27879.018,424.2624218749952
2025-04-20 07:00:00,28462.61,27345.807,1116.8033593750006
2025-04-20 08:00:00,29184.669999999995,28804.527,380.1426562499946
2025-04-20 09:00:00,30923.140000000003,30620.766,302.37437500000306
2025-04-20 10:00:00,32622.580000000005,32373.375,249.20500000000538
2025-04-20 11:00:00,33858.0,33018.57,839.4296875
2025-04-20 12:00:00,33753.44,33482.855,270.5845312500023
2025-04-20 13:00:00,34037.17,34153.336,-116.16593750000175
2025-04-20 14:00:00,33908.25,34227.992,-319.7421875
2025-04-20 15:00:00,33222.68,33970.188,-747.5074999999997
2025-04-20 16:00:00,33283.65,34551.95,-1268.2992187499985
2025-04-20 17:00:00,33603.92,35148.83,-1544.9081250000017
2025-04-20 18:00:00,34995.64000000001,35544.1,-548.4615624999933
2025-04-20 19:00:00,37020.51,36289.656,730.853750000002
2025-04-20 20:00:00,38540.51,36828.57,1711.939687500002
2025-04-20 21:00:00,37670.76,36092.598,1578.162343750002
2025-04-20 22:00:00,35815.17999999999,35324.008,491.172187499993
2025-04-20 23:00:00,34765.06,34305.617,459.4428124999977
2025-04-21 00:00:00,33210.87,33166.824,44.04578125000262
2025-04-21 01:00:00,31510.600000000002,31598.264,-87.66367187499782
2025-04-21 02:00:00,30359.410000000003,30304.951,54.45882812500349
2025-04-21 03:00:00,29579.21,29221.652,357.5576562499991
2025-04-21 04:00:00,29558.779999999995,29272.027,286.7526562499952
2025-04-21 05:00:00,29695.600000000002,28965.5,730.1000000000022
2025-04-21 06:00:00,29553.809999999998,28894.64,659.1693749999977
2025-04-21 07:00:00,31949.18,30812.998,1136.1819531250003
2025-04-21 08:00:00,37679.8,36440.934,1238.866406250003
2025-04-21 09:00:00,40324.49,39021.586,1302.904062499998
2025-04-21 10:00:00,41098.9,39399.996,1698.9039062500015
2025-04-21 11:00:00,41702.92,40067.492,1635.4278124999983
2025-04-21 12:00:00,40145.71,39169.438,976.2724999999991
2025-04-21 13:00:00,40595.29,40002.02,593.2704687500009
2025-04-21 14:00:00,41217.61,40105.312,1112.2975000000006
2025-04-21 15:00:00,41082.23,40093.83,988.4018750000032
2025-04-21 16:00:00,41299.12,40196.09,1103.0301562500026
2025-04-21 17:00:00,41323.81,40133.688,1190.1224999999977
2025-04-21 18:00:00,40986.380000000005,40180.81,805.5714062500047
2025-04-21 19:00:00,41985.68000000001,40503.633,1482.0471875000076
2025-04-21 20:00:00,42975.22,40996.586,1978.6340625000012
2025-04-21 21:00:00,41652.85999999999,40405.918,1246.9420312499933
2025-04-21 22:00:00,39882.75,39615.504,267.24609375
2025-04-21 23:00:00,38100.36,37654.227,446.1334375000006
2025-04-22 00:00:00,35332.53,31320.488,4012.041718749999
2025-04-22 01:00:00,34064.64000000001,29186.486,4878.153671875007
2025-04-22 02:00:00,32887.94000000001,28152.678,4735.26226562501
2025-04-22 03:00:00,32173.279999999995,27225.016,4948.264374999995
2025-04-22 04:00:00,31816.76,27032.174,4784.586171874998
2025-04-22 05:00:00,32014.069999999996,26622.89,5391.179374999996
2025-04-22 06:00:00,31399.61,26220.066,5179.543593750001
2025-04-22 07:00:00,33613.59,27215.428,6398.1622656249965
2025-04-22 08:00:00,38698.34,31366.018,7332.3224218749965
2025-04-22 09:00:00,41125.1,34151.426,6973.6742187499985
2025-04-22 10:00:00,41383.920000000006,34571.95,6811.9707812500055
2025-04-22 11:00:00,41709.53999999999,35423.85,6285.688437499994
2025-04-22 12:00:00,40137.17,34684.78,5452.388749999998
2025-04-22 13:00:00,41011.60999999999,35462.49,5549.121718749993
2025-04-22 14:00:00,42263.43,35628.105,6635.32453125
2025-04-22 15:00:00,42067.00000000001,35635.652,6431.347656250007
2025-04-22 16:00:00,42115.35,35784.336,6331.0140624999985
2025-04-22 17:00:00,41941.60999999999,35812.223,6129.387343749993
2025-04-22 18:00:00,41010.99,35514.45,5496.540781249998
2025-04-22 19:00:00,41967.43000000001,37431.34,4536.090156250008
2025-04-22 20:00:00,42800.28999999999,38339.47,4460.821249999994
2025-04-22 21:00:00,40192.38999999999,37305.695,2886.694687499992
2025-04-22 22:00:00,39691.02,36103.793,3587.227031249997
2025-04-22 23:00:00,37604.16999999999,33944.176,3659.994218749991
2025-04-23 00:00:00,34842.15000000001,30431.77,4410.380468750009
2025-04-23 01:00:00,32972.21,29639.035,3333.174843749999
2025-04-23 02:00:00,31770.49,27791.957,3978.5329687500016
2025-04-23 03:00:00,30584.1,26504.814,4079.2855468749985
2025-04-23 04:00:00,30354.630000000005,26401.951,3952.6788281250047
2025-04-23 05:00:00,30303.569999999996,26050.924,4252.646171874996
2025-04-23 06:00:00,29082.91,25950.434,3132.47640625
2025-04-23 07:00:00,30053.26,27626.254,2427.0060937499984
2025-04-23 08:00:00,33673.72,30259.186,3414.534453125001
2025-04-23 09:00:00,35868.630000000005,32600.55,3268.0792187500047
2025-04-23 10:00:00,36956.27999999999,32996.215,3960.0651562499916
2025-04-23 11:00:00,38178.04,33455.72,4722.321250000001
2025-04-23 12:00:00,37373.42,33119.52,4253.900468749998
2025-04-23 13:00:00,36015.78,33899.145,2116.635468749999
2025-04-23 14:00:00,36449.13999999999,33915.48,2533.659531249992
2025-04-23 15:00:00,36402.01,33830.242,2571.767812500002
2025-04-23 16:00:00,36697.46,33883.418,2814.042031249999
2025-04-23 17:00:00,36695.28,33991.637,2703.643281249999
2025-04-23 18:00:00,36994.100000000006,33941.996,3052.103906250006
2025-04-23 19:00:00,38421.34,34474.414,3946.9259374999965
2025-04-23 20:00:00,39507.049999999996,34807.234,4699.815624999996
2025-04-23 21:00:00,38462.07000000001,34716.445,3745.624687500007
2025-04-23 22:00:00,37084.14,34046.133,3038.0071874999994
2025-04-23 23:00:00,35290.12,33180.414,2109.7059375000026
2025-04-24 00:00:00,33780.57,35279.53,-1498.9612500000003
2025-04-24 01:00:00,32423.890000000003,33899.207,-1475.317031249997
2025-04-24 02:00:00,31418.630000000005,31181.639,236.99132812500466
2025-04-24 03:00:00,30739.269999999997,29992.139,747.1313281249968
2025-04-24 04:00:00,30571.600000000002,30002.537,569.0628906250022
2025-04-24 05:00:00,30528.46,29532.613,995.8467187499991
2025-04-24 06:00:00,29967.59,29418.322,549.2677343750001
2025-04-24 07:00:00,32318.499999999996,32030.316,288.18359374999636
2025-04-24 08:00:00,38434.63,37669.47,765.1612499999974
2025-04-24 09:00:00,40299.25,39790.2,509.05078125
2025-04-24 10:00:00,41481.649999999994,39950.54,1531.1109374999942
2025-04-24 11:00:00,42288.75000000001,40624.168,1664.5820312500073
2025-04-24 12:00:00,41244.33999999999,39690.17,1554.1681249999892
2025-04-24 13:00:00,41834.770000000004,40926.637,908.1332812500041
2025-04-24 14:00:00,42262.80999999999,40807.66,1455.1498437499904
2025-04-24 15:00:00,41978.86,40683.12,1295.7389062500006
2025-04-24 16:00:00,42149.8,40631.145,1518.655468750003
2025-04-24 17:00:00,42946.17999999999,40585.35,2360.828437499993
2025-04-24 18:00:00,41628.42,40534.05,1094.3692187499983
2025-04-24 19:00:00,42097.58,40940.98,1156.5995312500017
2025-04-24 20:00:00,42618.92,41263.09,1355.8301562499983
2025-04-24 21:00:00,41499.009999999995,41055.17,443.83812499999476
2025-04-24 22:00:00,39818.78999999999,40126.96,-308.1709375000064
2025-04-24 23:00:00,37905.55000000001,37869.49,36.061718750010186
2025-04-25 00:00:00,35831.11,36609.12,-778.0110937499994
2025-04-25 01:00:00,34130.8,35159.734,-1028.934374999997
2025-04-25 02:00:00,33025.77,33194.062,-168.2925000000032
2025-04-25 03:00:00,32216.889999999996,32143.736,73.15367187499578
2025-04-25 04:00:00,31740.15,31743.178,-3.027734374998545
2025-04-25 05:00:00,31433.759999999995,31411.348,22.41234374999476
2025-04-25 06:00:00,31037.370000000003,31314.584,-277.2139843749974
2025-04-25 07:00:00,33094.52,33621.047,-526.5268750000032
2025-04-25 08:00:00,38489.61,39464.086,-974.4759374999994
2025-04-25 09:00:00,41189.92,41135.008,54.912187499998254
2025-04-25 10:00:00,42437.87,41352.926,1084.9442187500026
2025-04-25 11:00:00,43778.93,42071.383,1707.5471875000003
2025-04-25 12:00:00,41480.78,41066.03,414.74874999999884
2025-04-25 13:00:00,40571.22,42184.684,-1613.4635937499988
2025-04-25 14:00:00,41790.47,42111.547,-321.07687499999884
2025-04-25 15:00:00,40846.55000000001,42255.24,-1408.6882812499898
2025-04-25 16:00:00,40704.57,42107.758,-1403.1878125000003
2025-04-25 17:00:00,41306.53,42048.766,-742.2356250000012
2025-04-25 18:00:00,40747.01999999999,41852.582,-1105.5620312500105
2025-04-25 19:00:00,41718.89,42365.22,-646.3287500000006
2025-04-25 20:00:00,42884.420000000006,42748.168,136.25203125000553
2025-04-25 21:00:00,41549.950000000004,42278.496,-728.5460937499956
2025-04-25 22:00:00,39135.35,41091.094,-1955.7437500000015
2025-04-25 23:00:00,38310.01999999999,39320.82,-1010.8003125000105
2025-04-26 00:00:00,36308.6,36397.723,-89.12265625000146
2025-04-26 01:00:00,34502.64,35194.54,-691.8990625000006
2025-04-26 02:00:00,33280.95999999999,33149.133,131.82718749999185
2025-04-26 03:00:00,32238.27,31697.967,540.3032031250004
2025-04-26 04:00:00,31965.66,31753.896,211.76351562499985
2025-04-26 05:00:00,31426.780000000002,30882.414,544.3659375000025
2025-04-26 06:00:00,29862.520000000004,30846.965,-984.4448437499959
2025-04-26 07:00:00,31489.32,31220.414,268.9059374999997
2025-04-26 08:00:00,35384.14,36475.484,-1091.3443750000006
2025-04-26 09:00:00,37970.91,39059.566,-1088.6564062499965
2025-04-26 10:00:00,39570.920000000006,40154.965,-584.0448437499945
2025-04-26 11:00:00,40464.85,40962.22,-497.36875000000146
2025-04-26 12:00:00,39722.53999999999,40032.68,-310.1396875000064
2025-04-26 13:00:00,39791.32,40566.95,-775.6292187500003
2025-04-26 14:00:00,39489.420000000006,40844.086,-1354.6659374999945
2025-04-26 15:00:00,37898.16,40612.79,-2714.6290624999965
2025-04-26 16:00:00,37273.17,40403.035,-3129.8651562500017
2025-04-26 17:00:00,37671.48000000001,40649.41,-2977.9301562499895
2025-04-26 18:00:00,38302.53,40907.35,-2604.821562500001
2025-04-26 19:00:00,39539.87000000001,41164.594,-1624.72374999999
2025-04-26 20:00:00,40796.15,41440.32,-644.1703124999985
2025-04-26 21:00:00,40039.78,40636.75,-596.9700000000012
2025-04-26 22:00:00,38294.63,39339.71,-1045.0809375000026
2025-04-26 23:00:00,36316.09,37523.6,-1207.5115625000035
2025-04-27 00:00:00,34044.17999999999,34939.0,-894.820000000007
2025-04-27 01:00:00,32232.21,33500.457,-1268.2470312500009
2025-04-27 02:00:00,30771.290000000005,31504.71,-733.4209374999955
2025-04-27 03:00:00,29998.860000000004,30399.553,-400.6927343749958
2025-04-27 04:00:00,29448.489999999998,30096.611,-648.121328125002
2025-04-27 05:00:00,28713.769999999997,29137.406,-423.6362500000032
2025-04-27 06:00:00,27043.219999999998,28282.81,-1239.5905468750025
2025-04-27 07:00:00,27417.780000000002,27791.148,-373.3684374999975
2025-04-27 08:00:00,28410.680000000004,29618.455,-1207.775078124996
2025-04-27 09:00:00,30302.459999999995,31532.918,-1230.4579687500045
2025-04-27 10:00:00,32238.77,33316.266,-1077.4956249999996
2025-04-27 11:00:00,33114.42,34476.97,-1362.5487500000017
2025-04-27 12:00:00,33068.62,34789.96,-1721.3409374999974
2025-04-27 13:00:00,33342.89,35695.027,-2352.1373437500006
2025-04-27 14:00:00,33567.82,35760.844,-2193.0237500000003
2025-04-27 15:00:00,33083.82,35299.367,-2215.5471875000003
2025-04-27 16:00:00,33287.77,35662.31,-2374.538593750003
2025-04-27 17:00:00,34181.17,36064.86,-1883.6893750000017
2025-04-27 18:00:00,35363.58,36415.402,-1051.8223437499983
2025-04-27 19:00:00,36992.35,37593.83,-601.4781250000015
2025-04-27 20:00:00,38540.11000000001,38357.57,182.53968750000786
2025-04-27 21:00:00,37610.1,37489.902,120.19765624999854
2025-04-27 22:00:00,36400.87,36373.67,27.19812500000262
2025-04-27 23:00:00,34111.63999999999,35419.688,-1308.0475000000079
2025-04-28 00:00:00,33006.80000000001,33752.785,-745.9851562499898
2025-04-28 01:00:00,31261.930000000004,31924.049,-662.1188281249961
2025-04-28 02:00:00,29969.95,30420.164,-450.2140624999993
2025-04-28 03:00:00,29229.17,29325.184,-96.01359375000175
2025-04-28 04:00:00,29083.139999999996,29380.98,-297.8404687500042
2025-04-28 05:00:00,28849.8,29071.535,-221.73515625000073
2025-04-28 06:00:00,28707.240000000005,29088.027,-380.78734374999476
2025-04-28 07:00:00,31346.08,31306.436,39.644453125001746
2025-04-28 08:00:00,38005.64000000001,37803.47,202.1712500000067
2025-04-28 09:00:00,40757.6,40903.668,-146.06796875000146
2025-04-28 10:00:00,41223.21,41338.523,-115.31343750000087
2025-04-28 11:00:00,41979.94,41970.465,9.475156250002328
2025-04-28 12:00:00,40289.99,41225.16,-935.170156250002
2025-04-28 13:00:00,40843.64,42070.855,-1227.2154687500006
2025-04-28 14:00:00,41424.5,42051.99,-627.48828125
2025-04-28 15:00:00,40884.18,42151.957,-1267.7770312499997
2025-04-28 16:00:00,41096.47,42000.83,-904.3581249999988
2025-04-28 17:00:00,41818.9,41973.934,-155.03359374999854
2025-04-28 18:00:00,41236.38,41878.84,-642.4598437500026
2025-04-28 19:00:00,42038.240000000005,42149.04,-110.79906249999476
2025-04-28 20:00:00,43197.49,42571.824,625.665781249998
2025-04-28 21:00:00,42110.240000000005,42139.094,-28.85374999999476
2025-04-28 22:00:00,40024.719999999994,41079.383,-1054.662812500006
2025-04-28 23:00:00,37557.94,38990.23,-1432.2904687499977
2025-04-29 00:00:00,36271.18,36207.617,63.56281250000029
2025-04-29 01:00:00,34423.91,34146.418,277.4920312500035
2025-04-29 02:00:00,33250.24,33106.145,144.09546874999796
2025-04-29 03:00:00,32318.219999999998,31698.04,620.1809374999975
2025-04-29 04:00:00,32050.160000000003,31659.984,390.1756250000035
2025-04-29 05:00:00,31916.929999999997,31362.947,553.9827343749967
2025-04-29 06:00:00,31489.639999999996,31356.414,133.22593749999578
2025-04-29 07:00:00,33813.5,33249.668,563.83203125
2025-04-29 08:00:00,39729.00000000001,38714.07,1014.9296875000073
2025-04-29 09:00:00,42196.11000000001,41211.312,984.7975000000079
2025-04-29 10:00:00,43186.13,41375.69,1810.4385937499974
2025-04-29 11:00:00,44008.08,41993.137,2014.9432812500017
2025-04-29 12:00:00,42120.2,41126.29,993.9109374999971
2025-04-29 13:00:00,41866.090000000004,42276.84,-410.7498437499962
2025-04-29 14:00:00,42391.47000000001,42143.812,247.65750000000844
2025-04-29 15:00:00,42188.37,42204.88,-16.50890624999738
2025-04-29 16:00:00,42461.44,42093.145,368.2954687500023
2025-04-29 17:00:00,42498.15,42086.363,411.78671875000146
2025-04-29 18:00:00,41597.81,41874.73,-276.9204687500023
2025-04-29 19:00:00,42384.15,42369.293,14.857031250001455
2025-04-29 20:00:00,43429.35,42684.78,744.5687499999985
2025-04-29 21:00:00,42282.9,42298.33,-15.428124999998545
2025-04-29 22:00:00,40574.03,41335.258,-761.2278125000012
2025-04-29 23:00:00,38706.22000000001,39375.2,-668.9792187499916
2025-04-30 00:00:00,36330.25,35239.1,1091.1484375
2025-04-30 01:00:00,34328.16,33585.086,743.0740625000035
2025-04-30 02:00:00,33339.77,31350.33,1989.4399218749968
2025-04-30 03:00:00,32421.979999999996,29935.488,2486.491718749996
2025-04-30 04:00:00,32037.160000000003,30056.584,1980.5760156250035
2025-04-30 05:00:00,31841.88,29690.336,2151.544062500001
2025-04-30 06:00:00,31594.889999999996,29563.695,2031.1946874999958
2025-04-30 07:00:00,34437.39,31519.604,2917.7864843749994
2025-04-30 08:00:00,40144.02,37375.562,2768.457499999997
2025-04-30 09:00:00,42236.78999999999,39631.363,2605.4267187499936
2025-04-30 10:00:00,42591.420000000006,39909.73,2681.6895312500055
2025-04-30 11:00:00,43113.28,40713.992,2399.287812499999
2025-04-30 12:00:00,41342.38,39762.836,1579.5440624999974
2025-04-30 13:00:00,41708.09999999999,40963.484,744.6156249999913
2025-04-30 14:00:00,42379.03,40815.805,1563.2253124999988
2025-04-30 15:00:00,42457.97000000001,40897.38,1560.5910937500084
2025-04-30 16:00:00,42236.84999999999,40823.68,1413.1703124999913
2025-04-30 17:00:00,42464.53999999999,40849.2,1615.3407812499936
2025-04-30 18:00:00,41764.75,40770.62,994.12890625
2025-04-30 19:00:00,42079.45999999999,41313.25,766.2099999999919
2025-04-30 20:00:00,43043.950000000004,41840.848,1203.1023437500044
2025-04-30 21:00:00,41705.81,40867.223,838.5873437499977
2025-04-30 22:00:00,39950.91,40041.96,-91.05093749999651
2025-04-30 23:00:00,37575.2,37976.984,-401.7843750000029
2025-05-01 00:00:00,34398.29000000001,34330.793,67.49703125000815
2025-05-01 01:00:00,32844.299999999996,33380.598,-536.2976562500044
2025-05-01 02:00:00,31305.009999999995,30721.66,583.3498437499948
2025-05-01 03:00:00,30491.730000000003,29217.244,1274.4858593750032
2025-05-01 04:00:00,30064.960000000003,28960.0,1104.9600000000028
2025-05-01 05:00:00,29639.829999999998,28568.877,1070.953046874998
2025-05-01 06:00:00,28576.919999999995,28581.117,-4.197187500005384
2025-05-01 07:00:00,29459.71,31445.887,-1986.1767187500009
2025-05-01 08:00:00,33463.469999999994,35574.812,-2111.342500000006
2025-05-01 09:00:00,35986.950000000004,37127.16,-1140.2101562499956
2025-05-01 10:00:00,37874.24999999999,37381.176,493.0742187499927
2025-05-01 11:00:00,38521.850000000006,37861.324,660.5257812500058
2025-05-01 12:00:00,37795.06,37555.14,239.91937499999767
2025-05-01 13:00:00,37990.48,37705.87,284.6089062500032
2025-05-01 14:00:00,37343.98000000001,38037.086,-693.1059374999895
2025-05-01 15:00:00,35897.63,38001.645,-2104.0145312500026
2025-05-01 16:00:00,36022.37000000001,37941.188,-1918.81749999999
2025-05-01 17:00:00,36262.62000000001,38030.22,-1767.59874999999
2025-05-01 18:00:00,36222.98000000001,37769.73,-1546.7504687499895
2025-05-01 19:00:00,37442.89,38152.42,-709.5318750000006
2025-05-01 20:00:00,38895.71000000001,38468.254,427.4560937500064
2025-05-01 21:00:00,37742.51,38379.176,-636.665781249998
2025-05-01 22:00:00,36313.72,37595.973,-1282.2526562499988
2025-05-01 23:00:00,34729.25,36762.35,-2033.1015625
2025-05-02 00:00:00,33046.19,35326.984,-2280.7943749999977
2025-05-02 01:00:00,31586.29,33879.656,-2293.366249999999
2025-05-02 02:00:00,30505.379999999997,31241.63,-736.2508593750026
2025-05-02 03:00:00,29614.819999999996,30291.205,-676.3850781250039
2025-05-02 04:00:00,29397.249999999996,30044.125,-646.8750000000036
2025-05-02 05:00:00,29247.41,29738.48,-491.07046875000015
2025-05-02 06:00:00,28903.899999999998,29555.426,-651.5257812500022
2025-05-02 07:00:00,31506.390000000003,32173.787,-667.397109374997
2025-05-02 08:00:00,37887.86,38412.406,-524.5462499999994
2025-05-02 09:00:00,40478.22000000001,40832.17,-353.95187499999156
2025-05-02 10:00:00,40240.149999999994,41503.617,-1263.4671875000058
2025-05-02 11:00:00,40630.149999999994,41587.125,-956.9750000000058
2025-05-02 12:00:00,38810.11,41318.918,-2508.8079687499994
2025-05-02 13:00:00,38220.469999999994,41437.883,-3217.412812500006
2025-05-02 14:00:00,39677.380000000005,41883.51,-2206.1317187499953
2025-05-02 15:00:00,40740.47,41881.883,-1141.4128124999988
2025-05-02 16:00:00,41056.48,41712.35,-655.8715624999968
2025-05-02 17:00:00,40790.55,41557.02,-766.4695312499971
2025-05-02 18:00:00,40110.56999999999,40674.918,-564.3479687500076
2025-05-02 19:00:00,40670.03999999999,41038.77,-368.7295312500064
2025-05-02 20:00:00,41683.52,41908.562,-225.0425000000032
2025-05-02 21:00:00,40734.829999999994,41460.32,-725.4903125000055
2025-05-02 22:00:00,39187.93,39812.633,-624.7028124999997
2025-05-02 23:00:00,37285.32,38022.555,-737.2346875000003
2025-05-03 00:00:00,35049.85,36569.496,-1519.6460937500015
2025-05-03 01:00:00,33321.5,35424.742,-2103.2421875
2025-05-03 02:00:00,31921.750000000004,33435.78,-1514.0312499999964
2025-05-03 03:00:00,31117.39,32302.943,-1185.5533593750006
2025-05-03 04:00:00,30831.029999999995,32028.89,-1197.8606250000048
2025-05-03 05:00:00,30269.920000000002,31316.285,-1046.365156249998
2025-05-03 06:00:00,29594.869999999995,30951.898,-1357.0284375000047
2025-05-03 07:00:00,30487.41,32031.037,-1543.6271093750001
2025-05-03 08:00:00,34578.51999999999,36922.02,-2343.4995312500105
2025-05-03 09:00:00,37036.95,39281.062,-2244.112500000003
2025-05-03 10:00:00,38486.2,41212.71,-2726.510937500003
2025-05-03 11:00:00,39345.27999999999,41951.203,-2605.9231250000084
2025-05-03 12:00:00,38165.82,40939.543,-2773.7229687500003
2025-05-03 13:00:00,38435.61,41235.16,-2799.5501562499994
2025-05-03 14:00:00,38069.94,41781.81,-3711.8685937499977
2025-05-03 15:00:00,37232.29000000001,41485.812,-4253.522499999992
2025-05-03 16:00:00,36731.25,41211.547,-4480.296875
2025-05-03 17:00:00,36847.810000000005,41453.38,-4605.568906249995
2025-05-03 18:00:00,37071.77,40953.703,-3881.933125000003
2025-05-03 19:00:00,38614.5,41068.574,-2454.07421875
2025-05-03 20:00:00,40161.36,42016.285,-1854.9251562499994
2025-05-03 21:00:00,39314.12,41164.254,-1850.1339062499974
2025-05-03 22:00:00,37887.99,39209.45,-1321.459218750002
2025-05-03 23:00:00,35828.80000000001,37604.156,-1775.3562499999898
2025-05-04 00:00:00,33658.18,34816.38,-1158.1989062499997
2025-05-04 01:00:00,31787.330000000005,33443.5,-1656.1699999999946
2025-05-04 02:00:00,30269.289999999997,31549.432,-1280.1416406250028
2025-05-04 03:00:00,29252.079999999998,30891.195,-1639.115312500002
2025-05-04 04:00:00,28845.22,30311.2,-1465.9792187499988
2025-05-04 05:00:00,28267.199999999997,29446.73,-1179.530468750003
2025-05-04 06:00:00,26537.180000000004,28386.84,-1849.659843749996
2025-05-04 07:00:00,27212.220000000005,28559.457,-1347.2370312499952
2025-05-04 08:00:00,28654.730000000003,29678.217,-1023.4867968749968
2025-05-04 09:00:00,30428.969999999998,31668.098,-1239.1276562500025
2025-05-04 10:00:00,32538.169999999995,33438.37,-900.2010937500054
2025-05-04 11:00:00,33476.76,34710.438,-1233.677499999998
2025-05-04 12:00:00,33386.55,35115.445,-1728.895312499997
2025-05-04 13:00:00,33592.65,35743.62,-2150.9710937499985
2025-05-04 14:00:00,33482.6,35986.984,-2504.3843750000015
2025-05-04 15:00:00,32928.090000000004,35660.555,-2732.464687499996
2025-05-04 16:00:00,32763.599999999995,36069.652,-3306.052343750005
2025-05-04 17:00:00,33303.19,36557.84,-3254.6498437499977
2025-05-04 18:00:00,33912.45,36656.258,-2743.807812500003
2025-05-04 19:00:00,35734.200000000004,37712.387,-1978.1867187499956
2025-05-04 20:00:00,37793.22,38834.008,-1040.7878124999988
2025-05-04 21:00:00,37088.24999999999,37882.117,-793.8671875000073
2025-05-04 22:00:00,35956.75000000001,36268.31,-311.5585937499927
2025-05-04 23:00:00,34189.45,35196.746,-1007.2960937500029
2025-05-05 00:00:00,32403.200000000004,34174.117,-1770.9171874999956
2025-05-05 01:00:00,30656.69,32247.113,-1590.4232812500013
2025-05-05 02:00:00,29345.27,30828.98,-1483.7104687499996
2025-05-05 03:00:00,28689.7,30032.188,-1342.4874999999993
2025-05-05 04:00:00,28558.049999999996,29778.406,-1220.3562500000044
2025-05-05 05:00:00,28356.320000000003,29449.64,-1093.3206249999967
2025-05-05 06:00:00,28237.899999999998,29118.691,-880.7914062500022
2025-05-05 07:00:00,31191.169999999995,31958.35,-767.1796093750054
2025-05-05 08:00:00,37318.14,38636.727,-1318.5865625000006
2025-05-05 09:00:00,39944.22,41948.055,-2003.8346874999988
2025-05-05 10:00:00,40605.58,43024.664,-2419.0840624999983
2025-05-05 11:00:00,41567.46,43303.77,-1736.3095312500009
2025-05-05 12:00:00,40114.44000000001,42880.938,-2766.4974999999904
2025-05-05 13:00:00,40722.16,42982.85,-2260.6915624999965
2025-05-05 14:00:00,41004.87999999999,43448.773,-2443.89343750001
2025-05-05 15:00:00,40732.19,43619.41,-2887.2201562499977
2025-05-05 16:00:00,40513.76999999999,43389.266,-2875.4956250000105
2025-05-05 17:00:00,40489.79,43298.156,-2808.366249999999
2025-05-05 18:00:00,39846.81999999999,42613.953,-2767.1331250000076
2025-05-05 19:00:00,40695.83,42800.203,-2104.3731249999983
2025-05-05 20:00:00,42012.26000000001,43641.81,-1629.5485937499907
2025-05-05 21:00:00,41069.270000000004,43091.8,-2022.530781249996
2025-05-05 22:00:00,39124.37,41361.875,-2237.5049999999974
2025-05-05 23:00:00,37518.53,39344.125,-1825.5950000000012
2025-05-06 00:00:00,35272.24999999999,36697.625,-1425.3750000000073
2025-05-06 01:00:00,33301.49,34662.684,-1361.193593750002
2025-05-06 02:00:00,32191.100000000002,33357.07,-1165.9703124999978
2025-05-06 03:00:00,31409.460000000003,32311.834,-902.3739843749972
2025-05-06 04:00:00,31097.340000000004,32075.627,-978.2869531249962
2025-05-06 05:00:00,30634.15,31765.725,-1131.5746093749985
2025-05-06 06:00:00,30235.8,31402.629,-1166.8289062500007
2025-05-06 07:00:00,32661.130000000005,33809.027,-1147.8973437499953
2025-05-06 08:00:00,38324.689999999995,39681.484,-1356.794375000005
2025-05-06 09:00:00,40664.47000000001,42332.152,-1667.6823437499916
2025-05-06 10:00:00,41347.73,43409.72,-2061.988749999997
2025-05-06 11:00:00,42316.41,43811.35,-1494.9415624999965
2025-05-06 12:00:00,40914.85,43099.582,-2184.7320312500015
2025-05-06 13:00:00,41237.28,43341.68,-2104.399687500001
2025-05-06 14:00:00,41824.439999999995,44020.21,-2195.770937500005
2025-05-06 15:00:00,41522.219999999994,43980.375,-2458.155000000006
2025-05-06 16:00:00,41198.16000000001,43459.105,-2260.9454687499892
2025-05-06 17:00:00,41067.44000000001,43379.04,-2311.5990624999904
2025-05-06 18:00:00,40590.52,42658.203,-2067.683125000003
2025-05-06 19:00:00,40933.65,42684.7,-1751.0492187499985
2025-05-06 20:00:00,42983.35,43890.066,-906.7164062500015
2025-05-06 21:00:00,42063.78,43441.16,-1377.3801562500012
2025-05-06 22:00:00,40386.19999999999,41736.133,-1349.9328125000102
2025-05-06 23:00:00,37991.87,39921.004,-1929.1339062499974
2025-05-07 00:00:00,35951.22,36794.465,-843.2448437499988
2025-05-07 01:00:00,34270.57,35373.61,-1103.0393750000003
2025-05-07 02:00:00,32932.53,33514.67,-582.1418750000012
2025-05-07 03:00:00,32080.080000000005,32449.27,-369.1895312499946
2025-05-07 04:00:00,31649.75,32197.525,-547.775390625
2025-05-07 05:00:00,31270.699999999997,31890.697,-619.9972656250029
2025-05-07 06:00:00,30817.919999999995,31499.512,-681.5917187500054
2025-05-07 07:00:00,32924.33000000001,33846.266,-921.935624999991
2025-05-07 08:00:00,38528.350000000006,40303.906,-1775.5562499999942
2025-05-07 09:00:00,40898.01,42424.1,-1526.091562499998
2025-05-07 10:00:00,41916.88,43467.453,-1550.5731250000026
2025-05-07 11:00:00,42509.25000000001,43852.902,-1343.6523437499927
2025-05-07 12:00:00,41149.48,43136.824,-1987.3442187499968
2025-05-07 13:00:00,42079.39,43519.195,-1439.8053125000006
2025-05-07 14:00:00,43139.270000000004,44071.652,-932.3823437499959
2025-05-07 15:00:00,42726.61000000001,43957.254,-1230.6439062499921
2025-05-07 16:00:00,42473.58,43835.496,-1361.9160937499983
2025-05-07 17:00:00,41978.76,43738.29,-1759.529062499998
2025-05-07 18:00:00,41015.26000000001,42760.29,-1745.0290624999907
2025-05-07 19:00:00,41728.98,43204.297,-1475.3168749999968
2025-05-07 20:00:00,43272.81,44044.863,-772.0532812500023
2025-05-07 21:00:00,42015.75,43627.3,-1611.55078125
2025-05-07 22:00:00,40611.9,41928.566,-1316.6664062499985
2025-05-07 23:00:00,38635.19,39855.918,-1220.7279687499977
2025-05-08 00:00:00,36046.18,37065.008,-1018.8278124999997
2025-05-08 01:00:00,34225.270000000004,35547.45,-1322.179218749996
2025-05-08 02:00:00,33044.34,33495.293,-450.9529687500035
2025-05-08 03:00:00,32389.05,32453.262,-64.21171875000073
2025-05-08 04:00:00,31963.519999999997,32184.1,-220.5796093750032
2025-05-08 05:00:00,31347.87,31877.336,-529.465937500001
2025-05-08 06:00:00,30965.469999999998,31511.357,-545.8874218750025
2025-05-08 07:00:00,33460.59,34323.73,-863.1404687500035
2025-05-08 08:00:00,38595.84999999999,40534.887,-1939.0367187500087
2025-05-08 09:00:00,41102.689999999995,42505.98,-1403.290468750005
2025-05-08 10:00:00,42405.189999999995,43631.53,-1226.341250000005
2025-05-08 11:00:00,42980.2,43873.32,-893.1203125000029
2025-05-08 12:00:00,41239.34,43394.5,-2155.1600000000035
2025-05-08 13:00:00,42144.87,43821.176,-1676.3057812499974
2025-05-08 14:00:00,43022.32,44271.527,-1249.2073437500003
2025-05-08 15:00:00,41885.89,44118.656,-2232.7662500000006
2025-05-08 16:00:00,42150.03,44064.023,-1913.9934375000012
2025-05-08 17:00:00,42106.86,43992.305,-1885.4446874999994
2025-05-08 18:00:00,41177.46000000001,42988.715,-1811.2548437499936
2025-05-08 19:00:00,41784.27,43348.84,-1564.5698437500032
2025-05-08 20:00:00,43050.18000000001,44223.46,-1173.2809374999924
2025-05-08 21:00:00,42242.17,43744.203,-1502.0331250000017
2025-05-08 22:00:00,39908.98000000001,42230.004,-2321.0239062499895
2025-05-08 23:00:00,37809.76,40073.594,-2263.833749999998
2025-05-09 00:00:00,36096.61000000001,37055.117,-958.5071874999921
2025-05-09 01:00:00,34194.28,35524.676,-1330.3957812500012
2025-05-09 02:00:00,32761.539999999997,33484.477,-722.9365625000028
2025-05-09 03:00:00,31995.699999999997,32764.094,-768.3937500000029
2025-05-09 04:00:00,31592.200000000004,32122.236,-530.0363281249956
2025-05-09 05:00:00,30658.400000000005,31831.125,-1172.724999999995
2025-05-09 06:00:00,30929.55,31457.002,-527.4519531250007
2025-05-09 07:00:00,33146.93,34243.797,-1096.8668749999997
2025-05-09 08:00:00,38665.35,40503.926,-1838.5757812500015
2025-05-09 09:00:00,41076.79000000001,42811.945,-1735.1553124999919
2025-05-09 10:00:00,42060.15,43579.78,-1519.6312499999985
2025-05-09 11:00:00,42598.03999999999,43902.047,-1304.0068750000064
2025-05-09 12:00:00,40787.35,43428.766,-2641.4156250000015
2025-05-09 13:00:00,40508.26999999999,43669.72,-3161.4487500000105
2025-05-09 14:00:00,42772.20999999999,44256.465,-1484.2548437500081
2025-05-09 15:00:00,42007.29,44207.97,-2200.678749999999
2025-05-09 16:00:00,41841.23,43958.53,-2117.301249999997
2025-05-09 17:00:00,41648.649999999994,43870.004,-2221.353906250006
2025-05-09 18:00:00,40676.57,43162.293,-2485.7229687500003
2025-05-09 19:00:00,41443.329999999994,43407.32,-1963.9903125000055
2025-05-09 20:00:00,42963.69000000001,44135.555,-1171.8646874999904
2025-05-09 21:00:00,41918.93,43650.52,-1731.5895312499997
2025-05-09 22:00:00,39737.65,41560.06,-1822.4085937499985
2025-05-09 23:00:00,38184.560000000005,39902.92,-1718.361874999995
2025-05-10 00:00:00,36305.32000000001,36648.906,-343.586249999993
2025-05-10 01:00:00,34466.08999999999,35460.363,-994.2732812500108
2025-05-10 02:00:00,33217.19999999999,33417.4,-200.1984375000102
2025-05-10 03:00:00,32244.190000000002,32359.555,-115.36468749999767
2025-05-10 04:00:00,31722.429999999997,32116.188,-393.75750000000335
2025-05-10 05:00:00,30939.049999999996,31374.773,-435.72343750000437
2025-05-10 06:00:00,30167.869999999995,31002.441,-834.5714062500047
2025-05-10 07:00:00,31345.580000000005,32129.496,-783.9160937499946
2025-05-10 08:00:00,35917.94,37022.168,-1104.2279687499977
2025-05-10 09:00:00,38720.63,39412.277,-691.6473437500026
2025-05-10 10:00:00,40554.23,41378.586,-824.3559374999968
2025-05-10 11:00:00,41492.48999999999,42254.996,-762.5060937500093
2025-05-10 12:00:00,40572.76,41273.527,-700.767343749998
2025-05-10 13:00:00,40926.38999999999,41699.496,-773.1060937500079
2025-05-10 14:00:00,40866.049999999996,42248.34,-1382.2898437500044
2025-05-10 15:00:00,39930.01,41957.504,-2027.493906249998
2025-05-10 16:00:00,39369.049999999996,41657.94,-2288.8914062500044
2025-05-10 17:00:00,39316.53,41830.36,-2513.829375000001
2025-05-10 18:00:00,39426.579999999994,41199.418,-1772.8379687500055
2025-05-10 19:00:00,40247.19,41278.66,-1031.4701562499977
2025-05-10 20:00:00,41526.73,42044.133,-517.4028124999968
2025-05-10 21:00:00,40550.34999999999,41433.703,-883.3531250000087
2025-05-10 22:00:00,38894.28,39409.62,-515.3410937500012
2025-05-10 23:00:00,37351.71,37658.543,-306.8329687500009
2025-05-11 00:00:00,34893.82,34854.1,39.71843749999971
2025-05-11 01:00:00,32821.51,33463.258,-641.747812499998
2025-05-11 02:00:00,31528.719999999998,31624.312,-95.59250000000247
2025-05-11 03:00:00,30522.369999999995,30965.291,-442.92101562500466
2025-05-11 04:00:00,30061.599999999995,30389.209,-327.6089843750051
2025-05-11 05:00:00,29103.959999999995,29495.637,-391.6767187500045
2025-05-11 06:00:00,27946.05,28470.08,-524.0300781250007
2025-05-11 07:00:00,28133.419999999995,28629.81,-496.3905468750054
2025-05-11 08:00:00,29921.85,29897.68,24.170312499998545
2025-05-11 09:00:00,31727.249999999996,31762.223,-34.97265625000364
2025-05-11 10:00:00,33537.29,33752.2,-214.90921874999913
2025-05-11 11:00:00,34365.86,35086.266,-720.4056249999994
2025-05-11 12:00:00,34378.35999999999,35478.848,-1100.4876562500067
2025-05-11 13:00:00,34857.14,36339.164,-1482.0240625000006
2025-05-11 14:00:00,34676.86000000001,36557.68,-1880.8196874999921
2025-05-11 15:00:00,34169.26999999999,36191.203,-2021.9331250000105
2025-05-11 16:00:00,33962.87,36363.875,-2401.0049999999974
2025-05-11 17:00:00,34566.170000000006,36761.977,-2195.8065624999945
2025-05-11 18:00:00,35249.94,36831.71,-1581.7709374999977
2025-05-11 19:00:00,36320.24,37927.06,-1606.818593750002
2025-05-11 20:00:00,38254.8,39029.8,-775.0007812499971
2025-05-11 21:00:00,37803.29000000001,38037.887,-234.59671874999185
2025-05-11 22:00:00,36630.59999999999,36406.633,223.96718749999127
2025-05-11 23:00:00,35040.96,35286.605,-245.64546875000087
2025-05-12 00:00:00,33570.73999999999,34308.45,-737.7092187500093
2025-05-12 01:00:00,31793.439999999995,32367.943,-574.503359375005
2025-05-12 02:00:00,30560.049999999996,30981.785,-421.73515625000437
2025-05-12 03:00:00,29985.279999999995,30177.408,-192.1282031250048
2025-05-12 04:00:00,29709.820000000003,29904.04,-194.21906249999665
2025-05-12 05:00:00,29047.89,29574.578,-526.6881250000006
2025-05-12 06:00:00,28996.449999999997,29200.707,-204.2570312500029
2025-05-12 07:00:00,32133.05,32106.602,26.448437499999272
2025-05-12 08:00:00,38393.19,38788.83,-395.6381249999977
2025-05-12 09:00:00,41131.16,42132.5,-1001.3399999999965
2025-05-12 10:00:00,42357.44,43178.19,-820.7514062499977
2025-05-12 11:00:00,42922.49,43481.11,-558.619375000002
2025-05-12 12:00:00,41361.74,43126.31,-1764.568593750002
2025-05-12 13:00:00,42437.34,43346.56,-909.2185937500035
2025-05-12 14:00:00,43243.91,43792.12,-548.2110937499965
2025-05-12 15:00:00,42351.11000000001,43845.74,-1494.6282812499921
2025-05-12 16:00:00,42107.67,43538.78,-1431.1112500000017
2025-05-12 17:00:00,42153.91000000001,43461.12,-1307.2110937499892
2025-05-12 18:00:00,41421.44,42769.793,-1348.3529687499977
2025-05-12 19:00:00,41813.76,42893.883,-1080.122812499998
2025-05-12 20:00:00,43372.94999999999,43648.88,-275.9289062500102
2025-05-12 21:00:00,42449.25,43307.266,-858.015625
2025-05-12 22:00:00,40708.71000000001,41515.242,-806.5321874999936
2025-05-12 23:00:00,38598.15,39495.332,-897.1820312499985
2025-05-13 00:00:00,36427.95,36826.656,-398.7062500000029
2025-05-13 01:00:00,34539.67,34757.195,-217.52531250000175
2025-05-13 02:00:00,33475.469999999994,33478.34,-2.869843750006112
2025-05-13 03:00:00,32675.620000000003,32420.113,255.50671875000262
2025-05-13 04:00:00,32263.810000000005,32117.271,146.53851562500495
2025-05-13 05:00:00,31542.96,31819.725,-276.7646093750009
2025-05-13 06:00:00,31276.650000000005,31490.375,-213.7249999999949
2025-05-13 07:00:00,33851.20999999999,33880.375,-29.16500000000815
2025-05-13 08:00:00,39366.350000000006,39943.027,-576.6773437499942
2025-05-13 09:00:00,41440.75,42621.74,-1180.98828125
2025-05-13 10:00:00,42424.33,43467.383,-1043.0528124999983
2025-05-13 11:00:00,43186.54,43763.496,-576.9560937499991
2025-05-13 12:00:00,41768.72,43258.242,-1489.5221874999988
2025-05-13 13:00:00,42398.43000000001,43550.652,-1152.2223437499924
2025-05-13 14:00:00,43048.83,43858.31,-809.4785937499983
2025-05-13 15:00:00,42447.76,43965.54,-1517.779062499998
2025-05-13 16:00:00,42665.93,43637.23,-971.3004687499997
2025-05-13 17:00:00,42189.28,43346.652,-1157.3723437500012
2025-05-13 18:00:00,41445.68,42608.934,-1163.2535937499997
2025-05-13 19:00:00,41729.009999999995,42904.773,-1175.7634375000052
2025-05-13 20:00:00,43090.94999999999,43860.82,-769.8703125000102
2025-05-13 21:00:00,41899.73999999999,43424.605,-1524.8654687500093
2025-05-13 22:00:00,40717.83,41811.438,-1093.6074999999983
2025-05-13 23:00:00,38559.68,39979.312,-1419.6324999999997
2025-05-14 00:00:00,36506.78,36885.055,-378.27468750000116
2025-05-14 01:00:00,34363.69,35374.035,-1010.3451562499977
2025-05-14 02:00:00,33193.91,33614.957,-421.0470312499965
2025-05-14 03:00:00,32544.31,32466.775,77.53460937500131
2025-05-14 04:00:00,32158.460000000003,32216.799,-58.338828124997235
2025-05-14 05:00:00,31430.65,31918.77,-488.11953124999854
2025-05-14 06:00:00,31230.330000000005,31581.578,-351.2481249999946
2025-05-14 07:00:00,33222.08,34004.625,-782.5449999999983
2025-05-14 08:00:00,38842.14,40385.47,-1543.3287500000006
2025-05-14 09:00:00,41244.06,42759.168,-1515.1079687500023
2025-05-14 10:00:00,42449.1,43471.37,-1022.2710937500015
2025-05-14 11:00:00,42794.58999999999,43835.074,-1040.4842187500108
2025-05-14 12:00:00,41523.99,43308.434,-1784.443593750002
2025-05-14 13:00:00,41978.25,43436.363,-1458.11328125
2025-05-14 14:00:00,42765.240000000005,43837.13,-1071.8889062499948
2025-05-14 15:00:00,42383.83999999999,43769.023,-1385.1834375000108
2025-05-14 16:00:00,42008.73,43551.516,-1542.7856249999968
2025-05-14 17:00:00,42097.57,43373.445,-1275.8753125000003
2025-05-14 18:00:00,41018.28,42487.56,-1469.2785937500012
2025-05-14 19:00:00,41897.16,42944.34,-1047.1798437499965
2025-05-14 20:00:00,43398.8,43905.09,-506.2898437499971
2025-05-14 21:00:00,42498.96,43444.156,-945.1962500000009
2025-05-14 22:00:00,40767.29,41994.027,-1226.7373437499991
2025-05-14 23:00:00,37862.39,39949.223,-2086.8326562500006
2025-05-15 00:00:00,36307.61,37180.47,-872.8587499999994
2025-05-15 01:00:00,34364.560000000005,35612.465,-1247.904843749995
2025-05-15 02:00:00,33086.58000000001,33595.57,-508.990312499991
2025-05-15 03:00:00,32296.349999999995,32459.396,-163.0464843750051
2025-05-15 04:00:00,32033.93,32205.61,-171.6793749999997
2025-05-15 05:00:00,30838.869999999995,31893.504,-1054.6339062500047
2025-05-15 06:00:00,31110.410000000003,31561.76,-451.3497656249965
2025-05-15 07:00:00,32722.070000000003,34358.336,-1636.2659374999967
2025-05-15 08:00:00,38141.46,40580.816,-2439.356406250001
2025-05-15 09:00:00,40248.58000000001,42720.152,-2471.572343749991
2025-05-15 10:00:00,41344.45999999999,43535.17,-2190.711875000008
2025-05-15 11:00:00,42042.32,43806.984,-1764.6643750000003
2025-05-15 12:00:00,40515.0,43004.543,-2489.54296875
2025-05-15 13:00:00,41187.67,43469.336,-2281.6659375000017
2025-05-15 14:00:00,41331.47000000001,43880.883,-2549.4128124999916
2025-05-15 15:00:00,41682.01,43644.875,-1962.864999999998
2025-05-15 16:00:00,41438.67999999999,43450.11,-2011.429375000007
2025-05-15 17:00:00,41552.93,43379.973,-1827.0426562499997
2025-05-15 18:00:00,41079.509999999995,42502.23,-1422.7204687500052
2025-05-15 19:00:00,42000.39,42945.82,-945.4303125000006
2025-05-15 20:00:00,43891.49,43895.684,-4.193593750002037
2025-05-15 21:00:00,43329.7,43442.195,-112.49531250000291
2025-05-15 22:00:00,41154.23999999999,41978.016,-823.7756250000093
2025-05-15 23:00:00,39276.65,39988.63,-711.9789062499985
2025-05-16 00:00:00,37018.920000000006,37106.63,-87.70890624999447
2025-05-16 01:00:00,35044.310000000005,35573.504,-529.193906249995
2025-05-16 02:00:00,33624.07,33549.176,74.89421874999971
2025-05-16 03:00:00,32550.059999999998,32823.03,-272.9712500000023
2025-05-16 04:00:00,32384.330000000005,32186.744,197.58585937500538
2025-05-16 05:00:00,31771.949999999997,31869.475,-97.52460937500291
2025-05-16 06:00:00,31503.399999999998,31510.031,-6.631250000002183
2025-05-16 07:00:00,33690.17999999999,34294.727,-604.546562500007
2025-05-16 08:00:00,39596.16000000001,40532.953,-936.7931249999892
2025-05-16 09:00:00,42173.21000000001,42879.566,-706.3564062499936
2025-05-16 10:00:00,43117.22,43615.72,-498.49874999999884
2025-05-16 11:00:00,43846.96,43906.664,-59.70406250000087
2025-05-16 12:00:00,41571.45,43400.01,-1828.561718750003
2025-05-16 13:00:00,40774.49,43531.03,-2756.541250000002
2025-05-16 14:00:00,42840.14,44119.004,-1278.8639062500006
2025-05-16 15:00:00,42447.82,44111.656,-1663.8362500000003
2025-05-16 16:00:00,41761.64,43937.844,-2176.2037500000006
2025-05-16 17:00:00,42396.77999999999,43787.324,-1390.5442187500084
2025-05-16 18:00:00,41537.84999999999,42979.8,-1441.9507812500087
2025-05-16 19:00:00,41835.91,43181.887,-1345.9767187499965
2025-05-16 20:00:00,43072.47,44007.81,-935.3385937499988
2025-05-16 21:00:00,42314.78,43666.668,-1351.8879687500012
2025-05-16 22:00:00,40497.93,41701.934,-1204.0035937499997
2025-05-16 23:00:00,38783.549999999996,39916.51,-1132.9617187500044
2025-05-17 00:00:00,36428.39,36906.434,-478.0435937500006
2025-05-17 01:00:00,34805.119999999995,35671.69,-866.5714062500047
2025-05-17 02:00:00,33542.549999999996,33736.21,-193.66093750000437
2025-05-17 03:00:00,32441.650000000005,32569.828,-128.1781249999949
2025-05-17 04:00:00,32176.920000000002,32265.064,-88.14445312499811
2025-05-17 05:00:00,31311.04,31547.648,-236.60843749999913
2025-05-17 06:00:00,30419.83,31164.57,-744.7403124999983
2025-05-17 07:00:00,31656.620000000003,32304.775,-648.1553906249974
2025-05-17 08:00:00,35943.46,37281.727,-1338.2665625000009
2025-05-17 09:00:00,38666.53,39662.555,-996.0246875000012
2025-05-17 10:00:00,40064.02999999999,41618.434,-1554.4035937500084
2025-05-17 11:00:00,40999.0,42469.754,-1470.75390625
2025-05-17 12:00:00,40009.2,41559.62,-1550.421093750003
2025-05-17 13:00:00,40474.23,41990.043,-1515.8129687499968
2025-05-17 14:00:00,40516.340000000004,42628.6,-2112.261562499996
2025-05-17 15:00:00,39485.56,42248.35,-2762.7915625000023
2025-05-17 16:00:00,39412.15,41826.355,-2414.2054687499985
2025-05-17 17:00:00,39566.76999999999,42116.5,-2549.7300000000105
2025-05-17 18:00:00,39497.62999999999,41747.836,-2250.20593750001
2025-05-17 19:00:00,40185.19000000001,41991.594,-1806.4037499999904
2025-05-17 20:00:00,41619.45,42835.723,-1216.272656250003
2025-05-17 21:00:00,41110.41000000001,41858.29,-747.8790624999892
2025-05-17 22:00:00,39443.07000000001,39704.094,-261.023749999993
2025-05-17 23:00:00,37592.659999999996,37979.37,-386.7110937500038
2025-05-18 00:00:00,35368.8,34723.715,645.0851562500029
2025-05-18 01:00:00,33389.47000000001,33044.88,344.59109375000844
2025-05-18 02:00:00,32059.66,30588.48,1471.1795312499999
2025-05-18 03:00:00,31139.83,29776.162,1363.6678906250017
2025-05-18 04:00:00,30614.999999999996,29253.604,1361.3964843749964
2025-05-18 05:00:00,29493.309999999998,28348.004,1145.3060937499977
2025-05-18 06:00:00,28351.340000000004,27657.777,693.5626562500038
2025-05-18 07:00:00,28814.890000000003,27827.102,987.788437500003
2025-05-18 08:00:00,30499.889999999996,29404.855,1095.0345312499958
2025-05-18 09:00:00,32424.440000000002,31252.91,1171.5298437500023
2025-05-18 10:00:00,34413.69,33107.99,1305.7017187500023
2025-05-18 11:00:00,35115.6,34622.434,493.16640624999854
2025-05-18 12:00:00,34936.38999999999,34926.074,10.315781249992142
2025-05-18 13:00:00,34955.47,36049.56,-1094.0885937499988
2025-05-18 14:00:00,34668.6,36240.9,-1572.2984375000015
2025-05-18 15:00:00,34172.43000000001,35813.188,-1640.7574999999924
2025-05-18 16:00:00,34006.78,35996.25,-1989.4700000000012
2025-05-18 17:00:00,34524.62999999999,36525.5,-2000.87000000001
2025-05-18 18:00:00,34958.08000000001,36586.227,-1628.146562499991
2025-05-18 19:00:00,36003.39,37603.31,-1599.9185937500006
2025-05-18 20:00:00,37657.25000000001,38814.316,-1157.0664062499927
2025-05-18 21:00:00,37091.71,37842.562,-750.8525000000009
2025-05-18 22:00:00,35828.439999999995,36451.93,-623.489687500005
2025-05-18 23:00:00,34443.98,35349.02,-905.0395312499968
2025-05-19 00:00:00,32494.120000000003,32522.541,-28.42101562499738
2025-05-19 01:00:00,30622.91,29943.615,679.2947656249999
2025-05-19 02:00:00,29261.699999999997,28856.5,405.1999999999971
2025-05-19 03:00:00,28325.41,27934.188,391.22249999999985
2025-05-19 04:00:00,28028.549999999996,27583.742,444.80781249999563
2025-05-19 05:00:00,26995.08,27253.262,-258.18171874999825
2025-05-19 06:00:00,26497.88,27192.36,-694.479374999999
2025-05-19 07:00:00,28210.909999999996,29248.15,-1037.2403906250038
2025-05-19 08:00:00,31975.85,34912.78,-2936.9312500000015
2025-05-19 09:00:00,34905.53,36915.457,-2009.9270312500012
2025-05-19 10:00:00,36761.64000000001,37952.527,-1190.8873437499933
2025-05-19 11:00:00,37880.87000000001,38311.953,-431.0831249999901
2025-05-19 12:00:00,37312.67,37976.598,-663.9276562500017
2025-05-19 13:00:00,37488.76,38138.484,-649.724374999998
2025-05-19 14:00:00,37775.810000000005,38554.477,-778.666562499995
2025-05-19 15:00:00,37331.50000000001,38730.69,-1399.1914062499927
2025-05-19 16:00:00,37113.06,38634.88,-1521.8189062500023
2025-05-19 17:00:00,37220.28,38763.348,-1543.0676562500012
2025-05-19 18:00:00,37247.69,38609.816,-1362.1264062499977
2025-05-19 19:00:00,37919.81,38769.938,-850.1275000000023
2025-05-19 20:00:00,39843.24,38988.207,855.032968749998
2025-05-19 21:00:00,39275.25000000001,38839.324,435.9257812500073
2025-05-19 22:00:00,37624.829999999994,37970.312,-345.48250000000553
2025-05-19 23:00:00,35883.05,36820.133,-937.0828124999971
2025-05-20 00:00:00,34353.31,36405.457,-2052.1470312500023
2025-05-20 01:00:00,32458.599999999995,34143.89,-1685.290625000005
2025-05-20 02:00:00,31320.14,32404.246,-1084.1060937500006
2025-05-20 03:00:00,30729.07,31204.676,-475.6057812500003
2025-05-20 04:00:00,30221.429999999997,30956.092,-734.6617968750033
2025-05-20 05:00:00,29605.119999999995,30613.865,-1008.7452343750047
2025-05-20 06:00:00,29515.029999999995,30365.297,-850.2668750000048
2025-05-20 07:00:00,32338.759999999995,32841.254,-502.49390625000524
2025-05-20 08:00:00,38500.34999999999,39192.61,-692.2593750000087
2025-05-20 09:00:00,41437.43,42452.48,-1015.0504687499997
2025-05-20 10:00:00,42594.80000000001,43223.098,-628.2976562499898
2025-05-20 11:00:00,43455.6,43243.062,212.53749999999854
2025-05-20 12:00:00,41927.1,43033.88,-1106.7789062500015
2025-05-20 13:00:00,43101.65,43152.938,-51.287499999998545
2025-05-20 14:00:00,43771.3,43426.785,344.5148437500029
2025-05-20 15:00:00,43370.15000000001,43432.273,-62.12343749999127
2025-05-20 16:00:00,43070.17,43190.48,-120.31046875000175
2025-05-20 17:00:00,42556.65,43218.36,-661.7093749999985
2025-05-20 18:00:00,42048.69,42516.98,-468.2904687499977
2025-05-20 19:00:00,42672.38,42835.016,-162.63562500000262
2025-05-20 20:00:00,44147.08,43600.043,547.0370312500017
2025-05-20 21:00:00,43253.64,43206.598,47.04234374999942
2025-05-20 22:00:00,41656.41000000001,41589.684,66.72640625001077
2025-05-20 23:00:00,39483.44999999999,39213.18,270.2703124999898
2025-05-21 00:00:00,37080.44000000001,37001.312,79.1275000000096
2025-05-21 01:00:00,35308.53999999999,35481.01,-172.4717187500064
2025-05-21 02:00:00,33953.8,33726.156,227.6437500000029
2025-05-21 03:00:00,33164.73000000001,32597.41,567.3198437500105
2025-05-21 04:00:00,32565.99,32323.504,242.4860937500016
2025-05-21 05:00:00,31932.979999999996,32047.676,-114.69578125000407
2025-05-21 06:00:00,31948.040000000005,31656.297,291.7431250000045
2025-05-21 07:00:00,34447.74,34054.344,393.39624999999796
2025-05-21 08:00:00,39465.58,40484.805,-1019.2246874999983
2025-05-21 09:00:00,41966.44,42990.793,-1024.3529687499977
2025-05-21 10:00:00,43055.5,43859.74,-804.23828125
2025-05-21 11:00:00,43783.37000000001,44208.668,-425.2979687499901
2025-05-21 12:00:00,42226.01,43773.125,-1547.114999999998
2025-05-21 13:00:00,42741.8,44016.254,-1274.453906249997
2025-05-21 14:00:00,43698.479999999996,44642.492,-944.0121875000041
2025-05-21 15:00:00,43456.81,44738.312,-1281.5025000000023
2025-05-21 16:00:00,43215.53,44549.46,-1333.9309375000012
2025-05-21 17:00:00,42851.560000000005,44231.387,-1379.826718749995
2025-05-21 18:00:00,42376.1,43510.582,-1134.4820312500015
2025-05-21 19:00:00,43009.979999999996,43563.695,-553.7153125000041
2025-05-21 20:00:00,44570.05000000001,44369.246,200.8039062500102
2025-05-21 21:00:00,43812.32,43862.195,-49.87531250000029
2025-05-21 22:00:00,41854.0,42115.242,-261.2421875
2025-05-21 23:00:00,39918.71,40032.0,-113.29000000000087
2025-05-22 00:00:00,37309.98,37344.176,-34.1957812499968
2025-05-22 01:00:00,35464.46,35852.24,-387.7782812500009
2025-05-22 02:00:00,33949.36,33865.844,83.51625000000058
2025-05-22 03:00:00,32990.719999999994,32675.654,315.0657031249939
2025-05-22 04:00:00,32635.519999999997,32473.023,162.4965624999968
2025-05-22 05:00:00,31649.079999999998,32138.445,-489.3653125000019
2025-05-22 06:00:00,31813.65,31709.08,104.56992187500146
2025-05-22 07:00:00,34134.88,34569.332,-434.4520312500026
2025-05-22 08:00:00,39714.75,40798.062,-1083.3125
2025-05-22 09:00:00,42243.18,43254.4,-1011.2184374999997
2025-05-22 10:00:00,43285.69999999999,44000.363,-714.6632812500102
2025-05-22 11:00:00,44320.41,44416.953,-96.54312499999651
2025-05-22 12:00:00,42952.75,44009.1,-1056.3515625
2025-05-22 13:00:00,43585.880000000005,44744.668,-1158.7879687499953
2025-05-22 14:00:00,44856.66,44969.31,-112.64859374999651
2025-05-22 15:00:00,44516.13,46376.617,-1860.4871875000026
2025-05-22 16:00:00,44754.81999999999,45730.867,-976.0471875000076
2025-05-22 17:00:00,43621.30000000001,45177.34,-1556.0398437499898
2025-05-22 18:00:00,43611.32,43838.355,-227.0354687500003
2025-05-22 19:00:00,43668.12999999999,43961.22,-293.0887500000099
2025-05-22 20:00:00,45054.11,44716.477,337.6334375000006
2025-05-22 21:00:00,44213.829999999994,44199.61,14.22062499999447
2025-05-22 22:00:00,42348.07,42403.668,-55.59796875000029
2025-05-22 23:00:00,40133.07,40278.848,-145.7776562500003
2025-05-23 00:00:00,37567.45999999999,37571.246,-3.786093750008149
2025-05-23 01:00:00,35533.14000000001,35965.49,-432.3482812499933
2025-05-23 02:00:00,34213.41,33893.79,319.6209375000035
2025-05-23 03:00:00,33198.94999999999,33057.86,141.0906249999898
2025-05-23 04:00:00,32813.44,32374.05,439.3892187500023
2025-05-23 05:00:00,32032.639999999996,32101.512,-68.87171875000422
2025-05-23 06:00:00,31819.520000000004,31683.38,136.13914062500407
2025-05-23 07:00:00,34278.09,34541.26,-263.1717187500035
2025-05-23 08:00:00,40058.229999999996,40877.53,-819.3012500000041
2025-05-23 09:00:00,43093.83,43157.76,-63.931718749998254
2025-05-23 10:00:00,44081.99,43982.625,99.36499999999796
2025-05-23 11:00:00,44421.14,44386.324,34.81578124999942
2025-05-23 12:00:00,43214.87999999999,44863.605,-1648.72546875001
2025-05-23 13:00:00,43641.83000000001,45266.71,-1624.880937499991
2025-05-23 14:00:00,45034.91,46209.254,-1174.3439062499965
2025-05-23 15:00:00,44288.219999999994,46238.918,-1950.697968750006
2025-05-23 16:00:00,44493.41,45073.844,-580.4337499999965
2025-05-23 17:00:00,44371.94000000001,45686.695,-1314.7553124999904
2025-05-23 18:00:00,43616.73,43981.04,-364.3090624999968
2025-05-23 19:00:00,43728.90000000001,44546.086,-817.1859374999913
2025-05-23 20:00:00,45109.85999999999,46252.074,-1142.2142187500067
2025-05-23 21:00:00,44222.759999999995,44714.27,-491.50953125000524
2025-05-23 22:00:00,42129.64,42293.777,-164.13734375000058
2025-05-23 23:00:00,40251.9,40595.75,-343.84999999999854
2025-05-24 00:00:00,37806.280000000006,37453.324,352.9557812500061
2025-05-24 01:00:00,35874.770000000004,36086.484,-211.71437499999593
2025-05-24 02:00:00,34053.55,33911.703,141.8468750000029
2025-05-24 03:00:00,33113.97,32688.818,425.15164062500116
2025-05-24 04:00:00,32536.989999999998,32477.258,59.73218749999796
2025-05-24 05:00:00,31467.67,31689.373,-221.70304687500175
2025-05-24 06:00:00,30958.859999999997,31277.28,-318.41929687500306
2025-05-24 07:00:00,32695.089999999997,32967.71,-272.6209375000035
2025-05-24 08:00:00,37327.33,38428.043,-1100.7129687499983
2025-05-24 09:00:00,40404.56,40017.93,386.6303124999977
2025-05-24 10:00:00,42148.65,42084.45,64.20078125000146
2025-05-24 11:00:00,43043.4,43981.3,-937.9007812499985
2025-05-24 12:00:00,42241.42999999999,42819.65,-578.218437500007
2025-05-24 13:00:00,42771.43,44253.0,-1481.5699999999997
2025-05-24 14:00:00,42939.37,44698.098,-1758.7276562499974
2025-05-24 15:00:00,42415.36000000001,43609.9,-1194.5384374999921
2025-05-24 16:00:00,41755.46,43798.125,-2042.6650000000009
2025-05-24 17:00:00,41642.32000000001,44231.066,-2588.746406249993
2025-05-24 18:00:00,41271.4,43331.914,-2060.5140624999985
2025-05-24 19:00:00,42046.36000000001,43316.504,-1270.1439062499921
2025-05-24 20:00:00,43386.67,44138.09,-751.4198437500017
2025-05-24 21:00:00,42711.74,43302.54,-590.799062500002
2025-05-24 22:00:00,40724.28,40560.395,163.88546874999884
2025-05-24 23:00:00,38537.62,38565.863,-28.24328124999738
2025-05-25 00:00:00,35846.3,35583.62,262.6789062500029
2025-05-25 01:00:00,33994.89000000001,33967.094,27.796250000006694
2025-05-25 02:00:00,32425.71,31996.61,429.1006249999991
2025-05-25 03:00:00,31350.510000000002,31279.676,70.83421875000204
2025-05-25 04:00:00,30945.3,30739.652,205.64765624999927
2025-05-25 05:00:00,29650.650000000005,29822.996,-172.3460937499949
2025-05-25 06:00:00,28577.460000000003,28679.232,-101.77242187499724
2025-05-25 07:00:00,28583.300000000003,28883.441,-300.1414062499971
2025-05-25 08:00:00,31087.89,30816.662,271.2278906249994
2025-05-25 09:00:00,33181.09,32270.684,910.4064062499965
2025-05-25 10:00:00,35235.079999999994,34553.715,681.3651562499945
2025-05-25 11:00:00,36447.1,36140.797,306.30312499999854
2025-05-25 12:00:00,36613.310000000005,37548.44,-935.131406249995
2025-05-25 13:00:00,37189.68,38453.117,-1263.4371874999997
2025-05-25 14:00:00,37067.91999999999,39008.793,-1940.872968750009
2025-05-25 15:00:00,36645.75000000001,38062.68,-1416.9296874999927
2025-05-25 16:00:00,36698.5,38434.402,-1735.90234375
2025-05-25 17:00:00,36805.67,38886.094,-2080.4237500000017
2025-05-25 18:00:00,36487.4,38645.145,-2157.7445312499985
2025-05-25 19:00:00,37087.79,38900.316,-1812.5264062499991
2025-05-25 20:00:00,39183.17,40240.582,-1057.4120312500017
2025-05-25 21:00:00,38644.07000000001,39171.3,-527.230781249993
2025-05-25 22:00:00,37190.22,37123.664,66.55593750000116
2025-05-25 23:00:00,36148.33,36322.367,-174.03718749999825
2025-05-26 00:00:00,34787.66,34292.363,495.2967187500035
2025-05-26 01:00:00,32713.780000000002,32261.72,452.0592968750025
2025-05-26 02:00:00,31502.55,30822.438,680.1124999999993
2025-05-26 03:00:00,30798.14,30004.365,793.7747656249994
2025-05-26 04:00:00,30395.679999999997,29678.758,716.9221874999967
2025-05-26 05:00:00,29652.130000000005,29384.932,267.19835937500466
2025-05-26 06:00:00,29987.67,29051.152,936.5176562499983
2025-05-26 07:00:00,33291.94,31939.404,1352.5357031250023
2025-05-26 08:00:00,39645.4,38671.766,973.6343750000015
2025-05-26 09:00:00,42965.04,42113.594,851.4462500000009
2025-05-26 10:00:00,44458.96,43252.105,1206.8545312499991
2025-05-26 11:00:00,45345.25000000001,43648.96,1696.2890625000073
2025-05-26 12:00:00,43991.05,43261.938,729.1125000000029
2025-05-26 13:00:00,44356.20999999999,43440.23,915.9795312499919
2025-05-26 14:00:00,45322.41999999999,44000.945,1321.474687499991
2025-05-26 15:00:00,45128.08,44007.59,1120.4901562500017
2025-05-26 16:00:00,44641.24,43824.742,816.497812499998
2025-05-26 17:00:00,44155.920000000006,43620.04,535.8809375000055
2025-05-26 18:00:00,42750.7,42960.285,-209.5851562500029
2025-05-26 19:00:00,42724.23000000001,43092.848,-368.6176562499895
2025-05-26 20:00:00,44227.07000000001,43983.1,243.96843750000698
2025-05-26 21:00:00,43642.29,43616.832,25.457968750000873
2025-05-26 22:00:00,41690.75,41794.418,-103.66796875
2025-05-26 23:00:00,39810.049999999996,39594.68,215.37031249999563
2025-05-27 00:00:00,37293.11,36652.336,640.7740625000006
2025-05-27 01:00:00,35451.38,34562.473,888.9073437499974
2025-05-27 02:00:00,34126.35,33221.598,904.7523437499985
2025-05-27 03:00:00,33036.53,32160.371,876.1589062499988
2025-05-27 04:00:00,32143.250000000004,31867.834,275.41601562500364
2025-05-27 05:00:00,31587.670000000002,31619.928,-32.25773437499811
2025-05-27 06:00:00,31835.549999999996,31247.678,587.8722656249956
2025-05-27 07:00:00,34595.23,33656.28,938.9487500000032
2025-05-27 08:00:00,40131.38,39855.168,276.2120312499974
2025-05-27 09:00:00,42608.94,42299.95,308.9907812500023
2025-05-27 10:00:00,43566.16,43384.027,182.1326562500035
2025-05-27 11:00:00,44362.36,43796.49,565.8717187500006
2025-05-27 12:00:00,42824.1,43328.46,-504.36093750000146
2025-05-27 13:00:00,43564.65,43698.496,-133.84609374999854
2025-05-27 14:00:00,44210.58999999999,44123.836,86.75406249998923
2025-05-27 15:00:00,43972.32,44146.29,-173.9690625000003
2025-05-27 16:00:00,44015.47,43716.215,299.25515625000116
2025-05-27 17:00:00,43458.83999999999,43536.125,-77.28500000001077
2025-05-27 18:00:00,42546.06,42541.07,4.989687499997672
2025-05-27 19:00:00,42907.13999999999,42653.027,254.11265624999214
2025-05-27 20:00:00,44235.77,43895.85,339.9184374999968
2025-05-27 21:00:00,43489.41,43331.73,157.6795312500035
2025-05-27 22:00:00,41620.21000000001,41719.734,-99.5243749999936
2025-05-27 23:00:00,39469.310000000005,39776.08,-306.76812499999505
2025-05-28 00:00:00,36892.91000000001,36589.54,303.37093750001077
2025-05-28 01:00:00,35030.30999999999,35153.68,-123.3696875000096
2025-05-28 02:00:00,33549.1,33273.332,275.76796874999854
2025-05-28 03:00:00,32886.91,32213.14,673.7693750000035
2025-05-28 04:00:00,32475.879999999997,31906.4,569.4796093749974
2025-05-28 05:00:00,31748.419999999995,31599.494,148.92585937499462
2025-05-28 06:00:00,31712.410000000003,31223.342,489.0682031250035
2025-05-28 07:00:00,34314.17,33626.727,687.4434374999983
2025-05-28 08:00:00,39580.130000000005,40041.94,-461.81140624999534
2025-05-28 09:00:00,42153.659999999996,42376.223,-222.56265625000378
2025-05-28 10:00:00,43236.719999999994,43232.414,4.305937499993888
2025-05-28 11:00:00,43814.12,43484.984,329.1356250000026
2025-05-28 12:00:00,42488.49,43000.215,-511.72484375000204
2025-05-28 13:00:00,43308.72000000001,43234.516,74.20437500000844
2025-05-28 14:00:00,43889.33000000001,43736.004,153.32609375000902
2025-05-28 15:00:00,43582.06999999999,43680.26,-98.19171875000757
2025-05-28 16:00:00,43647.21,43455.312,191.89749999999913
2025-05-28 17:00:00,43496.34,43182.2,314.1407812499965
2025-05-28 18:00:00,42425.85,42368.805,57.045312499998545
2025-05-28 19:00:00,42440.99,42516.984,-75.99437500000204
2025-05-28 20:00:00,43720.53,43726.387,-5.856718750001164
2025-05-28 21:00:00,43219.63,43347.914,-128.28406250000262
2025-05-28 22:00:00,41375.719999999994,41529.273,-153.5534375000061
2025-05-28 23:00:00,39301.98000000001,39664.387,-362.4067187499895
2025-05-29 00:00:00,36807.11000000001,36829.156,-22.046249999992142
2025-05-29 01:00:00,34936.09,35345.1,-409.0115625000035
2025-05-29 02:00:00,33542.94,33298.883,244.05718750000233
2025-05-29 03:00:00,32203.99,32197.1,6.890390625001601
2025-05-29 04:00:00,32218.349999999995,31886.137,332.2132812499949
2025-05-29 05:00:00,31544.250000000004,31595.86,-51.60937499999636
2025-05-29 06:00:00,31505.100000000002,31220.785,284.3148437500022
2025-05-29 07:00:00,33827.95,33979.7,-151.7492187500029
2025-05-29 08:00:00,39405.719999999994,40234.516,-828.7956250000061
2025-05-29 09:00:00,42097.759999999995,42243.797,-146.03687500000524
2025-05-29 10:00:00,43123.98999999999,43096.598,27.392343749990687
2025-05-29 11:00:00,43680.76999999999,43497.79,182.98093749998952
2025-05-29 12:00:00,42348.420000000006,42942.887,-594.4667187499945
2025-05-29 13:00:00,43360.22,43278.926,81.29421875000116
2025-05-29 14:00:00,43874.64,43759.09,115.55015624999942
2025-05-29 15:00:00,43729.02,43665.516,63.5043749999968
2025-05-29 16:00:00,43548.83,43356.387,192.44328125000175
2025-05-29 17:00:00,42896.99,43253.992,-357.00218750000204
2025-05-29 18:00:00,41396.71,42327.14,-930.4306250000009
2025-05-29 19:00:00,41247.58,42319.832,-1072.2520312499983
2025-05-29 20:00:00,42303.75,43633.406,-1329.65625
2025-05-29 21:00:00,41837.33999999999,43214.984,-1377.6443750000108
2025-05-29 22:00:00,40025.04,41606.543,-1581.5029687499991
2025-05-29 23:00:00,38135.810000000005,39639.848,-1504.037656249995
2025-05-30 00:00:00,35574.829999999994,36737.77,-1162.9395312500055
2025-05-30 01:00:00,34052.82,35256.81,-1203.9885937500003
2025-05-30 02:00:00,32874.98999999999,33221.137,-346.1467187500093
2025-05-30 03:00:00,31993.009999999995,32490.287,-497.27710937500524
2025-05-30 04:00:00,31755.849999999995,31803.07,-47.22031250000509
2025-05-30 05:00:00,30912.520000000004,31507.664,-595.1440624999959
2025-05-30 06:00:00,30612.82,31152.03,-539.2092968750003
2025-05-30 07:00:00,33249.68,33931.152,-681.4723437499997
2025-05-30 08:00:00,38544.04000000001,40157.31,-1613.2685937499919
2025-05-30 09:00:00,41263.219999999994,42261.11,-997.8893750000061
2025-05-30 10:00:00,41730.58,43147.23,-1416.6504687499983
2025-05-30 11:00:00,43078.45,43371.55,-293.1007812500029
2025-05-30 12:00:00,41052.00000000001,42804.918,-1752.9179687499927
2025-05-30 13:00:00,40803.34999999999,43113.027,-2309.6773437500087
2025-05-30 14:00:00,42862.69,43643.008,-780.3178124999977
2025-05-30 15:00:00,42990.41,43503.12,-512.7110937499965
2025-05-30 16:00:00,42553.09,43213.46,-660.3709375000035
2025-05-30 17:00:00,42263.53,43056.914,-793.3840625000012
2025-05-30 18:00:00,40890.51999999999,41966.605,-1076.0854687500105
2025-05-30 19:00:00,40674.47,42223.484,-1549.0143749999988
2025-05-30 20:00:00,41880.76,43607.848,-1727.087656249998
2025-05-30 21:00:00,41425.30000000001,43062.848,-1637.5476562499898
2025-05-30 22:00:00,39557.94,41139.887,-1581.9467187499977
2025-05-30 23:00:00,37796.91,39564.887,-1767.9767187499965
2025-05-31 00:00:00,35893.83,36369.496,-475.66609374999825
2025-05-31 01:00:00,33814.34,35248.836,-1434.4959375000035
2025-05-31 02:00:00,32525.260000000002,33237.652,-712.392343749998
2025-05-31 03:00:00,31597.610000000004,32131.34,-533.7298437499958
2025-05-31 04:00:00,31274.95,31803.838,-528.8878906249993
2025-05-31 05:00:00,30446.139999999996,31070.07,-623.9303125000042
2025-05-31 06:00:00,29787.290000000005,30692.178,-904.8877343749955
2025-05-31 07:00:00,30871.470000000005,31829.264,-957.7936718749952
2025-05-31 08:00:00,34852.58999999999,36714.973,-1862.3826562500108
2025-05-31 09:00:00,37447.05000000001,39066.63,-1619.5789062499898
2025-05-31 10:00:00,39031.84,41010.16,-1978.3201562500035
2025-05-31 11:00:00,39941.43,41828.812,-1887.3824999999997
2025-05-31 12:00:00,38869.45,40683.918,-1814.467968750003
2025-05-31 13:00:00,39416.06,41028.797,-1612.7368750000023
2025-05-31 14:00:00,39536.909999999996,41800.773,-2263.863437500004
2025-05-31 15:00:00,39083.479999999996,41428.996,-2345.516093750004
2025-05-31 16:00:00,38828.39,41131.25,-2302.8600000000006
2025-05-31 17:00:00,39016.80000000001,41300.836,-2284.03593749999
2025-05-31 18:00:00,38857.66,40671.125,-1813.4649999999965
2025-05-31 19:00:00,38902.82,40841.465,-1938.6448437500003
2025-05-31 20:00:00,40208.81,42048.484,-1839.6743750000023
2025-05-31 21:00:00,39741.95,41236.555,-1494.604687500003
2025-05-31 22:00:00,38258.479999999996,39118.426,-859.9457812500041
2025-05-31 23:00:00,35670.56,37428.234,-1757.6743750000023
2025-06-01 00:00:00,33758.78,35089.78,-1331.0012500000012
2025-06-01 01:00:00,31994.889999999996,33535.117,-1540.2271875000042
2025-06-01 02:00:00,30335.269999999997,31804.121,-1468.8510937500032
2025-06-01 03:00:00,29698.17,31154.754,-1456.5839062500017
2025-06-01 04:00:00,29203.16,30716.953,-1513.7931250000001
2025-06-01 05:00:00,28116.109999999997,29783.193,-1667.083359375003
2025-06-01 06:00:00,27211.88,29140.822,-1928.942265624999
2025-06-01 07:00:00,27323.070000000003,28749.76,-1426.6897656249967
2025-06-01 08:00:00,28930.200000000004,29810.27,-880.0695312499956
2025-06-01 09:00:00,30968.710000000003,31859.553,-890.8427343749972
2025-06-01 10:00:00,32748.52,33662.344,-913.8237499999996
2025-06-01 11:00:00,33705.29000000001,34820.83,-1115.5381249999919
2025-06-01 12:00:00,33756.01999999999,35468.355,-1712.3354687500105
2025-06-01 13:00:00,34164.8,37016.113,-2851.313281249997
2025-06-01 14:00:00,34447.11,37152.215,-2705.1048437499994
2025-06-01 15:00:00,33928.46,36780.41,-2851.950156250001
2025-06-01 16:00:00,33981.85,37658.508,-3676.6578125000015
2025-06-01 17:00:00,34212.72,37822.785,-3610.065156249999
2025-06-01 18:00:00,34876.8,37309.164,-2432.364062499997
2025-06-01 19:00:00,35607.03,38299.234,-2692.204375000001
2025-06-01 20:00:00,37131.08,40018.93,-2887.8496874999983
2025-06-01 21:00:00,37211.98,39331.97,-2119.988749999997
2025-06-01 22:00:00,35693.44,37188.13,-1494.6889062499977
2025-06-01 23:00:00,33981.06,35947.45,-1966.3892187500023
2025-06-02 00:00:00,32347.35,34985.465,-2638.1148437500015
2025-06-02 01:00:00,30516.960000000003,33000.06,-2483.0985937499972
2025-06-02 02:00:00,29409.550000000003,31513.416,-2103.866015624997
2025-06-02 03:00:00,28640.839999999997,30541.871,-1901.0310937500035
2025-06-02 04:00:00,28554.990000000005,30597.865,-2042.8752343749948
2025-06-02 05:00:00,27818.14,29942.465,-2124.3248437500006
2025-06-02 06:00:00,27659.2,29952.969,-2293.7687499999993
2025-06-02 07:00:00,30537.210000000003,32534.227,-1997.0165624999972
2025-06-02 08:00:00,36102.16999999999,38604.082,-2501.912031250009
2025-06-02 09:00:00,38831.88,42465.484,-3633.6043750000026
2025-06-02 10:00:00,40188.48,43041.16,-2852.680156249997
2025-06-02 11:00:00,41371.030000000006,43348.414,-1977.384062499994
2025-06-02 12:00:00,40241.84999999999,43192.344,-2950.4937500000087
2025-06-02 13:00:00,40566.73000000001,44470.613,-3903.8832812499895
2025-06-02 14:00:00,41554.14,44831.22,-3277.0787500000006
2025-06-02 15:00:00,41176.05999999999,44671.277,-3495.2173437500096
2025-06-02 16:00:00,41154.87,44655.64,-3500.7706249999974
2025-06-02 17:00:00,41048.75000000001,44501.97,-3453.2187499999927
2025-06-02 18:00:00,40104.700000000004,43287.047,-3182.3468749999956
2025-06-02 19:00:00,40000.20999999999,43281.14,-3280.930625000008
2025-06-02 20:00:00,41186.36,44596.42,-3410.0618749999994
2025-06-02 21:00:00,40795.170000000006,44521.36,-3726.1893749999945
2025-06-02 22:00:00,39043.65,42341.723,-3298.0726562499985
2025-06-02 23:00:00,37013.48999999999,40710.668,-3697.1779687500093
2025-06-03 00:00:00,34781.36,37672.75,-2891.3899999999994
2025-06-03 01:00:00,32948.51000000001,35365.703,-2417.1931249999907
2025-06-03 02:00:00,31540.33,34050.098,-2509.7676562499983
2025-06-03 03:00:00,30711.510000000002,32872.375,-2160.864999999998
2025-06-03 04:00:00,30489.87,32911.9,-2422.028437500001
2025-06-03 05:00:00,29659.320000000003,32247.832,-2588.5120312499967
2025-06-03 06:00:00,29579.81,32201.951,-2622.1411718749987
2025-06-03 07:00:00,31545.99,34287.95,-2741.9592187499984
2025-06-03 08:00:00,36958.670000000006,39956.242,-2997.5721874999945
2025-06-03 09:00:00,39163.85,43093.055,-3929.2046875000015
2025-06-03 10:00:00,40831.600000000006,43554.36,-2722.759374999994
2025-06-03 11:00:00,41536.74,43861.664,-2324.924062500002
2025-06-03 12:00:00,40448.43000000001,43812.074,-3363.6442187499924
2025-06-03 13:00:00,40952.189999999995,45071.965,-4119.774843750005
2025-06-03 14:00:00,41905.79,45687.652,-3781.862343749999
2025-06-03 15:00:00,41587.97,45651.484,-4063.514374999999
2025-06-03 16:00:00,41440.159999999996,45650.742,-4210.582187500004
2025-06-03 17:00:00,40970.73,45518.484,-4547.754374999997
2025-06-03 18:00:00,40075.3,44073.582,-3998.282031249997
2025-06-03 19:00:00,40025.36,43887.83,-3862.4681249999994
2025-06-03 20:00:00,41370.47,45159.695,-3789.225312499999
2025-06-03 21:00:00,40987.74,45092.758,-4105.017812500002
2025-06-03 22:00:00,39251.159999999996,43032.176,-3781.015781250004
2025-06-03 23:00:00,36365.25000000001,41229.17,-4863.921874999993
2025-06-04 00:00:00,34827.64,38119.72,-3292.0787500000006
2025-06-04 01:00:00,32978.159999999996,36179.8,-3201.640781250004
2025-06-04 02:00:00,31535.87,34282.875,-2747.005000000001
2025-06-04 03:00:00,30657.02,33197.984,-2540.9643749999996
2025-06-04 04:00:00,30347.059999999998,33142.72,-2795.6587500000023
2025-06-04 05:00:00,29288.290000000005,32502.385,-3214.0947656249955
2025-06-04 06:00:00,28489.39,32443.734,-3954.3443750000006
2025-06-04 07:00:00,31159.43,34451.582,-3292.1520312499997
2025-06-04 08:00:00,35793.80000000001,40582.082,-4788.28203124999
2025-06-04 09:00:00,38933.92,43451.2,-4517.279218750002
2025-06-04 10:00:00,40368.07000000001,43731.895,-3363.824531249993
2025-06-04 11:00:00,41198.68000000001,44034.56,-2835.8785937499924
2025-06-04 12:00:00,40244.56999999999,43980.816,-3736.2464062500076
2025-06-04 13:00:00,41249.38999999999,45300.434,-4051.043593750008
2025-06-04 14:00:00,41566.44000000001,45799.965,-4233.52484374999
2025-06-04 15:00:00,41115.68000000001,45766.125,-4650.444999999992
2025-06-04 16:00:00,40251.74,45642.344,-5390.603750000002
2025-06-04 17:00:00,39576.63999999999,45475.14,-5898.500625000008
2025-06-04 18:00:00,38637.850000000006,44319.926,-5682.075781249994
2025-06-04 19:00:00,38809.98000000001,44408.617,-5598.6371874999895
2025-06-04 20:00:00,40022.24,45592.92,-5570.681875000002
2025-06-04 21:00:00,40034.59,45427.938,-5393.3475000000035
2025-06-04 22:00:00,38242.509999999995,43402.89,-5160.380625000005
2025-06-04 23:00:00,35456.26,41544.598,-6088.337656249998
2025-06-05 00:00:00,33140.14,37354.633,-4214.492812500001
2025-06-05 01:00:00,30874.660000000003,35770.285,-4895.6251562499965
2025-06-05 02:00:00,29191.520000000004,33005.906,-3814.386249999996
2025-06-05 03:00:00,28195.79,31572.771,-3376.981484374999
2025-06-05 04:00:00,27561.560000000005,31640.428,-4078.867734374995
2025-06-05 05:00:00,26133.85,30552.37,-4418.5191406250015
2025-06-05 06:00:00,24946.43,30443.727,-5497.2965625
2025-06-05 07:00:00,25783.59,33428.26,-7644.67171875
2025-06-05 08:00:00,28296.04,39366.895,-11070.85453125
2025-06-05 09:00:00,30750.720000000005,41708.656,-10957.936249999995
2025-06-05 10:00:00,32868.18000000001,42505.746,-9637.566093749992
2025-06-05 11:00:00,33402.78,43316.16,-9913.380156250001
2025-06-05 12:00:00,33143.03,43366.684,-10223.653593750001
2025-06-05 13:00:00,32963.1,45000.13,-12037.028906250001
2025-06-05 14:00:00,33030.06,45544.938,-12514.877500000002
2025-06-05 15:00:00,32502.920000000002,45177.582,-12674.662031249998
2025-06-05 16:00:00,32087.940000000002,44223.734,-12135.794374999998
2025-06-05 17:00:00,32105.859999999997,43888.0,-11782.140000000003
2025-06-05 18:00:00,32679.9,42917.7,-10237.799218749999
2025-06-05 19:00:00,33218.49,42961.754,-9743.263906250002
2025-06-05 20:00:00,34393.29,44696.59,-10303.29984375
2025-06-05 21:00:00,34196.549999999996,44275.023,-10078.473437500004
2025-06-05 22:00:00,32803.64,42386.79,-9583.1490625
2025-06-05 23:00:00,30761.83,40185.207,-9423.377031249998
2025-06-06 00:00:00,28217.39,35204.81,-6987.418593750001
2025-06-06 01:00:00,25917.95,33765.156,-7847.206249999999
2025-06-06 02:00:00,24199.94,31485.16,-7285.220156250001
2025-06-06 03:00:00,23342.29,30221.648,-6879.358437499999
2025-06-06 04:00:00,23021.43,29573.729,-6552.298515625
2025-06-06 05:00:00,22446.330000000005,28759.676,-6313.345781249995
2025-06-06 06:00:00,22006.8,28479.281,-6472.481250000001
2025-06-06 07:00:00,22665.530000000002,31606.754,-8941.223906249998
2025-06-06 08:00:00,23695.909999999996,34899.543,-11203.632968750004
2025-06-06 09:00:00,24699.369999999995,35674.008,-10974.637812500005
2025-06-06 10:00:00,25283.450000000004,35955.0,-10671.549999999996
2025-06-06 11:00:00,25977.280000000002,36320.434,-10343.153593749998
2025-06-06 12:00:00,26555.039999999997,36229.203,-9674.163125000003
2025-06-06 13:00:00,27001.69,37822.094,-10820.403750000001
2025-06-06 14:00:00,27217.61,38870.086,-11652.4759375
2025-06-06 15:00:00,27117.629999999997,38566.105,-11448.475468750003
2025-06-06 16:00:00,27233.180000000004,38086.11,-10852.929374999996
2025-06-06 17:00:00,27723.329999999998,38217.746,-10494.416093750002
2025-06-06 18:00:00,28342.300000000003,37291.215,-8948.914843749997
2025-06-06 19:00:00,28910.940000000002,38175.324,-9264.384218749998
2025-06-06 20:00:00,30511.92,39894.7,-9382.779218750002
2025-06-06 21:00:00,30719.179999999997,39795.04,-9075.859062500003
2025-06-06 22:00:00,29673.130000000005,37777.387,-8104.256718749995
2025-06-06 23:00:00,28584.230000000003,36610.17,-8025.941874999997
2025-06-07 00:00:00,27397.949999999997,35003.29,-7605.339062500003
2025-06-07 01:00:00,25547.650000000005,33971.754,-8424.103906249995
2025-06-07 02:00:00,24291.340000000004,31574.936,-7283.595546874996
2025-06-07 03:00:00,23666.53,29842.975,-6176.444609375001
2025-06-07 04:00:00,23162.680000000004,29805.387,-6642.706718749996
2025-06-07 05:00:00,21817.640000000003,28306.723,-6489.082656249997
2025-06-07 06:00:00,21558.75,28181.621,-6622.87109375
2025-06-07 07:00:00,22266.489999999998,29162.676,-6896.185781250002
2025-06-07 08:00:00,24107.629999999997,33359.83,-9252.198125000003
2025-06-07 09:00:00,26154.150000000005,34437.74,-8283.588281249995
2025-06-07 10:00:00,28130.86,35430.41,-7299.550156249999
2025-06-07 11:00:00,29111.93,35617.117,-6505.1871875
2025-06-07 12:00:00,29509.860000000004,35130.945,-5621.085312499996
2025-06-07 13:00:00,29785.660000000003,36207.49,-6421.8282812499965
2025-06-07 14:00:00,29593.230000000003,36990.473,-7397.242656249997
2025-06-07 15:00:00,29363.020000000004,36791.637,-7428.616718749996
2025-06-07 16:00:00,29272.580000000005,36921.773,-7649.193437499995
2025-06-07 17:00:00,29683.850000000002,37710.85,-8027.001562499998
2025-06-07 18:00:00,29918.089999999997,36804.418,-6886.3279687500035
2025-06-07 19:00:00,30374.470000000005,37308.023,-6933.553437499995
2025-06-07 20:00:00,31891.719999999998,38757.934,-6866.2135937500025
2025-06-07 21:00:00,31922.800000000003,38682.973,-6760.172656249997
2025-06-07 22:00:00,30727.759999999995,36525.168,-5797.407968750005
2025-06-07 23:00:00,29579.149999999998,35298.426,-5719.275781250002
2025-06-08 00:00:00,28331.73,33366.27,-5034.53953125
2025-06-08 01:00:00,26431.229999999996,31786.854,-5355.623515625004
2025-06-08 02:00:00,25246.75,29635.111,-4388.361328125
2025-06-08 03:00:00,24433.179999999997,28899.637,-4466.456718750003
2025-06-08 04:00:00,23913.469999999998,28504.652,-4591.1823437500025
2025-06-08 05:00:00,22628.659999999996,27416.04,-4787.379062500004
2025-06-08 06:00:00,22188.729999999996,26833.871,-4645.141093750004
2025-06-08 07:00:00,23024.910000000003,26772.56,-3747.6505468749965
2025-06-08 08:00:00,24836.069999999996,28127.695,-3291.625312500004
2025-06-08 09:00:00,27148.55,29222.332,-2073.7820312500007
2025-06-08 10:00:00,29244.67,31208.73,-1964.0604687500017
2025-06-08 11:00:00,30348.88,32577.154,-2228.274296874999
2025-06-08 12:00:00,30792.370000000003,33119.01,-2326.6417187499974
2025-06-08 13:00:00,30957.959999999995,34301.16,-3343.2001562500045
2025-06-08 14:00:00,30945.950000000004,34877.574,-3931.6242187499956
2025-06-08 15:00:00,30795.599999999995,33972.45,-3176.849218750005
2025-06-08 16:00:00,30740.52,34314.805,-3574.2846874999996
2025-06-08 17:00:00,30999.219999999998,34644.418,-3645.1979687500025
2025-06-08 18:00:00,31208.31,34426.16,-3217.8501562499987
2025-06-08 19:00:00,31777.62,35474.35,-3696.731562500001
2025-06-08 20:00:00,33265.810000000005,36999.84,-3734.029843749995
2025-06-08 21:00:00,33201.19,36693.434,-3492.2435937499977
2025-06-08 22:00:00,32003.86,35512.227,-3508.3665624999994
2025-06-08 23:00:00,30734.890000000003,33854.434,-3119.543593749997
2025-06-09 00:00:00,28895.100000000002,33588.047,-4692.946874999998
2025-06-09 01:00:00,27074.43,30761.781,-3687.3512499999997
2025-06-09 02:00:00,25738.77,29615.262,-3876.4917187499996
2025-06-09 03:00:00,24911.619999999995,28562.264,-3650.6436718750047
2025-06-09 04:00:00,24366.089999999997,28695.469,-4329.3787500000035
2025-06-09 05:00:00,23246.71,27793.63,-4546.920859375001
2025-06-09 06:00:00,22869.359999999997,27691.193,-4821.833359375003
2025-06-09 07:00:00,23670.77,30016.582,-6345.81203125
2025-06-09 08:00:00,26076.610000000004,33651.902,-7575.292343749996
2025-06-09 09:00:00,28623.069999999996,35095.508,-6472.437812500004
2025-06-09 10:00:00,31241.910000000003,35531.35,-4289.4415624999965
2025-06-09 11:00:00,32826.22,35790.27,-2964.049531249999
2025-06-09 12:00:00,33396.380000000005,35579.125,-2182.7449999999953
2025-06-09 13:00:00,33959.59,37434.59,-3474.9998437500035
2025-06-09 14:00:00,33980.74,38342.715,-4361.974843750002
2025-06-09 15:00:00,33751.630000000005,37838.957,-4087.3270312499953
2025-06-09 16:00:00,33780.04,37941.023,-4160.983437499999
2025-06-09 17:00:00,34100.77999999999,38067.84,-3967.0598437500084
2025-06-09 18:00:00,34123.44,36734.77,-2611.3295312499977
2025-06-09 19:00:00,34463.54,36942.305,-2478.764687499999
2025-06-09 20:00:00,35853.98000000001,39510.855,-3656.8754687499895
2025-06-09 21:00:00,35889.63,39467.41,-3577.7801562500026
2025-06-09 22:00:00,34664.3,37560.535,-2896.235156249997
2025-06-09 23:00:00,33091.560000000005,36534.137,-3442.576718749995
2025-06-10 00:00:00,31611.270000000004,38768.676,-7157.405781249996
2025-06-10 01:00:00,29893.47,36028.57,-6135.100312499999
2025-06-10 02:00:00,28586.620000000003,33902.887,-5316.266718749997
2025-06-10 03:00:00,27826.869999999995,32446.219,-4619.348750000005
2025-06-10 04:00:00,27400.529999999995,32778.133,-5377.602812500005
2025-06-10 05:00:00,26681.72,31400.559,-4718.838593749999
2025-06-10 06:00:00,27036.629999999997,31232.688,-4196.057500000003
2025-06-10 07:00:00,29792.379999999997,33745.61,-3953.2293750000026
2025-06-10 08:00:00,36025.45999999999,39897.586,-3872.125937500008
2025-06-10 09:00:00,40457.15,43453.457,-2996.3070312499985
2025-06-10 10:00:00,42597.3,43885.52,-1288.219531249997
2025-06-10 11:00:00,43829.69999999999,44929.043,-1099.3429687500102
2025-06-10 12:00:00,43295.81999999999,44998.445,-1702.6253125000076
2025-06-10 13:00:00,44554.12999999999,45967.78,-1413.65125000001
2025-06-10 14:00:00,45613.87,46646.16,-1032.2901562499974
2025-06-10 15:00:00,45464.38,45920.582,-456.2020312500026
2025-06-10 16:00:00,45325.09,45382.49,-57.39828125000349
2025-06-10 17:00:00,44586.78,45192.105,-605.3254687500012
2025-06-10 18:00:00,43452.62999999999,44161.31,-708.6785937500099
2025-06-10 19:00:00,43312.62,44082.98,-770.3604687499974
2025-06-10 20:00:00,44366.60999999999,45391.05,-1024.4407812500067
2025-06-10 21:00:00,44283.990000000005,45360.688,-1076.6974999999948
2025-06-10 22:00:00,42398.24,42940.312,-542.072500000002
2025-06-10 23:00:00,40224.78999999999,41193.19,-968.4014062500064
2025-06-11 00:00:00,37005.22,41829.082,-4823.862031249999
2025-06-11 01:00:00,35008.95,40063.418,-5054.467968750003
2025-06-11 02:00:00,33656.35,36511.668,-2855.3179687500015
2025-06-11 03:00:00,32759.459999999995,35251.84,-2492.3798437500045
2025-06-11 04:00:00,32105.090000000004,36020.184,-3915.093593749996
2025-06-11 05:00:00,31222.679999999997,35202.61,-3979.9293750000033
2025-06-11 06:00:00,31898.24,35662.785,-3764.5451562499984
2025-06-11 07:00:00,33703.86,37178.285,-3474.4251562499994
2025-06-11 08:00:00,39553.67,43229.316,-3675.6464062500017
2025-06-11 09:00:00,42830.95,47239.773,-4408.823437500003
2025-06-11 10:00:00,44214.28,48531.277,-4316.997343750001
2025-06-11 11:00:00,45675.09999999999,49335.957,-3660.8570312500087
2025-06-11 12:00:00,44941.05999999999,49603.098,-4662.03765625001
2025-06-11 13:00:00,46408.31,50984.434,-4576.123593750002
2025-06-11 14:00:00,47542.80999999999,51791.156,-4248.34625000001
2025-06-11 15:00:00,47238.49,51084.035,-3845.545156250002
2025-06-11 16:00:00,46550.25000000001,50673.062,-4122.812499999993
2025-06-11 17:00:00,45705.62,50214.125,-4508.504999999997
2025-06-11 18:00:00,44043.310000000005,48373.27,-4329.959531249995
2025-06-11 19:00:00,44215.119999999995,47764.184,-3549.0635937500047
2025-06-11 20:00:00,45407.72,49258.137,-3850.416718749999
2025-06-11 21:00:00,45138.51,49740.816,-4602.306406249998
2025-06-11 22:00:00,43331.88999999999,46526.727,-3194.836562500008
2025-06-11 23:00:00,41303.01000000001,44455.082,-3152.0720312499907
2025-06-12 00:00:00,38800.3,42785.33,-3985.028124999997
2025-06-12 01:00:00,36750.97,41041.086,-4290.115937499999
2025-06-12 02:00:00,35127.74,38230.49,-3102.748281250002
2025-06-12 03:00:00,34195.15,36871.03,-2675.8812499999985
2025-06-12 04:00:00,33641.93,36745.5,-3103.5699999999997
2025-06-12 05:00:00,32536.130000000005,36122.664,-3586.5340624999953
2025-06-12 06:00:00,32510.620000000003,36165.387,-3654.7667187499974
2025-06-12 07:00:00,34904.5,38345.355,-3440.85546875
2025-06-12 08:00:00,40469.23000000001,45463.6,-4994.3715624999895
2025-06-12 09:00:00,43788.58,48226.85,-4438.271562499998
2025-06-12 10:00:00,45745.09,48481.844,-2736.7537500000035
2025-06-12 11:00:00,46994.88,49610.48,-2615.6004687500026
2025-06-12 12:00:00,46161.77,49688.03,-3526.261250000003
2025-06-12 13:00:00,47228.02,51463.07,-4235.050312500003
2025-06-12 14:00:00,48341.72,52543.605,-4201.885468749999
2025-06-12 15:00:00,48037.54,52112.55,-4075.010781249999
2025-06-12 16:00:00,47486.64,51967.21,-4480.570937500001
2025-06-12 17:00:00,47132.87,51411.13,-4278.258906249997
2025-06-12 18:00:00,45752.19999999999,49132.44,-3380.24140625001
2025-06-12 19:00:00,45417.47000000001,48261.402,-2843.9323437499916
2025-06-12 20:00:00,46441.23,49215.707,-2774.477031249997
2025-06-12 21:00:00,46223.76000000001,49711.355,-3487.5954687499907
2025-06-12 22:00:00,44478.54000000001,47204.273,-2725.733437499992
2025-06-12 23:00:00,42303.04,45949.29,-3646.249062499999
2025-06-13 00:00:00,39524.240000000005,42089.24,-2564.9982812499948
2025-06-13 01:00:00,37622.920000000006,40727.418,-3104.4979687499945
2025-06-13 02:00:00,36119.76,38297.773,-2178.013437499998
2025-06-13 03:00:00,34893.2,37286.33,-2393.128125000003
2025-06-13 04:00:00,34454.92,36638.906,-2183.9862500000017
2025-06-13 05:00:00,33507.56,35871.0,-2363.4400000000023
2025-06-13 06:00:00,33361.939999999995,35791.69,-2429.751406250005
2025-06-13 07:00:00,35551.79,38040.96,-2489.170937499999
2025-06-13 08:00:00,41293.55000000001,43926.89,-2633.34062499999
2025-06-13 09:00:00,44357.04,47193.1,-2836.061562499999
2025-06-13 10:00:00,46128.310000000005,48551.562,-2423.252499999995
2025-06-13 11:00:00,47261.28,49897.562,-2636.282500000001
2025-06-13 12:00:00,45621.07,49674.66,-4053.5901562500003
2025-06-13 13:00:00,45665.40000000001,51185.043,-5519.642968749991
2025-06-13 14:00:00,47718.33,52087.453,-4369.123124999998
2025-06-13 15:00:00,47525.04000000001,51359.24,-3834.198281249992
2025-06-13 16:00:00,46815.55,50944.223,-4128.672656249997
2025-06-13 17:00:00,46405.049999999996,49886.22,-3481.1687500000044
2025-06-13 18:00:00,44887.32,48280.473,-3393.1526562500003
2025-06-13 19:00:00,44678.380000000005,47811.977,-3133.5965624999953
2025-06-13 20:00:00,45701.25,49860.363,-4159.11328125
2025-06-13 21:00:00,45637.79000000001,49285.188,-3647.397499999992
2025-06-13 22:00:00,43918.759999999995,45920.18,-2001.4196875000052
2025-06-13 23:00:00,41739.07000000001,45087.984,-3348.914374999993
2025-06-14 00:00:00,39511.71,40768.97,-1257.2587500000009
2025-06-14 01:00:00,37537.22,38829.98,-1292.7604687499988
2025-06-14 02:00:00,35990.13,35723.07,267.0596874999974
2025-06-14 03:00:00,34921.95999999999,34550.145,371.81546874999185
2025-06-14 04:00:00,34205.73000000001,35202.613,-996.8832812499895
2025-06-14 05:00:00,32996.15,34070.4,-1074.2484374999985
2025-06-14 06:00:00,32562.41,34313.445,-1751.0353125000001
2025-06-14 07:00:00,33489.42999999999,34850.285,-1360.855156250007
2025-06-14 08:00:00,37284.64,39571.137,-2286.4967187500006
2025-06-14 09:00:00,40148.18,42372.062,-2223.8824999999997
2025-06-14 10:00:00,42117.61,43870.895,-1753.2845312499994
2025-06-14 11:00:00,43447.8,45246.723,-1798.922656249997
2025-06-14 12:00:00,42702.58,44784.598,-2082.0176562499983
2025-06-14 13:00:00,43465.100000000006,46578.395,-3113.294531249994
2025-06-14 14:00:00,43642.86000000001,46966.64,-3323.780624999992
2025-06-14 15:00:00,43301.43,45887.566,-2586.1364062499997
2025-06-14 16:00:00,42816.79,45613.535,-2796.745156249999
2025-06-14 17:00:00,42721.98999999999,46075.3,-3353.3107812500093
2025-06-14 18:00:00,42619.55,45326.805,-2707.254687499997
2025-06-14 19:00:00,42929.01,45328.414,-2399.404062499998
2025-06-14 20:00:00,43452.78,46695.215,-3242.434843750001
2025-06-14 21:00:00,43516.55,45888.535,-2371.985156249997
2025-06-14 22:00:00,41821.08999999999,43603.41,-1782.3201562500108
2025-06-14 23:00:00,39684.83,40819.812,-1134.9824999999983
2025-06-15 00:00:00,37343.91,37113.824,230.0857812500035
2025-06-15 01:00:00,35506.59,35266.863,239.7267187499965
2025-06-15 02:00:00,33981.530000000006,33420.758,560.7721875000061
2025-06-15 03:00:00,32974.12,32645.53,328.5907031250026
2025-06-15 04:00:00,32269.809999999998,32239.508,30.30218749999767
2025-06-15 05:00:00,30871.060000000005,31190.283,-319.22320312499505
2025-06-15 06:00:00,29858.23,30522.941,-664.7114062500004
2025-06-15 07:00:00,29864.460000000003,30154.83,-290.37007812499724
2025-06-15 08:00:00,31632.59,31229.775,402.81460937500015
2025-06-15 09:00:00,33657.009999999995,33195.527,461.48265624999476
2025-06-15 10:00:00,35586.37,35236.215,350.1551562500026
2025-06-15 11:00:00,36513.68,36384.695,128.9846875000003
2025-06-15 12:00:00,36762.24,37062.742,-300.50218750000204
2025-06-15 13:00:00,37333.450000000004,38999.266,-1665.8156249999956
2025-06-15 14:00:00,37801.42,39336.785,-1535.3651562500017
2025-06-15 15:00:00,37838.92,38842.086,-1003.1659375000017
2025-06-15 16:00:00,37665.34999999999,39590.1,-1924.7515625000087
2025-06-15 17:00:00,37578.579999999994,39840.188,-2261.6075000000055
2025-06-15 18:00:00,38015.59,39127.812,-1112.2225000000035
2025-06-15 19:00:00,38553.09,40143.492,-1590.4021875000035
2025-06-15 20:00:00,40031.60999999999,41874.438,-1842.8275000000067
2025-06-15 21:00:00,40144.80000000001,41126.746,-981.9460937499898
2025-06-15 22:00:00,38812.96,38902.99,-90.02828125000087
2025-06-15 23:00:00,37154.2,37700.855,-546.6554687500029
2025-06-16 00:00:00,35613.03999999999,36379.918,-766.8779687500064
2025-06-16 01:00:00,33894.37000000001,34307.742,-413.3721874999901
2025-06-16 02:00:00,32542.219999999998,32932.227,-390.0065625000025
2025-06-16 03:00:00,31621.289999999997,31862.865,-241.57523437500276
2025-06-16 04:00:00,31118.95,31913.684,-794.7335937499993
2025-06-16 05:00:00,30145.880000000005,31190.402,-1044.5223437499953
2025-06-16 06:00:00,30334.6,31147.43,-812.8296875000015
2025-06-16 07:00:00,32967.95,33745.723,-777.7726562500029
2025-06-16 08:00:00,39274.14,40022.457,-748.3170312500006
2025-06-16 09:00:00,42555.96,43715.78,-1159.8212500000009
2025-06-16 10:00:00,44013.88,44523.152,-509.2723437500026
2025-06-16 11:00:00,45337.99999999999,44915.316,422.6835937499927
2025-06-16 12:00:00,44177.57000000001,44827.207,-649.637031249993
2025-06-16 13:00:00,45577.369999999995,46227.383,-650.0128125000047
2025-06-16 14:00:00,46584.47,46930.508,-346.03781249999884
2025-06-16 15:00:00,46137.25000000001,46955.145,-817.8945312499927
2025-06-16 16:00:00,46060.840000000004,46924.75,-863.9099999999962
2025-06-16 17:00:00,45456.95,46662.69,-1205.741406250003
2025-06-16 18:00:00,44535.44,45313.504,-778.0639062499977
2025-06-16 19:00:00,44221.82,45267.51,-1045.6917187500003
2025-06-16 20:00:00,45397.549999999996,46764.055,-1366.5046875000044
2025-06-16 21:00:00,45378.87999999999,46300.465,-921.5848437500099
2025-06-16 22:00:00,43534.79000000001,43659.145,-124.35453124999185
2025-06-16 23:00:00,41466.02,42044.723,-578.7026562500032
2025-06-17 00:00:00,38960.96,39001.9,-40.93843750000087
2025-06-17 01:00:00,37095.82,36910.203,185.6168749999997
2025-06-17 02:00:00,35648.659999999996,35600.97,47.69124999999622
2025-06-17 03:00:00,34528.64,34290.207,238.43296874999942
2025-06-17 04:00:00,34289.51,34236.156,53.35375000000204
2025-06-17 05:00:00,33346.86,33471.355,-124.49546874999942
2025-06-17 06:00:00,33085.78,33403.816,-318.03640625000116
2025-06-17 07:00:00,34996.82,35548.227,-551.4065625000003
2025-06-17 08:00:00,40793.89000000001,40764.33,29.561875000006694
2025-06-17 09:00:00,43463.76000000001,43948.316,-484.5564062499907
2025-06-17 10:00:00,44910.21,44544.598,365.6123437499991
2025-06-17 11:00:00,45734.62,44925.668,808.9520312500026
2025-06-17 12:00:00,44559.05000000001,45536.26,-977.2117187499898
2025-06-17 13:00:00,46079.87,46922.895,-843.0245312499974
2025-06-17 14:00:00,47624.740000000005,47920.574,-295.83421874999476
2025-06-17 15:00:00,46523.78999999999,48148.344,-1624.5537500000064
2025-06-17 16:00:00,46738.43,47229.254,-490.8239062499997
2025-06-17 17:00:00,46172.99,46938.785,-765.795156250002
2025-06-17 18:00:00,45076.01,45170.02,-94.00953124999796
2025-06-17 19:00:00,44735.31,45002.11,-266.7993750000023
2025-06-17 20:00:00,45807.62,46323.957,-516.3370312499974
2025-06-17 21:00:00,45711.340000000004,46778.344,-1067.0037499999962
2025-06-17 22:00:00,43866.96000000001,44098.51,-231.5517187499936
2025-06-17 23:00:00,41680.44,42297.438,-616.9974999999977
2025-06-18 00:00:00,39205.69000000001,39281.13,-75.4389062499904
2025-06-18 01:00:00,37377.81,37581.258,-203.44781250000233
2025-06-18 02:00:00,35970.759999999995,35634.703,336.05687499999476
2025-06-18 03:00:00,34932.78,34268.605,664.1745312499988
2025-06-18 04:00:00,34411.78999999999,34227.64,184.1493749999936
2025-06-18 05:00:00,33425.25,33643.23,-217.98046875
2025-06-18 06:00:00,33261.82000000001,33590.797,-328.976874999993
2025-06-18 07:00:00,35418.1,35620.055,-201.95468750000146
2025-06-18 08:00:00,41051.6,41483.363,-431.76328125000146
2025-06-18 09:00:00,43933.99,45193.293,-1259.302968750002
2025-06-18 10:00:00,45365.27,46058.305,-693.0346875000032
2025-06-18 11:00:00,46791.36000000001,47018.137,-226.77671874999214
2025-06-18 12:00:00,45616.54,47244.05,-1627.5107812499991
2025-06-18 13:00:00,46862.27,48994.574,-2132.304218750003
2025-06-18 14:00:00,47752.36,49700.746,-1948.3860937499994
2025-06-18 15:00:00,47504.990000000005,49307.613,-1802.6232812499948
2025-06-18 16:00:00,47632.95,48862.93,-1229.979687500003
2025-06-18 17:00:00,46967.03,47912.383,-945.3528125000012
2025-06-18 18:00:00,45877.97000000001,46105.07,-227.10031249999156
2025-06-18 19:00:00,45599.24999999999,45609.02,-9.769531250007276
2025-06-18 20:00:00,46479.41000000001,48199.37,-1719.9610937499892
2025-06-18 21:00:00,46449.340000000004,47022.766,-573.4256249999962
2025-06-18 22:00:00,44164.54,44419.414,-254.87406249999913
2025-06-18 23:00:00,42691.700000000004,42995.47,-303.76874999999563
2025-06-19 00:00:00,40196.329999999994,41112.12,-915.7910937500055
2025-06-19 01:00:00,38125.57,39136.37,-1010.8010937500003
2025-06-19 02:00:00,36496.65,36121.19,375.45859375000146
2025-06-19 03:00:00,35506.51000000001,35072.043,434.4670312500093
2025-06-19 04:00:00,34998.899999999994,35436.496,-437.5960937500058
2025-06-19 05:00:00,33890.69999999999,34315.316,-424.6164062500102
2025-06-19 06:00:00,33570.799999999996,34242.9,-672.0984375000044
2025-06-19 07:00:00,35953.71,36739.715,-786.0048437500009
2025-06-19 08:00:00,41499.98000000001,43355.434,-1855.4535937499895
2025-06-19 09:00:00,44851.05000000001,46422.844,-1571.7937499999898
2025-06-19 10:00:00,46614.94000000001,47301.676,-686.7357812499904
2025-06-19 11:00:00,47843.87,47898.355,-54.48546874999738
2025-06-19 12:00:00,46728.049999999996,48914.32,-2186.2703125000044
2025-06-19 13:00:00,47845.66,50378.508,-2532.8478124999965
2025-06-19 14:00:00,48917.13,51112.43,-2195.2996875000026
2025-06-19 15:00:00,48795.590000000004,49600.97,-805.3787499999962
2025-06-19 16:00:00,48690.36,49155.137,-464.7767187499994
2025-06-19 17:00:00,48076.7,48379.492,-302.7921875000029
2025-06-19 18:00:00,46792.590000000004,46165.2,627.3907812500038
2025-06-19 19:00:00,46446.94,46865.38,-418.4389062499977
2025-06-19 20:00:00,47548.52,48288.36,-739.8393750000032
2025-06-19 21:00:00,47590.340000000004,48241.594,-651.2537499999962
2025-06-19 22:00:00,45643.34,45862.094,-218.7537500000035
2025-06-19 23:00:00,43530.880000000005,44058.11,-527.2293749999953
2025-06-20 00:00:00,40674.59,41129.668,-455.0779687500035
2025-06-20 01:00:00,38632.17999999999,39259.53,-627.351250000007
2025-06-20 02:00:00,36999.05,36408.38,590.6710937500029
2025-06-20 03:00:00,35852.08999999999,35261.926,590.1642187499892
2025-06-20 04:00:00,35189.630000000005,34880.582,309.04796875000466
2025-06-20 05:00:00,34309.31,34034.676,274.6342187499977
2025-06-20 06:00:00,34031.52999999999,34577.793,-546.2629687500084
2025-06-20 07:00:00,36506.84,37607.586,-1100.7459375000035
2025-06-20 08:00:00,41373.21,43582.754,-2209.543906250001
2025-06-20 09:00:00,45177.1,45825.38,-648.2789062500015
2025-06-20 10:00:00,46677.12,46796.793,-119.67296874999738
2025-06-20 11:00:00,47868.43000000001,47668.145,200.28546875000757
2025-06-20 12:00:00,46496.51999999999,49082.89,-2586.3706250000105
2025-06-20 13:00:00,46637.479999999996,50524.24,-3886.758281250004
2025-06-20 14:00:00,48909.84,51328.43,-2418.5896875000035
2025-06-20 15:00:00,48893.28,50553.36,-1660.0793750000012
2025-06-20 16:00:00,48762.119999999995,50084.535,-1322.4151562500047
2025-06-20 17:00:00,48089.94,49819.637,-1729.6967187499977
2025-06-20 18:00:00,46828.72,47873.594,-1044.8737499999988
2025-06-20 19:00:00,46482.37999999999,47792.848,-1310.46765625001
2025-06-20 20:00:00,47363.700000000004,49311.664,-1947.9640624999956
2025-06-20 21:00:00,47059.92,49244.11,-2184.1893750000017
2025-06-20 22:00:00,45365.51,46010.523,-645.013437499998
2025-06-20 23:00:00,42622.13999999999,44554.92,-1932.7818750000079
2025-06-21 00:00:00,40818.74,40359.246,459.49390624999796
2025-06-21 01:00:00,38890.47000000001,38969.684,-79.21359374999156
2025-06-21 02:00:00,37310.35,36078.793,1231.5570312499985
2025-06-21 03:00:00,36113.95,34319.902,1794.047656249997
2025-06-21 04:00:00,35365.57,34687.152,678.4176562499997
2025-06-21 05:00:00,34137.44999999999,33070.098,1067.3523437499898
2025-06-21 06:00:00,33776.49,33319.03,457.45874999999796
2025-06-21 07:00:00,35040.42,34264.906,775.5137499999983
2025-06-21 08:00:00,39029.89,39984.64,-954.7506250000006
2025-06-21 09:00:00,41824.219999999994,42946.957,-1122.737031250006
2025-06-21 10:00:00,43595.57000000001,44477.707,-882.137031249993
2025-06-21 11:00:00,44761.17,46297.457,-1536.2870312500017
2025-06-21 12:00:00,44267.69000000001,45134.73,-867.0404687499904
2025-06-21 13:00:00,44843.530000000006,46659.05,-1815.520781249994
2025-06-21 14:00:00,45606.77999999999,47113.938,-1507.1575000000084
2025-06-21 15:00:00,45237.02,45561.867,-324.8471875000032
2025-06-21 16:00:00,44439.42,45183.355,-743.9354687500017
2025-06-21 17:00:00,44105.39,45500.062,-1394.6725000000006
2025-06-21 18:00:00,44100.619999999995,44826.03,-725.4112500000047
2025-06-21 19:00:00,43644.649999999994,44766.15,-1121.4984375000058
2025-06-21 20:00:00,44572.810000000005,46034.832,-1462.022031249995
2025-06-21 21:00:00,44511.26,45255.785,-744.525156249998
2025-06-21 22:00:00,42735.18000000001,42276.094,459.08625000000757
2025-06-21 23:00:00,40661.450000000004,41227.09,-565.6398437499956
2025-06-22 00:00:00,37960.15,36709.797,1250.3531250000015
2025-06-22 01:00:00,36375.08,35033.094,1341.9862500000017
2025-06-22 02:00:00,34702.38,33183.695,1518.6846874999974
2025-06-22 03:00:00,33725.71,32412.564,1313.1455468749991
2025-06-22 04:00:00,32881.41,32013.268,868.1424218750035
2025-06-22 05:00:00,31488.409999999996,31069.016,419.3943749999962
2025-06-22 06:00:00,30349.540000000005,30331.102,18.43843750000451
2025-06-22 07:00:00,31049.060000000005,30084.34,964.720156250005
2025-06-22 08:00:00,32624.03,31248.406,1375.6237499999988
2025-06-22 09:00:00,34617.21,32985.375,1631.8349999999991
2025-06-22 10:00:00,36438.15,35384.453,1053.6968750000015
2025-06-22 11:00:00,37559.23999999999,36936.68,622.5603124999907
2025-06-22 12:00:00,37802.5,37988.844,-186.34375
2025-06-22 13:00:00,38532.8,39894.516,-1361.715624999997
2025-06-22 14:00:00,38773.81999999999,40108.53,-1334.7112500000076
2025-06-22 15:00:00,38695.64,39441.312,-745.6725000000006
2025-06-22 16:00:00,38276.1,39443.543,-1167.4429687500015
2025-06-22 17:00:00,38685.16,40121.016,-1435.8556249999965
2025-06-22 18:00:00,38938.16,39596.93,-658.7696874999965
2025-06-22 19:00:00,39395.80000000001,40626.02,-1230.2195312499898
2025-06-22 20:00:00,40979.96000000001,42518.387,-1538.4267187499936
2025-06-22 21:00:00,40981.51000000001,42321.145,-1339.6345312499907
2025-06-22 22:00:00,39885.12000000001,40464.965,-579.8448437499901
2025-06-22 23:00:00,38228.19000000001,37870.48,357.7095312500096
2025-06-23 00:00:00,36639.38,36990.52,-351.1395312500026
2025-06-23 01:00:00,34891.97,34645.582,246.38796875000116
2025-06-23 02:00:00,33556.09,33170.742,385.3478124999965
2025-06-23 03:00:00,32654.94,32225.893,429.0474218749987
2025-06-23 04:00:00,32173.240000000005,32046.441,126.79859375000524
2025-06-23 05:00:00,31239.6,31350.469,-110.86875000000146
2025-06-23 06:00:00,31421.259999999995,31746.064,-324.80445312500524
2025-06-23 07:00:00,34036.91,34441.98,-405.0704687499965
2025-06-23 08:00:00,40599.81,41421.977,-822.1665625000023
2025-06-23 09:00:00,43816.1,44938.25,-1122.1500000000015
2025-06-23 10:00:00,45513.68,46375.242,-861.5621874999997
2025-06-23 11:00:00,46633.47000000001,46822.758,-189.28781249999156
2025-06-23 12:00:00,45684.86,46838.242,-1153.3821874999994
2025-06-23 13:00:00,47087.73999999999,47619.777,-532.0373437500093
2025-06-23 14:00:00,48455.939999999995,48853.477,-397.53656250000495
2025-06-23 15:00:00,48314.56,48505.4,-190.83843750000233
2025-06-23 16:00:00,48371.46,47771.8,599.6592187499991
2025-06-23 17:00:00,47670.17,47365.375,304.79499999999825
2025-06-23 18:00:00,46431.92,45402.387,1029.5332812499983
2025-06-23 19:00:00,46062.020000000004,45555.69,506.3285937500041
2025-06-23 20:00:00,46955.44000000001,47357.152,-401.7123437499904
2025-06-23 21:00:00,46871.22,48419.27,-1548.0495312499988
2025-06-23 22:00:00,45179.64000000001,45401.164,-221.5240624999933
2025-06-23 23:00:00,43221.88999999999,42836.785,385.10484374999214
2025-06-24 00:00:00,40619.4,40392.246,227.15390625000146
2025-06-24 01:00:00,38624.350000000006,38112.945,511.4046875000058
2025-06-24 02:00:00,37031.17,36612.047,419.12312499999825
2025-06-24 03:00:00,35948.25,35166.074,782.17578125
2025-06-24 04:00:00,35462.15,35245.914,216.23593750000146
2025-06-24 05:00:00,34352.24,34876.2,-523.959218750002
2025-06-24 06:00:00,34024.37,34377.555,-353.1846874999974
2025-06-24 07:00:00,35985.45999999999,36506.133,-520.6728125000081
2025-06-24 08:00:00,41419.28,44079.117,-2659.837187500001
2025-06-24 09:00:00,44866.19,46945.38,-2079.1889062499977
2025-06-24 10:00:00,46513.97000000001,47667.95,-1153.9792187499916
2025-06-24 11:00:00,47816.43,48260.54,-444.1090624999997
2025-06-24 12:00:00,46792.079999999994,48073.586,-1281.5059375000055
2025-06-24 13:00:00,48148.06,49476.555,-1328.4946875000023
2025-06-24 14:00:00,49302.34,50681.617,-1379.2771875000035
2025-06-24 15:00:00,49054.47000000001,49824.41,-769.9401562499916
2025-06-24 16:00:00,48917.8,48537.758,380.0421875000029
2025-06-24 17:00:00,48382.05,47530.176,851.8742187500029
2025-06-24 18:00:00,46865.40000000001,46325.89,539.5093750000087
2025-06-24 19:00:00,46538.48,46328.254,210.2260937500032
2025-06-24 20:00:00,47403.8,48864.96,-1461.160937499997
2025-06-24 21:00:00,47573.12999999999,48306.89,-733.7606250000099
2025-06-24 22:00:00,45891.55,45729.957,161.5929687500029
2025-06-24 23:00:00,43956.19,44408.75,-452.5599999999977
2025-06-25 00:00:00,41573.69,43399.254,-1825.5639062499977
2025-06-25 01:00:00,39387.92,40562.086,-1174.1659375000017
2025-06-25 02:00:00,37834.69000000001,37623.03,211.6587500000096
2025-06-25 03:00:00,36579.89000000001,35826.906,752.9837500000067
2025-06-25 04:00:00,36038.4,36041.355,-2.955468749998545
2025-06-25 05:00:00,34911.159999999996,35276.78,-365.6212500000038
2025-06-25 06:00:00,34550.99999999999,35324.96,-773.9609375000073
2025-06-25 07:00:00,36631.93,38047.484,-1415.5543749999997
2025-06-25 08:00:00,42511.189999999995,45916.54,-3405.349062500005
2025-06-25 09:00:00,45983.78,48027.85,-2044.0715625000012
2025-06-25 10:00:00,47842.33000000001,48129.957,-287.627031249991
2025-06-25 11:00:00,49347.76999999999,49237.047,110.72312499998952
2025-06-25 12:00:00,48012.63,48893.086,-880.4559375000026
2025-06-25 13:00:00,49420.380000000005,51633.906,-2213.5262499999953
2025-06-25 14:00:00,50720.600000000006,51831.156,-1110.5562499999942
2025-06-25 15:00:00,50772.07,50733.727,38.34343749999971
2025-06-25 16:00:00,50576.58999999999,50645.8,-69.21078125001077
2025-06-25 17:00:00,49783.58,49766.76,16.818281250001746
2025-06-25 18:00:00,48096.12999999999,48162.066,-65.9364062500099
2025-06-25 19:00:00,47917.66,49019.355,-1101.6954687499965
2025-06-25 20:00:00,48854.44,50314.824,-1460.3842187499977
2025-06-25 21:00:00,48851.50000000001,50070.168,-1218.6679687499927
2025-06-25 22:00:00,47052.48,47282.273,-229.7934374999968
2025-06-25 23:00:00,44987.409999999996,46291.324,-1303.9142187500038
2025-06-26 00:00:00,42424.07000000001,44117.043,-1692.972968749993
2025-06-26 01:00:00,40328.36000000001,41777.965,-1449.6048437499921
2025-06-26 02:00:00,38592.170000000006,38594.777,-2.6073437499944703
2025-06-26 03:00:00,37395.79,37609.477,-213.68656249999913
2025-06-26 04:00:00,36896.84,37278.37,-381.5310937500035
2025-06-26 05:00:00,35750.01,36721.02,-971.009531249998
2025-06-26 06:00:00,35580.67,36637.496,-1056.8260937500017
2025-06-26 07:00:00,37565.96,38974.727,-1408.7665625000009
2025-06-26 08:00:00,43358.17999999999,46340.62,-2982.441093750007
2025-06-26 09:00:00,46884.75000000001,49075.6,-2190.8515624999927
2025-06-26 10:00:00,48425.37000000001,49520.727,-1095.35656249999
2025-06-26 11:00:00,49849.280000000006,50515.184,-665.9035937499939
2025-06-26 12:00:00,49563.520000000004,50589.246,-1025.726093749996
2025-06-26 13:00:00,51047.05999999999,52158.383,-1111.3228125000096
2025-06-26 14:00:00,52407.020000000004,53297.156,-890.1362499999959
2025-06-26 15:00:00,52118.57,52561.133,-442.5628125000003
2025-06-26 16:00:00,51831.42,52296.57,-465.15031250000175
2025-06-26 17:00:00,50978.67999999999,50722.97,255.71124999999302
2025-06-26 18:00:00,49624.28999999999,50231.215,-606.9248437500064
2025-06-26 19:00:00,49292.47,50143.926,-851.4557812499988
2025-06-26 20:00:00,50218.48,51158.438,-939.9574999999968
2025-06-26 21:00:00,50211.130000000005,51095.805,-884.6746874999953
2025-06-26 22:00:00,48459.74,48248.367,211.37281249999796
2025-06-26 23:00:00,46247.02,46907.59,-660.5698437500032
2025-06-27 00:00:00,43497.95,44759.95,-1261.999218750003
2025-06-27 01:00:00,41167.6,42170.117,-1002.5171875000015
2025-06-27 02:00:00,39530.5,39377.156,153.34375
2025-06-27 03:00:00,38273.33,38215.914,57.415937500001746
2025-06-27 04:00:00,37032.52,37682.785,-650.2651562500032
2025-06-27 05:00:00,36237.850000000006,37045.617,-807.7671874999942
2025-06-27 06:00:00,36086.47,37083.484,-997.0143749999988
2025-06-27 07:00:00,38125.74,39432.2,-1306.459218750002
2025-06-27 08:00:00,44120.36,46459.883,-2339.5228124999994
2025-06-27 09:00:00,48161.07,49126.98,-965.9104687500003
2025-06-27 10:00:00,49988.61,49637.926,350.6842187500006
2025-06-27 11:00:00,51501.07,50528.133,972.9371874999997
2025-06-27 12:00:00,50481.350000000006,50437.71,43.63906250000582
2025-06-27 13:00:00,50483.759999999995,51860.152,-1376.3923437500052
2025-06-27 14:00:00,53146.87,52877.96,268.9090625000026
2025-06-27 15:00:00,52769.219999999994,52371.418,397.8020312499939
2025-06-27 16:00:00,52594.19999999999,52068.324,525.8757812499898
2025-06-27 17:00:00,51005.01999999999,51604.97,-599.9487500000105
2025-06-27 18:00:00,49823.11,49988.836,-165.72593749999942
2025-06-27 19:00:00,49581.24999999999,49562.387,18.863281249992724
2025-06-27 20:00:00,50328.52,51220.52,-891.9995312500032
2025-06-27 21:00:00,50213.38999999999,51112.87,-899.4810937500079
2025-06-27 22:00:00,48358.19,47504.215,853.9751562500023
2025-06-27 23:00:00,45694.35,46990.2,-1295.8492187500015
2025-06-28 00:00:00,43556.3,43146.793,409.5070312500029
2025-06-28 01:00:00,41483.490000000005,41651.49,-167.99828124999476
2025-06-28 02:00:00,39805.329999999994,39101.797,703.5331249999945
2025-06-28 03:00:00,38596.02,37824.465,771.5551562499968
2025-06-28 04:00:00,37777.0,37653.004,123.99609375
2025-06-28 05:00:00,36108.31,36810.758,-702.4478125000023
2025-06-28 06:00:00,35581.22,36801.043,-1219.8229687499988
2025-06-28 07:00:00,36948.149999999994,37314.637,-366.4867187500058
2025-06-28 08:00:00,41046.090000000004,42239.777,-1193.6873437499962
2025-06-28 09:00:00,44239.41,44790.555,-551.1446874999965
2025-06-28 10:00:00,46364.39000000001,45908.156,456.2337500000067
2025-06-28 11:00:00,47708.80999999999,48106.043,-397.2329687500096
2025-06-28 12:00:00,47433.19,46213.03,1220.1587500000023
2025-06-28 13:00:00,48324.79,48287.594,37.19625000000087
2025-06-28 14:00:00,48832.68000000001,49058.16,-225.48015624999243
2025-06-28 15:00:00,48259.600000000006,47947.047,312.5531250000058
2025-06-28 16:00:00,47640.63,47368.473,272.1573437499974
2025-06-28 17:00:00,47440.85,47273.13,167.72109374999854
2025-06-28 18:00:00,47385.280000000006,46619.86,765.4206250000061
2025-06-28 19:00:00,47021.85,46728.5,293.34999999999854
2025-06-28 20:00:00,47831.94,48264.312,-432.3724999999977
2025-06-28 21:00:00,47709.27999999999,47285.84,423.44015624999156
2025-06-28 22:00:00,46083.61000000001,45524.996,558.6139062500079
2025-06-28 23:00:00,43902.49,44525.3,-622.810781250002
2025-06-29 00:00:00,41314.91,39960.477,1354.4334375000035
2025-06-29 01:00:00,39533.64,37941.69,1591.9485937499994
2025-06-29 02:00:00,37604.909999999996,35170.07,2434.839687499996
2025-06-29 03:00:00,36345.43,34527.24,1818.1917187500003
2025-06-29 04:00:00,35703.95,34217.117,1486.832812499997
2025-06-29 05:00:00,34055.590000000004,33368.406,687.1837500000038
2025-06-29 06:00:00,32993.24999999999,32161.75,831.4999999999927
2025-06-29 07:00:00,32583.439999999995,31573.0,1010.439999999995
2025-06-29 08:00:00,34637.64,33395.52,1242.1204687499994
2025-06-29 09:00:00,36701.560000000005,35377.156,1324.403750000005
2025-06-29 10:00:00,38122.76,37051.844,1070.916250000002
2025-06-29 11:00:00,39343.31,38515.29,828.0209374999977
2025-06-29 12:00:00,39601.10999999999,38914.43,686.6803124999933
2025-06-29 13:00:00,40280.62999999999,40427.418,-146.7879687500099
2025-06-29 14:00:00,40464.01999999999,41059.83,-595.8081250000105
2025-06-29 15:00:00,40502.34,40742.805,-240.4646875000035
2025-06-29 16:00:00,40457.86000000001,40616.395,-158.53453124999214
2025-06-29 17:00:00,40471.47,40583.688,-112.21749999999884
2025-06-29 18:00:00,40765.81,40255.027,510.7826562499977
2025-06-29 19:00:00,41157.77999999999,41328.55,-170.77078125000844
2025-06-29 20:00:00,42425.31999999999,42765.914,-340.59406250000757
2025-06-29 21:00:00,42505.42,42005.69,499.72859374999825
2025-06-29 22:00:00,41384.55000000001,40152.855,1231.6945312500102
2025-06-29 23:00:00,39784.44,38563.883,1220.5571875000023
2025-06-30 00:00:00,38101.47,37931.47,170.00125000000116
2025-06-30 01:00:00,36154.299999999996,35476.312,677.9874999999956
2025-06-30 02:00:00,34966.77,33927.89,1038.8793749999968
2025-06-30 03:00:00,33912.74999999999,32791.43,1121.3203124999927
2025-06-30 04:00:00,33435.0,32817.527,617.47265625
2025-06-30 05:00:00,32520.24,32094.244,425.9958593750016
2025-06-30 06:00:00,32556.679999999997,31970.281,586.3987499999967
2025-06-30 07:00:00,35019.44,34589.2,430.2407812500023
2025-06-30 08:00:00,41447.51999999999,40861.0,586.5199999999895
2025-06-30 09:00:00,44295.77999999999,44675.727,-379.94656250000844
2025-06-30 10:00:00,46034.92,45958.348,76.57234374999825
2025-06-30 11:00:00,47268.03,47003.367,264.66281249999884
2025-06-30 12:00:00,46461.619999999995,47109.22,-647.5987500000047
2025-06-30 13:00:00,48004.54,47304.086,700.4540625000009
2025-06-30 14:00:00,48893.100000000006,47935.668,957.4320312500058
2025-06-30 15:00:00,48250.29,48273.76,-23.471718749999127
2025-06-30 16:00:00,48188.70999999999,47632.324,556.3857812499919
2025-06-30 17:00:00,47794.83,47394.844,399.98625000000175
2025-06-30 18:00:00,46749.33999999999,46297.867,451.47281249998923
2025-06-30 19:00:00,46657.58000000001,46629.59,27.990156250009022
2025-06-30 20:00:00,47824.39,48250.617,-426.2271875000006
2025-06-30 21:00:00,47469.299999999996,48939.652,-1470.3523437500044
2025-06-30 22:00:00,46261.42,45283.496,977.9239062499983
2025-06-30 23:00:00,44115.16,43276.34,838.8201562500035
2025-07-01 00:00:00,41620.89,41333.273,287.6165624999994
2025-07-01 01:00:00,39743.86000000001,38623.137,1120.7232812500079
2025-07-01 02:00:00,38202.17999999999,37144.617,1057.562812499993
2025-07-01 03:00:00,37184.69,36195.883,988.8071875000023
2025-07-01 04:00:00,36532.56999999999,37803.348,-1270.7776562500076
2025-07-01 05:00:00,35543.58,37459.656,-1916.0762499999983
2025-07-01 06:00:00,35359.22,37394.64,-2035.4206249999988
2025-07-01 07:00:00,37240.49,38726.727,-1486.236562500002
2025-07-01 08:00:00,42935.780000000006,46487.52,-3551.739531249994
2025-07-01 09:00:00,46282.380000000005,48741.418,-2459.0379687499953
2025-07-01 10:00:00,47920.02,50054.996,-2134.976093750003
2025-07-01 11:00:00,49437.64,49964.84,-527.1998437500006
2025-07-01 12:00:00,48667.41000000001,49826.14,-1158.7306249999892
2025-07-01 13:00:00,49978.93,49837.965,140.9651562500003
2025-07-01 14:00:00,51082.19999999999,51192.19,-109.99140625001019
2025-07-01 15:00:00,50720.57000000001,50856.664,-136.09406249999302
2025-07-01 16:00:00,50394.24,49933.953,460.28687499999796
2025-07-01 17:00:00,49724.33,49039.98,684.3495312500017
2025-07-01 18:00:00,48308.18,48291.78,16.39875000000029
2025-07-01 19:00:00,47978.48,47925.184,53.2964062500032
2025-07-01 20:00:00,48829.12,48730.367,98.75281250000262
2025-07-01 21:00:00,48658.38,48761.832,-103.45203125000262
2025-07-01 22:00:00,47077.84999999999,46992.65,85.20156249999127
2025-07-01 23:00:00,45175.05,45485.188,-310.1374999999971
2025-07-02 00:00:00,42616.600000000006,43183.43,-566.8296874999942
2025-07-02 01:00:00,40625.76,41447.24,-821.478281249998
2025-07-02 02:00:00,39114.13999999999,39354.14,-240.00062500000786
2025-07-02 03:00:00,37974.39,37659.07,315.3196874999994
2025-07-02 04:00:00,37320.07,37846.586,-526.5159375000003
2025-07-02 05:00:00,35885.51,37292.56,-1407.048593749998
2025-07-02 06:00:00,35827.979999999996,37113.66,-1285.680156250004
2025-07-02 07:00:00,38106.18,38205.086,-98.90593749999971
2025-07-02 08:00:00,43643.27,45603.043,-1959.7729687500032
2025-07-02 09:00:00,46906.88999999999,48061.324,-1154.4342187500079
2025-07-02 10:00:00,48376.49999999999,49283.953,-907.4531250000073
2025-07-02 11:00:00,49701.84,49275.66,426.1798437499965
2025-07-02 12:00:00,48511.15,49569.906,-1058.7562499999985
2025-07-02 13:00:00,48946.37000000001,49360.492,-414.1221874999901
2025-07-02 14:00:00,49445.229999999996,50700.086,-1254.855937500004
2025-07-02 15:00:00,50330.7,49381.246,949.4539062499971
2025-07-02 16:00:00,49921.979999999996,48184.69,1737.288593749996
2025-07-02 17:00:00,49247.98000000001,47804.93,1443.0503125000105
2025-07-02 18:00:00,48173.030000000006,48406.285,-233.2551562499939
2025-07-02 19:00:00,47680.33,48188.73,-508.40046874999825
2025-07-02 20:00:00,48484.09,48884.0,-399.9100000000035
2025-07-02 21:00:00,48394.1,48938.43,-544.3296875000015
2025-07-02 22:00:00,46698.97,47262.984,-564.0143749999988
2025-07-02 23:00:00,44877.85,44370.645,507.20546874999854
2025-07-03 00:00:00,42240.48,41751.543,488.9370312500032
2025-07-03 01:00:00,40107.48000000001,39177.637,929.8432812500105
2025-07-03 02:00:00,38689.77,36613.83,2075.941874999997
2025-07-03 03:00:00,37508.34,35272.0,2236.3399999999965
2025-07-03 04:00:00,36761.670000000006,35150.332,1611.3379687500055
2025-07-03 05:00:00,35634.380000000005,34548.42,1085.9581250000047
2025-07-03 06:00:00,35480.99,35160.51,320.47828124999796
2025-07-03 07:00:00,37357.399999999994,37751.152,-393.7523437500058
2025-07-03 08:00:00,42992.59,44899.52,-1906.9295312500035
2025-07-03 09:00:00,45932.03,47537.938,-1605.9075000000012
2025-07-03 10:00:00,46978.530000000006,48861.62,-1883.091093749994
2025-07-03 11:00:00,48385.34999999999,49111.836,-726.4859375000087
2025-07-03 12:00:00,47120.7,48399.727,-1279.026562500003
2025-07-03 13:00:00,48369.57000000001,48982.168,-612.597968749993
2025-07-03 14:00:00,49330.09999999999,49339.203,-9.103125000008731
2025-07-03 15:00:00,49149.560000000005,48753.004,396.55609375000495
2025-07-03 16:00:00,49154.94999999999,47808.293,1346.6570312499898
2025-07-03 17:00:00,47959.74999999999,47646.203,313.5468749999927
2025-07-03 18:00:00,46898.5,47131.777,-233.27734375
2025-07-03 19:00:00,46797.73999999999,46787.098,10.642343749990687
2025-07-03 20:00:00,47577.65,47831.496,-253.84609374999854
2025-07-03 21:00:00,47505.63,47612.07,-106.44031250000262
2025-07-03 22:00:00,45859.28,45683.51,175.76828124999884
2025-07-03 23:00:00,43703.48,43986.89,-283.4106249999968
2025-07-04 00:00:00,41316.27999999999,41196.81,119.47140624999156
2025-07-04 01:00:00,39565.969999999994,38896.883,669.0871874999939
2025-07-04 02:00:00,38066.189999999995,36386.48,1679.709531249995
2025-07-04 03:00:00,36857.32,35467.18,1390.1403124999997
2025-07-04 04:00:00,36226.21,35141.46,1084.7490624999991
2025-07-04 05:00:00,35104.36,35495.617,-391.2571874999994
2025-07-04 06:00:00,34707.21,35295.617,-588.4071875000009
2025-07-04 07:00:00,36735.17,37700.24,-965.0682812500017
2025-07-04 08:00:00,42150.02,44570.293,-2420.272968750003
2025-07-04 09:00:00,45452.93,47278.637,-1825.7067187499997
2025-07-04 10:00:00,47248.31,48144.473,-896.1626562500023
2025-07-04 11:00:00,48315.31999999999,49375.395,-1060.0745312500076
2025-07-04 12:00:00,47085.38,49018.207,-1932.8270312500026
2025-07-04 13:00:00,46963.33999999999,49076.52,-2113.1795312500108
2025-07-04 14:00:00,49340.05,49681.02,-340.9695312499971
2025-07-04 15:00:00,49185.13999999999,49236.574,-51.43421875000786
2025-07-04 16:00:00,48987.68,48857.176,130.5042187500003
2025-07-04 17:00:00,48116.03999999999,47769.46,346.5790624999936
2025-07-04 18:00:00,46891.68,47682.754,-791.0739062499997
2025-07-04 19:00:00,46789.41999999999,47219.723,-430.302656250009
2025-07-04 20:00:00,47726.689999999995,47953.016,-226.32562500000495
2025-07-04 21:00:00,47622.39,47863.24,-240.84828125000058
2025-07-04 22:00:00,46119.46,45656.5,462.9599999999991
2025-07-04 23:00:00,44227.219999999994,43689.305,537.9153124999939
2025-07-05 00:00:00,41654.43,39842.824,1811.6057812500003
2025-07-05 01:00:00,39792.12000000001,38631.52,1160.60046875001
2025-07-05 02:00:00,38331.05,36621.125,1709.925000000003
2025-07-05 03:00:00,37151.75,35767.62,1384.12890625
2025-07-05 04:00:00,36464.16999999999,36326.25,137.91999999999098
2025-07-05 05:00:00,35053.01999999999,36346.49,-1293.4682812500105
2025-07-05 06:00:00,34392.89,36183.7,-1790.8092187500006
2025-07-05 07:00:00,35564.14,35854.477,-290.3365625000006
2025-07-05 08:00:00,39252.08,41203.523,-1951.4434374999983
2025-07-05 09:00:00,42082.9,44130.426,-2047.5257812499985
2025-07-05 10:00:00,44010.97,46358.453,-2347.483124999999
2025-07-05 11:00:00,45497.96000000001,48526.727,-3028.7665624999936
2025-07-05 12:00:00,44944.94,47074.477,-2129.5365624999977
2025-07-05 13:00:00,45739.57,47859.055,-2119.4846875000003
2025-07-05 14:00:00,46102.3,48033.406,-1931.106249999997
2025-07-05 15:00:00,45479.01,47896.38,-2417.368906249998
2025-07-05 16:00:00,44751.22,46068.227,-1317.0065624999988
2025-07-05 17:00:00,44805.11,45416.69,-611.5814062499994
2025-07-05 18:00:00,44781.48,45392.742,-611.2621874999968
2025-07-05 19:00:00,45241.71000000001,44961.3,280.4092187500064
2025-07-05 20:00:00,46235.05,45716.426,518.6242187500029
2025-07-05 21:00:00,46050.21,45151.586,898.6240624999991
2025-07-05 22:00:00,44255.94,43425.832,830.1079687500023
2025-07-05 23:00:00,42520.58000000001,41311.09,1209.490156250009
2025-07-06 00:00:00,39969.51,42390.516,-2421.005624999998
2025-07-06 01:00:00,37991.58,40063.57,-2071.9903124999983
2025-07-06 02:00:00,36298.76,38399.63,-2100.868906249998
2025-07-06 03:00:00,35315.76000000001,35898.016,-582.2556249999907
2025-07-06 04:00:00,34563.45,36091.473,-1528.022656250003
2025-07-06 05:00:00,33196.1,36243.11,-3047.0093750000015
2025-07-06 06:00:00,32211.88,35105.547,-2893.666874999999
2025-07-06 07:00:00,32555.8,34563.59,-2007.7898437500007
2025-07-06 08:00:00,33967.74,36740.113,-2772.373281250002
2025-07-06 09:00:00,36391.17,37769.902,-1378.7323437500017
2025-07-06 10:00:00,38529.10999999999,39800.695,-1271.5853125000067
2025-07-06 11:00:00,39700.58,41173.926,-1473.3457812499983
2025-07-06 12:00:00,40432.12,42578.953,-2146.8331249999974
2025-07-06 13:00:00,41718.219999999994,44769.734,-3051.514375000006
2025-07-06 14:00:00,42051.54,44885.7,-2834.159218749999
2025-07-06 15:00:00,42036.85,43826.742,-1789.8921875000015
2025-07-06 16:00:00,41683.27999999999,44093.938,-2410.6575000000084
2025-07-06 17:00:00,42348.45,44297.668,-1949.217968750003
2025-07-06 18:00:00,42633.4,44618.406,-1985.0062499999985
2025-07-06 19:00:00,42987.2,44938.254,-1951.053906250003
2025-07-06 20:00:00,44148.33,45624.03,-1475.7012499999983
2025-07-06 21:00:00,42994.66000000001,45088.645,-2093.9845312499892
2025-07-06 22:00:00,43112.59,43077.094,35.49624999999651
2025-07-06 23:00:00,41804.469999999994,42569.633,-765.1628125000061
2025-07-07 00:00:00,40008.119999999995,42934.64,-2926.5206250000047
2025-07-07 01:00:00,37569.95,40340.867,-2770.917187500003
2025-07-07 02:00:00,36579.68000000001,38510.41,-1930.7301562499924
2025-07-07 03:00:00,35474.02,37717.645,-2243.624531250003
2025-07-07 04:00:00,34946.88,37328.355,-2381.4754687500026
2025-07-07 05:00:00,33945.66,37029.74,-3084.0782812499965
2025-07-07 06:00:00,33861.43000000001,36580.758,-2719.3278124999924
2025-07-07 07:00:00,36587.65,38549.9,-1962.2484374999985
2025-07-07 08:00:00,43668.29,46173.207,-2504.917031249999
2025-07-07 09:00:00,47713.32,51409.105,-3695.7854687500003
2025-07-07 10:00:00,50095.03,53089.875,-2994.845000000001
2025-07-07 11:00:00,51725.54000000001,53781.65,-2056.108437499992
2025-07-07 12:00:00,51164.33,53686.69,-2522.3614062499983
2025-07-07 13:00:00,52436.02,53836.227,-1400.2065625000032
2025-07-07 14:00:00,54071.420000000006,53973.324,98.09578125000553
2025-07-07 15:00:00,53429.21,53583.9,-154.68843750000087
2025-07-07 16:00:00,53426.630000000005,53171.14,255.48937500000466
2025-07-07 17:00:00,52282.36,52512.383,-230.02281249999942
2025-07-07 18:00:00,50986.30000000001,52036.37,-1050.0710937499898
2025-07-07 19:00:00,50512.9,51212.375,-699.4749999999985
2025-07-07 20:00:00,51299.66000000001,52133.06,-833.3985937499892
2025-07-07 21:00:00,51185.55,52153.0,-967.4499999999971
2025-07-07 22:00:00,49369.42999999999,49190.74,178.69171874999302
2025-07-07 23:00:00,47251.76999999999,47689.24,-437.4682812500105
2025-07-08 00:00:00,44447.399999999994,45643.117,-1195.7171875000058
2025-07-08 01:00:00,42371.99,42661.465,-289.47484375000204
2025-07-08 02:00:00,40911.03,41298.605,-387.57546875000116
2025-07-08 03:00:00,39382.68,39746.836,-364.1559374999997
2025-07-08 04:00:00,38572.88,39445.906,-873.0262500000026
2025-07-08 05:00:00,37559.51999999999,39174.29,-1614.7690625000105
2025-07-08 06:00:00,37084.560000000005,39152.215,-2067.654843749995
2025-07-08 07:00:00,39234.43,40833.227,-1598.7965624999997
2025-07-08 08:00:00,45480.18,48436.645,-2956.4645312499997
2025-07-08 09:00:00,49377.590000000004,52538.26,-3160.671718749996
2025-07-08 10:00:00,51186.719999999994,53718.383,-2531.662812500006
2025-07-08 11:00:00,52213.48,54388.617,-2175.137187499997
2025-07-08 12:00:00,52110.02999999999,54405.137,-2295.1067187500084
2025-07-08 13:00:00,52809.33999999999,54562.02,-1752.6795312500108
2025-07-08 14:00:00,54442.68000000001,54949.523,-506.84343749999243
2025-07-08 15:00:00,54025.01999999999,54871.746,-846.7260937500105
2025-07-08 16:00:00,53635.7,54638.76,-1003.0617187500029
2025-07-08 17:00:00,52838.35,54138.074,-1299.7242187500015
2025-07-08 18:00:00,51203.060000000005,53239.66,-2036.600156249995
2025-07-08 19:00:00,51021.71,52367.645,-1345.9345312500009
2025-07-08 20:00:00,51916.83999999999,53183.863,-1267.0232812500108
2025-07-08 21:00:00,51655.26999999999,52639.367,-984.0971875000105
2025-07-08 22:00:00,49772.79,50452.223,-679.4326562499991
2025-07-08 23:00:00,47653.84999999999,48587.38,-933.5289062500087
2025-07-09 00:00:00,45097.58,46002.047,-904.4668749999983
2025-07-09 01:00:00,42927.52,43774.508,-846.9878125000032
2025-07-09 02:00:00,41179.67,42232.57,-1052.9003125000017
2025-07-09 03:00:00,39964.11,40718.117,-754.0071874999994
2025-07-09 04:00:00,39150.44,40392.49,-1242.0482812499977
2025-07-09 05:00:00,37977.12,39594.094,-1616.9737499999974
2025-07-09 06:00:00,37355.01,39388.203,-2033.193124999998
2025-07-09 07:00:00,39408.54,41361.242,-1952.7021874999991
2025-07-09 08:00:00,46186.0,49484.754,-3298.75390625
2025-07-09 09:00:00,49115.16,53075.39,-3960.2306249999965
2025-07-09 10:00:00,51638.84,54313.555,-2674.7146875000035
2025-07-09 11:00:00,53348.14000000001,55003.977,-1655.8365624999933
2025-07-09 12:00:00,52270.909999999996,55178.703,-2907.793125000004
2025-07-09 13:00:00,53767.68,55243.246,-1475.5660937499997
2025-07-09 14:00:00,55072.10999999999,55685.875,-613.7650000000067
2025-07-09 15:00:00,54554.259999999995,55426.203,-871.9431250000052
2025-07-09 16:00:00,54351.21,55312.688,-961.4775000000009
2025-07-09 17:00:00,53447.3,54620.938,-1173.637499999997
2025-07-09 18:00:00,52150.51999999999,54438.547,-2288.0268750000105
2025-07-09 19:00:00,51924.100000000006,53907.902,-1983.8023437499942
2025-07-09 20:00:00,52771.01999999999,54239.656,-1468.6362500000105
2025-07-09 21:00:00,52695.78,54274.63,-1578.8489062500012
2025-07-09 22:00:00,51044.96,51299.88,-254.91890625000087
2025-07-09 23:00:00,49035.18,49194.44,-159.2614062499997
2025-07-10 00:00:00,46427.09,47184.01,-756.9217187500035
2025-07-10 01:00:00,43735.67999999999,44701.5,-965.820000000007
2025-07-10 02:00:00,42082.83,42471.55,-388.72078124999825
2025-07-10 03:00:00,40779.27999999999,41058.07,-278.79031250000844
2025-07-10 04:00:00,39851.46000000001,40651.38,-799.9189062499936
2025-07-10 05:00:00,38678.63,40205.14,-1526.5106250000026
2025-07-10 06:00:00,38234.08,40136.73,-1902.6504687499983
2025-07-10 07:00:00,40571.770000000004,42239.258,-1667.487812499996
2025-07-10 08:00:00,46231.700000000004,49608.215,-3376.5148437499956
2025-07-10 09:00:00,49668.12,53244.438,-3576.3174999999974
2025-07-10 10:00:00,51478.95999999999,54639.484,-3160.524375000008
2025-07-10 11:00:00,52842.96,54783.117,-1940.1571875000009
2025-07-10 12:00:00,52382.13,54932.594,-2550.4637500000026
2025-07-10 13:00:00,53306.62,54979.625,-1673.0049999999974
2025-07-10 14:00:00,54177.18,55386.223,-1209.0426562499997
2025-07-10 15:00:00,53732.09999999999,55366.8,-1634.7007812500087
2025-07-10 16:00:00,53213.76,55030.613,-1816.853281249998
2025-07-10 17:00:00,52262.93,54759.69,-2496.7614062499997
2025-07-10 18:00:00,50749.68,54303.285,-3553.6051562499997
2025-07-10 19:00:00,50483.16000000001,53490.832,-3007.6720312499892
2025-07-10 20:00:00,51424.86,54366.684,-2941.8235937499994
2025-07-10 21:00:00,51180.939999999995,54039.164,-2858.224062500005
2025-07-10 22:00:00,49816.43,51720.57,-1904.1403124999997
2025-07-10 23:00:00,47742.19,49523.844,-1781.6537499999977
2025-07-11 00:00:00,45535.08,46862.99,-1327.9082812499983
2025-07-11 01:00:00,43340.270000000004,44539.605,-1199.335468749996
2025-07-11 02:00:00,41382.43,42458.133,-1075.7028124999997
2025-07-11 03:00:00,40267.95,41229.76,-961.8117187500029
2025-07-11 04:00:00,39308.170000000006,40501.66,-1193.4901562499945
2025-07-11 05:00:00,38231.14,40081.566,-1850.4264062500006
2025-07-11 06:00:00,37664.48000000001,40173.816,-2509.3364062499895
2025-07-11 07:00:00,39536.61,42219.87,-2683.2610937499994
2025-07-11 08:00:00,46094.83,50006.58,-3911.7481249999983
2025-07-11 09:00:00,49756.42,53486.28,-3729.8612500000017
2025-07-11 10:00:00,50964.590000000004,55310.066,-4345.476406249996
2025-07-11 11:00:00,52030.42999999999,55799.816,-3769.386406250007
2025-07-11 12:00:00,51131.94,55834.426,-4702.485781249998
2025-07-11 13:00:00,51411.5,55959.26,-4547.76171875
2025-07-11 14:00:00,53416.6,56405.75,-2989.1500000000015
2025-07-11 15:00:00,53175.43,56182.785,-3007.3551562499997
2025-07-11 16:00:00,53158.649999999994,55860.496,-2701.846093750006
2025-07-11 17:00:00,52329.01,54862.234,-2533.224374999998
2025-07-11 18:00:00,50917.46000000001,54550.844,-3633.3837499999936
2025-07-11 19:00:00,50261.39,53862.395,-3601.0045312500006
2025-07-11 20:00:00,51131.63,54288.438,-3156.8075000000026
2025-07-11 21:00:00,51044.38,53632.84,-2588.4598437500026
2025-07-11 22:00:00,49455.850000000006,50414.316,-958.4664062499942
2025-07-11 23:00:00,47665.07,48605.34,-940.2698437500003
2025-07-12 00:00:00,45314.36,45654.19,-339.8314062499994
2025-07-12 01:00:00,43160.63,43472.137,-311.5067187500026
2025-07-12 02:00:00,41419.799999999996,41319.76,100.03828124999563
2025-07-12 03:00:00,40290.83,40311.758,-20.927812499998254
2025-07-12 04:00:00,39347.53,40330.543,-983.0129687500012
2025-07-12 05:00:00,37872.990000000005,39799.945,-1926.9553124999948
2025-07-12 06:00:00,37125.770000000004,39547.855,-2422.085468749996
2025-07-12 07:00:00,38462.21,39739.14,-1276.9306250000009
2025-07-12 08:00:00,42742.35,45942.805,-3200.4546875000015
2025-07-12 09:00:00,46315.77,49268.047,-2952.276875000003
2025-07-12 10:00:00,48514.09,51230.95,-2716.8592187500035
2025-07-12 11:00:00,49826.26999999999,53519.414,-3693.1440625000105
2025-07-12 12:00:00,49147.75,52235.684,-3087.93359375
2025-07-12 13:00:00,50200.56999999999,53361.918,-3161.3479687500076
2025-07-12 14:00:00,50584.439999999995,53057.23,-2472.790468750005
2025-07-12 15:00:00,49908.14,51754.89,-1846.7506250000006
2025-07-12 16:00:00,49334.57,51203.48,-1868.9104687500003
2025-07-12 17:00:00,48777.99,51066.484,-2288.494375000002
2025-07-12 18:00:00,48555.43,51595.47,-3040.0387499999997
2025-07-12 19:00:00,48820.41,50762.848,-1942.4376562499965
2025-07-12 20:00:00,49807.21,51546.734,-1739.5243750000009
2025-07-12 21:00:00,49653.01,50075.434,-422.42359374999796
2025-07-12 22:00:00,48065.37,48648.55,-583.1807812499974
2025-07-12 23:00:00,45852.83,46689.44,-836.6114062499983
2025-07-13 00:00:00,43449.09,44797.844,-1348.7537500000035
2025-07-13 01:00:00,41510.65000000001,42009.53,-498.88124999999127
2025-07-13 02:00:00,39812.69000000001,40656.918,-844.2279687499904
2025-07-13 03:00:00,38546.229999999996,38875.008,-328.7778125000041
2025-07-13 04:00:00,37588.79,38070.676,-481.8857812499991
2025-07-13 05:00:00,36031.07,37448.156,-1417.0862500000003
2025-07-13 06:00:00,34756.21,36439.324,-1683.1142187500009
2025-07-13 07:00:00,35116.049999999996,36052.105,-936.0554687500044
2025-07-13 08:00:00,36746.65,38834.23,-2087.5804687499985
2025-07-13 09:00:00,38731.21,41183.555,-2452.344687500001
2025-07-13 10:00:00,41184.33000000001,43519.566,-2335.236406249991
2025-07-13 11:00:00,42405.27,45131.914,-2726.644062500003
2025-07-13 12:00:00,42856.41000000001,46164.176,-3307.7657812499892
2025-07-13 13:00:00,44110.94,46979.055,-2868.1146874999977
2025-07-13 14:00:00,43904.4,47256.13,-3351.7289062499985
2025-07-13 15:00:00,43896.46,46786.21,-2889.750937500001
2025-07-13 16:00:00,44333.49,46815.062,-2481.572500000002
2025-07-13 17:00:00,43914.63,46961.383,-3046.7528125000026
2025-07-13 18:00:00,44423.66,47171.18,-2747.5196874999965
2025-07-13 19:00:00,44947.05000000001,47394.58,-2447.52812499999
2025-07-13 20:00:00,46060.54,48472.934,-2412.393593749999
2025-07-13 21:00:00,46454.64000000001,48021.31,-1566.6685937499933
2025-07-13 22:00:00,45434.23000000001,46106.324,-672.0942187499895
2025-07-13 23:00:00,44103.28999999999,44612.535,-509.2451562500064
2025-07-14 00:00:00,42367.93,43218.36,-850.4293749999997
2025-07-14 01:00:00,40609.26,41385.65,-776.388437499998
2025-07-14 02:00:00,39034.87,39070.074,-35.20421874999738
2025-07-14 03:00:00,37837.13,37790.39,46.73937499999738
2025-07-14 04:00:00,37009.37000000001,37240.76,-231.3917187499901
2025-07-14 05:00:00,35772.09,36449.234,-677.1443750000035
2025-07-14 06:00:00,35505.24,36522.582,-1017.342031250002
2025-07-14 07:00:00,37855.43,38273.074,-417.6442187499997
2025-07-14 08:00:00,44377.20999999999,46401.613,-2024.4032812500081
2025-07-14 09:00:00,48590.56,50718.4,-2127.8384375000023
2025-07-14 10:00:00,50758.43,52352.312,-1593.8824999999997
2025-07-14 11:00:00,52109.58,52950.367,-840.7871874999983
2025-07-14 12:00:00,51526.270000000004,53210.86,-1684.589374999996
2025-07-14 13:00:00,52870.70999999999,53483.656,-612.9462500000081
2025-07-14 14:00:00,54006.62999999999,53806.133,200.4971874999901
2025-07-14 15:00:00,53407.08,53745.668,-338.58796874999825
2025-07-14 16:00:00,52856.0,53526.984,-670.984375
2025-07-14 17:00:00,51950.56,52846.08,-895.5181250000023
2025-07-14 18:00:00,50353.03999999999,52403.2,-2050.1592187500064
2025-07-14 19:00:00,49611.770000000004,51725.977,-2114.206562499996
2025-07-14 20:00:00,50674.170000000006,52238.848,-1564.6776562499945
2025-07-14 21:00:00,50442.72,52253.04,-1810.3190624999988
2025-07-14 22:00:00,48667.78,49267.33,-599.5481250000012
2025-07-14 23:00:00,46551.20999999999,47320.215,-769.0048437500081
2025-07-15 00:00:00,43957.78,43792.875,164.90499999999884
2025-07-15 01:00:00,41638.58,40793.066,845.5135937500017
2025-07-15 02:00:00,39949.56,39041.81,907.7514062499977
2025-07-15 03:00:00,38694.63,38455.543,239.08703124999738
2025-07-15 04:00:00,37807.659999999996,37044.49,763.1717187499962
2025-07-15 05:00:00,36291.71,36063.82,227.88968749999913
2025-07-15 06:00:00,35627.630000000005,35829.055,-201.42468749999534
2025-07-15 07:00:00,36927.62999999999,37675.445,-747.8153125000099
2025-07-15 08:00:00,40680.57,44780.77,-4100.19953125
2025-07-15 09:00:00,43950.56,46210.055,-2259.4946875000023
2025-07-15 10:00:00,46726.67,47476.426,-749.7557812500017
2025-07-15 11:00:00,48233.58,48730.96,-497.38093749999825
2025-07-15 12:00:00,48409.399999999994,49090.977,-681.5765625000058
2025-07-15 13:00:00,49263.75,49088.543,175.20703125
2025-07-15 14:00:00,49932.53,48948.08,984.4518749999988
2025-07-15 15:00:00,49409.439999999995,48820.54,588.900937499995
2025-07-15 16:00:00,48790.77,48190.5,600.2699999999968
2025-07-15 17:00:00,48229.1,48029.996,199.10390624999854
2025-07-15 18:00:00,47593.649999999994,47691.58,-97.92812500000582
2025-07-15 19:00:00,47491.219999999994,47504.035,-12.815156250006112
2025-07-15 20:00:00,48311.95,47660.574,651.3757812499971
2025-07-15 21:00:00,48068.49,47580.984,487.50562499999796
2025-07-15 22:00:00,46519.05999999999,46301.88,217.1810937499904
2025-07-15 23:00:00,44905.05000000001,45699.453,-794.4031249999898
2025-07-16 00:00:00,43233.68,44919.91,-1686.2301562499997
2025-07-16 01:00:00,41345.76,43134.395,-1788.634531249998
2025-07-16 02:00:00,39836.66,40899.73,-1063.0704687499965
2025-07-16 03:00:00,38731.29000000001,39749.473,-1018.1826562499919
2025-07-16 04:00:00,38084.22,39230.73,-1146.5104687499988
2025-07-16 05:00:00,37109.73,38619.355,-1509.6254687499968
2025-07-16 06:00:00,37024.920000000006,38601.383,-1576.4628124999945
2025-07-16 07:00:00,39756.5,40065.953,-309.453125
2025-07-16 08:00:00,46424.71000000001,48756.74,-2332.0282812499936
2025-07-16 09:00:00,49919.23,52035.55,-2116.320781249997
2025-07-16 10:00:00,52091.630000000005,53203.445,-1111.8153124999953
2025-07-16 11:00:00,53511.42999999999,53541.707,-30.277031250006985
2025-07-16 12:00:00,53160.35,53687.13,-526.7789062500015
2025-07-16 13:00:00,54065.12999999999,52980.805,1084.32531249999
2025-07-16 14:00:00,55481.84,53236.332,2245.5079687499965
2025-07-16 15:00:00,54338.38,53211.74,1126.6417187499974
2025-07-16 16:00:00,53629.84999999999,52922.953,706.8968749999913
2025-07-16 17:00:00,52470.89,52186.57,284.3196874999994
2025-07-16 18:00:00,50791.97,51301.074,-509.10421874999884
2025-07-16 19:00:00,50445.36,50975.61,-530.2493749999994
2025-07-16 20:00:00,51331.060000000005,51483.996,-152.93609374999505
2025-07-16 21:00:00,50886.64000000001,51546.93,-660.2896874999933
2025-07-16 22:00:00,49239.88,49128.49,111.39171874999738
2025-07-16 23:00:00,47860.36,47205.816,654.5435937500006
2025-07-17 00:00:00,45408.83,47301.582,-1892.7520312499983
2025-07-17 01:00:00,43363.24,45177.55,-1814.310781250002
2025-07-17 02:00:00,41549.38,43110.79,-1561.4090625000026
2025-07-17 03:00:00,40340.299999999996,41161.152,-820.8523437500044
2025-07-17 04:00:00,39339.03,41124.996,-1785.9660937500012
2025-07-17 05:00:00,38224.170000000006,40764.805,-2540.6346874999945
2025-07-17 06:00:00,37782.6,40510.426,-2727.8257812500015
2025-07-17 07:00:00,40005.75000000001,42683.707,-2677.9570312499927
2025-07-17 08:00:00,46443.68,50806.67,-4362.991875
2025-07-17 09:00:00,50177.05,54511.633,-4334.582812499997
2025-07-17 10:00:00,52159.11000000001,55600.527,-3441.417343749992
2025-07-17 11:00:00,53104.409999999996,56109.97,-3005.558750000004
2025-07-17 12:00:00,53122.87999999999,56376.99,-3254.10828125001
2025-07-17 13:00:00,54422.08999999999,56479.492,-2057.4021875000108
2025-07-17 14:00:00,55496.70999999999,56547.07,-1050.3603125000081
2025-07-17 15:00:00,54980.130000000005,56187.27,-1207.1395312499953
2025-07-17 16:00:00,54633.28999999999,55951.016,-1317.7256250000064
2025-07-17 17:00:00,53778.61,55259.07,-1480.4603124999994
2025-07-17 18:00:00,51976.38,54598.387,-2622.0067187500026
2025-07-17 19:00:00,51875.92,53797.96,-1922.0409375000017
2025-07-17 20:00:00,53732.37000000001,54407.875,-675.5049999999901
2025-07-17 21:00:00,52388.12,53946.69,-1558.5714062499974
2025-07-17 22:00:00,50865.48,52155.28,-1289.8012499999968
2025-07-17 23:00:00,48983.9,49586.836,-602.9359374999985
2025-07-18 00:00:00,46302.08999999999,47264.965,-962.8748437500108
2025-07-18 01:00:00,44150.38,44899.957,-749.5770312500026
2025-07-18 02:00:00,42268.71,42789.375,-520.6650000000009
2025-07-18 03:00:00,41167.439999999995,42524.367,-1356.927187500005
2025-07-18 04:00:00,40250.8,41595.42,-1344.621874999997
2025-07-18 05:00:00,39216.240000000005,40855.594,-1639.3537499999948
2025-07-18 06:00:00,38812.78,40627.332,-1814.5520312500012
2025-07-18 07:00:00,40916.78,42534.99,-1618.2082812500012
2025-07-18 08:00:00,47002.200000000004,50528.305,-3526.1046874999956
2025-07-18 09:00:00,50643.34999999999,54329.8,-3686.4507812500087
2025-07-18 10:00:00,52757.63,55413.445,-2655.8153125000026
2025-07-18 11:00:00,54312.10999999999,55746.81,-1434.6985937500067
2025-07-18 12:00:00,53169.07000000001,55719.46,-2550.390937499993
2025-07-18 13:00:00,53190.58,55752.94,-2562.3614062499983
2025-07-18 14:00:00,55588.07,56307.133,-719.0628125000003
2025-07-18 15:00:00,55287.48999999999,56061.21,-773.7209375000093
2025-07-18 16:00:00,54995.23999999999,55039.074,-43.83421875000931
2025-07-18 17:00:00,53530.65000000001,54405.215,-874.5648437499913
2025-07-18 18:00:00,51615.03,53549.94,-1934.9114062500012
2025-07-18 19:00:00,50942.54,53157.055,-2214.514687499999
2025-07-18 20:00:00,51672.66,53891.566,-2218.9064062499965
2025-07-18 21:00:00,51254.98000000001,53850.53,-2595.5512499999895
2025-07-18 22:00:00,49703.73000000001,51061.09,-1357.3598437499895
2025-07-18 23:00:00,47776.46,49476.453,-1699.9931250000009
2025-07-19 00:00:00,45447.62999999999,46256.367,-808.7371875000099
2025-07-19 01:00:00,43278.12,44113.723,-835.6026562499974
2025-07-19 02:00:00,41682.65,42202.21,-519.5609374999985
2025-07-19 03:00:00,40096.15,41234.312,-1138.1624999999985
2025-07-19 04:00:00,39232.01,40858.305,-1626.294687499998
2025-07-19 05:00:00,38236.52,40480.996,-2244.476093750003
2025-07-19 06:00:00,37400.08,40376.72,-2976.6387499999983
2025-07-19 07:00:00,37612.15,40501.574,-2889.4242187499985
2025-07-19 08:00:00,41953.51999999999,46041.086,-4087.5659375000105
2025-07-19 09:00:00,45005.490000000005,49863.383,-4857.892812499995
2025-07-19 10:00:00,47288.23,51521.305,-4233.074687499997
2025-07-19 11:00:00,48865.020000000004,53856.14,-4991.120624999996
2025-07-19 12:00:00,48543.82,52464.12,-3920.3010937500003
2025-07-19 13:00:00,49612.409999999996,53368.05,-3755.640781250004
2025-07-19 14:00:00,50151.01,53324.918,-3173.907968749998
2025-07-19 15:00:00,50785.2,51886.496,-1101.296093750003
2025-07-19 16:00:00,49910.88,51060.105,-1149.2254687500026
2025-07-19 17:00:00,49432.41,50980.527,-1548.1173437499965
2025-07-19 18:00:00,49096.66,51630.363,-2533.7032812499965
2025-07-19 19:00:00,49121.26999999999,50910.957,-1789.6870312500105
2025-07-19 20:00:00,50076.35,51464.44,-1388.0914062500015
2025-07-19 21:00:00,49555.48999999999,50200.625,-645.1350000000093
2025-07-19 22:00:00,48237.12,48955.01,-717.8917187499974
2025-07-19 23:00:00,46295.38,46358.46,-63.08093750000262
2025-07-20 00:00:00,43667.14,44452.01,-784.8717187500006
2025-07-20 01:00:00,41604.29000000001,41837.676,-233.38578124999185
2025-07-20 02:00:00,39976.15000000001,41041.35,-1065.2015624999913
2025-07-20 03:00:00,38427.06,39272.625,-845.5650000000023
2025-07-20 04:00:00,37477.65,38625.324,-1147.6742187499985
2025-07-20 05:00:00,36166.26,38165.41,-1999.150156249998
2025-07-20 06:00:00,34942.54000000001,37126.84,-2184.299843749992
2025-07-20 07:00:00,34226.81,36606.055,-2379.2446875000023
2025-07-20 08:00:00,35742.73,39545.168,-3802.437968749997
2025-07-20 09:00:00,38196.3,42042.75,-3846.449999999997
2025-07-20 10:00:00,40450.9,44347.78,-3896.8812499999985
2025-07-20 11:00:00,42335.2,46253.67,-3918.471875000003
2025-07-20 12:00:00,43089.83,47361.895,-4272.064531249998
2025-07-20 13:00:00,44171.08999999999,48126.61,-3955.5193750000108
2025-07-20 14:00:00,44015.26,47975.504,-3960.243906249998
2025-07-20 15:00:00,44648.73000000001,47376.27,-2727.5395312499895
2025-07-20 16:00:00,44438.63,47188.227,-2749.5965625000026
2025-07-20 17:00:00,44569.4,47273.188,-2703.7874999999985
2025-07-20 18:00:00,44631.22,47465.35,-2834.131562499999
2025-07-20 19:00:00,45076.98000000001,47947.63,-2870.6489062499895
2025-07-20 20:00:00,46423.98000000001,48787.066,-2363.0864062499895
2025-07-20 21:00:00,46442.48,48170.094,-1727.6137499999968
2025-07-20 22:00:00,45396.45,46151.215,-754.7648437500029
2025-07-20 23:00:00,43998.85,44701.062,-702.2125000000015
2025-07-21 00:00:00,42752.18,44283.86,-1531.6793749999997
2025-07-21 01:00:00,40722.15,42797.11,-2074.9593749999985
2025-07-21 02:00:00,39145.89,41000.812,-1854.9225000000006
2025-07-21 03:00:00,38106.42,40147.31,-2040.8885937500017
2025-07-21 04:00:00,37244.82,39754.637,-2509.8167187500003
2025-07-21 05:00:00,36225.20999999999,39137.688,-2912.477500000008
2025-07-21 06:00:00,35911.37,39044.7,-3133.3292187499974
2025-07-21 07:00:00,38760.85,41390.82,-2629.9703125000015
2025-07-21 08:00:00,45856.09999999999,48996.145,-3140.0445312500087
2025-07-21 09:00:00,50146.53,54002.992,-3856.462187500001
2025-07-21 10:00:00,52743.16,55666.758,-2923.5978124999965
2025-07-21 11:00:00,54120.549999999996,56463.594,-2343.0437500000044
2025-07-21 12:00:00,53526.759999999995,56550.125,-3023.3650000000052
2025-07-21 13:00:00,55128.59,56868.684,-1740.0935937500035
2025-07-21 14:00:00,56209.42999999999,57265.2,-1055.769218750007
2025-07-21 15:00:00,55915.689999999995,57167.836,-1252.145937500005
2025-07-21 16:00:00,55569.94,56444.496,-874.5560937499977
2025-07-21 17:00:00,54884.72,55764.6,-879.8815624999988
2025-07-21 18:00:00,53299.28,54853.82,-1554.5403125000012
2025-07-21 19:00:00,53120.40000000001,54198.0,-1077.5999999999913
2025-07-21 20:00:00,53852.43000000001,55024.332,-1171.9020312499924
2025-07-21 21:00:00,53486.27999999999,54955.29,-1469.0090625000084
2025-07-21 22:00:00,51745.850000000006,51603.87,141.97890625000582
2025-07-21 23:00:00,49656.99,49733.92,-76.93187500000204
2025-07-22 00:00:00,46877.990000000005,48081.63,-1203.6389062499948
2025-07-22 01:00:00,44795.86,44986.03,-190.17124999999942
2025-07-22 02:00:00,42952.12,43406.094,-453.9737499999974
2025-07-22 03:00:00,41613.32,42466.195,-852.8753125000003
2025-07-22 04:00:00,40745.16,41852.496,-1107.3360937499965
2025-07-22 05:00:00,39578.23,41548.516,-1970.2856249999968
2025-07-22 06:00:00,38846.030000000006,41276.45,-2430.419218749994
2025-07-22 07:00:00,41140.54000000001,42597.652,-1457.1123437499919
2025-07-22 08:00:00,47400.649999999994,50840.223,-3439.572656250006
2025-07-22 09:00:00,51322.299999999996,54730.254,-3407.9539062500044
2025-07-22 10:00:00,53315.85999999999,55626.844,-2310.9837500000067
2025-07-22 11:00:00,54843.9,56206.04,-1362.1390624999985
2025-07-22 12:00:00,54351.509999999995,56531.17,-2179.6618750000052
2025-07-22 13:00:00,55793.51,56575.71,-782.200937499998
2025-07-22 14:00:00,57190.38,56975.902,214.47765624999738
2025-07-22 15:00:00,56952.0,56992.637,-40.63671875
2025-07-22 16:00:00,56611.78999999999,56702.4,-90.6084375000064
2025-07-22 17:00:00,55973.030000000006,56169.418,-196.3879687499939
2025-07-22 18:00:00,54431.97000000001,55800.87,-1368.9010937499916
2025-07-22 19:00:00,54128.42999999999,55207.574,-1079.144218750007
2025-07-22 20:00:00,53635.67,55276.46,-1640.7909375000017
2025-07-22 21:00:00,53307.34999999999,55267.938,-1960.5875000000087
2025-07-22 22:00:00,52685.91000000001,52760.176,-74.26578124998923
2025-07-22 23:00:00,50658.44,50614.414,44.02593750000233
2025-07-23 00:00:00,47965.24,48646.72,-681.478750000002
2025-07-23 01:00:00,45665.619999999995,46097.59,-431.96984375000466
2025-07-23 02:00:00,43818.66,44179.773,-361.1134374999965
2025-07-23 03:00:00,42245.899999999994,43120.344,-874.4437500000058
2025-07-23 04:00:00,41395.77,42849.633,-1453.8628125000032
2025-07-23 05:00:00,40428.82,41833.758,-1404.9378125000003
2025-07-23 06:00:00,39517.329999999994,41727.082,-2209.7520312500055
2025-07-23 07:00:00,41792.67,43487.1,-1694.4315625000017
2025-07-23 08:00:00,48175.41999999999,51149.016,-2973.595625000009
2025-07-23 09:00:00,52561.35,54916.87,-2355.5210937500015
2025-07-23 10:00:00,54889.32,55925.402,-1036.0823437500003
2025-07-23 11:00:00,56699.780000000006,56498.973,200.8073437500061
2025-07-23 12:00:00,56064.14000000001,56869.273,-805.1334374999933
2025-07-23 13:00:00,57481.130000000005,56952.81,528.3214062500047
2025-07-23 14:00:00,58751.46,57273.36,1478.1006249999991
2025-07-23 15:00:00,58365.12000000001,57235.48,1129.63953125001
2025-07-23 16:00:00,57990.83,56936.42,1054.4081250000017
2025-07-23 17:00:00,56232.54,56555.598,-323.0576562499991
2025-07-23 18:00:00,55236.799999999996,56398.184,-1161.3835937500044
2025-07-23 19:00:00,54159.35,55953.73,-1794.3804687500015
2025-07-23 20:00:00,54797.49,56588.87,-1791.381093750002
2025-07-23 21:00:00,54763.18000000001,56563.598,-1800.4176562499924
2025-07-23 22:00:00,53166.409999999996,54048.504,-882.0939062500038
2025-07-23 23:00:00,51128.87,51567.42,-438.5518749999974
2025-07-24 00:00:00,48451.22000000001,49008.457,-557.2370312499916
2025-07-24 01:00:00,46405.66,46635.863,-230.2032812499965
2025-07-24 02:00:00,44692.44,44312.69,379.7485937500023
2025-07-24 03:00:00,43339.71,43388.312,-48.60250000000087
2025-07-24 04:00:00,42141.22000000001,42899.16,-757.9401562499916
2025-07-24 05:00:00,41128.469999999994,42084.65,-956.1784375000061
2025-07-24 06:00:00,39993.52,41929.336,-1935.8159375000032
2025-07-24 07:00:00,42844.54,43843.38,-998.8389062499991
2025-07-24 08:00:00,49345.09,51423.242,-2078.1521875000035
2025-07-24 09:00:00,53245.00000000001,55291.164,-2046.1640624999927
2025-07-24 10:00:00,55353.18,56361.09,-1007.9098437499997
2025-07-24 11:00:00,56904.15000000001,57051.336,-147.18593749999127
2025-07-24 12:00:00,56635.26,57352.9,-717.638437499998
2025-07-24 13:00:00,58168.37999999999,57427.09,741.2901562499901
2025-07-24 14:00:00,59168.57,57761.758,1406.8121874999997
2025-07-24 15:00:00,58775.98,57723.723,1052.2573437500032
2025-07-24 16:00:00,58315.630000000005,57307.375,1008.2550000000047
2025-07-24 17:00:00,57265.45999999999,56785.363,480.09671874999185
2025-07-24 18:00:00,55545.86,56627.63,-1081.7689062499994
2025-07-24 19:00:00,55274.40000000001,56218.402,-944.0023437499913
2025-07-24 20:00:00,56304.229999999996,56694.062,-389.8325000000041
2025-07-24 21:00:00,55921.810000000005,56497.465,-575.654843749995
2025-07-24 22:00:00,54251.61,54307.754,-56.14390624999942
2025-07-24 23:00:00,52130.590000000004,51789.13,341.4610937500038
2025-07-25 00:00:00,49536.689999999995,49292.332,244.35796874999505
2025-07-25 01:00:00,47243.67,46762.992,480.67781249999825
2025-07-25 02:00:00,45311.87000000001,44510.305,801.5653125000099
2025-07-25 03:00:00,44090.65000000001,43823.605,267.04453125000873
2025-07-25 04:00:00,42808.53,42658.957,149.57296874999884
2025-07-25 05:00:00,41691.67,41918.094,-226.42375000000175
2025-07-25 06:00:00,41158.89,41723.523,-564.6334375000006
2025-07-25 07:00:00,43142.91,43604.45,-461.5392187499965
2025-07-25 08:00:00,49230.7,51337.066,-2106.366406250003
2025-07-25 09:00:00,53397.29,55022.75,-1625.4599999999991
2025-07-25 10:00:00,55862.84999999999,56349.426,-486.57578125000873
2025-07-25 11:00:00,57227.91000000001,56840.34,387.57015625001077
2025-07-25 12:00:00,56480.35999999999,57059.152,-578.7923437500067
2025-07-25 13:00:00,56746.99999999999,57162.86,-415.8593750000073
2025-07-25 14:00:00,58998.99,57658.92,1340.068124999998
2025-07-25 15:00:00,58496.170000000006,57452.21,1043.9590625000055
2025-07-25 16:00:00,57792.06,57346.723,445.3373437499977
2025-07-25 17:00:00,56749.54,56815.746,-66.20609374999913
2025-07-25 18:00:00,55050.43,56599.145,-1548.7145312499997
2025-07-25 19:00:00,54747.86,55727.32,-979.4603124999994
2025-07-25 20:00:00,55543.4,56701.242,-1157.8421874999985
2025-07-25 21:00:00,54993.090000000004,56512.336,-1519.2459374999962
2025-07-25 22:00:00,53317.399999999994,52890.453,426.9468749999942
2025-07-25 23:00:00,51548.31999999999,51558.41,-10.090156250007567
2025-07-26 00:00:00,49014.869999999995,47546.78,1468.0887499999953
2025-07-26 01:00:00,46974.64000000001,45672.04,1302.6009375000067
2025-07-26 02:00:00,45204.75,43391.51,1813.23828125
2025-07-26 03:00:00,43861.42,42116.027,1745.3926562499983
2025-07-26 04:00:00,42850.58,41898.305,952.2753125000017
2025-07-26 05:00:00,41690.25,41087.15,603.1015625
2025-07-26 06:00:00,40544.48000000001,40865.797,-321.3168749999895
2025-07-26 07:00:00,41599.11,40947.03,652.0787500000006
2025-07-26 08:00:00,45684.05,46859.996,-1175.946093749997
2025-07-26 09:00:00,49098.53,50007.0,-908.4700000000012
2025-07-26 10:00:00,50662.20999999999,52148.473,-1486.2626562500081
2025-07-26 11:00:00,52840.14,54841.605,-2001.4654687500006
2025-07-26 12:00:00,52493.01,52786.5,-293.48999999999796
2025-07-26 13:00:00,53393.28,53846.383,-453.10281250000116
2025-07-26 14:00:00,53898.810000000005,54433.848,-535.037656249995
2025-07-26 15:00:00,53614.47,53378.78,235.68875000000116
2025-07-26 16:00:00,53167.61000000001,52879.95,287.66078125000786
2025-07-26 17:00:00,52591.42,52841.81,-250.38859375000175
2025-07-26 18:00:00,52481.82,53047.12,-565.3010937500003
2025-07-26 19:00:00,52521.32000000001,52342.49,178.83171875000698
2025-07-26 20:00:00,53328.01000000001,52895.78,432.2287500000093
2025-07-26 21:00:00,51905.57,51752.68,152.8903124999997
2025-07-26 22:00:00,51089.299999999996,50438.0,651.2999999999956
2025-07-26 23:00:00,49289.2,48396.293,892.9070312499971
2025-07-27 00:00:00,46892.51000000001,45471.8,1420.7092187500093
2025-07-27 01:00:00,45050.98,43061.05,1989.9292187500032
2025-07-27 02:00:00,43117.16,41282.867,1834.2928125000035
2025-07-27 03:00:00,41570.41000000001,39808.38,1762.0310937500108
2025-07-27 04:00:00,40689.98999999999,39068.832,1621.1579687499907
2025-07-27 05:00:00,39461.93,38498.246,963.6839062500003
2025-07-27 06:00:00,37987.67,37205.617,782.0528124999983
2025-07-27 07:00:00,38243.579999999994,36765.7,1477.8807812499945
2025-07-27 08:00:00,40009.04,39394.156,614.8837500000009
2025-07-27 09:00:00,42386.08,41560.01,826.0682812500017
2025-07-27 10:00:00,44747.4,44029.957,717.4429687500015
2025-07-27 11:00:00,46311.32,45677.715,633.6051562499997
2025-07-27 12:00:00,47227.25,46658.98,568.26953125
2025-07-27 13:00:00,48213.44999999999,47458.48,754.9695312499898
2025-07-27 14:00:00,48223.219999999994,47586.38,636.8410937499939
2025-07-27 15:00:00,48147.75,47229.344,918.40625
2025-07-27 16:00:00,47873.12000000001,47578.92,294.1981250000099
2025-07-27 17:00:00,48168.66999999999,47902.156,266.513749999991
2025-07-27 18:00:00,48270.72,48108.844,161.87625000000116
2025-07-27 19:00:00,48740.08000000001,48315.15,424.931562500009
2025-07-27 20:00:00,50307.740000000005,49541.926,765.8142187500052
2025-07-27 21:00:00,50082.939999999995,48699.617,1383.322812499995
2025-07-27 22:00:00,49130.97,47036.95,2094.020781250001
2025-07-27 23:00:00,47216.740000000005,45472.297,1744.4431250000052
2025-07-28 00:00:00,45663.01000000001,44561.56,1101.4514062500093
2025-07-28 01:00:00,43748.85,42015.027,1733.8226562499985
2025-07-28 02:00:00,41971.52,40084.11,1887.4106249999968
2025-07-28 03:00:00,40728.26,39340.043,1388.217031250002
2025-07-28 04:00:00,39849.88,38922.17,927.7081249999974
2025-07-28 05:00:00,38601.310000000005,38216.746,384.56390625000495
2025-07-28 06:00:00,38183.52,38111.7,71.8207812499968
2025-07-28 07:00:00,41167.75000000001,39754.844,1412.9062500000073
2025-07-28 08:00:00,48165.13,47481.305,683.8253124999974
2025-07-28 09:00:00,52631.41,52402.355,229.0545312500035
2025-07-28 10:00:00,55352.619999999995,54173.01,1179.6082812499953
2025-07-28 11:00:00,57125.130000000005,55011.83,2113.3018750000047
2025-07-28 12:00:00,56629.99999999999,55173.375,1456.6249999999927
2025-07-28 13:00:00,58044.49,55340.695,2703.794687499998
2025-07-28 14:00:00,59503.67,55780.773,3722.8965624999983
2025-07-28 15:00:00,59366.130000000005,55786.0,3580.1300000000047
2025-07-28 16:00:00,59130.85,55494.816,3636.0335937499985
2025-07-28 17:00:00,58128.6,55022.973,3105.6273437499985
2025-07-28 18:00:00,55729.20999999999,54807.85,921.3584374999919
2025-07-28 19:00:00,55086.85,54071.598,1015.2523437499985
2025-07-28 20:00:00,55038.6,55311.59,-272.98984375000146
2025-07-28 21:00:00,54491.590000000004,55271.137,-779.5467187499962
2025-07-28 22:00:00,53571.2,51817.37,1753.828906249997
2025-07-28 23:00:00,51888.83,50111.195,1777.6346875000017
2025-07-29 00:00:00,49252.270000000004,47169.707,2082.562968750004
2025-07-29 01:00:00,47023.28,43966.39,3056.889374999999
2025-07-29 02:00:00,45109.700000000004,42111.285,2998.4148437500044
2025-07-29 03:00:00,43839.08,41023.92,2815.1581250000017
2025-07-29 04:00:00,42503.61,40663.68,1839.9303125000006
2025-07-29 05:00:00,41742.33,40120.26,1622.0682812500017
2025-07-29 06:00:00,40836.01000000001,39953.176,882.8342187500093
2025-07-29 07:00:00,43086.04,41491.98,1594.0595312500009
2025-07-29 08:00:00,49406.6,49365.14,41.459374999998545
2025-07-29 09:00:00,53691.69999999999,53290.31,401.3914062499898
2025-07-29 10:00:00,55975.76,54404.195,1571.564687500002
2025-07-29 11:00:00,57431.77,55056.99,2374.781718749997
2025-07-29 12:00:00,56752.43,55272.594,1479.8362500000003
2025-07-29 13:00:00,57799.33,55521.01,2278.3182812500017
2025-07-29 14:00:00,58823.579999999994,56037.484,2786.0956249999945
2025-07-29 15:00:00,58745.71,55936.457,2809.252968749999
2025-07-29 16:00:00,58232.30000000001,55481.754,2750.54609375001
2025-07-29 17:00:00,57246.020000000004,54951.33,2294.691875000004
2025-07-29 18:00:00,55608.45,54811.06,797.3914062499971
2025-07-29 19:00:00,55272.75,54108.0,1164.75
2025-07-29 20:00:00,55360.1,55161.336,198.76406249999854
2025-07-29 21:00:00,54965.61000000001,55111.445,-145.83531249999214
2025-07-29 22:00:00,53793.69999999999,52592.8,1200.8992187499898
2025-07-29 23:00:00,51924.94,50486.523,1438.4165625000023
2025-07-30 00:00:00,49329.92,46721.36,2608.5606249999983
2025-07-30 01:00:00,47092.08,44772.414,2319.6659375000017
2025-07-30 02:00:00,45266.659999999996,42630.7,2635.960781249996
2025-07-30 03:00:00,43949.85,41139.75,2810.0999999999985
2025-07-30 04:00:00,42851.810000000005,40559.543,2292.267031250005
2025-07-30 05:00:00,42146.12000000001,39825.375,2320.74500000001
2025-07-30 06:00:00,41477.53,39675.79,1801.7409374999988
2025-07-30 07:00:00,43459.54000000001,41376.113,2083.426718750008
2025-07-30 08:00:00,49473.31999999999,49746.355,-273.03546875000757
2025-07-30 09:00:00,53294.42,53060.71,233.70906249999825
2025-07-30 10:00:00,55389.89,54502.492,887.3978124999994
2025-07-30 11:00:00,56797.899999999994,55106.395,1691.5054687499942
2025-07-30 12:00:00,56001.950000000004,55439.9,562.0515625000044
2025-07-30 13:00:00,57026.159999999996,55590.234,1435.9256249999962
2025-07-30 14:00:00,58514.44,55960.82,2553.6196875000023
2025-07-30 15:00:00,58119.2,55944.39,2174.809374999997
2025-07-30 16:00:00,57511.16000000001,55553.48,1957.6795312500108
2025-07-30 17:00:00,56732.490000000005,54807.93,1924.5603125000052
2025-07-30 18:00:00,55011.39,54597.332,414.0579687499994
2025-07-30 19:00:00,54485.719999999994,53947.137,538.5832812499939
2025-07-30 20:00:00,55549.869999999995,54988.76,561.1082812499953
2025-07-30 21:00:00,54868.89,55009.73,-140.84046875000058
2025-07-30 22:00:00,53122.030000000006,52273.98,848.0495312500061
2025-07-30 23:00:00,51207.23000000001,49615.47,1591.7612500000105
2025-07-31 00:00:00,48719.049999999996,47011.273,1707.7765624999956
2025-07-31 01:00:00,46512.34999999999,44751.492,1760.8578124999913
2025-07-31 02:00:00,44677.75,42529.312,2148.4375
2025-07-31 03:00:00,43444.06,40953.664,2490.3959374999977
2025-07-31 04:00:00,42240.39,40531.016,1709.3743749999994
2025-07-31 05:00:00,41480.76000000001,39779.65,1701.1115625000093
2025-07-31 06:00:00,40528.53,39607.855,920.6745312499988
2025-07-31 07:00:00,42810.78,41647.77,1163.0104687499988
2025-07-31 08:00:00,49119.15,49775.848,-656.6976562499985
2025-07-31 09:00:00,52969.26,53195.184,-225.92359374999796
2025-07-31 10:00:00,54544.73999999999,54551.51,-6.771718750009313
2025-07-31 11:00:00,55670.45,55247.773,422.6765624999971
2025-07-31 12:00:00,55087.15000000001,54962.867,124.28281250000873
2025-07-31 13:00:00,56469.44,55290.914,1178.5259375000023
2025-07-31 14:00:00,57612.74999999999,55647.914,1964.8359374999927
2025-07-31 15:00:00,57203.880000000005,55596.855,1607.0245312500047
2025-07-31 16:00:00,56829.32,55253.367,1575.9528124999997
2025-07-31 17:00:00,56000.520000000004,54411.72,1588.801250000004
2025-07-31 18:00:00,54117.15,53910.816,206.33359375000146
2025-07-31 19:00:00,53969.23000000001,53268.027,701.2026562500105
2025-07-31 20:00:00,54763.58999999999,53902.13,861.4610937499892
2025-07-31 21:00:00,54006.58999999999,53794.453,212.13687499998923
2025-07-31 22:00:00,52260.61,51335.047,925.5631250000006
2025-07-31 23:00:00,50304.02,49213.086,1090.9340624999968
2025-08-01 00:00:00,47862.38999999999,45146.836,2715.554062499992
2025-08-01 01:00:00,45732.5,43722.46,2010.0390625
2025-08-01 02:00:00,44115.56,41575.46,2540.0990624999977
2025-08-01 03:00:00,42615.43,40137.453,2477.9768750000003
2025-08-01 04:00:00,41641.22,39503.656,2137.563750000001
2025-08-01 05:00:00,39516.07,38916.63,599.4410937499997
2025-08-01 06:00:00,40094.62999999999,38727.28,1367.34874999999
2025-08-01 07:00:00,42126.380000000005,40306.23,1820.1495312500047
2025-08-01 08:00:00,48398.310000000005,47518.824,879.485781250005
2025-08-01 09:00:00,51818.18,52033.46,-215.2809374999997
2025-08-01 10:00:00,53691.23,53918.33,-227.0981249999968
2025-08-01 11:00:00,53562.04,54408.062,-846.0224999999991
2025-08-01 12:00:00,53010.24,53973.91,-963.670156250002
2025-08-01 13:00:00,52602.99,53706.64,-1103.650625000002
2025-08-01 14:00:00,55314.91,54441.75,873.1600000000035
2025-08-01 15:00:00,55270.96,54094.023,1176.9365624999991
2025-08-01 16:00:00,54787.24999999999,53651.094,1136.1562499999927
2025-08-01 17:00:00,53780.11,53049.3,730.8092187500006
2025-08-01 18:00:00,51886.41000000001,51646.586,239.82406250001077
2025-08-01 19:00:00,51694.23,51656.703,37.5268750000032
2025-08-01 20:00:00,52574.58,52238.36,336.22062500000175
2025-08-01 21:00:00,51702.35,51903.57,-201.22031250000146
2025-08-01 22:00:00,50127.61,49399.816,727.7935937500006
2025-08-01 23:00:00,48312.99,48013.01,299.97828124999796
2025-08-02 00:00:00,46099.40000000001,43822.85,2276.5484375000087
2025-08-02 01:00:00,44469.78999999999,42503.445,1966.3446874999936
2025-08-02 02:00:00,42803.21,40321.75,2481.459999999999
2025-08-02 03:00:00,41526.82,38921.266,2605.5543749999997
2025-08-02 04:00:00,40564.11,38815.543,1748.5670312500006
2025-08-02 05:00:00,39828.18,38280.29,1547.8909375000003
2025-08-02 06:00:00,38526.9,38099.566,427.33359375000146
2025-08-02 07:00:00,39705.23,38452.77,1252.4604687500032
2025-08-02 08:00:00,43899.69000000001,43191.418,708.2720312500096
2025-08-02 09:00:00,46977.560000000005,47015.89,-38.33062499999505
2025-08-02 10:00:00,49032.659999999996,48950.746,81.91390624999622
2025-08-02 11:00:00,50250.3,51625.363,-1375.063281249997
2025-08-02 12:00:00,50107.200000000004,49695.406,411.79375000000437
2025-08-02 13:00:00,50952.34,50633.57,318.7696874999965
2025-08-02 14:00:00,51509.049999999996,50907.1,601.9484374999956
2025-08-02 15:00:00,51210.66,49817.36,1393.3006250000035
2025-08-02 16:00:00,50518.130000000005,49013.418,1504.7120312500047
2025-08-02 17:00:00,49992.91,49095.62,897.2889062500035
2025-08-02 18:00:00,49433.13999999999,49197.758,235.38218749999214
2025-08-02 19:00:00,49115.25,49211.72,-96.46875
2025-08-02 20:00:00,50327.83999999999,49665.027,662.8126562499892
2025-08-02 21:00:00,49643.659999999996,48144.21,1499.4490624999962
2025-08-02 22:00:00,48011.31999999999,47077.875,933.4449999999924
2025-08-02 23:00:00,46126.74,45445.496,681.243906249998
2025-08-03 00:00:00,43273.47,42005.332,1268.1379687500012
2025-08-03 01:00:00,41340.95,39866.227,1474.723437499997
2025-08-03 02:00:00,39826.119999999995,38291.426,1534.6942187499953
2025-08-03 03:00:00,38790.31,36864.816,1925.4935937499977
2025-08-03 04:00:00,37690.3,36382.39,1307.909375000003
2025-08-03 05:00:00,36948.16000000001,36003.29,944.8709375000108
2025-08-03 06:00:00,35308.700000000004,34805.047,503.65312500000437
2025-08-03 07:00:00,35470.16000000001,34326.85,1143.3084375000108
2025-08-03 08:00:00,37227.07,36553.145,673.9254687499997
2025-08-03 09:00:00,39027.42,39181.234,-153.81437500000175
2025-08-03 10:00:00,41170.47,41758.094,-587.6237499999988
2025-08-03 11:00:00,42848.950000000004,43223.758,-374.80781249999563
2025-08-03 12:00:00,43492.65000000001,44209.547,-716.8968749999913
2025-08-03 13:00:00,44608.19999999999,44945.086,-336.8859375000102
2025-08-03 14:00:00,45022.43,45088.656,-66.22624999999971
2025-08-03 15:00:00,45028.89,44742.27,286.6204687499994
2025-08-03 16:00:00,45096.37,45087.996,8.37390625000262
2025-08-03 17:00:00,44838.99,44822.543,16.447031249997963
2025-08-03 18:00:00,45073.39,44761.965,311.4251562499994
2025-08-03 19:00:00,45678.44999999999,44866.145,812.3054687499898
2025-08-03 20:00:00,47277.66,45723.094,1554.5662500000035
2025-08-03 21:00:00,46596.34999999999,44821.574,1774.7757812499913
2025-08-03 22:00:00,45545.79000000001,43090.035,2455.754843750008
2025-08-03 23:00:00,44179.2,42395.492,1783.707812499997
2025-08-04 00:00:00,42542.93,42030.113,512.8167187500003
2025-08-04 01:00:00,40636.16999999999,40700.164,-63.99406250000902
2025-08-04 02:00:00,39135.969999999994,38569.69,566.2785937499939
2025-08-04 03:00:00,37814.72,37780.105,34.614531250001164
2025-08-04 04:00:00,37018.73,37461.07,-442.3403124999968
2025-08-04 05:00:00,36299.71,37061.6,-761.8915625000009
2025-08-04 06:00:00,35664.02,36735.945,-1071.9253125000032
2025-08-04 07:00:00,38184.34,38373.285,-188.9451562500035
2025-08-04 08:00:00,45050.35999999999,45345.152,-294.7923437500067
2025-08-04 09:00:00,49172.75,51610.61,-2437.859375
2025-08-04 10:00:00,51376.299999999996,53433.234,-2056.9343750000044
2025-08-04 11:00:00,52795.329999999994,53982.457,-1187.1270312500055
2025-08-04 12:00:00,52328.02,54337.746,-2009.7260937500032
2025-08-04 13:00:00,53571.59999999999,54464.504,-892.9039062500087
2025-08-04 14:00:00,55098.52999999999,54147.96,950.5690624999916
2025-08-04 15:00:00,55507.95,54106.19,1401.758593749997
2025-08-04 16:00:00,54554.08000000001,53722.973,831.107343750009
2025-08-04 17:00:00,53810.7,52977.082,833.6179687499971
2025-08-04 18:00:00,52113.36,51507.715,605.6451562500006
2025-08-04 19:00:00,51950.75,51248.67,702.078125
2025-08-04 20:00:00,53007.44,52460.1,547.3384375000023
2025-08-04 21:00:00,52216.33999999999,51765.625,450.71499999998923
2025-08-04 22:00:00,50622.44,49008.004,1614.4360937500023
2025-08-04 23:00:00,48636.95,46564.938,2072.012499999997
2025-08-05 00:00:00,46098.28,44944.9,1153.3815624999988
2025-08-05 01:00:00,44054.94999999999,42988.406,1066.5437499999898
2025-08-05 02:00:00,42361.100000000006,41238.91,1122.1898437500058
2025-08-05 03:00:00,40970.06999999999,39730.277,1239.7926562499924
2025-08-05 04:00:00,39798.95,39362.535,436.4148437499971
2025-08-05 05:00:00,39329.47,39117.32,212.14968750000116
2025-08-05 06:00:00,38473.95,38773.723,-299.7726562500029
2025-08-05 07:00:00,40877.31999999999,40242.67,634.6481249999924
2025-08-05 08:00:00,46985.69999999999,47986.76,-1001.0617187500102
2025-08-05 09:00:00,50033.83999999999,52985.652,-2951.8123437500108
2025-08-05 10:00:00,52633.24,54288.35,-1655.111562500002
2025-08-05 11:00:00,53753.009999999995,54660.363,-907.3532812500052
2025-08-05 12:00:00,53240.299999999996,54644.484,-1404.1843750000044
2025-08-05 13:00:00,54649.06,54733.207,-84.14703125000233
2025-08-05 14:00:00,56150.79000000001,55401.82,748.9696875000081
2025-08-05 15:00:00,56091.02,55284.45,806.5707812499968
2025-08-05 16:00:00,55825.90000000001,54796.875,1029.0250000000087
2025-08-05 17:00:00,54569.78,54303.535,266.24484374999884
2025-08-05 18:00:00,52872.84,52956.16,-83.32015625000349
2025-08-05 19:00:00,53049.72,52880.613,169.10671875000116
2025-08-05 20:00:00,54182.62000000001,53878.01,304.6082812500099
2025-08-05 21:00:00,53039.4,53284.766,-245.36562499999854
2025-08-05 22:00:00,51393.38,50919.29,474.0909374999974
2025-08-05 23:00:00,49338.67999999999,48631.36,707.320624999993
2025-08-06 00:00:00,46954.4,45484.227,1470.1734375000015
2025-08-06 01:00:00,44841.83,43987.215,854.6151562500017
2025-08-06 02:00:00,43406.950000000004,41832.07,1574.8796875000044
2025-08-06 03:00:00,42180.42,40100.973,2079.4473437499983
2025-08-06 04:00:00,41141.74,39657.086,1484.654062499998
2025-08-06 05:00:00,40437.57000000001,39297.33,1140.241875000007
2025-08-06 06:00:00,39520.06,38945.043,575.0170312499977
2025-08-06 07:00:00,41863.66,40359.023,1504.6365625000035
2025-08-06 08:00:00,47686.450000000004,48256.195,-569.7453124999956
2025-08-06 09:00:00,51616.94000000001,52849.426,-1232.4857812499904
2025-08-06 10:00:00,53507.28,54366.2,-858.9192187500012
2025-08-06 11:00:00,54948.23000000001,54962.918,-14.687968749989523
2025-08-06 12:00:00,54556.4,55113.11,-556.7093749999985
2025-08-06 13:00:00,56000.41,55197.785,802.6248437500035
2025-08-06 14:00:00,56770.53,55706.48,1064.0495312499988
2025-08-06 15:00:00,56286.14,55530.617,755.5228124999994
2025-08-06 16:00:00,56536.66000000001,54962.395,1574.2654687500108
2025-08-06 17:00:00,55039.56999999999,54549.754,489.81609374999243
2025-08-06 18:00:00,53586.69000000001,53671.574,-84.8842187499904
2025-08-06 19:00:00,53647.23000000001,53704.23,-57.00046874998952
2025-08-06 20:00:00,54565.24,54741.598,-176.35765625000204
2025-08-06 21:00:00,53619.08999999999,54110.3,-491.21078125001077
2025-08-06 22:00:00,52113.56,51213.94,899.6185937499977
2025-08-06 23:00:00,49972.94,48766.094,1206.8462500000023
2025-08-07 00:00:00,47388.810000000005,45184.76,2204.048281250005
2025-08-07 01:00:00,45412.81,43801.926,1610.8842187499977
2025-08-07 02:00:00,43636.36,41768.36,1868.0006250000006
2025-08-07 03:00:00,42216.96,40054.414,2162.545937499999
2025-08-07 04:00:00,41085.41,39745.363,1340.0467187500035
2025-08-07 05:00:00,40399.84999999999,39309.58,1090.2718749999913
2025-08-07 06:00:00,39680.280000000006,38929.8,750.4792187500061
2025-08-07 07:00:00,41480.76000000001,40674.855,805.9045312500093
2025-08-07 08:00:00,47177.64,48189.14,-1011.5006250000006
2025-08-07 09:00:00,50851.86,52864.176,-2012.3157812499994
2025-08-07 10:00:00,53076.84,54443.273,-1366.4334375000035
2025-08-07 11:00:00,54025.86000000001,55052.492,-1026.6321874999921
2025-08-07 12:00:00,53613.6,55150.26,-1536.6617187500015
2025-08-07 13:00:00,54624.149999999994,55155.594,-531.4437500000058
2025-08-07 14:00:00,56635.93,55473.926,1162.0042187500003
2025-08-07 15:00:00,56106.520000000004,55325.656,780.8637500000041
2025-08-07 16:00:00,55957.69999999999,54991.46,966.2390624999898
2025-08-07 17:00:00,54968.62000000001,53872.652,1095.96765625001
2025-08-07 18:00:00,53335.93,53081.87,254.0589062500003
2025-08-07 19:00:00,53506.4,52598.45,907.9507812500015
2025-08-07 20:00:00,54564.66,53658.96,905.6990625000035
2025-08-07 21:00:00,53583.26,52927.934,655.326406250002
2025-08-07 22:00:00,51771.81,50814.23,957.5795312499977
2025-08-07 23:00:00,49428.46,48206.98,1221.4795312499991
2025-08-08 00:00:00,47592.79,45711.582,1881.2079687500009
2025-08-08 01:00:00,45563.18,44496.09,1067.0901562500003
2025-08-08 02:00:00,43742.58999999999,41894.066,1848.5235937499892
2025-08-08 03:00:00,42516.11,40207.324,2308.7857812500006
2025-08-08 04:00:00,41074.15,39628.14,1446.0093750000015
2025-08-08 05:00:00,40587.29000000001,39214.145,1373.1454687500081
2025-08-08 06:00:00,39998.82000000001,38860.05,1138.769218750007
2025-08-08 07:00:00,42148.590000000004,40647.59,1501.0001562500038
2025-08-08 08:00:00,47597.149999999994,48159.312,-562.1625000000058
2025-08-08 09:00:00,51537.850000000006,52782.24,-1244.3882812499942
2025-08-08 10:00:00,54123.98,54208.203,-84.2231249999968
2025-08-08 11:00:00,55539.02999999999,54765.82,773.2096874999916
2025-08-08 12:00:00,54374.76,54968.867,-594.107187499998
2025-08-08 13:00:00,53738.61,54890.992,-1152.3821874999994
2025-08-08 14:00:00,56826.19999999999,55188.246,1637.9539062499898
2025-08-08 15:00:00,56846.950000000004,54613.492,2233.4578125000044
2025-08-08 16:00:00,56736.52,53904.367,2832.152812499997
2025-08-08 17:00:00,55373.42,53361.56,2011.8614062499983
2025-08-08 18:00:00,53190.19,52851.164,339.0259375000023
2025-08-08 19:00:00,52236.73,52767.78,-531.0512499999968
2025-08-08 20:00:00,53757.93,53774.91,-16.98015624999971
2025-08-08 21:00:00,52771.670000000006,53132.22,-360.54874999999447
2025-08-08 22:00:00,51094.73999999999,49933.004,1161.7360937499907
2025-08-08 23:00:00,49211.55,48517.094,694.4562500000029
2025-08-09 00:00:00,46998.04,44779.844,2218.196250000001
2025-08-09 01:00:00,44704.67,43490.49,1214.1817187499983
2025-08-09 02:00:00,43060.05999999999,41086.28,1973.7787499999904
2025-08-09 03:00:00,41872.39,39467.875,2404.5149999999994
2025-08-09 04:00:00,40917.08000000001,39122.01,1795.068281250009
2025-08-09 05:00:00,40000.03,38640.504,1359.5260937499988
2025-08-09 06:00:00,38847.82,38473.168,374.6520312499997
2025-08-09 07:00:00,40229.670000000006,38672.12,1557.5489062500055
2025-08-09 08:00:00,44586.35,43884.9,701.4515624999985
2025-08-09 09:00:00,47543.65,48016.83,-473.17812499999854
2025-08-09 10:00:00,49960.96,50319.9,-358.9384375000009
2025-08-09 11:00:00,51383.17,52963.605,-1580.4354687500017
2025-08-09 12:00:00,51193.42999999999,51414.754,-221.32390625000698
2025-08-09 13:00:00,52102.12,52079.844,22.27625000000262
2025-08-09 14:00:00,52349.94,52186.23,163.70953125000233
2025-08-09 15:00:00,52022.31999999999,51165.906,856.4137499999924
2025-08-09 16:00:00,51573.99,50745.17,828.818124999998
2025-08-09 17:00:00,51500.73999999999,50824.508,676.2321874999907
2025-08-09 18:00:00,51485.6,50921.87,563.7289062499985
2025-08-09 19:00:00,51819.18,50721.52,1097.6604687500003
2025-08-09 20:00:00,52782.939999999995,51668.566,1114.373593749995
2025-08-09 21:00:00,51846.85,49701.55,2145.2992187499985
2025-08-09 22:00:00,50283.05,48029.008,2254.042187500003
2025-08-09 23:00:00,48248.71000000001,46385.324,1863.3857812500064
2025-08-10 00:00:00,46131.77,42891.418,3240.352031249997
2025-08-10 01:00:00,44186.35999999999,41014.863,3171.4967187499933
2025-08-10 02:00:00,42475.02,39243.668,3231.352031249997
2025-08-10 03:00:00,40775.89,37498.227,3277.6634374999994
2025-08-10 04:00:00,39573.58,36714.785,2858.7948437500017
2025-08-10 05:00:00,38673.07,36334.01,2339.0582812499997
2025-08-10 06:00:00,36991.72000000001,34998.516,1993.2043750000084
2025-08-10 07:00:00,36784.26,34573.77,2210.490468750002
2025-08-10 08:00:00,38406.33000000001,36793.633,1612.697187500009
2025-08-10 09:00:00,40721.579999999994,39926.1,795.4784374999945
2025-08-10 10:00:00,43167.97000000001,42549.21,618.7590625000084
2025-08-10 11:00:00,44747.38,44194.098,553.2823437499974
2025-08-10 12:00:00,45914.18,45319.266,594.9143750000003
2025-08-10 13:00:00,47558.7,46257.88,1300.821093749997
2025-08-10 14:00:00,47302.61,46478.387,824.2232812500006
2025-08-10 15:00:00,47496.89000000001,46128.54,1368.3509375000067
2025-08-10 16:00:00,47401.42,45944.766,1456.6543749999983
2025-08-10 17:00:00,47199.75000000001,46081.08,1118.6718750000073
2025-08-10 18:00:00,47525.97,45783.336,1742.6340625000012
2025-08-10 19:00:00,48332.51000000001,46577.043,1755.4670312500093
2025-08-10 20:00:00,49142.18,47739.402,1402.7776562500003
2025-08-10 21:00:00,48865.26,46590.03,2275.228750000002
2025-08-10 22:00:00,47873.69999999999,45191.465,2682.23515624999
2025-08-10 23:00:00,46327.55,43949.812,2377.737500000003
2025-08-11 00:00:00,44441.51,42649.668,1791.842031250002
2025-08-11 01:00:00,42646.81,41124.547,1522.2631249999977
2025-08-11 02:00:00,41265.46,39011.36,2254.100624999999
2025-08-11 03:00:00,39826.95999999999,37964.3,1862.6592187499919
2025-08-11 04:00:00,38716.19,37643.84,1072.3501562500023
2025-08-11 05:00:00,38120.49,37305.6,814.888437499998
2025-08-11 06:00:00,37568.5,36973.47,595.03125
2025-08-11 07:00:00,40064.58,38663.586,1400.9940625000017
2025-08-11 08:00:00,46875.33000000001,45613.19,1262.138593750009
2025-08-11 09:00:00,50632.41,51872.062,-1239.6524999999965
2025-08-11 10:00:00,53122.59,53987.484,-864.8943750000035
2025-08-11 11:00:00,54602.27999999999,54689.777,-87.49734375000844
2025-08-11 12:00:00,54242.75000000001,55127.86,-885.1093749999927
2025-08-11 13:00:00,55837.58,55294.207,543.3729687500017
2025-08-11 14:00:00,57010.11,55498.562,1511.5475000000006
2025-08-11 15:00:00,56577.969999999994,55307.082,1270.887968749994
2025-08-11 16:00:00,56490.61,54891.2,1599.4107812500006
2025-08-11 17:00:00,55387.22,53835.527,1551.6926562500012
2025-08-11 18:00:00,54028.08,52912.395,1115.6854687500017
2025-08-11 19:00:00,54181.49,52587.863,1593.626718749998
2025-08-11 20:00:00,54988.83,53635.582,1353.2479687500017
2025-08-11 21:00:00,53917.909999999996,52430.293,1487.6170312499962
2025-08-11 22:00:00,52149.83,49280.273,2869.5565625000017
2025-08-11 23:00:00,49973.04,47919.605,2053.434531250001
2025-08-12 00:00:00,47551.24,45321.9,2229.341562499998
2025-08-12 01:00:00,45468.090000000004,43015.8,2452.289218750004
2025-08-12 02:00:00,43620.28,41361.465,2258.815156249999
2025-08-12 03:00:00,42209.869999999995,39899.793,2310.0770312499953
2025-08-12 04:00:00,41129.38,39536.55,1592.8292187499974
2025-08-12 05:00:00,40347.81,39236.76,1111.0482812499977
2025-08-12 06:00:00,40015.79,38967.46,1048.3290625000009
2025-08-12 07:00:00,41849.86,40422.215,1427.6451562500006
2025-08-12 08:00:00,47436.45,48090.383,-653.9328125000029
2025-08-12 09:00:00,50957.12,53234.895,-2277.7745312499974
2025-08-12 10:00:00,53072.61,55020.152,-1947.5423437499994
2025-08-12 11:00:00,54814.409999999996,55576.996,-762.5860937500038
2025-08-12 12:00:00,53971.32,55437.742,-1466.4221875000003
2025-08-12 13:00:00,55423.41000000001,55354.418,68.99203125001077
2025-08-12 14:00:00,56694.03,55876.79,817.2409374999988
2025-08-12 15:00:00,56789.62,55166.938,1622.6825000000026
2025-08-12 16:00:00,56095.81,54564.387,1531.4232812499977
2025-08-12 17:00:00,55403.51,53644.812,1758.697500000002
2025-08-12 18:00:00,54062.38,52832.863,1229.5167187499974
2025-08-12 19:00:00,53842.76999999999,52603.266,1239.5043749999895
2025-08-12 20:00:00,55013.93,53616.832,1397.0979687500003
2025-08-12 21:00:00,53518.59999999999,52984.727,533.8734374999913
2025-08-12 22:00:00,51948.12000000001,50912.543,1035.57703125001
2025-08-12 23:00:00,49892.350000000006,48732.477,1159.8734375000058
2025-08-13 00:00:00,47127.78,45384.074,1743.7057812499988
2025-08-13 01:00:00,45303.689999999995,43854.85,1448.838437499995
2025-08-13 02:00:00,42210.81999999999,42005.66,205.15984374999243
2025-08-13 03:00:00,42461.399999999994,40144.16,2317.239843749994
2025-08-13 04:00:00,41180.259999999995,39762.22,1418.0412499999948
2025-08-13 05:00:00,40465.17,39362.33,1102.8418749999983
2025-08-13 06:00:00,39623.57000000001,38999.344,624.226250000007
2025-08-13 07:00:00,41789.77,40426.363,1363.4067187499968
2025-08-13 08:00:00,47713.96,47728.535,-14.575156250000873
2025-08-13 09:00:00,51375.77999999999,52446.402,-1070.6223437500084
2025-08-13 10:00:00,53170.95,54483.484,-1312.534375000003
2025-08-13 11:00:00,54326.03,54993.184,-667.1535937500012
2025-08-13 12:00:00,54390.85999999999,55283.344,-892.4837500000067
2025-08-13 13:00:00,55701.16999999999,55283.527,417.642656249991
2025-08-13 14:00:00,56777.64,55589.746,1187.8939062499994
2025-08-13 15:00:00,56142.49,55198.812,943.677499999998
2025-08-13 16:00:00,56637.7,54592.055,2045.645312499997
2025-08-13 17:00:00,55343.43,54073.02,1270.4104687500003
2025-08-13 18:00:00,53768.37999999999,53270.094,498.2862499999901
2025-08-13 19:00:00,53914.75,53009.81,904.94140625
2025-08-13 20:00:00,54656.11,54395.05,261.0592187500006
2025-08-13 21:00:00,53475.03999999999,53551.562,-76.5225000000064
2025-08-13 22:00:00,51724.50000000001,50995.695,728.8046875000073
2025-08-13 23:00:00,49703.08999999999,48815.914,887.1759374999892
2025-08-14 00:00:00,47240.14,45485.375,1754.7649999999994
2025-08-14 01:00:00,45227.509999999995,44020.17,1207.3381249999948
2025-08-14 02:00:00,43524.70999999999,41796.164,1728.5459374999919
2025-08-14 03:00:00,42157.92999999999,39965.426,2192.504218749993
2025-08-14 04:00:00,41200.21000000001,39703.777,1496.4326562500064
2025-08-14 05:00:00,40581.38,39176.035,1405.3448437499974
2025-08-14 06:00:00,39775.96,39048.64,727.3193749999991
2025-08-14 07:00:00,41481.51,40685.195,796.314687500002
2025-08-14 08:00:00,47194.21000000001,47839.68,-645.4696874999936
2025-08-14 09:00:00,50515.47,53031.457,-2515.987031249999
2025-08-14 10:00:00,52575.30000000001,55016.848,-2441.54765624999
2025-08-14 11:00:00,54021.75,55458.754,-1437.00390625
2025-08-14 12:00:00,53755.06,55697.13,-1942.0689062500023
2025-08-14 13:00:00,54842.05,55771.207,-929.1570312499971
2025-08-14 14:00:00,56168.64,55999.91,168.72984374999942
2025-08-14 15:00:00,56040.83,55962.457,78.37296875000175
2025-08-14 16:00:00,55862.32000000001,55383.355,478.964531250007
2025-08-14 17:00:00,54573.54,54293.457,280.0829687500009
2025-08-14 18:00:00,53318.420000000006,53517.67,-199.25187499999447
2025-08-14 19:00:00,53454.75,53491.566,-36.81640625
2025-08-14 20:00:00,54409.27,54562.285,-153.0151562500032
2025-08-14 21:00:00,53155.87,53768.816,-612.9464062499974
2025-08-14 22:00:00,51358.32000000001,51489.08,-130.75812499999302
2025-08-14 23:00:00,49167.229999999996,48863.895,303.3354687499959
2025-08-15 00:00:00,46991.67,45246.56,1745.1114062499983
2025-08-15 01:00:00,45002.69,43915.605,1087.0845312500023
2025-08-15 02:00:00,43190.16999999999,41570.953,1619.216874999991
2025-08-15 03:00:00,41952.12,39937.703,2014.4168750000026
2025-08-15 04:00:00,40975.979999999996,39495.293,1480.687031249996
2025-08-15 05:00:00,40411.41,39103.77,1307.6404687500035
2025-08-15 06:00:00,39485.45999999999,38882.92,602.5381249999919
2025-08-15 07:00:00,41532.46,40706.586,825.8740624999991
2025-08-15 08:00:00,46924.340000000004,47624.438,-700.0974999999962
2025-08-15 09:00:00,50497.840000000004,52543.85,-2046.0115624999962
2025-08-15 10:00:00,52181.66,54302.277,-2120.6173437499965
2025-08-15 11:00:00,53601.68,55353.54,-1751.8590624999997
2025-08-15 12:00:00,52725.53999999999,55634.316,-2908.7764062500064
2025-08-15 13:00:00,53044.61000000001,55629.164,-2584.554062499992
2025-08-15 14:00:00,55325.22,55956.105,-630.8854687499988
2025-08-15 15:00:00,55071.689999999995,55201.402,-129.71234375000495
2025-08-15 16:00:00,54073.23,54736.15,-662.9184374999968
2025-08-15 17:00:00,53653.37000000001,53814.51,-161.1417187499901
2025-08-15 18:00:00,51846.130000000005,52875.24,-1029.1082812499953
2025-08-15 19:00:00,52153.72000000001,52347.04,-193.31906249999156
2025-08-15 20:00:00,52915.06,53343.02,-427.9595312500023
2025-08-15 21:00:00,51653.5,52663.176,-1009.67578125
2025-08-15 22:00:00,50180.30999999999,49568.94,611.3685937499904
2025-08-15 23:00:00,48143.52,48214.867,-71.3471875000032
2025-08-16 00:00:00,45966.12,43887.16,2078.9598437500026
2025-08-16 01:00:00,43945.81,42676.367,1269.4428124999977
2025-08-16 02:00:00,42397.32,40529.18,1868.1403124999997
2025-08-16 03:00:00,40932.16,39125.434,1806.7264062500035
2025-08-16 04:00:00,39970.67,39182.79,787.8809374999983
2025-08-16 05:00:00,39194.829999999994,38567.33,627.5018749999945
2025-08-16 06:00:00,37959.37,38252.45,-293.0792187499974
2025-08-16 07:00:00,39017.5,38510.176,507.32421875
2025-08-16 08:00:00,42888.68000000001,43278.043,-389.36296874999243
2025-08-16 09:00:00,45926.35,47453.84,-1527.4898437500015
2025-08-16 10:00:00,47617.48000000001,50000.13,-2382.6489062499895
2025-08-16 11:00:00,48444.84999999999,52606.598,-4161.747656250009
2025-08-16 12:00:00,48440.8,50409.12,-1968.321093749997
2025-08-16 13:00:00,49594.23,51240.965,-1646.7348437499968
2025-08-16 14:00:00,49193.04,51093.445,-1900.4053124999991
2025-08-16 15:00:00,49041.93,49918.27,-876.3395312499997
2025-08-16 16:00:00,48634.32000000001,48685.445,-51.125312499993015
2025-08-16 17:00:00,48435.15,48736.68,-301.52968749999854
2025-08-16 18:00:00,48475.68,47950.92,524.7581250000003
2025-08-16 19:00:00,49237.07,48954.85,282.2184374999997
2025-08-16 20:00:00,49897.14,49736.133,161.00718749999942
2025-08-16 21:00:00,48725.19999999999,47858.152,867.0476562499898
2025-08-16 22:00:00,47191.49,46642.113,549.376718749998
2025-08-16 23:00:00,45173.78,45486.254,-312.47390625000116
2025-08-17 00:00:00,43232.689999999995,42281.395,951.295468749995
2025-08-17 01:00:00,41524.64,40284.297,1240.3431249999994
2025-08-17 02:00:00,39879.21000000001,38346.65,1532.5615625000064
2025-08-17 03:00:00,38596.45,36743.066,1853.383593749997
2025-08-17 04:00:00,37563.68,35907.73,1655.9495312500003
2025-08-17 05:00:00,36688.950000000004,35865.0,823.9500000000044
2025-08-17 06:00:00,35391.48,34595.2,796.2807812500032
2025-08-17 07:00:00,35078.1,34066.746,1011.3539062499985
2025-08-17 08:00:00,36364.2,36272.848,91.35234374999709
2025-08-17 09:00:00,37901.13,39058.42,-1157.2918750000026
2025-08-17 10:00:00,40274.74,42162.56,-1887.818593750002
2025-08-17 11:00:00,41527.57,43343.914,-1816.3440625000003
2025-08-17 12:00:00,42424.43000000001,44281.727,-1857.2965624999924
2025-08-17 13:00:00,43425.54,44458.785,-1033.2451562499991
2025-08-17 14:00:00,43664.5,44977.152,-1312.65234375
2025-08-17 15:00:00,44064.53,44612.05,-547.5207812500012
2025-08-17 16:00:00,43695.06,44989.824,-1294.7642187500023
2025-08-17 17:00:00,43803.58,45226.74,-1423.1582812499983
2025-08-17 18:00:00,44452.68,45251.383,-798.7028124999997
2025-08-17 19:00:00,45538.909999999996,45990.973,-452.0626562500038
2025-08-17 20:00:00,46940.59,47202.914,-262.3240625000035
2025-08-17 21:00:00,46034.94000000001,46212.71,-177.7709374999904
2025-08-17 22:00:00,43375.94999999999,44692.84,-1316.8898437500102
2025-08-17 23:00:00,43351.4,43347.54,3.860937500001455
2025-08-18 00:00:00,41671.67999999999,42116.3,-444.620781250007
2025-08-18 01:00:00,39926.96,40371.098,-444.1376562500009
2025-08-18 02:00:00,38515.32,38420.76,94.55828124999971
2025-08-18 03:00:00,37510.14,37035.434,474.7064062499994
2025-08-18 04:00:00,37005.16,36534.41,470.7498437500035
2025-08-18 05:00:00,36336.38,36464.21,-127.83093750000262
2025-08-18 06:00:00,36350.09999999999,36396.164,-46.06406250000873
2025-08-18 07:00:00,38450.0,38200.84,249.16015625
2025-08-18 08:00:00,45206.88999999999,44514.137,692.7532812499921
2025-08-18 09:00:00,48702.729999999996,50395.98,-1693.250468750004
2025-08-18 10:00:00,50620.05,52853.117,-2233.067187499997
2025-08-18 11:00:00,52104.909999999996,53446.33,-1341.4181250000038
2025-08-18 12:00:00,51452.24,53809.184,-2356.943593750002
2025-08-18 13:00:00,52686.61000000001,53915.023,-1228.4134374999921
2025-08-18 14:00:00,54053.24,54502.555,-449.31468750000204
2025-08-18 15:00:00,53928.9,54208.61,-279.70937499999854
2025-08-18 16:00:00,53738.66000000001,53775.363,-36.70328124998923
2025-08-18 17:00:00,53091.91,52963.72,128.1912500000035
2025-08-18 18:00:00,51769.76999999999,51518.92,250.84812499998952
2025-08-18 19:00:00,51684.09,50697.94,986.1485937499965
2025-08-18 20:00:00,52458.21,52993.984,-535.7743750000009
2025-08-18 21:00:00,50920.42,52100.96,-1180.5409375000017
2025-08-18 22:00:00,49177.25,49043.14,134.109375
2025-08-18 23:00:00,46985.23999999999,47157.758,-172.5178125000093
2025-08-19 00:00:00,44781.68,44287.758,493.9221875000003
2025-08-19 01:00:00,42987.3,41987.93,999.3703125000029
2025-08-19 02:00:00,41452.53,40110.79,1341.7409374999988
2025-08-19 03:00:00,40275.08999999999,38877.992,1397.0978124999892
2025-08-19 04:00:00,39525.76,38858.812,666.947500000002
2025-08-19 05:00:00,38848.689999999995,38833.31,15.381406249995052
2025-08-19 06:00:00,37930.43,38519.027,-588.5973437499997
2025-08-19 07:00:00,39643.48,39894.312,-250.8324999999968
2025-08-19 08:00:00,45646.15,46570.156,-924.0062499999985
2025-08-19 09:00:00,49114.90000000001,52176.797,-3061.8968749999913
2025-08-19 10:00:00,50239.86,54247.426,-4007.5657812499994
2025-08-19 11:00:00,52242.26000000001,54632.613,-2390.3532812499907
2025-08-19 12:00:00,51128.35,54600.26,-3471.9117187500015
2025-08-19 13:00:00,52866.73,54343.92,-1477.1918749999968
2025-08-19 14:00:00,54095.12,54700.95,-605.8292187499974
2025-08-19 15:00:00,53623.25000000001,54323.754,-700.5039062499927
2025-08-19 16:00:00,53592.31,53378.02,214.29046874999767
2025-08-19 17:00:00,52912.170000000006,52791.19,120.97859375000553
2025-08-19 18:00:00,51545.65,51138.152,407.49765625000146
2025-08-19 19:00:00,51687.71000000001,51009.99,677.7217187500064
2025-08-19 20:00:00,52616.98,51994.312,622.6675000000032
2025-08-19 21:00:00,51133.41,51384.082,-250.6720312499965
2025-08-19 22:00:00,49438.31,50189.023,-750.7134375000023
2025-08-19 23:00:00,47318.55999999999,47975.203,-656.6431250000096
2025-08-20 00:00:00,45176.22,44611.86,564.3606250000012
2025-08-20 01:00:00,43232.76,43253.434,-20.673593749997963
2025-08-20 02:00:00,41799.43,41042.06,757.3714062500003
2025-08-20 03:00:00,40580.61,39267.543,1313.0670312500006
2025-08-20 04:00:00,39435.51,38930.574,504.93578125000204
2025-08-20 05:00:00,39212.58999999999,38673.73,538.8595312499892
2025-08-20 06:00:00,38437.55000000001,38419.043,18.507031250010186
2025-08-20 07:00:00,40494.8,39757.418,737.3820312500029
2025-08-20 08:00:00,46065.87000000001,46884.77,-818.8995312499901
2025-08-20 09:00:00,49118.61,51060.414,-1941.8040624999994
2025-08-20 10:00:00,51166.95,52841.96,-1675.010937500003
2025-08-20 11:00:00,52161.18000000001,53582.754,-1421.5739062499924
2025-08-20 12:00:00,51233.85999999999,53802.848,-2568.9876562500067
2025-08-20 13:00:00,52508.92,53291.555,-782.6346875000017
2025-08-20 14:00:00,53687.76000000001,53491.04,196.7209375000093
2025-08-20 15:00:00,53502.68,53354.945,147.7346875000003
2025-08-20 16:00:00,52901.17,53062.77,-161.59953125000175
2025-08-20 17:00:00,52274.090000000004,51950.96,323.1290625000038
2025-08-20 18:00:00,50994.8,51250.29,-255.4890624999971
2025-08-20 19:00:00,51524.85,51282.2,242.65078124999854
2025-08-20 20:00:00,52215.03,52086.652,128.37765624999884
2025-08-20 21:00:00,50923.23000000001,52319.344,-1396.1137499999895
2025-08-20 22:00:00,49373.53,50301.957,-928.4270312500012
2025-08-20 23:00:00,45823.16,47227.117,-1403.9571874999965
2025-08-21 00:00:00,44818.22,45122.47,-304.24874999999884
2025-08-21 01:00:00,42933.22,43596.32,-663.1003124999988
2025-08-21 02:00:00,41221.93,41397.258,-175.3278124999997
2025-08-21 03:00:00,39959.85999999999,39736.16,223.6998437499933
2025-08-21 04:00:00,39493.86,39407.957,85.90296875000058
2025-08-21 05:00:00,38977.54,39007.93,-30.389687499999127
2025-08-21 06:00:00,38247.59,38702.59,-454.9998437500035
2025-08-21 07:00:00,40068.76,40104.633,-35.87281249999796
2025-08-21 08:00:00,45404.02,47009.15,-1605.1284375000032
2025-08-21 09:00:00,48835.20999999999,51919.01,-3083.801718750008
2025-08-21 10:00:00,50462.57,53652.812,-3190.2425000000003
2025-08-21 11:00:00,51741.77,54320.08,-2578.308125000003
2025-08-21 12:00:00,50930.99,54671.348,-3740.357656250002
2025-08-21 13:00:00,52208.08,54708.035,-2499.9551562499983
2025-08-21 14:00:00,53600.600000000006,55122.723,-1522.1226562499942
2025-08-21 15:00:00,53693.11000000001,54715.496,-1022.3860937499921
2025-08-21 16:00:00,53397.86,54068.836,-670.9759374999994
2025-08-21 17:00:00,52731.7,53065.215,-333.5148437500029
2025-08-21 18:00:00,51408.09,52011.953,-603.8631250000035
2025-08-21 19:00:00,51732.15,52245.523,-513.3734374999985
2025-08-21 20:00:00,52511.67,53036.145,-524.4745312500017
2025-08-21 21:00:00,51075.64,52565.797,-1490.1568750000006
2025-08-21 22:00:00,49249.39,50627.14,-1377.7506250000006
2025-08-21 23:00:00,46870.100000000006,48189.46,-1319.3609374999942
2025-08-22 00:00:00,44864.51000000001,44781.977,82.53343750000931
2025-08-22 01:00:00,42926.73,43036.547,-109.8168749999968
2025-08-22 02:00:00,41191.920000000006,41232.477,-40.55656249999447
2025-08-22 03:00:00,39954.41,39485.004,469.4060937500035
2025-08-22 04:00:00,39207.94,39146.562,61.37750000000233
2025-08-22 05:00:00,38839.75,38783.297,56.453125
2025-08-22 06:00:00,38261.23,38766.043,-504.8129687499968
2025-08-22 07:00:00,39906.69,40519.836,-613.1459374999977
2025-08-22 08:00:00,45328.53,47990.52,-2661.989531250001
2025-08-22 09:00:00,48612.56999999999,52913.477,-4300.906562500008
2025-08-22 10:00:00,50412.94000000001,54881.75,-4468.80999999999
2025-08-22 11:00:00,51810.96,55236.734,-3425.774375000001
2025-08-22 12:00:00,50838.54,55761.438,-4922.897499999999
2025-08-22 13:00:00,51587.68,55696.957,-4109.27703125
2025-08-22 14:00:00,53719.399999999994,55977.793,-2258.392968750006
2025-08-22 15:00:00,53779.12000000001,55820.125,-2041.00499999999
2025-08-22 16:00:00,53776.87,54583.33,-806.4581249999974
2025-08-22 17:00:00,53425.72,54146.59,-720.8698437499988
2025-08-22 18:00:00,52104.14000000001,52744.805,-640.6646874999933
2025-08-22 19:00:00,52239.530000000006,52194.848,44.68234375000611
2025-08-22 20:00:00,52600.719999999994,52878.2,-277.4792187500061
2025-08-22 21:00:00,51160.01,52512.85,-1352.841562499998
2025-08-22 22:00:00,49154.14000000001,49442.85,-288.7115624999933
2025-08-22 23:00:00,45898.49,48460.324,-2561.834218750002
2025-08-23 00:00:00,44809.46,44009.805,799.6553124999991
2025-08-23 01:00:00,42748.48,42735.355,13.124531250003201
2025-08-23 02:00:00,41201.39,40374.348,827.0423437499994
2025-08-23 03:00:00,39839.14,38897.21,941.9290624999994
2025-08-23 04:00:00,38870.7,38825.74,44.96171874999709
2025-08-23 05:00:00,38482.23,38509.695,-27.4653124999968
2025-08-23 06:00:00,37202.25,38274.59,-1072.33984375
2025-08-23 07:00:00,38084.87999999999,38449.63,-364.7489062500099
2025-08-23 08:00:00,41983.490000000005,43440.99,-1457.4982812499948
2025-08-23 09:00:00,45459.780000000006,47804.73,-2344.950468749994
2025-08-23 10:00:00,47606.24,50484.934,-2878.693593750002
2025-08-23 11:00:00,48922.55999999999,53177.426,-4254.86578125001
2025-08-23 12:00:00,48795.07,51128.953,-2333.8831250000003
2025-08-23 13:00:00,49797.79,52026.945,-2229.155312499999
2025-08-23 14:00:00,50254.86,51713.637,-1458.7767187499994
2025-08-23 15:00:00,50023.88,50429.66,-405.7801562500026
2025-08-23 16:00:00,49386.16,49884.258,-498.0978124999965
2025-08-23 17:00:00,49156.62,49910.58,-753.9581249999974
2025-08-23 18:00:00,49193.33,49960.97,-767.6387499999983
2025-08-23 19:00:00,49818.3,50255.535,-437.2351562499971
2025-08-23 20:00:00,50409.55,51200.402,-790.8523437499971
2025-08-23 21:00:00,49035.03999999999,49117.51,-82.4717187500064
2025-08-23 22:00:00,47346.4,47834.47,-488.06874999999854
2025-08-23 23:00:00,45243.73,45849.707,-605.9770312499968
2025-08-24 00:00:00,43257.62,42182.777,1074.8426562500026
2025-08-24 01:00:00,41442.55,40258.426,1184.124218750003
2025-08-24 02:00:00,39540.19,38558.754,981.4360937500023
2025-08-24 03:00:00,38472.24,36599.586,1872.654062499998
2025-08-24 04:00:00,37384.92,36240.184,1144.7364062499983
2025-08-24 05:00:00,36532.520000000004,35833.008,699.5121875000041
2025-08-24 06:00:00,34711.19,34584.715,126.47515625000233
2025-08-24 07:00:00,34778.76999999999,34127.594,651.1762499999895
2025-08-24 08:00:00,36447.399999999994,36170.02,277.3804687499942
2025-08-24 09:00:00,38292.19,38815.152,-522.9623437499977
2025-08-24 10:00:00,40347.97000000001,41564.766,-1216.7956249999916
2025-08-24 11:00:00,41747.01000000001,43417.68,-1670.6696874999907
2025-08-24 12:00:00,42345.11,44391.73,-2046.6204687499994
2025-08-24 13:00:00,43363.100000000006,45252.285,-1889.1851562499942
2025-08-24 14:00:00,43614.88,45135.094,-1520.2137500000026
2025-08-24 15:00:00,43433.77999999999,44541.188,-1107.4075000000084
2025-08-24 16:00:00,43175.86,44844.63,-1668.7689062499994
2025-08-24 17:00:00,43652.469999999994,44491.254,-838.7839062500061
2025-08-24 18:00:00,44094.44999999999,44281.895,-187.4445312500102
2025-08-24 19:00:00,45337.85,45863.043,-525.1929687500015
2025-08-24 20:00:00,46188.240000000005,47061.383,-873.1428124999948
2025-08-24 21:00:00,44909.31,46041.598,-1132.2876562500023
2025-08-24 22:00:00,43862.33,44273.344,-411.01374999999825
2025-08-24 23:00:00,42521.43,42899.926,-378.4957812499997
2025-08-25 00:00:00,40945.329999999994,41319.98,-374.65046875000553
2025-08-25 01:00:00,39184.03999999999,39417.27,-233.2295312500064
2025-08-25 02:00:00,37914.94,37611.547,303.3931250000023
2025-08-25 03:00:00,36885.27,35882.68,1002.5903124999968
2025-08-25 04:00:00,36087.76,36269.957,-182.19703124999796
2025-08-25 05:00:00,35792.26,36248.875,-456.61499999999796
2025-08-25 06:00:00,35375.05000000001,35503.83,-128.7781249999898
2025-08-25 07:00:00,37689.17,37514.04,175.13093749999825
2025-08-25 08:00:00,44131.810000000005,44293.71,-161.90093749999505
2025-08-25 09:00:00,47401.73,49932.008,-2530.277812499997
2025-08-25 10:00:00,49379.48000000001,52193.047,-2813.5668749999895
2025-08-25 11:00:00,50319.85999999999,52936.83,-2616.9681250000067
2025-08-25 12:00:00,49394.9,52633.242,-3238.3421874999985
2025-08-25 13:00:00,50815.45,52798.797,-1983.346875000003
2025-08-25 14:00:00,52053.869999999995,53251.113,-1197.2432812500047
2025-08-25 15:00:00,51719.88999999999,52657.855,-937.9654687500079
2025-08-25 16:00:00,51807.39,51894.06,-86.66859375000058
2025-08-25 17:00:00,51555.0,51632.39,-77.390625
2025-08-25 18:00:00,50180.23,49479.637,700.5932812500032
2025-08-25 19:00:00,50552.34999999999,50663.906,-111.55625000000873
2025-08-25 20:00:00,50864.56,51770.164,-905.6040625000023
2025-08-25 21:00:00,49512.30000000001,50998.85,-1486.5515624999898
2025-08-25 22:00:00,47780.78,48154.785,-374.00515625000116
2025-08-25 23:00:00,45966.22,46333.72,-367.49874999999884
2025-08-26 00:00:00,43921.52,42084.152,1837.3676562499968
2025-08-26 01:00:00,42084.69999999999,39490.02,2594.68046874999
2025-08-26 02:00:00,40500.99999999999,37439.344,3061.6562499999927
2025-08-26 03:00:00,39392.49999999999,37622.785,1769.7148437499927
2025-08-26 04:00:00,38444.04,38313.863,130.17671875000087
2025-08-26 05:00:00,38103.29,38172.53,-69.24124999999913
2025-08-26 06:00:00,37190.48,37534.156,-343.6762499999968
2025-08-26 07:00:00,39359.43,39150.555,208.8753125000003
2025-08-26 08:00:00,44559.71,45594.12,-1034.4110937500009
2025-08-26 09:00:00,47965.24,50845.035,-2879.795156250002
2025-08-26 10:00:00,49029.8,52973.844,-3944.043749999997
2025-08-26 11:00:00,50366.37999999999,53191.21,-2824.83093750001
2025-08-26 12:00:00,49512.46000000001,53050.17,-3537.7118749999936
2025-08-26 13:00:00,50904.65,53296.902,-2392.2523437499985
2025-08-26 14:00:00,52109.340000000004,53765.24,-1655.8982812499962
2025-08-26 15:00:00,51920.74,52713.95,-793.209218750002
2025-08-26 16:00:00,51788.6,52346.4,-557.7984375000015
2025-08-26 17:00:00,51288.729999999996,50180.438,1108.292499999996
2025-08-26 18:00:00,50018.97,49228.848,790.1223437500012
2025-08-26 19:00:00,50485.4,49359.44,1125.9585937500015
2025-08-26 20:00:00,50932.16000000001,50200.566,731.5935937500108
2025-08-26 21:00:00,49251.98,50387.926,-1135.9457812499968
2025-08-26 22:00:00,47637.91,48112.758,-474.8478124999965
2025-08-26 23:00:00,45660.719999999994,45533.305,127.41531249999389
2025-08-27 00:00:00,43603.41,42800.246,803.1639062500035
2025-08-27 01:00:00,41804.62000000001,41177.26,627.3582812500099
2025-08-27 02:00:00,40236.08,38566.234,1669.8456250000017
2025-08-27 03:00:00,39010.89000000001,37005.934,2004.9564062500067
2025-08-27 04:00:00,38176.93000000001,38162.715,14.215156250007567
2025-08-27 05:00:00,37829.01999999999,38057.566,-228.54640625001048
2025-08-27 06:00:00,36967.28,37760.633,-793.3528125000012
2025-08-27 07:00:00,38651.03,39421.08,-770.0481250000012
2025-08-27 08:00:00,44279.83000000001,46426.32,-2146.490312499991
2025-08-27 09:00:00,47238.0,50573.742,-3335.7421875
2025-08-27 10:00:00,48569.28999999999,52381.62,-3812.3310937500064
2025-08-27 11:00:00,49769.12,52860.426,-3091.3057812499974
2025-08-27 12:00:00,48991.04,52795.56,-3804.518593749999
2025-08-27 13:00:00,50471.52999999999,52583.16,-2111.6301562500084
2025-08-27 14:00:00,51509.33,52530.05,-1020.7207812499983
2025-08-27 15:00:00,51322.29,51415.637,-93.34671874999913
2025-08-27 16:00:00,51367.399999999994,50429.613,937.7867187499942
2025-08-27 17:00:00,51283.64000000001,50083.04,1200.6009375000067
2025-08-27 18:00:00,50084.51000000001,49289.664,794.8459375000093
2025-08-27 19:00:00,50905.93,49299.766,1606.1643750000003
2025-08-27 20:00:00,51308.62,50111.703,1196.9168750000026
2025-08-27 21:00:00,49569.38999999999,49689.9,-120.50843750000786
2025-08-27 22:00:00,48234.93000000001,48601.14,-366.21062499999243
2025-08-27 23:00:00,46317.61,45594.55,723.0592187500006
2025-08-28 00:00:00,43911.12,44082.6,-171.48156249999738
2025-08-28 01:00:00,41847.52,42626.133,-778.6128125000032
2025-08-28 02:00:00,40313.07,39316.664,996.4059374999997
2025-08-28 03:00:00,39037.55,37143.723,1893.827343750003
2025-08-28 04:00:00,38391.72000000001,37369.44,1022.2785937500084
2025-08-28 05:00:00,38040.00000000001,38202.73,-162.73046874999272
2025-08-28 06:00:00,37273.84,38065.918,-792.0779687500035
2025-08-28 07:00:00,39010.76,39491.1,-480.34156249999796
2025-08-28 08:00:00,44687.350000000006,46323.08,-1635.7281249999942
2025-08-28 09:00:00,47482.82,50671.742,-3188.9221875000003
2025-08-28 10:00:00,48945.31999999999,52249.527,-3304.2073437500076
2025-08-28 11:00:00,50218.34999999999,53112.01,-2893.6617187500087
2025-08-28 12:00:00,49394.969999999994,52779.805,-3384.834687500006
2025-08-28 13:00:00,50611.77,52747.797,-2136.026875000003
2025-08-28 14:00:00,52139.75000000001,52791.36,-651.6093749999927
2025-08-28 15:00:00,51919.44999999999,52267.457,-348.0070312500102
2025-08-28 16:00:00,51914.19999999999,52017.48,-103.28046875001019
2025-08-28 17:00:00,51499.16,51626.53,-127.37124999999651
2025-08-28 18:00:00,50343.49999999999,49919.04,424.4609374999927
2025-08-28 19:00:00,51122.740000000005,50882.715,240.02515625000524
2025-08-28 20:00:00,51269.56999999999,51639.305,-369.73468750000757
2025-08-28 21:00:00,49647.15,51298.98,-1651.8304687499985
2025-08-28 22:00:00,47939.21000000001,49593.656,-1654.4462499999936
2025-08-28 23:00:00,45963.0,46934.715,-971.71484375
2025-08-29 00:00:00,43587.56,42526.08,1061.4818749999977
2025-08-29 01:00:00,41658.97,41205.477,453.49343750000116
2025-08-29 02:00:00,39937.86,38336.66,1601.1998437500006
2025-08-29 03:00:00,38974.95999999999,36863.773,2111.186562499992
2025-08-29 04:00:00,37983.04,36922.043,1060.9970312500009
2025-08-29 05:00:00,37897.77,36373.402,1524.3676562499968
2025-08-29 06:00:00,37296.61,36181.88,1114.7310937500006
2025-08-29 07:00:00,38967.77,38067.066,900.7035937499968
2025-08-29 08:00:00,44142.75,44562.395,-419.64453125
2025-08-29 09:00:00,47398.07000000001,49119.035,-1720.965156249993
2025-08-29 10:00:00,49032.48,50743.418,-1710.9379687499968
2025-08-29 11:00:00,50269.3,50936.066,-666.7664062499971
2025-08-29 12:00:00,48923.22,51086.496,-2163.276093749999
2025-08-29 13:00:00,49172.24,51148.312,-1976.072500000002
2025-08-29 14:00:00,51409.28,51499.215,-89.93484375000116
2025-08-29 15:00:00,51110.22,51337.2,-226.97921874999884
2025-08-29 16:00:00,51442.72,50834.793,607.9270312500012
2025-08-29 17:00:00,50354.130000000005,50163.492,190.63781250000466
2025-08-29 18:00:00,49473.92,49456.65,17.271562499998254
2025-08-29 19:00:00,50072.810000000005,49567.066,505.74359375000495
2025-08-29 20:00:00,50141.439999999995,50155.742,-14.302187500004948
2025-08-29 21:00:00,48285.32,49850.617,-1565.2971875000003
2025-08-29 22:00:00,46458.34,47310.477,-852.1365625000035
2025-08-29 23:00:00,44295.969999999994,45767.535,-1471.565156250006
2025-08-30 00:00:00,41563.83000000001,39321.99,2241.841718750009
2025-08-30 01:00:00,39566.87,38684.594,882.2762500000026
2025-08-30 02:00:00,37950.719999999994,36456.06,1494.661406249994
2025-08-30 03:00:00,36444.2,34497.46,1946.739062499997
2025-08-30 04:00:00,35648.689999999995,34732.195,916.494687499995
2025-08-30 05:00:00,35094.53,34352.18,742.3503124999988
2025-08-30 06:00:00,33995.77999999999,33899.223,96.55734374999156
2025-08-30 07:00:00,34254.65,34301.203,-46.553124999998545
2025-08-30 08:00:00,37016.59,38561.098,-1544.5076562500035
2025-08-30 09:00:00,39572.200000000004,41150.695,-1578.4953124999956
2025-08-30 10:00:00,41972.12000000001,43348.625,-1376.50499999999
2025-08-30 11:00:00,43676.92,45469.53,-1792.6112500000017
2025-08-30 12:00:00,43356.59999999999,44123.344,-766.7437500000087
2025-08-30 13:00:00,44424.73000000001,44036.53,388.1987500000105
2025-08-30 14:00:00,44592.53,44628.188,-35.657500000001164
2025-08-30 15:00:00,44370.76,43954.457,416.30296875000204
2025-08-30 16:00:00,44137.02,44035.035,101.9848437499968
2025-08-30 17:00:00,44064.48,43652.754,411.7260937500032
2025-08-30 18:00:00,44372.92,43781.832,591.0879687499983
2025-08-30 19:00:00,45444.76000000001,43023.43,2421.3303125000093
2025-08-30 20:00:00,45498.689999999995,43389.02,2109.670468749995
2025-08-30 21:00:00,43811.87,42808.562,1003.3075000000026
2025-08-30 22:00:00,42327.23999999999,40955.78,1371.4587499999907
2025-08-30 23:00:00,40653.52,39423.934,1229.5864062499968
2025-08-31 00:00:00,38987.11000000001,39663.65,-676.5384374999921
2025-08-31 01:00:00,37493.23,37358.77,134.4604687500032
2025-08-31 02:00:00,35880.590000000004,36109.47,-228.87874999999622
2025-08-31 03:00:00,34772.64000000001,34652.047,120.5931250000067
2025-08-31 04:00:00,33938.87,33853.008,85.86218750000262
2025-08-31 05:00:00,33476.31,33248.785,227.52484374999767
2025-08-31 06:00:00,32203.029999999995,32330.543,-127.5129687500048
2025-08-31 07:00:00,32359.92,31859.059,500.86140624999825
2025-08-31 08:00:00,33645.91,34399.168,-753.2579687499965
2025-08-31 09:00:00,35617.67,37085.348,-1467.6776562500017
2025-08-31 10:00:00,37863.6,39411.82,-1548.2203125000015
2025-08-31 11:00:00,39234.72,41473.953,-2239.233124999999
2025-08-31 12:00:00,39750.6,42165.297,-2414.6968750000015
2025-08-31 13:00:00,41013.420000000006,43028.96,-2015.5409374999945
2025-08-31 14:00:00,41339.99,43245.117,-1905.127187500002
2025-08-31 15:00:00,41952.61,42897.81,-945.1985937499994
2025-08-31 16:00:00,42151.71000000001,43203.414,-1051.7040624999936
2025-08-31 17:00:00,42405.94,43325.13,-919.1889062499977
2025-08-31 18:00:00,43010.35,43254.92,-244.57187500000146
2025-08-31 19:00:00,44341.71,44192.957,148.75296874999913
2025-08-31 20:00:00,44844.35,44762.992,81.35781249999854
2025-08-31 21:00:00,43960.62,44087.426,-126.80578124999738
2025-08-31 22:00:00,42450.7,42830.03,-379.3312500000029
2025-08-31 23:00:00,40986.94000000001,40889.098,97.8423437500096
2025-09-01 00:00:00,39543.77999999999,38648.324,895.4557812499916
2025-09-01 01:00:00,37672.58999999999,36854.625,817.9649999999892
2025-09-01 02:00:00,36252.35999999999,34900.598,1351.7623437499933
2025-09-01 03:00:00,35179.71,33563.79,1615.9209374999991
2025-09-01 04:00:00,34565.00000000001,33229.367,1335.6328125000073
2025-09-01 05:00:00,34331.99,33005.51,1326.478281249998
2025-09-01 06:00:00,33945.98000000001,32984.145,961.8354687500105
2025-09-01 07:00:00,36738.26,35300.316,1437.943593750002
2025-09-01 08:00:00,43476.19,42715.555,760.6353125000023
2025-09-01 09:00:00,47207.32,47111.504,95.81609374999971
2025-09-01 10:00:00,49187.95,47992.77,1195.180468749997
2025-09-01 11:00:00,50646.65,48857.41,1789.2398437500015
2025-09-01 12:00:00,49913.31999999999,48331.53,1581.7887499999924
2025-09-01 13:00:00,51249.030000000006,48686.273,2562.756562500006
2025-09-01 14:00:00,52653.47,49860.773,2792.696562500001
2025-09-01 15:00:00,50843.83,49837.625,1006.2050000000017
2025-09-01 16:00:00,50913.6,49835.086,1078.5140624999985
2025-09-01 17:00:00,51674.68,49537.016,2137.6643750000003
2025-09-01 18:00:00,50459.91,48199.16,2260.7498437500035
2025-09-01 19:00:00,50887.29,48735.934,2151.356406250001
2025-09-01 20:00:00,50893.75,48280.51,2613.23828125
2025-09-01 21:00:00,49288.16,48398.805,889.3553125000035
2025-09-01 22:00:00,47343.07000000001,46263.28,1079.788750000007
2025-09-01 23:00:00,45134.22,43151.973,1982.2473437500012
2025-09-02 00:00:00,42879.20999999999,41199.812,1679.3974999999919
2025-09-02 01:00:00,41057.21,38358.855,2698.354531249999
2025-09-02 02:00:00,39573.0,36622.35,2950.6484375
2025-09-02 03:00:00,38439.07,35236.45,3202.6207812499997
2025-09-02 04:00:00,37693.31,35281.48,2411.8295312499977
2025-09-02 05:00:00,37367.47,35052.1,2315.368437500001
2025-09-02 06:00:00,36253.78999999999,35070.49,1183.3017187499936
2025-09-02 07:00:00,38844.58,36832.87,2011.7089062500017
2025-09-02 08:00:00,44718.53,44278.945,439.58468749999884
2025-09-02 09:00:00,47710.36,47609.176,101.18421875000058
2025-09-02 10:00:00,49174.469999999994,47698.684,1475.786406249994
2025-09-02 11:00:00,50539.08,48559.902,1979.1776562500017
2025-09-02 12:00:00,50009.27,48416.906,1592.3637499999968
2025-09-02 13:00:00,51439.530000000006,49172.47,2267.061250000006
2025-09-02 14:00:00,52965.59,50801.965,2163.6251562499965
2025-09-02 15:00:00,52702.18,50948.043,1754.1370312500003
2025-09-02 16:00:00,52840.26,50955.004,1885.256093750002
2025-09-02 17:00:00,52170.77,50169.09,2001.6801562499968
2025-09-02 18:00:00,50751.69999999999,48833.47,1918.2312499999898
2025-09-02 19:00:00,51288.939999999995,49778.766,1510.174374999995
2025-09-02 20:00:00,50975.600000000006,49015.504,1960.0960937500058
2025-09-02 21:00:00,49638.55,48681.66,956.8898437500029
2025-09-02 22:00:00,47833.33,47217.453,615.8768750000017
2025-09-02 23:00:00,45640.62,44334.246,1306.3739062500026
2025-09-03 00:00:00,43337.53999999999,40791.195,2546.3446874999936
2025-09-03 01:00:00,41369.369999999995,39300.957,2068.4129687499953
2025-09-03 02:00:00,39857.33,36880.613,2976.7167187500017
2025-09-03 03:00:00,38619.61,35738.434,2881.1764062500006
2025-09-03 04:00:00,37763.02,35660.02,2103.000468749997
2025-09-03 05:00:00,37705.25,35693.754,2011.49609375
2025-09-03 06:00:00,36824.46,35626.188,1198.2724999999991
2025-09-03 07:00:00,38886.86,36912.246,1974.6139062500006
2025-09-03 08:00:00,44873.96,44690.996,182.96390624999913
2025-09-03 09:00:00,48088.85,48414.355,-325.50546875000146
2025-09-03 10:00:00,49703.38,48878.48,824.8995312499974
2025-09-03 11:00:00,51057.65000000001,48953.39,2104.2593750000087
2025-09-03 12:00:00,50461.28,48488.0,1973.2799999999988
2025-09-03 13:00:00,51707.80000000001,48742.887,2964.91328125001
2025-09-03 14:00:00,52965.71000000001,50201.44,2764.2685937500064
2025-09-03 15:00:00,52795.41,50246.414,2548.9959375000035
2025-09-03 16:00:00,52871.030000000006,50338.62,2532.408906250006
2025-09-03 17:00:00,52265.92999999999,49921.7,2344.230781249993
2025-09-03 18:00:00,50682.05,48960.53,1721.518750000003
2025-09-03 19:00:00,51252.979999999996,50009.477,1243.503437499996
2025-09-03 20:00:00,51066.41000000001,49338.668,1727.7420312500108
2025-09-03 21:00:00,49559.55,48801.27,758.2804687500029
2025-09-03 22:00:00,47867.47,47011.28,856.1887500000012
2025-09-03 23:00:00,45716.74,43765.457,1951.282968749998
2025-09-04 00:00:00,43438.01,40477.504,2960.506093750002
2025-09-04 01:00:00,41479.57,39190.406,2289.1637499999997
2025-09-04 02:00:00,39854.09,37001.992,2852.0978124999965
2025-09-04 03:00:00,38560.41,35876.82,2683.5896875000035
2025-09-04 04:00:00,37712.66,36117.605,1595.0545312500035
2025-09-04 05:00:00,37262.43,35648.277,1614.1526562500003
2025-09-04 06:00:00,37070.20999999999,35619.91,1450.2998437499919
2025-09-04 07:00:00,39145.51999999999,37527.023,1618.4965624999895
2025-09-04 08:00:00,44982.04,44393.664,588.3759375000009
2025-09-04 09:00:00,47866.84,47903.227,-36.38656250000349
2025-09-04 10:00:00,49402.05999999999,48088.42,1313.6381249999904
2025-09-04 11:00:00,50413.38,48676.676,1736.7042187499974
2025-09-04 12:00:00,49716.14,48300.94,1415.1985937499994
2025-09-04 13:00:00,51104.99999999999,48580.72,2524.2812499999927
2025-09-04 14:00:00,52641.97,50099.016,2542.954375000001
2025-09-04 15:00:00,52317.94,49830.17,2487.7681250000023
2025-09-04 16:00:00,52273.11,49768.6,2504.5084375000006
2025-09-04 17:00:00,51759.61000000001,49590.32,2169.289687500008
2025-09-04 18:00:00,50472.08,47863.793,2608.2870312500017
2025-09-04 19:00:00,51298.20999999999,49161.06,2137.151406249992
2025-09-04 20:00:00,50978.56,48248.93,2729.6303124999977
2025-09-04 21:00:00,49376.90000000001,47309.156,2067.7437500000087
2025-09-04 22:00:00,47574.36,45964.51,1609.8482812500006
2025-09-04 23:00:00,44781.23000000001,42675.184,2106.0464062500105
2025-09-05 00:00:00,42948.02,40482.477,2465.543437499997
2025-09-05 01:00:00,41012.9,39118.95,1893.9507812500015
2025-09-05 02:00:00,39590.65000000001,36879.81,2710.8414062500087
2025-09-05 03:00:00,38352.53,35861.496,2491.033906249999
2025-09-05 04:00:00,37257.75,35729.086,1528.6640625
2025-09-05 05:00:00,37186.61,35812.715,1373.8951562500006
2025-09-05 06:00:00,36979.07,35797.6,1181.4684374999997
2025-09-05 07:00:00,38836.56999999999,37476.418,1360.1520312499924
2025-09-05 08:00:00,44538.69,44360.094,178.59625000000233
2025-09-05 09:00:00,47964.74999999999,46968.645,996.1054687499927
2025-09-05 10:00:00,49096.48000000001,47165.99,1930.4917187500105
2025-09-05 11:00:00,51023.66,47747.926,3275.7342187500035
2025-09-05 12:00:00,49682.88,47396.19,2286.6885937499974
2025-09-05 13:00:00,50156.780000000006,48033.656,2123.123750000006
2025-09-05 14:00:00,52813.11,49895.117,2917.9928125000006
2025-09-05 15:00:00,52275.149999999994,49543.67,2731.478124999994
2025-09-05 16:00:00,51867.579999999994,48955.113,2912.4667187499945
2025-09-05 17:00:00,51258.31,49603.844,1654.4662499999977
2025-09-05 18:00:00,49735.61,48098.8,1636.8092187500006
2025-09-05 19:00:00,50186.58,48571.96,1614.6190625000017
2025-09-05 20:00:00,49692.5,47676.19,2016.30859375
2025-09-05 21:00:00,47976.01,47837.746,138.26390625000204
2025-09-05 22:00:00,46064.05,45269.375,794.6750000000029
2025-09-05 23:00:00,44309.66999999999,42399.31,1910.361406249991
2025-09-06 00:00:00,42013.38,39415.016,2598.3643749999974
2025-09-06 01:00:00,40263.12999999999,38028.84,2234.29015624999
2025-09-06 02:00:00,38793.810000000005,36155.812,2637.997500000005
2025-09-06 03:00:00,37829.12,35095.418,2733.7020312500026
2025-09-06 04:00:00,36784.04000000001,35116.7,1667.3407812500081
2025-09-06 05:00:00,36321.0,34645.35,1675.6484375
2025-09-06 06:00:00,35473.03999999999,34548.41,924.6298437499936
2025-09-06 07:00:00,36245.69,34968.543,1277.1470312500023
2025-09-06 08:00:00,40072.48000000001,39021.71,1050.7690625000105
2025-09-06 09:00:00,42864.43,42199.242,665.1878125000003
2025-09-06 10:00:00,44664.83,43659.758,1005.0721875000017
2025-09-06 11:00:00,45854.13,45167.29,686.8409374999974
2025-09-06 12:00:00,45430.5,43866.426,1564.07421875
2025-09-06 13:00:00,45767.03,44801.688,965.3424999999988
2025-09-06 14:00:00,46369.979999999996,46132.547,237.43312499999593
2025-09-06 15:00:00,45979.77999999999,45618.17,361.60812499999156
2025-09-06 16:00:00,45640.14000000001,45619.375,20.765000000006694
2025-09-06 17:00:00,45362.99999999999,46153.832,-790.8320312500073
2025-09-06 18:00:00,45331.71,45638.75,-307.0400000000009
2025-09-06 19:00:00,46601.17999999999,46661.188,-60.007500000006985
2025-09-06 20:00:00,46139.96,45643.914,496.0459374999991
2025-09-06 21:00:00,44669.39,44526.12,143.26890624999942
2025-09-06 22:00:00,43003.63999999999,43026.74,-23.098281250007858
2025-09-06 23:00:00,41054.75,40195.11,859.640625
2025-09-07 00:00:00,39111.35,37820.754,1290.5960937499985
2025-09-07 01:00:00,37370.66,34141.97,3228.6912500000035
2025-09-07 02:00:00,35746.11,32529.14,3216.9693750000006
2025-09-07 03:00:00,34676.79,31592.031,3084.758750000001
2025-09-07 04:00:00,33646.68,31243.04,2403.6409375000003
2025-09-07 05:00:00,33426.9,32743.344,683.5562500000015
2025-09-07 06:00:00,32142.110000000004,31809.562,332.5475000000042
2025-09-07 07:00:00,31765.609999999997,31139.34,626.270156249997
2025-09-07 08:00:00,32792.68,32658.736,133.9436718750003
2025-09-07 09:00:00,35399.28,35076.016,323.26437499999884
2025-09-07 10:00:00,37355.35,36829.69,525.6585937499985
2025-09-07 11:00:00,38605.44,38139.92,465.5181250000023
2025-09-07 12:00:00,39052.0,38715.098,336.90234375
2025-09-07 13:00:00,39971.88,39561.887,409.9932812499974
2025-09-07 14:00:00,39970.81,40772.34,-801.5298437500023
2025-09-07 15:00:00,39723.91,40394.113,-670.2032812499965
2025-09-07 16:00:00,39500.229999999996,41330.31,-1830.078593750004
2025-09-07 17:00:00,39463.59,41566.152,-2102.5623437500035
2025-09-07 18:00:00,40646.89000000001,41144.957,-498.0670312499933
2025-09-07 19:00:00,42503.399999999994,43039.7,-536.2992187500058
2025-09-07 20:00:00,42700.13,42576.555,123.57531249999738
2025-09-07 21:00:00,41512.12999999999,41437.957,74.1729687499901
2025-09-07 22:00:00,40809.270000000004,40255.57,553.6996875000041
2025-09-07 23:00:00,38996.47,37624.023,1372.4465625000012
2025-09-08 00:00:00,37257.9,35349.242,1908.6578125000015
2025-09-08 01:00:00,35593.02,33100.332,2492.687968749997
2025-09-08 02:00:00,34367.920000000006,31753.553,2614.3672656250055
2025-09-08 03:00:00,33485.63999999999,30974.072,2511.567734374992
2025-09-08 04:00:00,32832.41,30758.242,2074.1678125000035
2025-09-08 05:00:00,32946.78,30703.07,2243.709687499999
2025-09-08 06:00:00,32869.15,31364.146,1505.0035156250015
2025-09-08 07:00:00,35594.22,34563.234,1030.9856250000012
2025-09-08 08:00:00,41502.97,39649.76,1853.2082812500012
2025-09-08 09:00:00,44897.12,43723.305,1173.8153125000026
2025-09-08 10:00:00,46410.159999999996,44520.137,1890.0232812499962
2025-09-08 11:00:00,47177.95999999999,44711.727,2466.233437499992
2025-09-08 12:00:00,45785.45999999999,44703.28,1082.1787499999919
2025-09-08 13:00:00,46772.8,44778.56,1994.241406250003
2025-09-08 14:00:00,47830.600000000006,46396.25,1434.3500000000058
2025-09-08 15:00:00,48269.24,47858.824,410.41578124999796
2025-09-08 16:00:00,48176.51,47668.47,508.04125000000204
2025-09-08 17:00:00,47552.16000000001,46778.906,773.2537500000108
2025-09-08 18:00:00,46214.3,45688.71,525.5890625000029
2025-09-08 19:00:00,47118.90000000001,46498.387,620.5132812500087
2025-09-08 20:00:00,46799.44,45282.18,1517.2603125000023
2025-09-08 21:00:00,45364.7,44823.344,541.3562499999971
2025-09-08 22:00:00,43676.23999999999,43242.797,433.4431249999907
2025-09-08 23:00:00,41403.88,40033.785,1370.0948437499974
2025-09-09 00:00:00,39031.67,37909.004,1122.6660937499983
2025-09-09 01:00:00,37661.45,35385.406,2276.043749999997
2025-09-09 02:00:00,36530.3,34263.703,2266.596875000003
2025-09-09 03:00:00,35620.49,32708.547,2911.943124999998
2025-09-09 04:00:00,35059.69,32758.697,2300.9927343750023
2025-09-09 05:00:00,35058.51,32754.068,2304.441640625002
2025-09-09 06:00:00,35341.31999999999,32771.43,2569.8903124999924
2025-09-09 07:00:00,37157.23,34846.31,2310.921406250003
2025-09-09 08:00:00,42150.79,41036.01,1114.7782812500009
2025-09-09 09:00:00,45013.24,44589.68,423.56031249999796
2025-09-09 10:00:00,45776.33,45185.83,590.5018750000017
2025-09-09 11:00:00,46862.43,45520.336,1342.0940625000003
2025-09-09 12:00:00,45700.13,44862.266,837.8643749999974
2025-09-09 13:00:00,46912.87000000001,45386.492,1526.37781250001
2025-09-09 14:00:00,48261.369999999995,47158.73,1102.6395312499953
2025-09-09 15:00:00,48416.37,46766.473,1649.8973437500026
2025-09-09 16:00:00,48472.04,46800.656,1671.3837500000009
2025-09-09 17:00:00,48206.97,46766.05,1440.9192187500012
2025-09-09 18:00:00,47291.66999999999,46066.195,1225.474687499991
2025-09-09 19:00:00,48178.49,47087.24,1091.251718749998
2025-09-09 20:00:00,47835.12,47478.5,356.6200000000026
2025-09-09 21:00:00,46237.45,47310.207,-1072.757031250003
2025-09-09 22:00:00,44402.079999999994,44681.508,-279.42781250000553
2025-09-09 23:00:00,42027.3,41111.008,916.2921875000029
2025-09-10 00:00:00,39609.81,38254.66,1355.1498437499977
2025-09-10 01:00:00,38082.22,36412.258,1669.9621875000012
2025-09-10 02:00:00,36670.02,34463.984,2206.035624999997
2025-09-10 03:00:00,35615.26,33115.77,2499.490468750002
2025-09-10 04:00:00,35173.32,33157.79,2015.5309374999997
2025-09-10 05:00:00,35203.64,33225.484,1978.1556249999994
2025-09-10 06:00:00,35169.46,33676.87,1492.5889062499991
2025-09-10 07:00:00,37069.37,35485.188,1584.1825000000026
2025-09-10 08:00:00,42407.579999999994,41786.613,620.9667187499945
2025-09-10 09:00:00,45557.37,44558.207,999.1629687500026
2025-09-10 10:00:00,46338.52,44858.75,1479.7699999999968
2025-09-10 11:00:00,47572.67,45189.81,2382.8614062499983
2025-09-10 12:00:00,46501.23,44775.02,1726.2104687500032
2025-09-10 13:00:00,47504.13,45322.477,2181.6534374999974
2025-09-10 14:00:00,48575.58,47204.152,1371.4276562500017
2025-09-10 15:00:00,48415.39,47247.766,1167.6243749999994
2025-09-10 16:00:00,48651.6,48663.24,-11.638281250001455
2025-09-10 17:00:00,48792.91,48654.023,138.8865625000035
2025-09-10 18:00:00,47868.82,47547.746,321.0739062499997
2025-09-10 19:00:00,48498.200000000004,48638.406,-140.20624999999563
2025-09-10 20:00:00,48029.57000000001,47679.043,350.527031250007
2025-09-10 21:00:00,46272.85,47315.465,-1042.6148437500015
2025-09-10 22:00:00,44349.69,44733.387,-383.6967187499977
2025-09-10 23:00:00,42118.87000000001,41075.27,1043.60046875001
2025-09-11 00:00:00,39856.23000000001,38543.29,1312.9409375000105
2025-09-11 01:00:00,38080.96,36553.383,1527.5771874999991
2025-09-11 02:00:00,36446.84,34393.5,2053.3399999999965
2025-09-11 03:00:00,35380.83,33120.984,2259.8456250000017
2025-09-11 04:00:00,35027.77,33103.832,1923.9379687499968
2025-09-11 05:00:00,35363.92,33023.516,2340.4043749999983
2025-09-11 06:00:00,35432.37,33023.39,2408.9793750000026
2025-09-11 07:00:00,37360.38,35650.074,1710.3057812499974
2025-09-11 08:00:00,42666.57,41740.188,926.3824999999997
2025-09-11 09:00:00,45051.81,44860.203,191.60687499999767
2025-09-11 10:00:00,46073.76000000001,45307.633,766.1271875000093
2025-09-11 11:00:00,47215.27,45607.566,1607.7035937499968
2025-09-11 12:00:00,46039.130000000005,45235.96,803.1690625000047
2025-09-11 13:00:00,47358.22,45933.17,1425.0481250000012
2025-09-11 14:00:00,48702.0,47548.785,1153.21484375
2025-09-11 15:00:00,48351.9,49119.824,-767.9242187499985
2025-09-11 16:00:00,48343.11,48385.445,-42.33531249999942
2025-09-11 17:00:00,48574.77999999999,47239.16,1335.6198437499916
2025-09-11 18:00:00,47749.44000000001,46149.184,1600.2564062500096
2025-09-11 19:00:00,48600.920000000006,47223.773,1377.1465625000055
2025-09-11 20:00:00,47998.73999999999,46248.5,1750.2399999999907
2025-09-11 21:00:00,46426.94,45370.47,1056.4712500000023
2025-09-11 22:00:00,44596.25,44432.195,164.0546875
2025-09-11 23:00:00,42347.16,40892.8,1454.3592187500035
2025-09-12 00:00:00,39936.40000000001,38276.46,1659.9390625000087
2025-09-12 01:00:00,38240.55,36369.6,1870.948437500003
2025-09-12 02:00:00,36642.16,34347.734,2294.4256250000035
2025-09-12 03:00:00,35379.61,33419.797,1959.8131250000006
2025-09-12 04:00:00,35097.899999999994,33620.855,1477.0445312499942
2025-09-12 05:00:00,35325.53999999999,33806.92,1518.6181249999936
2025-09-12 06:00:00,35734.53999999999,33785.004,1949.5360937499936
2025-09-12 07:00:00,37338.36,35980.316,1358.0435937500006
2025-09-12 08:00:00,42638.33,41848.027,790.3026562500017
2025-09-12 09:00:00,45694.69,44321.44,1373.2485937500023
2025-09-12 10:00:00,46928.04000000001,44585.105,2342.934531250008
2025-09-12 11:00:00,48006.31,44975.28,3031.0287499999977
2025-09-12 12:00:00,46070.100000000006,44713.855,1356.2445312500058
2025-09-12 13:00:00,46117.45,45628.33,489.1218749999971
2025-09-12 14:00:00,48603.94,47606.23,997.7095312500023
2025-09-12 15:00:00,48833.520000000004,47098.78,1734.738750000004
2025-09-12 16:00:00,48867.22,48296.32,570.8996875000012
2025-09-12 17:00:00,48994.490000000005,47210.996,1783.4939062500052
2025-09-12 18:00:00,47949.34,47411.613,537.7267187499965
2025-09-12 19:00:00,48526.94,48332.188,194.75250000000233
2025-09-12 20:00:00,47856.649999999994,46469.973,1386.6773437499942
2025-09-12 21:00:00,46302.39,45648.67,653.7181249999994
2025-09-12 22:00:00,44305.1,44236.77,68.33046874999854
2025-09-12 23:00:00,42180.59,41077.613,1102.9767187499965
2025-09-13 00:00:00,39839.1,39214.703,624.3968749999985
2025-09-13 01:00:00,38110.57,37201.324,909.2457812499997
2025-09-13 02:00:00,36498.189999999995,35240.78,1257.408749999995
2025-09-13 03:00:00,35225.90000000001,32958.22,2267.6812500000087
2025-09-13 04:00:00,34120.05,33464.035,656.0148437500029
2025-09-13 05:00:00,34695.12,34291.535,403.5848437500026
2025-09-13 06:00:00,34263.32,34197.492,65.82781249999971
2025-09-13 07:00:00,34843.549999999996,33867.895,975.6554687499956
2025-09-13 08:00:00,38656.9,37871.277,785.6226562500015
2025-09-13 09:00:00,41447.450000000004,40800.105,647.3445312500044
2025-09-13 10:00:00,43182.72,42327.586,855.1340625000012
2025-09-13 11:00:00,44362.36,43315.99,1046.3717187500006
2025-09-13 12:00:00,43562.41,42599.867,962.5428125000035
2025-09-13 13:00:00,44642.74,43313.902,1328.837656249998
2025-09-13 14:00:00,45033.33,45836.78,-803.4512499999983
2025-09-13 15:00:00,44834.420000000006,45304.35,-469.93156249999447
2025-09-13 16:00:00,44969.8,45437.227,-467.4265624999971
2025-09-13 17:00:00,45511.56999999999,46100.055,-588.4846875000076
2025-09-13 18:00:00,45483.770000000004,44458.434,1025.336406250004
2025-09-13 19:00:00,46826.15,45456.484,1369.6656250000015
2025-09-13 20:00:00,46081.49,44316.348,1765.142343749998
2025-09-13 21:00:00,44533.3,43180.86,1352.440625000003
2025-09-13 22:00:00,42804.16,42486.957,317.2029687500035
2025-09-13 23:00:00,40603.87,39738.406,865.4637500000026
2025-09-14 00:00:00,38254.78,35549.76,2705.018281249999
2025-09-14 01:00:00,36572.530000000006,33757.62,2814.908906250006
2025-09-14 02:00:00,34986.94,32173.973,2812.9673437500023
2025-09-14 03:00:00,33583.65,31262.633,2321.0171875000015
2025-09-14 04:00:00,32983.17,31069.254,1913.9160937499983
2025-09-14 05:00:00,32592.86,30671.62,1921.2408593750006
2025-09-14 06:00:00,31936.91,30274.838,1662.0721093749999
2025-09-14 07:00:00,31211.729999999996,29627.572,1584.157734374996
2025-09-14 08:00:00,32684.780000000002,30536.188,2148.5925000000025
2025-09-14 09:00:00,34690.27,32675.158,2015.1117968749968
2025-09-14 10:00:00,36857.08,34354.473,2502.6073437500017
2025-09-14 11:00:00,38172.06,35618.77,2553.2904687499977
2025-09-14 12:00:00,38421.40000000001,36896.402,1524.9976562500087
2025-09-14 13:00:00,39184.84,37802.63,1382.2110937499965
2025-09-14 14:00:00,39227.58,39019.67,207.90812500000175
2025-09-14 15:00:00,39392.27,39078.53,313.7387499999968
2025-09-14 16:00:00,39362.18,40417.453,-1055.2731249999997
2025-09-14 17:00:00,40227.17999999999,41416.527,-1189.347343750007
2025-09-14 18:00:00,41168.399999999994,40930.316,238.08359374999418
2025-09-14 19:00:00,43001.07,42470.273,530.7965624999997
2025-09-14 20:00:00,42625.01,41837.31,787.701406250002
2025-09-14 21:00:00,41432.81,40973.867,458.9428124999977
2025-09-14 22:00:00,39255.21,39953.676,-698.4657812500009
2025-09-14 23:00:00,38070.3,36832.617,1237.682812500003
2025-09-15 00:00:00,36294.89,35891.92,402.9681249999994
2025-09-15 01:00:00,34695.29,32846.773,1848.5165625000009
2025-09-15 02:00:00,33390.21000000001,31483.412,1906.7978906250064
2025-09-15 03:00:00,32356.680000000004,30161.184,2195.496406250004
2025-09-15 04:00:00,32103.12,30149.73,1953.389531249999
2025-09-15 05:00:00,32219.3,30295.576,1923.7238281249993
2025-09-15 06:00:00,32537.34,30236.07,2301.2696875
2025-09-15 07:00:00,35197.19,32693.012,2504.1782812500023
2025-09-15 08:00:00,41310.53,38805.316,2505.213593749999
2025-09-15 09:00:00,44586.73,42582.043,2004.6870312500032
2025-09-15 10:00:00,45876.97000000001,43093.625,2783.3450000000084
2025-09-15 11:00:00,47106.32000000001,43974.27,3132.050468750007
2025-09-15 12:00:00,46506.329999999994,43603.277,2903.0526562499945
2025-09-15 13:00:00,47022.030000000006,44225.18,2796.850312500006
2025-09-15 14:00:00,47714.840000000004,45160.285,2554.554843750004
2025-09-15 15:00:00,47748.14,45251.508,2496.6321874999994
2025-09-15 16:00:00,47958.87,45790.652,2168.2176562500026
2025-09-15 17:00:00,48379.18,45576.4,2802.7815625000003
2025-09-15 18:00:00,47386.09,44906.508,2479.5821874999965
2025-09-15 19:00:00,48104.11,45893.242,2210.8678125000006
2025-09-15 20:00:00,47354.119999999995,45195.402,2158.7176562499953
2025-09-15 21:00:00,45820.23,44277.668,1542.5620312500032
2025-09-15 22:00:00,43975.84,42989.76,986.0782812499965
2025-09-15 23:00:00,41706.23,40953.133,753.0971875000032
2025-09-16 00:00:00,39217.79,37411.055,1806.7353125000009
2025-09-16 01:00:00,37525.28999999999,34746.598,2778.6923437499936
2025-09-16 02:00:00,36049.62,33679.39,2370.2293750000026
2025-09-16 03:00:00,34952.24,32374.39,2577.849374999998
2025-09-16 04:00:00,34453.469999999994,32389.592,2063.878203124994
2025-09-16 05:00:00,34649.77,32434.93,2214.840312499997
2025-09-16 06:00:00,34918.73999999999,32485.244,2433.4958593749907
2025-09-16 07:00:00,36874.80999999999,34338.61,2536.2006249999904
2025-09-16 08:00:00,42157.77999999999,39882.863,2274.9167187499916
2025-09-16 09:00:00,44868.65,43064.66,1803.9898437500015
2025-09-16 10:00:00,45840.39,43419.38,2421.0110937499994
2025-09-16 11:00:00,46712.64,43724.836,2987.8040624999994
2025-09-16 12:00:00,45512.25,43348.34,2163.91015625
2025-09-16 13:00:00,47046.03999999999,43908.26,3137.7782812499936
2025-09-16 14:00:00,47364.47,45223.188,2141.282500000001
2025-09-16 15:00:00,47774.86,45553.48,2221.3795312500006
2025-09-16 16:00:00,47955.05,47076.863,878.1867187500029
2025-09-16 17:00:00,48036.99,47259.945,777.044687499998
2025-09-16 18:00:00,47563.83,46367.85,1195.9784375000017
2025-09-16 19:00:00,48271.61000000001,45717.36,2554.250625000008
2025-09-16 20:00:00,47513.479999999996,44642.63,2870.851093749996
2025-09-16 21:00:00,45856.79,44075.926,1780.8642187500009
2025-09-16 22:00:00,43993.939999999995,42968.21,1025.729062499995
2025-09-16 23:00:00,41198.869999999995,39621.04,1577.8309374999953
2025-09-17 00:00:00,39163.12,37439.125,1723.9950000000026
2025-09-17 01:00:00,37551.02,35266.777,2284.242656249997
2025-09-17 02:00:00,36207.08,33650.016,2557.0643750000017
2025-09-17 03:00:00,35145.94,32355.0,2790.9400000000023
2025-09-17 04:00:00,34659.0,32443.752,2215.248046875
2025-09-17 05:00:00,34882.29000000001,32491.768,2390.522421875008
2025-09-17 06:00:00,34958.95,32871.977,2086.973437499997
2025-09-17 07:00:00,36902.100000000006,34293.98,2608.119531250006
2025-09-17 08:00:00,41677.23,40250.38,1426.8510937500032
2025-09-17 09:00:00,44550.96,42994.785,1556.1748437499991
2025-09-17 10:00:00,45784.85999999999,43293.414,2491.4459374999933
2025-09-17 11:00:00,46558.57,43651.46,2907.1090624999997
2025-09-17 12:00:00,45057.850000000006,43241.766,1816.0843750000058
2025-09-17 13:00:00,46444.72,44899.227,1545.4934375000012
2025-09-17 14:00:00,47734.66000000001,45871.44,1863.2185937500108
2025-09-17 15:00:00,47664.37999999999,46091.37,1573.00890624999
2025-09-17 16:00:00,47553.51999999999,45203.895,2349.6254687499895
2025-09-17 17:00:00,47822.22000000001,45689.227,2132.9934375000084
2025-09-17 18:00:00,47328.41,44748.96,2579.4490625000035
2025-09-17 19:00:00,47838.87,45239.76,2599.1082812500026
2025-09-17 20:00:00,47099.98,44467.473,2632.507343750003
2025-09-17 21:00:00,45708.8,43939.19,1769.608593750003
2025-09-17 22:00:00,43635.24999999999,42840.117,795.1328124999927
2025-09-17 23:00:00,41212.509999999995,39724.535,1487.9748437499948
2025-09-18 00:00:00,39259.869999999995,37127.297,2132.5731249999953
2025-09-18 01:00:00,37506.6,35077.797,2428.8031249999985
2025-09-18 02:00:00,36106.78,33396.523,2710.256562499999
2025-09-18 03:00:00,35018.649999999994,32185.535,2833.114843749994
2025-09-18 04:00:00,34490.37,32251.986,2238.3836718750026
2025-09-18 05:00:00,34711.97,32386.482,2325.487578125001
2025-09-18 06:00:00,35000.66,32389.531,2611.1287500000035
2025-09-18 07:00:00,36998.94,34530.695,2468.2446875000023
2025-09-18 08:00:00,41950.69,40515.277,1435.4126562500023
2025-09-18 09:00:00,44488.490000000005,42977.207,1511.2829687500052
2025-09-18 10:00:00,45505.670000000006,43153.1,2352.5684375000055
2025-09-18 11:00:00,46126.64000000001,43472.74,2653.9017187500067
2025-09-18 12:00:00,44723.82000000001,43035.855,1687.964531250007
2025-09-18 13:00:00,45609.76,43641.1,1968.658437500002
2025-09-18 14:00:00,45934.34,44876.703,1057.6368749999965
2025-09-18 15:00:00,45708.54,44663.996,1044.5439062500009
2025-09-18 16:00:00,46003.119999999995,44733.984,1269.1356249999953
2025-09-18 17:00:00,46445.1,44990.22,1454.8812499999985
2025-09-18 18:00:00,46067.89000000001,44432.66,1635.2298437500067
2025-09-18 19:00:00,46707.43,44875.344,1832.0862500000003
2025-09-18 20:00:00,45586.01,44186.16,1399.849843750002
2025-09-18 21:00:00,44167.92,43643.797,524.1231249999983
2025-09-18 22:00:00,42497.58,42467.375,30.205000000001746
2025-09-18 23:00:00,40017.44,39428.54,588.9009375000023
2025-09-19 00:00:00,37712.6,36532.656,1179.9437499999985
2025-09-19 01:00:00,35767.62000000001,34622.47,1145.15125000001
2025-09-19 02:00:00,34538.59,32999.055,1539.5353124999965
2025-09-19 03:00:00,33574.26,32083.645,1490.615468750002
2025-09-19 04:00:00,33168.42999999999,31760.074,1408.355781249993
2025-09-19 05:00:00,33410.35,31825.006,1585.3441406249985
2025-09-19 06:00:00,33707.94,31841.494,1866.4458593750023
2025-09-19 07:00:00,35421.34,33902.75,1518.5899999999965
2025-09-19 08:00:00,40150.58,39748.37,402.20890625000175
2025-09-19 09:00:00,42306.85,42314.71,-7.860937500001455
2025-09-19 10:00:00,42895.170000000006,42573.883,321.28718750000553
2025-09-19 11:00:00,43387.51,42843.35,544.158437500002
2025-09-19 12:00:00,41331.75,42191.723,-859.97265625
2025-09-19 13:00:00,41548.579999999994,42801.855,-1253.2754687500055
2025-09-19 14:00:00,43971.07000000001,43707.28,263.788750000007
2025-09-19 15:00:00,43569.170000000006,43778.75,-209.57999999999447
2025-09-19 16:00:00,44308.850000000006,43973.297,335.5531250000058
2025-09-19 17:00:00,44490.94,44112.984,377.9556250000023
2025-09-19 18:00:00,44109.12000000001,43462.89,646.2293750000099
2025-09-19 19:00:00,44725.76,44044.15,681.611562500002
2025-09-19 20:00:00,43123.04,43190.76,-67.72171874999913
2025-09-19 21:00:00,41867.91999999999,42655.79,-787.869062500009
2025-09-19 22:00:00,40239.45,41258.34,-1018.8898437500029
2025-09-19 23:00:00,37948.270000000004,38702.758,-754.4878124999959
2025-09-20 00:00:00,35960.75,35886.52,74.23046875
2025-09-20 01:00:00,34384.16,34522.215,-138.0548437499965
2025-09-20 02:00:00,33272.05999999999,32865.066,406.9935937499904
2025-09-20 03:00:00,32313.829999999998,31719.236,594.5936718749981
2025-09-20 04:00:00,31862.150000000005,31780.973,81.1773437500051
2025-09-20 05:00:00,32042.6,31435.918,606.6820312499985
2025-09-20 06:00:00,31837.61,31435.209,402.4010156250006
2025-09-20 07:00:00,32355.819999999996,32165.676,190.14421874999607
2025-09-20 08:00:00,35496.05,36264.105,-768.0554687499971
2025-09-20 09:00:00,38102.090000000004,38928.24,-826.1482812499962
2025-09-20 10:00:00,39375.19,40341.363,-966.1732812499977
2025-09-20 11:00:00,40276.94,41193.11,-916.1693749999977
2025-09-20 12:00:00,39440.76000000001,40157.016,-716.2556249999907
2025-09-20 13:00:00,40030.46,40905.22,-874.7587500000009
2025-09-20 14:00:00,40435.31,41860.246,-1424.9360937500023
2025-09-20 15:00:00,39778.99999999999,41541.426,-1762.4257812500073
2025-09-20 16:00:00,40376.23,42016.598,-1640.3676562499968
2025-09-20 17:00:00,40950.98,42659.04,-1708.0590624999968
2025-09-20 18:00:00,41757.93,42287.9,-529.9684374999997
2025-09-20 19:00:00,43084.7,42545.387,539.3132812499971
2025-09-20 20:00:00,42258.26999999999,41503.05,755.2192187499895
2025-09-20 21:00:00,40761.07,40535.336,225.7340624999997
2025-09-20 22:00:00,39047.780000000006,38964.656,83.12375000000611
2025-09-20 23:00:00,37125.99,36536.617,589.372812499998
2025-09-21 00:00:00,34868.36,33864.89,1003.4693750000006
2025-09-21 01:00:00,33267.03,32389.459,877.5710156249988
2025-09-21 02:00:00,31878.84,30876.205,1002.6349218750001
2025-09-21 03:00:00,30811.48,30114.572,696.9077343749996
2025-09-21 04:00:00,30380.380000000005,29867.936,512.4444531250047
2025-09-21 05:00:00,30534.320000000003,29381.693,1152.6266406250033
2025-09-21 06:00:00,29732.43,28838.234,894.1956250000003
2025-09-21 07:00:00,28595.029999999995,28335.139,259.8913281249952
2025-09-21 08:00:00,29617.319999999996,29610.104,7.216484374996071
2025-09-21 09:00:00,31605.159999999996,31600.324,4.8357812499962165
2025-09-21 10:00:00,33059.69000000001,33130.156,-70.4662499999904
2025-09-21 11:00:00,33851.60999999999,34039.08,-187.4681250000067
2025-09-21 12:00:00,34119.68,34552.76,-433.0817187499997
2025-09-21 13:00:00,34775.96,35323.336,-547.3759375000009
2025-09-21 14:00:00,35109.70999999999,36238.168,-1128.4579687500081
2025-09-21 15:00:00,34994.48000000001,35888.184,-893.7035937499895
2025-09-21 16:00:00,35398.64,36976.992,-1578.3521875000006
2025-09-21 17:00:00,36770.88,37766.426,-995.5457812500026
2025-09-21 18:00:00,38052.62,37407.023,645.5965625000026
2025-09-21 19:00:00,39998.74,38779.79,1218.950937499998
2025-09-21 20:00:00,39441.04,38229.387,1211.6532812500009
2025-09-21 21:00:00,38188.41999999999,37255.367,933.052812499991
2025-09-21 22:00:00,36676.52,35992.047,684.4731249999968
2025-09-21 23:00:00,34767.31,34224.684,542.6264062499977
2025-09-22 00:00:00,33154.92,33523.965,-369.04484375000175
2025-09-22 01:00:00,31725.250000000004,31387.088,338.16210937500364
2025-09-22 02:00:00,30718.840000000004,30233.057,485.7833593750038
2025-09-22 03:00:00,30010.34,29180.053,830.2872656250001
2025-09-22 04:00:00,29735.66,29276.59,459.07015624999985
2025-09-22 05:00:00,30161.239999999998,29401.312,759.927499999998
2025-09-22 06:00:00,30772.359999999997,29381.305,1391.055312499997
2025-09-22 07:00:00,32782.29,31860.006,922.2841406250009
2025-09-22 08:00:00,38554.78,37977.27,577.5104687499988
2025-09-22 09:00:00,40995.49,41683.008,-687.517812500002
2025-09-22 10:00:00,42446.89,41990.156,456.7337499999994
2025-09-22 11:00:00,43223.969999999994,42202.414,1021.5559374999939
2025-09-22 12:00:00,42089.53,41962.555,126.97531249999884
2025-09-22 13:00:00,43223.71,42639.742,583.9678124999991
2025-09-22 14:00:00,43969.6,43511.156,458.44374999999854
2025-09-22 15:00:00,44348.42,43582.87,765.5489062499983
2025-09-22 16:00:00,44476.59,43751.91,724.6798437499965
2025-09-22 17:00:00,44266.02,43835.516,430.5043749999968
2025-09-22 18:00:00,44227.270000000004,43212.81,1014.4614062500041
2025-09-22 19:00:00,44790.880000000005,43233.98,1556.8995312500047
2025-09-22 20:00:00,43780.78,42404.234,1376.5456249999988
2025-09-22 21:00:00,42228.18000000001,42048.45,179.73078125000757
2025-09-22 22:00:00,41172.79,40784.08,388.7118750000009
2025-09-22 23:00:00,38118.26000000001,38015.63,102.63109375000931
2025-09-23 00:00:00,36722.09,35937.055,785.0353124999965
2025-09-23 01:00:00,35207.33999999999,33476.09,1731.2501562499892
2025-09-23 02:00:00,33815.24,32543.71,1271.529062499998
2025-09-23 03:00:00,32883.17,31376.477,1506.6934374999983
2025-09-23 04:00:00,32621.420000000002,31437.623,1183.796953125002
2025-09-23 05:00:00,33127.71000000001,31558.115,1569.5947656250064
2025-09-23 06:00:00,33600.33,31671.355,1928.9745312500017
2025-09-23 07:00:00,35169.44,33406.625,1762.8150000000023
2025-09-23 08:00:00,40207.06,39064.125,1142.9349999999977
2025-09-23 09:00:00,42603.19,41896.36,706.8306250000023
2025-09-23 10:00:00,43459.6,42245.586,1214.0140624999985
2025-09-23 11:00:00,44130.880000000005,42652.953,1477.9268750000047
2025-09-23 12:00:00,42588.71,41894.973,693.7373437499991
2025-09-23 13:00:00,43614.259999999995,42684.76,929.4982812499948
2025-09-23 14:00:00,44790.32000000001,43598.36,1191.960625000007
2025-09-23 15:00:00,44769.93000000001,43668.75,1101.1800000000076
2025-09-23 16:00:00,44839.29,43739.5,1099.7900000000009
2025-09-23 17:00:00,45406.54,43946.164,1460.3759375000009
2025-09-23 18:00:00,45249.81999999999,43464.195,1785.6246874999924
2025-09-23 19:00:00,45920.41,43912.395,2008.0154687500035
2025-09-23 20:00:00,44843.08999999999,42895.684,1947.4064062499892
2025-09-23 21:00:00,43257.12,42398.215,858.9051562500026
2025-09-23 22:00:00,41283.92,41343.195,-59.275312500001746
2025-09-23 23:00:00,39143.75,38455.22,688.53125
2025-09-24 00:00:00,36946.18,36126.83,819.3518750000003
2025-09-24 01:00:00,35298.87,34181.41,1117.4598437500026
2025-09-24 02:00:00,34147.72,32465.979,1681.7414843750012
2025-09-24 03:00:00,33142.48,31328.412,1814.0678906250032
2025-09-24 04:00:00,32780.01,31467.547,1312.463125000002
2025-09-24 05:00:00,33300.94,31624.438,1676.5025000000023
2025-09-24 06:00:00,33705.44999999999,31491.896,2213.55351562499
2025-09-24 07:00:00,35273.31,33323.145,1950.1654687499977
2025-09-24 08:00:00,40424.630000000005,39382.215,1042.4151562500047
2025-09-24 09:00:00,42666.9,41710.223,956.6773437500015
2025-09-24 10:00:00,43537.92999999999,42117.133,1420.797187499993
2025-09-24 11:00:00,44396.14,42611.504,1784.6360937499994
2025-09-24 12:00:00,42911.58000000001,42047.363,864.216718750009
2025-09-24 13:00:00,43879.31,42762.53,1116.7787499999977
2025-09-24 14:00:00,45045.72,43613.285,1432.4348437500012
2025-09-24 15:00:00,45149.880000000005,43508.652,1641.2276562500047
2025-09-24 16:00:00,45465.33999999999,43671.96,1793.3790624999892
2025-09-24 17:00:00,45674.47,43913.1,1761.3684375000012
2025-09-24 18:00:00,45539.02,43597.875,1941.1449999999968
2025-09-24 19:00:00,46047.51,43985.9,2061.611562500002
2025-09-24 20:00:00,45144.05,43104.22,2039.831250000003
2025-09-24 21:00:00,43682.88,42777.836,905.0440624999974
2025-09-24 22:00:00,41617.229999999996,41670.543,-53.312968750004075
2025-09-24 23:00:00,39564.049999999996,38650.754,913.2960937499956
2025-09-25 00:00:00,36908.52999999999,36488.758,419.77218749999156
2025-09-25 01:00:00,35476.13,34420.316,1055.8135937499974
2025-09-25 02:00:00,34267.66,32581.775,1685.8846093750035
2025-09-25 03:00:00,33258.78,31307.785,1950.9948437499988
2025-09-25 04:00:00,32876.88999999999,31371.357,1505.5325781249921
2025-09-25 05:00:00,33354.14,31501.055,1853.0853124999994
2025-09-25 06:00:00,34099.37,31599.186,2500.1844531250026
2025-09-25 07:00:00,35659.21,33714.582,1944.6279687499991
2025-09-25 08:00:00,40637.04,39686.74,950.3017187500009
2025-09-25 09:00:00,42962.1,42101.824,860.2757812499985
2025-09-25 10:00:00,43784.549999999996,42301.51,1483.0382812499956
2025-09-25 11:00:00,44240.68,42437.855,1802.8245312500003
2025-09-25 12:00:00,42670.24,42027.88,642.361093749998
2025-09-25 13:00:00,43787.47000000001,42574.266,1213.2043750000084
2025-09-25 14:00:00,44802.77,43443.457,1359.3129687499968
2025-09-25 15:00:00,44803.51999999999,43530.777,1272.7426562499895
2025-09-25 16:00:00,45205.990000000005,43830.582,1375.4079687500052
2025-09-25 17:00:00,45815.89,44245.258,1570.6321874999994
2025-09-25 18:00:00,45401.88,43641.332,1760.5479687499974
2025-09-25 19:00:00,45894.31,44085.8,1808.5092187499977
2025-09-25 20:00:00,44697.41,43128.324,1569.0857812500035
2025-09-25 21:00:00,43412.16000000001,42864.727,547.4334375000108
2025-09-25 22:00:00,41485.41000000001,42005.703,-520.2931249999892
2025-09-25 23:00:00,38901.39,38791.68,109.71031249999942
2025-09-26 00:00:00,37121.49,36003.914,1117.575937499998
2025-09-26 01:00:00,35441.68,34142.1,1299.5784375000003
2025-09-26 02:00:00,34122.3,32362.113,1760.186718750003
2025-09-26 03:00:00,32954.22,31589.627,1364.5930468750012
2025-09-26 04:00:00,32855.89,31296.95,1558.9407812499994
2025-09-26 05:00:00,33166.049999999996,31381.023,1785.0265624999956
2025-09-26 06:00:00,33843.81,31496.045,2347.7650781249977
2025-09-26 07:00:00,35472.57,33573.66,1898.9098437499997
2025-09-26 08:00:00,40270.51,39480.32,790.189687500002
2025-09-26 09:00:00,42697.70999999999,41885.074,812.6357812499919
2025-09-26 10:00:00,43416.93000000001,42066.023,1350.9065625000076
2025-09-26 11:00:00,43914.92,42255.613,1659.3067187499983
2025-09-26 12:00:00,42087.94,41773.27,314.6704687500023
2025-09-26 13:00:00,42252.57,42423.082,-170.5120312500003
2025-09-26 14:00:00,44194.259999999995,43044.2,1150.0607812499948
2025-09-26 15:00:00,44196.770000000004,43093.234,1103.535625000004
2025-09-26 16:00:00,44518.48999999999,43436.332,1082.1579687499907
2025-09-26 17:00:00,44482.8,43824.59,658.2101562500029
2025-09-26 18:00:00,44856.38,43089.766,1766.6143749999974
2025-09-26 19:00:00,45272.59,43646.47,1626.1212499999965
2025-09-26 20:00:00,44080.07,42634.43,1445.6403124999997
2025-09-26 21:00:00,42497.08,42296.92,200.15812500000175
2025-09-26 22:00:00,40780.88,40774.105,6.774531249997381
2025-09-26 23:00:00,38821.01,38259.41,561.599843750002
2025-09-27 00:00:00,36619.91,35263.207,1356.7029687500035
2025-09-27 01:00:00,34880.54,33886.582,993.9579687500009
2025-09-27 02:00:00,33569.93,32198.648,1371.2815625000003
2025-09-27 03:00:00,32470.940000000002,31117.938,1353.0025000000023
2025-09-27 04:00:00,31883.609999999997,31175.125,708.484999999997
2025-09-27 05:00:00,32228.610000000004,30894.688,1333.9225000000042
2025-09-27 06:00:00,32098.47,30889.623,1208.8469531250012
2025-09-27 07:00:00,32494.429999999997,31516.531,977.8987499999967
2025-09-27 08:00:00,36226.15,35719.633,506.51718750000146
2025-09-27 09:00:00,38408.51,38415.7,-7.189218749997963
2025-09-27 10:00:00,39727.19,39753.336,-26.14593749999767
2025-09-27 11:00:00,40285.96,40481.82,-195.86031250000087
2025-09-27 12:00:00,39833.52,39507.555,325.9653124999968
2025-09-27 13:00:00,40019.13,40148.67,-129.54187500000262
2025-09-27 14:00:00,40286.31999999999,41044.594,-758.2737500000076
2025-09-27 15:00:00,39861.21000000001,40479.645,-618.4345312499936
2025-09-27 16:00:00,40204.28999999999,40933.504,-729.2139062500064
2025-09-27 17:00:00,41116.34,41592.195,-475.8553125000035
2025-09-27 18:00:00,42236.05999999999,41573.938,662.1224999999904
2025-09-27 19:00:00,42991.05,41817.62,1173.428906250003
2025-09-27 20:00:00,42022.12,40974.473,1047.6473437500026
2025-09-27 21:00:00,40826.63,40064.71,761.9190624999974
2025-09-27 22:00:00,38964.509999999995,38433.79,530.7209374999948
2025-09-27 23:00:00,36827.66,35947.082,880.5779687500035
2025-09-28 00:00:00,34706.50000000001,33397.836,1308.6640625000073
2025-09-28 01:00:00,33208.25,31978.385,1229.865234375
2025-09-28 02:00:00,31821.520000000004,30466.83,1354.689921875004
2025-09-28 03:00:00,30608.930000000004,29731.555,877.3753125000039
2025-09-28 04:00:00,30020.670000000002,29443.217,577.4532031250019
2025-09-28 05:00:00,30006.46,28933.94,1072.5205468749991
2025-09-28 06:00:00,29713.120000000003,28318.965,1394.1551562500026
2025-09-28 07:00:00,28701.469999999998,27752.236,949.2336718749975
2025-09-28 08:00:00,29901.16,29017.373,883.7869531249999
2025-09-28 09:00:00,31708.000000000004,31011.82,696.1796875000036
2025-09-28 10:00:00,33375.48,32457.648,917.8315625000032
2025-09-28 11:00:00,34669.9,33325.07,1344.8296875000015
2025-09-28 12:00:00,34560.27,33933.58,626.6918749999968
2025-09-28 13:00:00,35199.48,34900.832,298.6479687500032
2025-09-28 14:00:00,35467.6,35703.992,-236.39218750000146
2025-09-28 15:00:00,35264.73,35462.855,-198.1254687499968
2025-09-28 16:00:00,35344.2,36322.32,-978.1203125000029
2025-09-28 17:00:00,36507.66,37337.09,-829.4298437499965
2025-09-28 18:00:00,38051.829999999994,37273.016,778.8143749999945
2025-09-28 19:00:00,39572.26,38370.98,1201.279531250002
2025-09-28 20:00:00,38932.92999999999,37864.26,1068.668281249993
2025-09-28 21:00:00,37597.47,36938.832,658.6379687500012
2025-09-28 22:00:00,36250.54,35638.348,612.1923437500009
2025-09-28 23:00:00,34046.28999999999,33858.25,188.0399999999936
2025-09-29 00:00:00,32759.739999999998,33308.785,-549.045156250002
2025-09-29 01:00:00,31359.649999999998,31158.256,201.39414062499782
2025-09-29 02:00:00,30240.860000000004,30074.184,166.67640625000422
2025-09-29 03:00:00,29226.83,29049.97,176.85929687500175
2025-09-29 04:00:00,28670.080000000005,29127.238,-457.1582812499946
2025-09-29 05:00:00,29078.1,29197.01,-118.90976562500146
2025-09-29 06:00:00,29721.23,29201.879,519.3510937499996
2025-09-29 07:00:00,32149.040000000005,31605.582,543.4579687500045
2025-09-29 08:00:00,38114.09,37628.316,485.7735937499965
2025-09-29 09:00:00,40985.54,41233.082,-247.54203124999913
2025-09-29 10:00:00,42279.10999999999,41520.777,758.3326562499933
2025-09-29 11:00:00,43200.55000000001,41712.83,1487.7218750000102
2025-09-29 12:00:00,42018.06999999999,41368.0,650.0699999999924
2025-09-29 13:00:00,43096.8,41749.023,1347.776562500003
2025-09-29 14:00:00,43990.56,42462.535,1528.0248437499977
2025-09-29 15:00:00,44178.14,42536.16,1641.9798437499994
2025-09-29 16:00:00,43904.78,42782.805,1121.9753124999988
2025-09-29 17:00:00,44155.76000000001,43108.242,1047.5178125000093
2025-09-29 18:00:00,44066.92999999999,42699.77,1367.160468749993
2025-09-29 19:00:00,44218.19,43078.97,1139.2212500000023
2025-09-29 20:00:00,42953.21000000001,42360.004,593.2060937500064
2025-09-29 21:00:00,40808.55,42018.75,-1210.199999999997
2025-09-29 22:00:00,39797.08,40735.145,-938.0645312499983
2025-09-29 23:00:00,37550.87,37865.203,-314.3331249999974
2025-09-30 00:00:00,35480.07,35736.535,-256.4651562500003
2025-09-30 01:00:00,34067.57,33332.598,734.9723437499997
2025-09-30 02:00:00,32673.73,32425.873,247.85695312499956
2025-09-30 03:00:00,32033.93,31229.72,804.2092968750003
2025-09-30 04:00:00,31667.96,31328.21,339.7490624999991
2025-09-30 05:00:00,32063.829999999998,31360.29,703.5409374999981
2025-09-30 06:00:00,32616.82,31347.486,1269.3336718749997
2025-09-30 07:00:00,34229.21,33155.676,1073.5342187499991
2025-09-30 08:00:00,39597.23999999999,38719.246,877.9939062499907
2025-09-30 09:00:00,41674.45,41449.383,225.0671874999971
2025-09-30 10:00:00,42635.46,41918.0,717.4599999999991
2025-09-30 11:00:00,43141.3,42082.844,1058.456250000003
2025-09-30 12:00:00,41468.11,41659.277,-191.16734374999942
2025-09-30 13:00:00,41987.69000000001,42244.76,-257.0717187499904
2025-09-30 14:00:00,42683.09,42867.98,-184.8904687500035
2025-09-30 15:00:00,42401.36,42880.375,-479.0149999999994
2025-09-30 16:00:00,42847.189999999995,43051.88,-204.68890625000495
2025-09-30 17:00:00,43340.73999999999,43264.184,76.55640624999069
2025-09-30 18:00:00,43329.0,42701.816,627.18359375
2025-09-30 19:00:00,43901.920000000006,43089.6,812.3184375000055
2025-09-30 20:00:00,42636.54,42419.68,216.86031250000087
2025-09-30 21:00:00,41431.94000000001,41973.805,-541.8646874999904
2025-09-30 22:00:00,39048.06,41086.793,-2038.7329687500023
2025-09-30 23:00:00,36987.899999999994,38221.28,-1233.3812500000058
2025-10-01 00:00:00,34810.200000000004,35044.434,-234.23359374999563
2025-10-01 01:00:00,33245.03,33377.543,-132.51296875000116
2025-10-01 02:00:00,32030.63,32021.666,8.963984375001019
2025-10-01 03:00:00,31057.130000000005,31223.535,-166.40515624999534
2025-10-01 04:00:00,30766.129999999997,31152.568,-386.4383593750026
2025-10-01 05:00:00,31178.600000000002,31383.488,-204.88828124999782
2025-10-01 06:00:00,31617.42,31581.996,35.423906249998254
2025-10-01 07:00:00,33908.76000000001,32989.293,919.4670312500093
2025-10-01 08:00:00,38729.88,38636.59,93.29015624999738
2025-10-01 09:00:00,40187.46,40259.28,-71.82125000000087
2025-10-01 10:00:00,41038.630000000005,41171.832,-133.20203124999534
2025-10-01 11:00:00,41557.9,41417.41,140.48984375000146
2025-10-01 12:00:00,40065.33,40153.44,-88.11140624999825
2025-10-01 13:00:00,40458.89,40601.96,-143.07093750000058
2025-10-01 14:00:00,41527.50000000001,41532.277,-4.777343749992724
2025-10-01 15:00:00,41553.61,41383.086,170.52406250000058
2025-10-01 16:00:00,42347.17,42283.688,63.482499999998254
2025-10-01 17:00:00,42878.91000000001,42707.027,171.88265625001077
2025-10-01 18:00:00,43170.16999999999,42705.734,464.435624999991
2025-10-01 19:00:00,43656.1,42715.85,940.2484374999985
2025-10-01 20:00:00,42572.56,41906.535,666.0248437499977
2025-10-01 21:00:00,41091.4,41159.906,-68.50624999999854
2025-10-01 22:00:00,39348.8,39591.68,-242.8796874999971
2025-10-01 23:00:00,37396.86,37621.953,-225.09312499999942
2025-10-02 00:00:00,35278.01,35217.105,60.90453125000204
2025-10-02 01:00:00,33562.73,33542.16,20.5698437500032
2025-10-02 02:00:00,32338.7,32010.777,327.9226562500007
2025-10-02 03:00:00,31726.160000000003,31212.785,513.3748437500035
2025-10-02 04:00:00,31492.679999999997,31148.383,344.29718749999665
2025-10-02 05:00:00,31702.129999999997,31399.559,302.5714062499974
2025-10-02 06:00:00,32498.97,31579.236,919.7336718750012
2025-10-02 07:00:00,34159.12999999999,33386.977,772.1534374999901
2025-10-02 08:00:00,38627.59,38879.56,-251.9685937500035
2025-10-02 09:00:00,40708.28,40318.26,390.01828124999884
2025-10-02 10:00:00,41165.70999999999,41004.996,160.71390624999185
2025-10-02 11:00:00,40864.79,41425.797,-561.0068749999991
2025-10-02 12:00:00,39636.57,40190.062,-553.4925000000003
2025-10-02 13:00:00,41067.57,40424.57,642.9996874999997
2025-10-02 14:00:00,41907.71,41437.523,470.1865624999991
2025-10-02 15:00:00,41956.369999999995,41486.535,469.83484374999534
2025-10-02 16:00:00,42695.33999999999,42364.363,330.97671874998923
2025-10-02 17:00:00,43159.52999999999,42728.434,431.09640624999156
2025-10-02 18:00:00,43657.47,42527.336,1130.1340625000012
2025-10-02 19:00:00,43901.91,42580.652,1321.2576562500035
2025-10-02 20:00:00,42763.060000000005,42023.28,739.778750000005
2025-10-02 21:00:00,41206.16,40977.168,228.9920312500035
2025-10-02 22:00:00,39601.14,39706.703,-105.56312500000058
2025-10-02 23:00:00,37857.09999999999,37624.45,232.65078124999127
2025-10-03 00:00:00,35375.03,35130.746,244.28390624999884
2025-10-03 01:00:00,33968.02,33495.793,472.2270312499968
2025-10-03 02:00:00,32634.81,31879.27,755.5404687500013
2025-10-03 03:00:00,31816.439999999995,31433.732,382.70757812499505
2025-10-03 04:00:00,31570.61,31015.576,555.0338281250006
2025-10-03 05:00:00,31941.08,31259.623,681.4569531250017
2025-10-03 06:00:00,32712.000000000004,31450.043,1261.9570312500036
2025-10-03 07:00:00,34317.130000000005,33277.902,1039.2276562500047
2025-10-03 08:00:00,39228.53,38726.824,501.70578124999884
2025-10-03 09:00:00,41825.61,40105.508,1720.1021875000006
2025-10-03 10:00:00,42330.18,40907.426,1422.7542187500003
2025-10-03 11:00:00,43184.29000000001,41210.016,1974.2743750000081
2025-10-03 12:00:00,40678.55,40031.746,646.8039062500029
2025-10-03 13:00:00,40675.43000000001,40240.58,434.85187500000757
2025-10-03 14:00:00,42637.58999999999,41309.96,1327.6290624999892
2025-10-03 15:00:00,42986.21,41362.39,1623.8193749999991
2025-10-03 16:00:00,42754.16999999999,42178.406,575.763749999991
2025-10-03 17:00:00,42952.579999999994,42749.85,202.72843749999447
2025-10-03 18:00:00,43283.18,42661.043,622.1370312500003
2025-10-03 19:00:00,43462.18,42498.895,963.2854687500003
2025-10-03 20:00:00,42170.759999999995,41908.69,262.06859374999476
2025-10-03 21:00:00,40702.57,41122.31,-419.7385937500003
2025-10-03 22:00:00,38831.97,39359.633,-527.6628124999988
2025-10-03 23:00:00,37196.67,37501.03,-304.36125000000175
2025-10-04 00:00:00,35023.47,34888.39,135.07937500000116
2025-10-04 01:00:00,33564.78,33516.5,48.279999999998836
2025-10-04 02:00:00,32253.9,31935.555,318.34531250000146
2025-10-04 03:00:00,31173.25,31111.46,61.7890625
2025-10-04 04:00:00,30700.19,31021.58,-321.3900781250013
2025-10-04 05:00:00,31042.070000000003,30855.037,187.03289062500335
2025-10-04 06:00:00,31240.820000000003,31034.213,206.60710937500335
2025-10-04 07:00:00,31591.969999999998,31442.396,149.57351562499753
2025-10-04 08:00:00,35155.32,35684.85,-529.5315625000003
2025-10-04 09:00:00,37495.0,37389.312,105.6875
2025-10-04 10:00:00,38961.21000000001,39160.742,-199.5321874999936
2025-10-04 11:00:00,39672.55999999999,39918.11,-245.5493750000096
2025-10-04 12:00:00,38571.68,38610.527,-38.84734374999971
2025-10-04 13:00:00,39211.93,38824.98,386.9495312500003
2025-10-04 14:00:00,39276.8,39739.305,-462.5046874999971
2025-10-04 15:00:00,38738.94,39629.457,-890.5170312499977
2025-10-04 16:00:00,38743.98,40492.04,-1748.0590624999968
2025-10-04 17:00:00,39427.8,41218.63,-1790.828906249997
2025-10-04 18:00:00,40872.08,41549.215,-677.1348437499983
2025-10-04 19:00:00,41523.19,41527.066,-3.8764062499976717
2025-10-04 20:00:00,40406.66,40780.805,-374.1446874999965
2025-10-04 21:00:00,38946.83000000001,39389.105,-442.275468749991
2025-10-04 22:00:00,37363.86000000001,37487.574,-123.71421874999214
2025-10-04 23:00:00,35354.73999999999,35770.332,-415.5920312500093
2025-10-05 00:00:00,33236.65,33231.465,5.185156250001455
2025-10-05 01:00:00,31840.14,31743.7,96.44078124999942
2025-10-05 02:00:00,30257.090000000004,30339.516,-82.42562499999622
2025-10-05 03:00:00,29403.07,29810.635,-407.5647656250003
2025-10-05 04:00:00,28845.71,29375.615,-529.9052343750009
2025-10-05 05:00:00,28931.249999999996,29006.79,-75.53906250000364
2025-10-05 06:00:00,28756.769999999997,28445.373,311.3969531249968
2025-10-05 07:00:00,27902.3,27925.676,-23.375781250000728
2025-10-05 08:00:00,28981.080000000005,28910.201,70.87882812500538
2025-10-05 09:00:00,30571.57,30719.799,-148.2288281250003
2025-10-05 10:00:00,32254.789999999997,32372.43,-117.63968750000276
2025-10-05 11:00:00,33109.71000000001,33376.105,-266.3954687499936
2025-10-05 12:00:00,32997.02,33534.91,-537.8901562500032
2025-10-05 13:00:00,33497.11,34198.324,-701.2142187499994
2025-10-05 14:00:00,33375.9,34572.45,-1196.5492187499985
2025-10-05 15:00:00,33230.95,34247.594,-1016.6437500000029
2025-10-05 16:00:00,33351.84,35566.87,-2215.0310937500035
2025-10-05 17:00:00,34360.73,36702.387,-2341.656718749997
2025-10-05 18:00:00,36773.1,37407.3,-634.2007812500015
2025-10-05 19:00:00,38014.479999999996,38317.25,-302.7700000000041
2025-10-05 20:00:00,37407.49,37827.44,-419.95140625000204
2025-10-05 21:00:00,36364.1,36382.098,-17.997656250001455
2025-10-05 22:00:00,34942.31,34880.258,62.05218749999767
2025-10-05 23:00:00,33130.10999999999,33528.195,-398.0853125000067
2025-10-06 00:00:00,31562.140000000003,32461.568,-899.428359374997
2025-10-06 01:00:00,30331.64,30553.008,-221.36781250000058
2025-10-06 02:00:00,29305.479999999996,29653.506,-348.0258593750041
2025-10-06 03:00:00,28533.469999999998,28900.285,-366.8151562500025
2025-10-06 04:00:00,28618.040000000005,28846.22,-228.1807031249955
2025-10-06 05:00:00,29124.759999999995,29092.758,32.00218749999476
2025-10-06 06:00:00,30108.59,29306.283,802.3067968750001
2025-10-06 07:00:00,32398.87,31318.84,1080.030156249999
2025-10-06 08:00:00,37605.69,37262.02,343.6704687500023
2025-10-06 09:00:00,40072.28,40055.37,16.908906249998836
2025-10-06 10:00:00,40835.53,40805.777,29.752656249998836
2025-10-06 11:00:00,41325.2,41093.49,231.7117187499971
2025-10-06 12:00:00,39833.54,40157.906,-324.3662499999991
2025-10-06 13:00:00,40804.1,40359.035,445.06484374999854
2025-10-06 14:00:00,41811.9,41207.18,604.7203125000015
2025-10-06 15:00:00,41803.829999999994,41267.613,536.2167187499945
2025-10-06 16:00:00,42157.45,42088.035,69.41484374999709
2025-10-06 17:00:00,42713.409999999996,42645.023,68.38656249999622
2025-10-06 18:00:00,43147.1,42538.55,608.5492187499985
2025-10-06 19:00:00,43189.42999999999,42458.88,730.551093749993
2025-10-06 20:00:00,42001.82,41769.926,231.8942187499997
2025-10-06 21:00:00,40637.78999999999,40876.164,-238.3740625000064
2025-10-06 22:00:00,38912.55000000001,39264.156,-351.6062499999898
2025-10-06 23:00:00,36843.10999999999,37220.49,-377.3782812500067
2025-10-07 00:00:00,35052.45999999999,34894.477,157.98343749999185
2025-10-07 01:00:00,33398.04,32651.457,746.5829687500009
2025-10-07 02:00:00,32328.270000000004,31915.646,412.6235156250041
2025-10-07 03:00:00,31224.719999999998,31132.84,91.88015624999753
2025-10-07 04:00:00,31326.700000000004,31056.123,270.57695312500437
2025-10-07 05:00:00,31484.819999999996,31297.49,187.32976562499607
2025-10-07 06:00:00,32123.140000000003,31509.977,613.163437500003
2025-10-07 07:00:00,34161.69000000001,32897.207,1264.4829687500096
2025-10-07 08:00:00,39113.22,38071.426,1041.7942187500012
2025-10-07 09:00:00,41532.62999999999,40320.23,1212.39953124999
2025-10-07 10:00:00,42333.42,40966.824,1366.5957812499983
2025-10-07 11:00:00,43109.84,41431.07,1678.7696874999965
2025-10-07 12:00:00,41209.11,40049.81,1159.3014062500006
2025-10-07 13:00:00,41808.77,40591.723,1217.0473437499968
2025-10-07 14:00:00,42642.95999999999,41477.348,1165.6123437499919
2025-10-07 15:00:00,42679.58999999999,41379.79,1299.8009374999892
2025-10-07 16:00:00,42584.72,42149.277,435.44265625000116
2025-10-07 17:00:00,42968.810000000005,42662.758,306.05218750000495
2025-10-07 18:00:00,43213.43,42819.453,393.9768750000003
2025-10-07 19:00:00,43267.579999999994,42578.355,689.2245312499945
2025-10-07 20:00:00,41954.8,41987.734,-32.93437499999709
2025-10-07 21:00:00,40606.16,41006.473,-400.3126562499965
2025-10-07 22:00:00,38639.39,39539.176,-899.7857812500006
2025-10-07 23:00:00,36866.42,37590.965,-724.5448437500017
2025-10-08 00:00:00,34628.58,35013.33,-384.74812499999825
2025-10-08 01:00:00,33135.94999999999,33333.562,-197.6125000000102
2025-10-08 02:00:00,31911.230000000003,31997.291,-86.0610156249968
2025-10-08 03:00:00,31091.050000000003,31219.584,-128.5339843749971
2025-10-08 04:00:00,30901.48,31148.62,-247.13914062500044
2025-10-08 05:00:00,31262.580000000005,31390.344,-127.76374999999462
2025-10-08 06:00:00,32126.749999999996,31598.984,527.7656249999964
2025-10-08 07:00:00,33966.57,32998.65,967.9215624999997
2025-10-08 08:00:00,38927.87000000001,38648.395,279.4754687500099
2025-10-08 09:00:00,40917.95,40248.957,668.9929687499971
2025-10-08 10:00:00,41477.13,41078.535,398.5948437499974
2025-10-08 11:00:00,42161.01,41210.184,950.826406250002
2025-10-08 12:00:00,40847.71,39988.508,859.2021874999991
2025-10-08 13:00:00,41076.84,40467.1,609.7384374999965
2025-10-08 14:00:00,41755.93,41304.938,450.9925000000003
2025-10-08 15:00:00,41555.969999999994,41250.773,305.1965624999939
2025-10-08 16:00:00,42111.21000000001,42050.547,60.6631250000064
2025-10-08 17:00:00,42632.64000000001,42678.645,-46.004531249993306
2025-10-08 18:00:00,42993.38999999999,42675.543,317.84703124999214
2025-10-08 19:00:00,42916.44,42707.11,209.33062500000233
2025-10-08 20:00:00,41867.54000000001,41977.25,-109.70999999999185
2025-10-08 21:00:00,40544.49,40984.15,-439.65843750000204
2025-10-08 22:00:00,38950.03,39521.145,-571.1145312500012
2025-10-08 23:00:00,36876.71,37608.215,-731.5048437500009
2025-10-09 00:00:00,34716.02,35213.3,-497.2807812500032
2025-10-09 01:00:00,33257.08,33555.676,-298.59578124999825
2025-10-09 02:00:00,31972.700000000004,31992.287,-19.587109374995634
2025-10-09 03:00:00,31161.060000000005,31186.54,-25.479062499995052
2025-10-09 04:00:00,31117.439999999995,31130.47,-13.030703125004948
2025-10-09 05:00:00,31373.78,31388.592,-14.811796875001164
2025-10-09 06:00:00,32266.5,31591.666,674.833984375
2025-10-09 07:00:00,33893.530000000006,33413.215,480.3151562500061
2025-10-09 08:00:00,38772.59,38876.41,-103.82015625000349
2025-10-09 09:00:00,41405.43,40155.527,1249.9026562500003
2025-10-09 10:00:00,42679.079999999994,41066.445,1612.6346874999945
2025-10-09 11:00:00,42700.549999999996,41288.07,1412.4796874999956
2025-10-09 12:00:00,41241.08,39984.137,1256.9432812500017
2025-10-09 13:00:00,41617.450000000004,40462.707,1154.7429687500044
2025-10-09 14:00:00,42591.700000000004,41252.035,1339.6648437500044
2025-10-09 15:00:00,41986.01999999999,41168.81,817.2114062499895
2025-10-09 16:00:00,42119.28,41963.8,155.47921874999884
2025-10-09 17:00:00,42625.469999999994,42650.41,-24.940156250006112
2025-10-09 18:00:00,42820.159999999996,42642.703,177.45687499999622
2025-10-09 19:00:00,42677.95999999999,42547.484,130.47562499999185
2025-10-09 20:00:00,41779.04,41935.098,-156.05765624999913
2025-10-09 21:00:00,40745.259999999995,40993.676,-248.41578125000524
2025-10-09 22:00:00,38769.100000000006,39669.41,-900.3101562499942
2025-10-09 23:00:00,36834.3,37614.754,-780.4539062499971
2025-10-10 00:00:00,34554.82,35164.758,-609.9378125000003
2025-10-10 01:00:00,32942.53,33549.953,-607.4231250000012
2025-10-10 02:00:00,31963.770000000004,31935.22,28.549296875004075
2025-10-10 03:00:00,31143.979999999996,31481.045,-337.0649218750041
2025-10-10 04:00:00,31033.950000000004,31062.357,-28.407421874995634
2025-10-10 05:00:00,31323.149999999998,31326.91,-3.760156250002183
2025-10-10 06:00:00,32285.199999999997,31525.559,759.6414062499971
2025-10-10 07:00:00,34193.25,33382.633,810.6171875
2025-10-10 08:00:00,39014.46,38826.363,188.09671874999913
2025-10-10 09:00:00,40881.05000000001,40210.305,670.7453125000102
2025-10-10 10:00:00,41172.3,41009.38,162.9210937500029
2025-10-10 11:00:00,41469.06999999999,41237.19,231.87859374999243
2025-10-10 12:00:00,39085.0,39915.7,-830.69921875
2025-10-10 13:00:00,39264.530000000006,40513.46,-1248.930937499994
2025-10-10 14:00:00,40991.18,41209.613,-218.4332812499997
2025-10-10 15:00:00,40267.810000000005,41220.98,-953.170468749995
2025-10-10 16:00:00,40887.490000000005,42094.883,-1207.3928124999948
2025-10-10 17:00:00,41829.42999999999,42615.215,-785.784843750007
2025-10-10 18:00:00,42594.18,42607.508,-13.327812499999709
2025-10-10 19:00:00,42463.11,42512.637,-49.52671874999942
2025-10-10 20:00:00,41252.87999999999,41863.168,-610.2879687500099
2025-10-10 21:00:00,40124.17999999999,40837.75,-713.570000000007
2025-10-10 22:00:00,38653.22,39309.023,-655.8034374999988
2025-10-10 23:00:00,36766.17,37547.9,-781.7284375000017
2025-10-11 00:00:00,34634.74,34945.973,-311.23265625000204
2025-10-11 01:00:00,33006.42999999999,33586.746,-580.316093750007
2025-10-11 02:00:00,31487.680000000004,31987.111,-499.43132812499607
2025-10-11 03:00:00,30508.58,31216.66,-708.0801562499983
2025-10-11 04:00:00,30298.31,31160.318,-862.0083593749987
2025-10-11 05:00:00,30574.100000000002,30917.504,-343.4039062499978
2025-10-11 06:00:00,30844.910000000003,31105.11,-260.1993749999965
2025-10-11 07:00:00,31144.629999999997,31514.918,-370.2879687500026
2025-10-11 08:00:00,34720.43000000001,35747.0,-1026.5699999999924
2025-10-11 09:00:00,36391.05999999999,37581.914,-1190.8540625000096
2025-10-11 10:00:00,38412.33000000001,39288.996,-876.666093749991
2025-10-11 11:00:00,39248.03,39869.83,-621.7981250000012
2025-10-11 12:00:00,38220.03,38466.727,-246.69656250000116
2025-10-11 13:00:00,38951.46,38748.645,202.81546874999913
2025-10-11 14:00:00,39169.04,39635.09,-466.0498437499991
2025-10-11 15:00:00,38657.4,39432.97,-775.5687499999985
2025-10-11 16:00:00,38804.18,40202.5,-1398.3199999999997
2025-10-11 17:00:00,39843.17999999999,41199.85,-1356.671562500007
2025-10-11 18:00:00,41348.61,41444.66,-96.05015624999942
2025-10-11 19:00:00,41268.78,41373.195,-104.41531250000116
2025-10-11 20:00:00,39974.76000000001,40704.38,-729.6189062499907
2025-10-11 21:00:00,38699.29000000001,39324.3,-625.0107812499919
2025-10-11 22:00:00,37330.64,37455.684,-125.04359375000058
2025-10-11 23:00:00,35192.70999999999,35844.164,-651.4540625000081
2025-10-12 00:00:00,33133.05000000001,33603.38,-470.3289062499898
2025-10-12 01:00:00,31487.889999999996,32103.08,-615.1900781250042
2025-10-12 02:00:00,30109.329999999998,30725.78,-616.4492968750019
2025-10-12 03:00:00,28983.719999999998,30180.648,-1196.9284375000025
2025-10-12 04:00:00,28750.150000000005,29723.625,-973.4749999999949
2025-10-12 05:00:00,28823.78,29351.281,-527.5012500000012
2025-10-12 06:00:00,28929.440000000002,28784.346,145.09429687500233
2025-10-12 07:00:00,27707.019999999997,28282.781,-575.7612500000032
2025-10-12 08:00:00,28447.35,29226.775,-779.4253906250015
2025-10-12 09:00:00,30161.559999999998,30894.97,-733.4107031250023
2025-10-12 10:00:00,32015.010000000002,32523.994,-508.98414062499796
2025-10-12 11:00:00,33065.14,33471.043,-405.9029687500006
2025-10-12 12:00:00,33330.020000000004,33514.375,-184.35499999999593
2025-10-12 13:00:00,34020.37000000001,34102.676,-82.3057812499901
2025-10-12 14:00:00,34130.75000000001,34417.85,-287.1015624999927
2025-10-12 15:00:00,33976.77,34217.863,-241.0932812500032
2025-10-12 16:00:00,33991.47,35565.86,-1574.3893749999988
2025-10-12 17:00:00,34938.42,36680.316,-1741.8964062500017
2025-10-12 18:00:00,37211.41,37453.176,-241.7657812499965
2025-10-12 19:00:00,37844.44999999999,38292.49,-448.0382812500102
2025-10-12 20:00:00,36976.86,37873.348,-896.4876562499994
2025-10-12 21:00:00,35908.18,36561.797,-653.6168749999997
2025-10-12 22:00:00,34464.37,35090.523,-626.1534374999974
2025-10-12 23:00:00,32612.760000000002,33918.8,-1306.040781249998
2025-10-13 00:00:00,30852.89,32833.37,-1980.4810937500006
2025-10-13 01:00:00,29488.609999999997,30910.25,-1421.640000000003
2025-10-13 02:00:00,28608.360000000004,29980.889,-1372.5286718749958
2025-10-13 03:00:00,27804.640000000003,29224.908,-1420.268203124997
2025-10-13 04:00:00,27776.720000000005,29156.787,-1380.0671093749952
2025-10-13 05:00:00,28341.430000000004,29372.184,-1030.753593749996
2025-10-13 06:00:00,29478.379999999997,29599.045,-120.66492187500262
2025-10-13 07:00:00,32113.930000000004,31599.57,514.3596875000039
2025-10-13 08:00:00,37680.14000000001,37474.03,206.1087500000067
2025-10-13 09:00:00,39586.3,40072.324,-486.0242187499971
2025-10-13 10:00:00,40905.46,40781.902,123.55765624999913
2025-10-13 11:00:00,40975.08,41034.164,-59.084062499998254
2025-10-13 12:00:00,39351.36,39975.05,-623.6907812499994
2025-10-13 13:00:00,39732.85999999999,40212.508,-479.6478125000067
2025-10-13 14:00:00,40402.69,40903.92,-501.2318749999977
2025-10-13 15:00:00,40137.51999999999,40944.95,-807.4292187500105
2025-10-13 16:00:00,40940.02,41784.79,-844.7690625000032
2025-10-13 17:00:00,42113.04,42293.113,-180.07328124999913
2025-10-13 18:00:00,42843.63,42306.508,537.1221874999974
2025-10-13 19:00:00,42721.56999999999,42305.332,416.23796874999243
2025-10-13 20:00:00,41638.52,41676.957,-38.4370312500032
2025-10-13 21:00:00,40362.04,40856.605,-494.5654687499991
2025-10-13 22:00:00,38618.920000000006,39355.867,-736.9471874999945
2025-10-13 23:00:00,36746.00000000001,37549.203,-803.2031249999927
2025-10-14 00:00:00,34369.37999999999,35218.402,-849.0223437500099
2025-10-14 01:00:00,32816.12,32950.89,-134.77062499999738
2025-10-14 02:00:00,31776.239999999998,32195.287,-419.04710937500204
2025-10-14 03:00:00,30987.08,31368.44,-381.35945312499825
2025-10-14 04:00:00,30777.930000000004,31319.008,-541.0778124999961
2025-10-14 05:00:00,31227.19,31537.855,-310.6654687500013
2025-10-14 06:00:00,32243.180000000004,31767.693,475.48664062500393
2025-10-14 07:00:00,34006.66,33175.508,831.1521875000035
2025-10-14 08:00:00,38208.96,38475.125,-266.1650000000009
2025-10-14 09:00:00,40547.59999999999,40383.336,164.26406249999127
2025-10-14 10:00:00,40738.16,40809.586,-71.42593749999651
2025-10-14 11:00:00,40815.26999999999,41241.914,-426.6440625000105
2025-10-14 12:00:00,38862.07,40061.836,-1199.7659375000003
2025-10-14 13:00:00,39505.850000000006,40273.75,-767.8999999999942
2025-10-14 14:00:00,40403.53999999999,41184.34,-780.7998437500064
2025-10-14 15:00:00,40452.29,41323.992,-871.7021874999991
2025-10-14 16:00:00,41243.7,42092.562,-848.8625000000029
2025-10-14 17:00:00,42405.73999999999,42602.418,-196.6779687500093
2025-10-14 18:00:00,43281.119999999995,42634.883,646.2371874999953
2025-10-14 19:00:00,43052.36,42566.082,486.2779687500006
2025-10-14 20:00:00,41834.69,41905.02,-70.32953124999767
2025-10-14 21:00:00,40430.33,41021.387,-591.0567187499983
2025-10-14 22:00:00,39006.6,39679.246,-672.6460937500015
2025-10-14 23:00:00,36720.41,37866.133,-1145.7228124999965
2025-10-15 00:00:00,34664.08,35330.1,-666.0215624999983
2025-10-15 01:00:00,33020.70999999999,33672.688,-651.9775000000081
2025-10-15 02:00:00,31905.739999999998,32313.205,-407.46507812500204
2025-10-15 03:00:00,31260.990000000005,31520.162,-259.17210937499476
2025-10-15 04:00:00,31065.710000000003,31404.928,-339.21773437499724
2025-10-15 05:00:00,31306.95,31617.188,-310.2374999999993
2025-10-15 06:00:00,32385.690000000002,31830.674,555.0161718750023
2025-10-15 07:00:00,34153.21000000001,33275.113,878.0967187500064
2025-10-15 08:00:00,38907.74,38848.05,59.68921874999796
2025-10-15 09:00:00,40350.66,40198.12,152.5389062500035
2025-10-15 10:00:00,40849.83000000001,40996.605,-146.77546874999098
2025-10-15 11:00:00,41165.060000000005,41289.01,-123.95171874999505
2025-10-15 12:00:00,39205.86,40028.625,-822.7649999999994
2025-10-15 13:00:00,39310.82,40278.062,-967.2425000000003
2025-10-15 14:00:00,40860.62000000001,41356.438,-495.8174999999901
2025-10-15 15:00:00,40697.19,41237.383,-540.1928124999977
2025-10-15 16:00:00,41237.81,42210.242,-972.4321875000023
2025-10-15 17:00:00,42192.9,42689.25,-496.34999999999854
2025-10-15 18:00:00,43138.06,42707.297,430.7631249999977
2025-10-15 19:00:00,42876.38999999999,42647.676,228.71421874999214
2025-10-15 20:00:00,41801.35,41969.34,-167.98984375000146
2025-10-15 21:00:00,40612.03,40988.676,-376.64578125000116
2025-10-15 22:00:00,38745.06,39634.13,-889.0689062500023
2025-10-15 23:00:00,36430.46,37853.805,-1423.3446875000009
2025-10-16 00:00:00,34432.12,35541.098,-1108.9776562499974
2025-10-16 01:00:00,33080.66,33847.55,-766.8907812499965
2025-10-16 02:00:00,32025.800000000003,32279.904,-254.1042968749971
2025-10-16 03:00:00,31231.569999999996,31483.438,-251.86750000000393
2025-10-16 04:00:00,31054.260000000002,31399.0,-344.73999999999796
2025-10-16 05:00:00,31533.16,31604.176,-71.01578125000015
2025-10-16 06:00:00,32564.600000000002,31812.627,751.9730468750022
2025-10-16 07:00:00,34296.59999999999,33668.617,627.9828124999913
2025-10-16 08:00:00,38843.08999999999,39092.066,-248.97640625001077
2025-10-16 09:00:00,40821.87000000001,40195.477,626.3934375000099
2025-10-16 10:00:00,41297.86,40799.05,498.8092187500006
2025-10-16 11:00:00,41431.78999999999,41301.887,129.9032812499936
2025-10-16 12:00:00,39522.719999999994,40024.27,-501.5495312500061
2025-10-16 13:00:00,40045.77,40276.035,-230.2651562500032
2025-10-16 14:00:00,40975.5,41362.16,-386.66015625
2025-10-16 15:00:00,41169.44000000001,41365.89,-196.4506249999904
2025-10-16 16:00:00,42065.03,42207.0,-141.97000000000116
2025-10-16 17:00:00,43196.66,42663.31,533.3514062500035
2025-10-16 18:00:00,43934.69,42830.703,1103.9868750000023
2025-10-16 19:00:00,43358.07,42679.438,678.6324999999997
2025-10-16 20:00:00,42241.149999999994,41966.074,275.0757812499942
2025-10-16 21:00:00,40969.53,40977.438,-7.907500000001164
2025-10-16 22:00:00,39205.94,39735.355,-529.4154687499977
2025-10-16 23:00:00,36924.49,37915.41,-990.920156250002
2025-10-17 00:00:00,35160.36,35443.105,-282.7454687499994
2025-10-17 01:00:00,33533.97,33814.734,-280.76437499999884
2025-10-17 02:00:00,32379.800000000003,32194.766,185.0343750000029
2025-10-17 03:00:00,31760.54,31719.33,41.20992187500087
2025-10-17 04:00:00,31552.349999999995,31292.004,260.3460937499949
2025-10-17 05:00:00,31892.700000000004,31492.434,400.26640625000437
2025-10-17 06:00:00,32977.51,31707.352,1270.158437500002
2025-10-17 07:00:00,34768.25,33558.04,1210.2109375
2025-10-17 08:00:00,39136.74,38995.51,141.22828124999796
2025-10-17 09:00:00,40599.950000000004,40366.387,233.56328125000437
2025-10-17 10:00:00,41258.77,40889.95,368.8207812499968
2025-10-17 11:00:00,41334.2,41340.18,-5.97968750000291
2025-10-17 12:00:00,38938.47,39909.36,-970.8893749999988
2025-10-17 13:00:00,38903.170000000006,40396.625,-1493.4549999999945
2025-10-17 14:00:00,40528.87,41252.996,-724.1260937499974
2025-10-17 15:00:00,40711.0,41264.645,-553.64453125
2025-10-17 16:00:00,41434.56999999999,42151.055,-716.4846875000076
2025-10-17 17:00:00,41846.76000000001,42623.758,-776.9978124999907
2025-10-17 18:00:00,43420.1,42625.746,794.3539062499985
2025-10-17 19:00:00,42835.75000000001,42564.84,270.9101562500073
2025-10-17 20:00:00,41649.04,41918.914,-269.8740624999991
2025-10-17 21:00:00,40301.35,40881.86,-580.5093750000015
2025-10-17 22:00:00,38763.74999999999,39444.61,-680.8593750000073
2025-10-17 23:00:00,36957.69,37815.266,-857.5756249999977
2025-10-18 00:00:00,34655.86000000001,35188.895,-533.0345312499921
2025-10-18 01:00:00,33116.81,33758.086,-641.2759375000023
2025-10-18 02:00:00,31889.249999999996,32195.527,-306.27734375000364
2025-10-18 03:00:00,31073.72,31376.299,-302.57882812499884
2025-10-18 04:00:00,30753.129999999997,31281.646,-528.5164843750026
2025-10-18 05:00:00,30805.340000000004,31101.17,-295.8299218749962
2025-10-18 06:00:00,31269.559999999998,31312.852,-43.29156250000233
2025-10-18 07:00:00,31378.459999999995,31723.568,-345.1083593750045
2025-10-18 08:00:00,34835.42,35963.105,-1127.6854687500017
2025-10-18 09:00:00,37036.75,37541.793,-505.04296875
2025-10-18 10:00:00,38288.05,39311.117,-1023.0671874999971
2025-10-18 11:00:00,38926.92,39951.7,-1024.7792187500017
2025-10-18 12:00:00,37590.16,38639.727,-1049.5665624999965
2025-10-18 13:00:00,38266.81,38847.348,-580.5376562500023
2025-10-18 14:00:00,38391.59999999999,39640.31,-1248.7085937500087
2025-10-18 15:00:00,37890.3,39436.027,-1545.727343749997
2025-10-18 16:00:00,38335.66999999999,40481.594,-2145.923750000009
2025-10-18 17:00:00,39366.78,41338.258,-1971.4778125000012
2025-10-18 18:00:00,41108.12,41653.164,-545.0440624999974
2025-10-18 19:00:00,40211.51,41452.23,-1240.720468749998
2025-10-18 20:00:00,39621.64,40773.94,-1152.3014062500006
2025-10-18 21:00:00,38465.70999999999,39435.793,-970.0829687500081
2025-10-18 22:00:00,37017.95,37529.08,-511.1281250000029
2025-10-18 23:00:00,35112.39,36075.406,-963.0162500000006
2025-10-19 00:00:00,32981.03,33526.098,-545.0676562500012
2025-10-19 01:00:00,31432.950000000004,31962.043,-529.0929687499956
2025-10-19 02:00:00,29899.040000000005,30646.852,-747.8115624999955
2025-10-19 03:00:00,29389.250000000004,30082.027,-692.7773437499964
2025-10-19 04:00:00,28970.47,29652.89,-682.4206249999988
2025-10-19 05:00:00,29024.720000000005,29230.45,-205.7292187499952
2025-10-19 06:00:00,28904.799999999996,28683.254,221.54609374999563
2025-10-19 07:00:00,28036.850000000002,28190.525,-153.67539062499782
2025-10-19 08:00:00,28986.76,29154.781,-168.0212500000016
2025-10-19 09:00:00,30441.64,30847.389,-405.7486718750006
2025-10-19 10:00:00,32162.560000000005,32453.998,-291.43804687499505
2025-10-19 11:00:00,33355.829999999994,33487.777,-131.94734375000553
2025-10-19 12:00:00,33435.30999999999,33488.285,-52.975156250009604
2025-10-19 13:00:00,33967.99,34115.746,-147.75609375000204
2025-10-19 14:00:00,34175.02,34473.613,-298.5932812500032
2025-10-19 15:00:00,34063.079999999994,34257.83,-194.74812500000553
2025-10-19 16:00:00,34541.049999999996,35645.203,-1104.1531250000044
2025-10-19 17:00:00,35782.57000000001,36766.95,-984.379218749993
2025-10-19 18:00:00,38068.16,37579.812,488.3475000000035
2025-10-19 19:00:00,38147.62,38502.81,-355.1885937499974
2025-10-19 20:00:00,37228.83,37932.86,-704.0293749999983
2025-10-19 21:00:00,36159.24,36452.637,-293.39671875000204
2025-10-19 22:00:00,34883.77999999999,34985.438,-101.65750000000844
2025-10-19 23:00:00,33178.33,33840.906,-662.5762499999983
2025-10-20 00:00:00,31557.74,32817.613,-1259.8732812499984
2025-10-20 01:00:00,30290.05,30908.21,-618.1609375000007
2025-10-20 02:00:00,29363.129999999997,29992.398,-629.2684375000026
2025-10-20 03:00:00,28881.189999999995,29199.715,-318.52484375000495
2025-10-20 04:00:00,28588.269999999997,29127.248,-538.9780468750032
2025-10-20 05:00:00,29166.94,29325.234,-158.2943750000013
2025-10-20 06:00:00,30282.78,29577.05,705.7292187499988
2025-10-20 07:00:00,32572.79,31604.285,968.5048437500009
2025-10-20 08:00:00,38106.82,37479.773,627.0465624999997
2025-10-20 09:00:00,40279.51,40001.348,278.16234375000204
2025-10-20 10:00:00,40916.719999999994,40670.63,246.0910937499939
2025-10-20 11:00:00,41535.45,41112.773,422.6765624999971
2025-10-20 12:00:00,40139.87000000001,39959.11,180.7606250000099
2025-10-20 13:00:00,40420.28999999999,40185.613,234.6767187499936
2025-10-20 14:00:00,41355.439999999995,40922.555,432.88531249999505
2025-10-20 15:00:00,41346.62,40934.867,411.7528125000026
2025-10-20 16:00:00,42008.67999999999,41880.727,127.95343749999302
2025-10-20 17:00:00,43326.079999999994,42432.37,893.7089062499945
2025-10-20 18:00:00,43761.05999999999,42468.176,1292.8842187499904
2025-10-20 19:00:00,43067.93000000001,42417.43,650.5003125000076
2025-10-20 20:00:00,42029.18,41880.234,148.9456250000003
2025-10-20 21:00:00,40598.0,40841.637,-243.63671875
2025-10-20 22:00:00,38744.93,39441.582,-696.6520312499997
2025-10-20 23:00:00,36848.04,37601.656,-753.6162499999991
2025-10-21 00:00:00,34755.87,35231.863,-475.9932812499974
2025-10-21 01:00:00,33349.05,32995.223,353.8273437500029
2025-10-21 02:00:00,31961.779999999995,32296.4,-334.6203906250048
2025-10-21 03:00:00,31278.699999999997,31448.934,-170.2335937500029
2025-10-21 04:00:00,31084.930000000004,31431.7,-346.76921874999607
2025-10-21 05:00:00,31410.190000000002,31664.469,-254.27874999999767
2025-10-21 06:00:00,32589.020000000004,31814.56,774.4594531250041
2025-10-21 07:00:00,34636.8,33193.496,1443.303906250003
2025-10-21 08:00:00,39579.25,39001.81,577.44140625
2025-10-21 09:00:00,41362.869999999995,40693.254,669.6160937499953
2025-10-21 10:00:00,42037.97000000001,41292.695,745.2746875000084
2025-10-21 11:00:00,41862.3,41560.586,301.7140625000029
2025-10-21 12:00:00,39934.979999999996,39991.316,-56.336406250004075
2025-10-21 13:00:00,40304.780000000006,40562.63,-257.8489062499939
2025-10-21 14:00:00,41488.71,41400.17,88.53812499999913
2025-10-21 15:00:00,41997.74,41413.69,584.048593749998
2025-10-21 16:00:00,42505.18,42374.098,131.0823437500003
2025-10-21 17:00:00,43306.75,42826.305,480.4453125
2025-10-21 18:00:00,44087.67,43086.746,1000.9239062499983
2025-10-21 19:00:00,42791.22000000001,42977.605,-186.38546874999156
2025-10-21 20:00:00,42112.21000000001,42258.094,-145.8837499999936
2025-10-21 21:00:00,40890.21,41236.766,-346.5556250000009
2025-10-21 22:00:00,39102.03,39676.652,-574.6223437500012
2025-10-21 23:00:00,36720.61,37896.855,-1176.2454687499994
2025-10-22 00:00:00,34540.75,35456.65,-915.8984375
2025-10-22 01:00:00,33021.18,33875.695,-854.5153124999997
2025-10-22 02:00:00,31950.019999999997,32440.553,-490.5327343750032
2025-10-22 03:00:00,31262.249999999996,31628.703,-366.45312500000364
2025-10-22 04:00:00,31233.080000000005,31538.46,-305.3809374999946
2025-10-22 05:00:00,31129.57,31757.996,-628.4260937500003
2025-10-22 06:00:00,32660.989999999998,31985.803,675.187265624998
2025-10-22 07:00:00,34643.77,33418.418,1225.3520312499968
2025-10-22 08:00:00,39750.32,39000.664,749.6559374999997
2025-10-22 09:00:00,41628.72,40755.727,872.9934375000012
2025-10-22 10:00:00,41217.11000000001,41262.605,-45.49546874999214
2025-10-22 11:00:00,41616.75,41651.996,-35.24609375
2025-10-22 12:00:00,40152.24999999999,40335.746,-183.49609375000728
2025-10-22 13:00:00,41029.31999999999,40623.88,405.44109374999243
2025-10-22 14:00:00,41959.63,41455.617,504.0128124999974
2025-10-22 15:00:00,41991.53,41408.2,583.3307812499988
2025-10-22 16:00:00,42460.079999999994,42398.81,61.27140624999447
2025-10-22 17:00:00,43472.93,43128.6,344.3284375000003
2025-10-22 18:00:00,43951.899999999994,43163.688,788.2124999999942
2025-10-22 19:00:00,42991.96,43078.582,-86.62203125000087
2025-10-22 20:00:00,41824.63,42360.15,-535.5184375000026
2025-10-22 21:00:00,40529.700000000004,41420.57,-890.8703124999956
2025-10-22 22:00:00,38887.92,39751.69,-863.7714062500017
2025-10-22 23:00:00,36879.590000000004,38055.13,-1175.5389062499962
2025-10-23 00:00:00,34830.62,35720.688,-890.0674999999974
2025-10-23 01:00:00,33308.51,34103.82,-795.310312499998
2025-10-23 02:00:00,32133.929999999997,32440.453,-306.52312500000335
2025-10-23 03:00:00,31486.640000000003,31649.586,-162.94593749999694
2025-10-23 04:00:00,31261.799999999996,31564.828,-303.02812500000437
2025-10-23 05:00:00,31723.260000000002,31777.627,-54.36695312499796
2025-10-23 06:00:00,32927.32,32028.633,898.6871874999997
2025-10-23 07:00:00,34572.51,33840.57,731.939687500002
2025-10-23 08:00:00,39384.2,39246.93,137.2703124999971
2025-10-23 09:00:00,41417.43000000001,40765.414,652.0159375000076
2025-10-23 10:00:00,42117.69000000001,41203.426,914.2642187500096
2025-10-23 11:00:00,42689.78999999999,41680.074,1009.7157812499936
2025-10-23 12:00:00,40861.77,40070.344,791.4262499999968
2025-10-23 13:00:00,41334.41999999999,40600.46,733.959062499991
2025-10-23 14:00:00,42459.850000000006,41503.406,956.4437500000058
2025-10-23 15:00:00,42757.79,41384.297,1373.4931250000009
2025-10-23 16:00:00,43470.91,42483.207,987.7029687500035
2025-10-23 17:00:00,43890.880000000005,43096.152,794.7276562500047
2025-10-23 18:00:00,44206.62,43172.77,1033.8504687500026
2025-10-23 19:00:00,43429.96,43157.816,272.1435937499991
2025-10-23 20:00:00,42117.85,42395.605,-277.75546875000146
2025-10-23 21:00:00,40816.41999999999,41450.33,-633.908125000009
2025-10-23 22:00:00,39225.37999999999,39829.523,-604.1434375000099
2025-10-23 23:00:00,37080.20999999999,38089.707,-1009.4970312500081
2025-10-24 00:00:00,34854.58,35602.21,-747.6309374999983
2025-10-24 01:00:00,33422.45,33996.86,-574.4093750000029
2025-10-24 02:00:00,32199.45,32347.178,-147.72773437499927
2025-10-24 03:00:00,31554.350000000002,31878.13,-323.7808593749978
2025-10-24 04:00:00,31376.289999999997,31448.982,-72.69242187500276
2025-10-24 05:00:00,31692.070000000003,31648.799,43.27117187500335
2025-10-24 06:00:00,32682.9,31890.904,791.9957031250015
2025-10-24 07:00:00,34530.73999999999,33742.645,788.0954687499907
2025-10-24 08:00:00,38903.80999999999,39135.4,-231.5884375000096
2025-10-24 09:00:00,41463.96000000001,40646.1,817.8584375000064
2025-10-24 10:00:00,41706.38,41103.96,602.4190624999974
2025-10-24 11:00:00,41996.27,41550.695,445.5746874999968
2025-10-24 12:00:00,39050.58999999999,39979.957,-929.3670312500108
2025-10-24 13:00:00,39656.41,40387.855,-731.4454687499965
2025-10-24 14:00:00,41859.65,41401.184,458.46640625000146
2025-10-24 15:00:00,42120.86,41242.547,878.3131250000006
2025-10-24 16:00:00,42538.630000000005,42353.76,184.86828125000466
2025-10-24 17:00:00,43569.6,42975.77,593.8304687499985
2025-10-24 18:00:00,43643.31,43101.12,542.1889062499977
2025-10-24 19:00:00,42518.12000000001,43073.367,-555.2471874999901
2025-10-24 20:00:00,41434.12,42331.336,-897.2159374999974
2025-10-24 21:00:00,40007.15,41379.094,-1371.9437499999985
2025-10-24 22:00:00,38480.04000000001,39529.668,-1049.6279687499919
2025-10-24 23:00:00,36583.79,37980.742,-1396.9521874999991
2025-10-25 00:00:00,34804.200000000004,35358.51,-554.3117187499956
2025-10-25 01:00:00,32862.40000000001,34000.133,-1137.7328124999913
2025-10-25 02:00:00,31735.21,32347.178,-611.9677343750009
2025-10-25 03:00:00,30897.730000000003,31533.584,-635.8539843749968
2025-10-25 04:00:00,30496.060000000005,31438.598,-942.537656249995
2025-10-25 05:00:00,30629.079999999998,31242.31,-613.2305468750019
2025-10-25 06:00:00,31076.669999999995,31475.066,-398.3964062500054
2025-10-25 07:00:00,31288.459999999995,32022.95,-734.4892187500045
2025-10-25 08:00:00,34771.310000000005,36078.08,-1306.768124999995
2025-10-25 09:00:00,37283.91,37977.527,-693.6173437499965
2025-10-25 10:00:00,38668.299999999996,39646.84,-978.5398437500044
2025-10-25 11:00:00,39704.58,40219.52,-514.9395312499983
2025-10-25 12:00:00,38494.7,38708.07,-213.3703125000029
2025-10-25 13:00:00,37847.49999999999,38939.25,-1091.7500000000073
2025-10-25 14:00:00,38913.59,39905.99,-992.3982812500035
2025-10-25 15:00:00,38552.469999999994,39725.34,-1172.869843750006
2025-10-25 16:00:00,38678.83,40634.87,-1956.0410937499983
2025-10-25 17:00:00,39750.100000000006,41580.66,-1830.5601562499942
2025-10-25 18:00:00,41362.93,41842.36,-479.4293749999997
2025-10-25 19:00:00,40631.57,41790.406,-1158.8362500000003
2025-10-25 20:00:00,39512.66,41045.297,-1532.6368749999965
2025-10-25 21:00:00,38238.84999999999,39744.938,-1506.0875000000087
2025-10-25 22:00:00,36818.6,37686.84,-868.2398437500015
2025-10-25 23:00:00,34464.38999999999,36341.777,-1877.3873437500079
2025-10-26 00:00:00,33136.45,33721.555,-585.1046875000029
2025-10-26 01:00:00,31507.519999999997,32208.697,-701.1772656250032
2025-10-26 02:00:00,30114.449999999997,30804.791,-690.3410156250029
2025-10-26 03:00:00,29391.860000000004,30246.818,-854.9583593749958
2025-10-26 04:00:00,28904.150000000005,29792.531,-888.3812499999949
2025-10-26 05:00:00,28940.189999999995,29382.037,-441.84710937500495
2025-10-26 06:00:00,28990.32,28828.342,161.9782031249997
2025-10-26 07:00:00,28156.809999999998,28392.25,-235.44000000000233
2025-10-26 08:00:00,28640.760000000002,29350.148,-709.388437499998
2025-10-26 09:00:00,29990.930000000004,31000.867,-1009.9371874999961
2025-10-26 10:00:00,31981.910000000003,32612.268,-630.3575781249965
2025-10-26 11:00:00,32920.26,33623.273,-703.013437499998
2025-10-26 12:00:00,33045.94,33618.6,-572.6615624999977
2025-10-26 13:00:00,33181.42,34253.617,-1072.1971875000017
2025-10-26 14:00:00,33250.08999999999,34617.465,-1367.3748437500108
2025-10-26 15:00:00,33325.13,34394.87,-1069.7410937500026
2025-10-26 16:00:00,33835.08,35744.047,-1908.9668749999983
2025-10-26 17:00:00,35545.1,36863.105,-1318.0054687500015
2025-10-26 18:00:00,37762.81999999999,37807.14,-44.32062500000757
2025-10-26 19:00:00,37701.950000000004,38602.883,-900.9328124999956
2025-10-26 20:00:00,37032.49,38007.684,-975.193593750002
2025-10-26 21:00:00,36046.2,36584.816,-538.6164062500029
2025-10-26 22:00:00,34647.63,35106.05,-458.4207812500026
2025-10-26 23:00:00,32948.97,33995.43,-1046.4596874999988
2025-10-27 00:00:00,31332.28,32834.355,-1502.0754687500012
2025-10-27 01:00:00,29899.29,30931.963,-1032.6728906249991
2025-10-27 02:00:00,28748.86,30045.738,-1296.8782812499994
2025-10-27 03:00:00,28249.08,29231.283,-982.2032031249983
2025-10-27 04:00:00,27966.34,29166.955,-1200.6150781249999
2025-10-27 05:00:00,28346.489999999998,29361.469,-1014.978750000002
2025-10-27 06:00:00,29626.270000000004,29616.416,9.853984375004075
2025-10-27 07:00:00,31918.150000000005,31700.857,217.2925781250051
2025-10-27 08:00:00,36762.28,37546.97,-784.6887500000012
2025-10-27 09:00:00,38504.36000000001,40098.7,-1594.3392187499921
2025-10-27 10:00:00,38938.57,40714.855,-1776.2854687500003
2025-10-27 11:00:00,39851.55000000001,41143.81,-1292.2585937499898
2025-10-27 12:00:00,38688.3,40010.098,-1321.797656249997
2025-10-27 13:00:00,39327.84999999999,40236.746,-908.8960937500087
2025-10-27 14:00:00,40287.51000000001,40953.215,-665.7048437499907
2025-10-27 15:00:00,40590.23999999999,41012.055,-421.8146875000093
2025-10-27 16:00:00,41268.28,41950.67,-682.3918750000012
2025-10-27 17:00:00,42548.97,42465.773,83.19656250000116
2025-10-27 18:00:00,42483.01000000001,42493.72,-10.708749999990687
2025-10-27 19:00:00,41422.98,42473.93,-1050.9496874999968
2025-10-27 20:00:00,40400.98000000001,41893.7,-1492.7192187499895
2025-10-27 21:00:00,38991.37,40923.273,-1931.9034374999974
2025-10-27 22:00:00,37373.18,39443.582,-2070.4020312499997
2025-10-27 23:00:00,35084.9,37572.01,-2487.1117187499985
2025-10-28 00:00:00,33614.37,33892.766,-278.3956249999974
2025-10-28 01:00:00,32055.86,31687.287,368.5728906250006
2025-10-28 02:00:00,30876.39,30692.402,183.98765624999942
2025-10-28 03:00:00,30149.23,30091.031,58.19874999999956
2025-10-28 04:00:00,29911.319999999996,29982.152,-70.83234375000393
2025-10-28 05:00:00,30342.270000000004,30193.967,148.30320312500407
2025-10-28 06:00:00,31078.060000000005,30344.48,733.579531250005
2025-10-28 07:00:00,32448.739999999998,31794.238,654.501718749998
2025-10-28 08:00:00,36552.31999999999,36745.72,-193.39875000000757
2025-10-28 09:00:00,38194.6,39076.6,-882.0015625000015
2025-10-28 10:00:00,38994.52,39714.5,-719.9800000000032
2025-10-28 11:00:00,39193.06,40189.06,-995.9985937500023
2025-10-28 12:00:00,37270.83,38958.023,-1687.1934374999983
2025-10-28 13:00:00,37595.75,39178.004,-1582.25390625
2025-10-28 14:00:00,38733.47,39944.15,-1210.6784374999988
2025-10-28 15:00:00,38545.62,39991.86,-1446.2393749999974
2025-10-28 16:00:00,38723.16,40899.117,-2175.9571874999965
2025-10-28 17:00:00,40102.01000000001,41326.17,-1224.1618749999907
2025-10-28 18:00:00,40503.05,41366.543,-863.4929687499971
2025-10-28 19:00:00,39520.94000000001,41311.86,-1790.9193749999904
2025-10-28 20:00:00,38117.630000000005,40742.094,-2624.4637499999953
2025-10-28 21:00:00,36881.61,39799.54,-2917.9290624999994
2025-10-28 22:00:00,35348.92,38642.312,-3293.3925000000017
2025-10-28 23:00:00,32915.090000000004,36276.92,-3361.831874999996
2025-10-29 00:00:00,31343.410000000003,31506.213,-162.8028906249965
2025-10-29 01:00:00,30069.36,30104.988,-35.62828124999942
2025-10-29 02:00:00,28809.740000000005,29019.234,-209.49437499999476
2025-10-29 03:00:00,28168.369999999995,27890.871,277.49890624999534
2025-10-29 04:00:00,27775.859999999997,27807.21,-31.350937500003056
2025-10-29 05:00:00,28115.919999999995,28041.598,74.32234374999462
2025-10-29 06:00:00,27410.05,28205.15,-795.1003906250007
2025-10-29 07:00:00,29169.849999999995,29510.816,-340.9664062500051
2025-10-29 08:00:00,31605.7,32660.32,-1054.6203124999993
2025-10-29 09:00:00,33562.4,34113.89,-551.4906249999985
2025-10-29 10:00:00,34869.25,35441.746,-572.49609375
2025-10-29 11:00:00,35162.97,36027.516,-864.5456249999988
2025-10-29 12:00:00,34856.76,34538.91,317.84984375000204
2025-10-29 13:00:00,35075.91999999999,34681.816,394.103593749991
2025-10-29 14:00:00,35852.82,35741.156,111.66374999999971
2025-10-29 15:00:00,34794.41999999999,35808.44,-1014.021406250009
2025-10-29 16:00:00,35140.51999999999,36720.45,-1579.9292187500105
2025-10-29 17:00:00,36927.11,36976.74,-49.62828124999942
2025-10-29 18:00:00,38189.56,36996.188,1193.3724999999977
2025-10-29 19:00:00,37478.04,37057.94,420.0985937500009
2025-10-29 20:00:00,36616.950000000004,36654.52,-37.569531249995634
2025-10-29 21:00:00,36946.20999999999,35785.28,1160.9287499999919
2025-10-29 22:00:00,35474.93,34887.99,586.9417187500003
2025-10-29 23:00:00,33437.170000000006,33392.293,44.87703125000553
2025-10-30 00:00:00,32396.88,34042.637,-1645.756718749999
2025-10-30 01:00:00,31086.2,32758.73,-1672.5304687499993
2025-10-30 02:00:00,30216.31,30872.055,-655.7446874999987
2025-10-30 03:00:00,29602.669999999995,30259.365,-656.6952343750054
2025-10-30 04:00:00,29481.52,30027.803,-546.2827343749996
2025-10-30 05:00:00,29906.49,30251.643,-345.1525781249984
2025-10-30 06:00:00,31121.169999999995,30452.791,668.3789843749946
2025-10-30 07:00:00,32954.85,32088.85,866.0003906249985
2025-10-30 08:00:00,38614.58,37356.387,1258.1932812500017
2025-10-30 09:00:00,39763.33,39334.03,429.29875000000175
2025-10-30 10:00:00,40587.87999999999,40049.812,538.0674999999901
2025-10-30 11:00:00,40896.409999999996,40546.23,350.1795312499962
2025-10-30 12:00:00,38759.0,38850.44,-91.44140625
2025-10-30 13:00:00,39252.85,39350.504,-97.65390625000146
2025-10-30 14:00:00,40097.36000000001,40271.37,-174.01109374999214
2025-10-30 15:00:00,39715.450000000004,40130.39,-414.94062499999563
2025-10-30 16:00:00,41383.89,41272.12,111.76890624999942
2025-10-30 17:00:00,43224.76,41975.84,1248.920156250002
2025-10-30 18:00:00,43580.67,41990.562,1590.1074999999983
2025-10-30 19:00:00,42688.95,41925.457,763.4929687499971
2025-10-30 20:00:00,41457.30999999999,41246.51,210.7982812499904
2025-10-30 21:00:00,40313.98,40220.816,93.1635937500032
2025-10-30 22:00:00,38701.54,38743.863,-42.32328124999913
2025-10-30 23:00:00,36627.72,36526.39,101.32937500000116
2025-10-31 00:00:00,34469.47000000001,35595.973,-1126.5026562499916
2025-10-31 01:00:00,32180.320000000003,33991.39,-1811.0706249999967
2025-10-31 02:00:00,31765.779999999995,32325.402,-559.6223437500048
2025-10-31 03:00:00,31109.510000000002,31858.514,-749.003671874998
2025-10-31 04:00:00,30968.239999999998,31362.547,-394.30687500000204
2025-10-31 05:00:00,31226.31,31575.314,-349.0044531249987
2025-10-31 06:00:00,32614.510000000002,31906.7,707.810781250002
2025-10-31 07:00:00,34573.590000000004,33768.504,805.0860937500038
2025-10-31 08:00:00,39180.73,39050.996,129.7339062500032
2025-10-31 09:00:00,40712.91000000001,40440.004,272.90609375001077
2025-10-31 10:00:00,40540.42,41076.414,-535.9940625000017
2025-10-31 11:00:00,40460.1,41427.44,-967.3414062500015
2025-10-31 12:00:00,38317.69,39845.516,-1527.8256249999977
2025-10-31 13:00:00,38554.37,40459.54,-1905.1690624999974
2025-10-31 14:00:00,40419.59,41252.09,-832.4998437500035
2025-10-31 15:00:00,40662.76999999999,41273.504,-610.7339062500105
2025-10-31 16:00:00,41869.90000000001,42252.45,-382.54921874999127
2025-10-31 17:00:00,43359.89,42953.25,406.6399999999994
2025-10-31 18:00:00,43669.240000000005,43022.973,646.2673437500052
2025-10-31 19:00:00,42655.67,42988.703,-333.03312500000175
2025-10-31 20:00:00,41461.780000000006,42246.28,-784.5012499999939
2025-10-31 21:00:00,39830.97,41216.58,-1385.6081249999988
2025-10-31 22:00:00,38406.97,39571.836,-1164.8659374999988
2025-10-31 23:00:00,36552.83,37980.43,-1427.5996874999983
2025-11-01 00:00:00,34576.55,35075.543,-498.9929687499971
2025-11-01 01:00:00,32837.73,33982.78,-1145.0512499999968
2025-11-01 02:00:00,31664.110000000004,32078.457,-414.3470312499958
2025-11-01 03:00:00,30689.230000000003,31414.414,-725.1840624999968
2025-11-01 04:00:00,30329.71,31282.559,-952.8485937500009
2025-11-01 05:00:00,30610.349999999995,31219.902,-609.5523437500051
2025-11-01 06:00:00,31117.649999999998,31239.564,-121.91445312500218
2025-11-01 07:00:00,31694.539999999997,32261.951,-567.4111718750028
2025-11-01 08:00:00,34753.52999999999,35789.266,-1035.7356250000084
2025-11-01 09:00:00,37008.100000000006,38433.867,-1425.7671874999942
2025-11-01 10:00:00,38149.35,39795.062,-1645.7125000000015
2025-11-01 11:00:00,38718.38,40157.418,-1439.0379687500026
2025-11-01 12:00:00,37635.16,39228.855,-1593.6954687499965
2025-11-01 13:00:00,37926.65,39564.023,-1637.3734374999985
2025-11-01 14:00:00,38125.26000000001,39847.504,-1722.2439062499907
2025-11-01 15:00:00,37936.56,39774.098,-1837.5376562500023
2025-11-01 16:00:00,38080.05,40352.04,-2271.989062499997
2025-11-01 17:00:00,39535.71000000001,41702.723,-2167.0126562499936
2025-11-01 18:00:00,41402.59,42011.336,-608.7459375000035
2025-11-01 19:00:00,40581.77,41375.836,-794.0659375000032
2025-11-01 20:00:00,39508.780000000006,40890.91,-1382.130156249994
2025-11-01 21:00:00,38174.9,40076.086,-1901.1859374999985
2025-11-01 22:00:00,36641.1,38206.527,-1565.4273437500015
2025-11-01 23:00:00,34848.19999999999,36094.543,-1246.3429687500102
2025-11-02 00:00:00,32734.39,33371.457,-637.0670312500006
2025-11-02 01:00:00,31287.469999999998,32055.86,-768.3893750000025
2025-11-02 02:00:00,29956.090000000004,30470.805,-514.7146874999962
2025-11-02 03:00:00,29156.65,29972.799,-816.1488281249985
2025-11-02 04:00:00,28814.420000000002,29550.033,-735.6132031249981
2025-11-02 05:00:00,28843.76,29168.576,-324.8161718750016
2025-11-02 06:00:00,29103.9,28349.674,754.2261718750015
2025-11-02 07:00:00,28448.510000000002,28141.219,307.29125000000204
2025-11-02 08:00:00,29058.66,29133.104,-74.44351562500015
2025-11-02 09:00:00,30347.199999999997,31130.17,-782.9699218750029
2025-11-02 10:00:00,31956.169999999995,32406.361,-450.1913281250054
2025-11-02 11:00:00,32867.98,33333.25,-465.2699999999968
2025-11-02 12:00:00,32641.469999999998,33777.734,-1136.2643750000025
2025-11-02 13:00:00,33342.13999999999,34514.44,-1172.3014062500079
2025-11-02 14:00:00,33205.89,34687.79,-1481.8990625000006
2025-11-02 15:00:00,33593.29000000001,34436.668,-843.3779687499919
2025-11-02 16:00:00,34069.30999999999,35391.918,-1322.6079687500096
2025-11-02 17:00:00,35842.920000000006,36978.383,-1135.4628124999945
2025-11-02 18:00:00,38025.01,37783.55,241.45921875000204
2025-11-02 19:00:00,37827.08999999999,38055.824,-228.73421875001077
2025-11-02 20:00:00,36809.49999999999,37696.76,-887.2617187500073
2025-11-02 21:00:00,36087.03,36905.895,-818.8645312500012
2025-11-02 22:00:00,34856.0,35553.8,-697.80078125
2025-11-02 23:00:00,33245.53,33659.25,-413.72000000000116
2025-11-03 00:00:00,31713.5,32680.062,-966.5625
2025-11-03 01:00:00,30068.71,31094.406,-1025.6962500000009
2025-11-03 02:00:00,29140.159999999996,29655.504,-515.3439062500038
2025-11-03 03:00:00,28628.54,29096.293,-467.7529687499991
2025-11-03 04:00:00,28442.04,29003.062,-561.0224999999991
2025-11-03 05:00:00,28877.789999999997,29233.553,-355.76273437500276
2025-11-03 06:00:00,30202.98,29262.9,940.0796093749996
2025-11-03 07:00:00,32768.05,31984.404,783.6457031250029
2025-11-03 08:00:00,38265.25000000001,37596.18,669.0703125000073
2025-11-03 09:00:00,40529.61000000001,40886.332,-356.72203124999214
2025-11-03 10:00:00,41043.2,41103.473,-60.27265625000291
2025-11-03 11:00:00,41293.12,41136.746,156.37390625000262
2025-11-03 12:00:00,39565.46,40765.715,-1200.2548437500009
2025-11-03 13:00:00,40075.41000000001,40981.023,-905.6134374999892
2025-11-03 14:00:00,41076.64,41178.316,-101.67640625000058
2025-11-03 15:00:00,41469.5,41203.64,265.859375
2025-11-03 16:00:00,42186.76000000001,41484.496,702.2639062500093
2025-11-03 17:00:00,43748.39,42532.45,1215.9407812499994
2025-11-03 18:00:00,43904.75000000001,42536.613,1368.1367187500073
2025-11-03 19:00:00,42742.53,42026.62,715.9089062499988
2025-11-03 20:00:00,41627.19,41508.38,118.81109375000233
2025-11-03 21:00:00,40328.23,41338.22,-1009.9887499999968
2025-11-03 22:00:00,38762.100000000006,40329.605,-1567.5054687499942
2025-11-03 23:00:00,36768.939999999995,37385.445,-616.505312500005
2025-11-04 00:00:00,34570.56,34819.87,-249.31109375000233
2025-11-04 01:00:00,32906.270000000004,32928.9,-22.628437499995925
2025-11-04 02:00:00,31904.330000000005,31677.08,227.24992187500538
2025-11-04 03:00:00,31226.39,31077.053,149.33726562499942
2025-11-04 04:00:00,31061.029999999995,30941.512,119.5182812499952
2025-11-04 05:00:00,31287.829999999998,31214.531,73.29874999999811
2025-11-04 06:00:00,32615.72,31252.916,1362.8039843750012
2025-11-04 07:00:00,34660.97,33424.406,1236.5637500000012
2025-11-04 08:00:00,39756.549999999996,38825.523,931.0265624999956
2025-11-04 09:00:00,41577.619999999995,41658.477,-80.85656250000466
2025-11-04 10:00:00,41183.93,41669.96,-486.0309374999997
2025-11-04 11:00:00,41727.85,41772.06,-44.208593750001455
2025-11-04 12:00:00,40118.71,41077.062,-958.3525000000009
2025-11-04 13:00:00,40629.01999999999,41463.383,-834.3628125000105
2025-11-04 14:00:00,41404.829999999994,41627.156,-222.32625000000553
2025-11-04 15:00:00,41529.2,41677.016,-147.8156250000029
2025-11-04 16:00:00,42675.03,42068.527,606.5026562499988
2025-11-04 17:00:00,44061.670000000006,43337.062,724.6075000000055
2025-11-04 18:00:00,44127.05,43356.22,770.8312500000029
2025-11-04 19:00:00,43002.07,42600.492,401.5778124999997
2025-11-04 20:00:00,41714.84,41895.453,-180.6131250000035
2025-11-04 21:00:00,40578.37,41757.67,-1179.3018749999974
2025-11-04 22:00:00,38948.56,40419.01,-1470.4517187500023
2025-11-04 23:00:00,36837.63,37540.293,-702.6629687500026
2025-11-05 00:00:00,34723.69,34941.316,-217.62640624999767
2025-11-05 01:00:00,33045.23,33591.9,-546.6684374999968
2025-11-05 02:00:00,32115.969999999998,31833.46,282.5090624999975
2025-11-05 03:00:00,31564.049999999996,31211.318,352.73164062499563
2025-11-05 04:00:00,31266.219999999998,31066.46,199.75906249999753
2025-11-05 05:00:00,31531.389999999996,31340.031,191.35874999999578
2025-11-05 06:00:00,32722.929999999997,31368.168,1354.7620312499967
2025-11-05 07:00:00,34915.33999999999,33507.324,1408.0157812499892
2025-11-05 08:00:00,39664.81,39234.465,430.3451562499977
2025-11-05 09:00:00,41710.799999999996,41594.902,115.89765624999563
2025-11-05 10:00:00,41662.37000000001,41769.434,-107.0635937499901
2025-11-05 11:00:00,42024.24,41743.668,280.57203124999796
2025-11-05 12:00:00,40225.35,41129.977,-904.6265625000015
2025-11-05 13:00:00,40812.09,41508.984,-696.8943750000035
2025-11-05 14:00:00,41746.85999999999,41684.242,62.617812499993306
2025-11-05 15:00:00,41924.84,41806.89,117.94937499999651
2025-11-05 16:00:00,42900.439999999995,42223.797,676.643124999995
2025-11-05 17:00:00,44330.61000000001,43432.332,898.2779687500079
2025-11-05 18:00:00,44060.66,43410.58,650.0818750000035
2025-11-05 19:00:00,42842.27,42681.676,160.5942187499968
2025-11-05 20:00:00,41770.47,42117.133,-346.66281249999884
2025-11-05 21:00:00,40527.42999999999,41873.62,-1346.191093750007
2025-11-05 22:00:00,38980.56,40588.617,-1608.0571875000023
2025-11-05 23:00:00,37248.719999999994,37522.043,-273.3229687500061
2025-11-06 00:00:00,35190.79,35190.48,0.3095312500008731
2025-11-06 01:00:00,33480.27,33762.04,-281.7690625000032
2025-11-06 02:00:00,32299.400000000005,31839.555,459.8453125000051
2025-11-06 03:00:00,31578.450000000004,31141.969,436.48125000000437
2025-11-06 04:00:00,31072.32,31011.152,61.16765624999971
2025-11-06 05:00:00,31434.240000000005,31284.48,149.75953125000524
2025-11-06 06:00:00,32684.700000000004,31454.145,1230.5554687500044
2025-11-06 07:00:00,34966.1,33846.242,1119.8578124999985
2025-11-06 08:00:00,39873.399999999994,39435.836,437.5640624999942
2025-11-06 09:00:00,42064.189999999995,41566.996,497.19390624999505
2025-11-06 10:00:00,42554.73,41727.656,827.0737500000032
2025-11-06 11:00:00,42732.79,41812.367,920.4228125000009
2025-11-06 12:00:00,40888.93,41117.81,-228.8785937499997
2025-11-06 13:00:00,41272.43,41389.04,-116.60906249999971
2025-11-06 14:00:00,42576.75,41711.47,865.28125
2025-11-06 15:00:00,42567.49999999999,41783.51,783.9882812499927
2025-11-06 16:00:00,43395.32000000001,42192.31,1203.011406250007
2025-11-06 17:00:00,44626.48,43443.844,1182.6362500000032
2025-11-06 18:00:00,44390.299999999996,43463.14,927.1593749999956
2025-11-06 19:00:00,43141.82000000001,42708.887,432.933281250007
2025-11-06 20:00:00,41974.61,42138.24,-163.62828124999942
2025-11-06 21:00:00,40741.23000000001,41849.77,-1108.5395312499895
2025-11-06 22:00:00,39194.88,40826.145,-1631.2645312500026
2025-11-06 23:00:00,37048.65000000001,37535.953,-487.30312499999127
2025-11-07 00:00:00,35123.52999999999,35133.984,-10.45437500000844
2025-11-07 01:00:00,33294.7,33724.73,-430.0304687500029
2025-11-07 02:00:00,32211.339999999997,31846.51,364.8302343749965
2025-11-07 03:00:00,31440.57,31484.625,-44.05500000000029
2025-11-07 04:00:00,31158.680000000004,31010.695,147.98468750000393
2025-11-07 05:00:00,31540.650000000005,31250.186,290.4644531250051
2025-11-07 06:00:00,32756.200000000004,31372.574,1383.6257812500044
2025-11-07 07:00:00,34714.78,33798.184,916.5964062499988
2025-11-07 08:00:00,39410.18,39390.547,19.63312500000029
2025-11-07 09:00:00,41388.91,41680.63,-291.7189062499965
2025-11-07 10:00:00,42005.07000000001,41714.19,290.878593750007
2025-11-07 11:00:00,42678.05,41752.64,925.4093750000029
2025-11-07 12:00:00,40260.53999999999,41098.332,-837.7920312500064
2025-11-07 13:00:00,40405.87999999999,41483.906,-1078.02625000001
2025-11-07 14:00:00,42073.1,41675.637,397.46328124999854
2025-11-07 15:00:00,41738.07,41757.06,-18.98859375000029
2025-11-07 16:00:00,42768.810000000005,42183.535,585.274843750005
2025-11-07 17:00:00,44200.26,43416.37,783.888906250002
2025-11-07 18:00:00,44011.29,43419.727,591.5634375000009
2025-11-07 19:00:00,42693.99,42671.816,22.173593749997963
2025-11-07 20:00:00,41550.30000000001,42131.71,-581.4109374999898
2025-11-07 21:00:00,40121.08,41817.86,-1696.7793749999983
2025-11-07 22:00:00,38505.69000000001,40518.676,-2012.9857812499904
2025-11-07 23:00:00,36974.30999999999,37450.867,-476.5571875000096
2025-11-08 00:00:00,34951.39,34868.973,82.41734374999942
2025-11-08 01:00:00,33231.40000000001,33763.176,-531.7757812499913
2025-11-08 02:00:00,31894.050000000003,31924.004,-29.95390624999709
2025-11-08 03:00:00,31145.009999999995,31189.076,-44.06617187500524
2025-11-08 04:00:00,30725.180000000004,31039.756,-314.57585937499607
2025-11-08 05:00:00,30920.82,30960.662,-39.84210937500029
2025-11-08 06:00:00,31502.710000000003,31068.623,434.08695312500276
2025-11-08 07:00:00,32102.61,32034.855,67.75453125000058
2025-11-08 08:00:00,35208.43000000001,35950.62,-742.1910937499924
2025-11-08 09:00:00,37155.52999999999,38733.727,-1578.1965625000084
2025-11-08 10:00:00,38272.34,40092.473,-1820.1326562500035
2025-11-08 11:00:00,38925.48,40448.082,-1522.6020312499968
2025-11-08 12:00:00,37934.51,39336.133,-1401.622812499998
2025-11-08 13:00:00,38289.24,39721.574,-1432.334218750002
2025-11-08 14:00:00,38467.54,40297.234,-1829.6943749999991
2025-11-08 15:00:00,38554.55999999999,40115.14,-1560.5806250000096
2025-11-08 16:00:00,38550.19,40510.598,-1960.4076562499977
2025-11-08 17:00:00,40144.479999999996,41873.652,-1729.172343750004
2025-11-08 18:00:00,41592.31,42091.918,-499.6079687500023
2025-11-08 19:00:00,40632.5,41392.56,-760.05859375
2025-11-08 20:00:00,39540.41,40770.3,-1229.8907812499965
2025-11-08 21:00:00,38582.33,40204.227,-1621.8965624999983
2025-11-08 22:00:00,37071.97000000001,38082.758,-1010.7878124999916
2025-11-08 23:00:00,35145.55,35817.77,-672.2195312499971
2025-11-09 00:00:00,33126.34,33238.49,-112.14828125000349
2025-11-09 01:00:00,31568.529999999995,31857.99,-289.4602343750048
2025-11-09 02:00:00,30131.840000000004,30357.67,-225.82992187499622
2025-11-09 03:00:00,29385.71,29766.574,-380.8642187500009
2025-11-09 04:00:00,28924.990000000005,29351.727,-426.73656249999476
2025-11-09 05:00:00,28879.209999999995,28934.178,-54.96773437500451
2025-11-09 06:00:00,29118.919999999995,28287.271,831.6485156249946
2025-11-09 07:00:00,28592.0,28174.162,417.837890625
2025-11-09 08:00:00,28852.22,29226.254,-374.03390624999884
2025-11-09 09:00:00,30142.39,31270.916,-1128.5260156250006
2025-11-09 10:00:00,31608.849999999995,32785.387,-1176.536718750005
2025-11-09 11:00:00,32378.03,33753.09,-1375.0598437500012
2025-11-09 12:00:00,32429.130000000005,33998.53,-1569.4012499999953
2025-11-09 13:00:00,32805.47,34670.26,-1864.7917187499988
2025-11-09 14:00:00,32670.04,34817.973,-2147.932656249999
2025-11-09 15:00:00,32935.14000000001,34524.72,-1589.5787499999933
2025-11-09 16:00:00,33447.7,35469.21,-2021.510937500003
2025-11-09 17:00:00,35628.07,37452.695,-1824.6253125000003
2025-11-09 18:00:00,37645.50000000001,38025.793,-380.2929687499927
2025-11-09 19:00:00,37226.68,38090.453,-863.7731249999997
2025-11-09 20:00:00,36317.63999999999,37928.805,-1611.1646875000079
2025-11-09 21:00:00,35338.91999999999,36934.57,-1595.650312500009
2025-11-09 22:00:00,34262.57,35485.883,-1223.3128125000003
2025-11-09 23:00:00,32956.75,33513.98,-557.23046875
2025-11-10 00:00:00,31508.37,32631.867,-1123.497187500001
2025-11-10 01:00:00,30117.42,31003.99,-886.5702343750017
2025-11-10 02:00:00,28992.710000000003,29657.143,-664.4325781249972
2025-11-10 03:00:00,28497.919999999995,29053.014,-555.0936718750054
2025-11-10 04:00:00,28434.26,28959.553,-525.2927343750016
2025-11-10 05:00:00,28813.04,29183.572,-370.5322656249991
2025-11-10 06:00:00,30028.08,29174.195,853.8846875000017
2025-11-10 07:00:00,32196.710000000003,31910.39,286.31937500000276
2025-11-10 08:00:00,37807.6,37534.87,272.72890624999854
2025-11-10 09:00:00,40243.59999999999,41019.805,-776.2046875000087
2025-11-10 10:00:00,41237.77,41235.316,2.4535937499967986
2025-11-10 11:00:00,42039.23,41272.008,767.2221875000032
2025-11-10 12:00:00,40570.6,40960.7,-390.09921875000146
2025-11-10 13:00:00,41094.62,41111.543,-16.92296874999738
2025-11-10 14:00:00,41814.1,41295.69,518.4085937499985
2025-11-10 15:00:00,42142.69,41342.3,800.3892187500023
2025-11-10 16:00:00,42822.66999999999,41602.305,1220.365312499991
2025-11-10 17:00:00,44037.729999999996,42808.035,1229.694843749996
2025-11-10 18:00:00,43829.06,42801.496,1027.5639062499977
2025-11-10 19:00:00,42571.84,42074.52,497.3204687499965
2025-11-10 20:00:00,41431.67999999999,41552.953,-121.27312500000698
2025-11-10 21:00:00,40217.5,41435.785,-1218.28515625
2025-11-10 22:00:00,38663.71,40255.86,-1592.1493750000009
2025-11-10 23:00:00,36989.5,37292.906,-303.40625
2025-11-11 00:00:00,35019.37,34973.246,46.12390625000262
2025-11-11 01:00:00,33511.71,32963.355,548.3545312499991
2025-11-11 02:00:00,32224.840000000004,31821.521,403.3185156250038
2025-11-11 03:00:00,31534.110000000004,31227.754,306.3560937500042
2025-11-11 04:00:00,31067.08,31025.402,41.677656250001746
2025-11-11 05:00:00,31424.679999999997,31298.791,125.88898437499665
2025-11-11 06:00:00,32384.970000000005,31339.924,1045.0461718750048
2025-11-11 07:00:00,34022.40000000001,33572.332,450.06796875000873
2025-11-11 08:00:00,38993.81,38592.375,401.4349999999977
2025-11-11 09:00:00,41247.74,41804.32,-556.580312500002
2025-11-11 10:00:00,42320.05999999999,41892.543,427.5170312499904
2025-11-11 11:00:00,43342.96000000001,41982.934,1360.0264062500064
2025-11-11 12:00:00,41631.65,41395.54,236.11093750000146
2025-11-11 13:00:00,42255.03,41668.305,586.7253124999988
2025-11-11 14:00:00,42974.35,42004.8,969.5492187499985
2025-11-11 15:00:00,42820.48999999999,41989.684,830.8064062499907
2025-11-11 16:00:00,43467.369999999995,42323.508,1143.8621874999953
2025-11-11 17:00:00,44590.33,43500.633,1089.6971875000017
2025-11-11 18:00:00,44112.86,43517.195,595.6646875000006
2025-11-11 19:00:00,42834.07,42751.848,82.22234374999971
2025-11-11 20:00:00,41623.12,42030.938,-407.8174999999974
2025-11-11 21:00:00,40351.29,41776.113,-1424.8232812499991
2025-11-11 22:00:00,38912.759999999995,40556.98,-1644.2204687500052
2025-11-11 23:00:00,36999.35,37609.34,-609.9898437500015
2025-11-12 00:00:00,35103.04000000001,35233.934,-130.89359374999185
2025-11-12 01:00:00,33568.97,33840.71,-271.74093749999884
2025-11-12 02:00:00,32339.88,32130.36,209.52062500000102
2025-11-12 03:00:00,31666.110000000004,31409.984,256.1256250000042
2025-11-12 04:00:00,31324.799999999996,31273.12,51.680859374995634
2025-11-12 05:00:00,31717.550000000003,31547.594,169.9562500000029
2025-11-12 06:00:00,32513.499999999996,31627.9,885.5996093749964
2025-11-12 07:00:00,34320.57,33760.703,559.8668749999997
2025-11-12 08:00:00,39155.969999999994,39264.12,-108.15109375000611
2025-11-12 09:00:00,41558.439999999995,41851.465,-293.02484375000495
2025-11-12 10:00:00,42257.08,41884.504,372.57609375000175
2025-11-12 11:00:00,42783.240000000005,41914.902,868.3376562500052
2025-11-12 12:00:00,41023.08000000001,41480.652,-457.572343749991
2025-11-12 13:00:00,42088.02,41659.285,428.7348437499968
2025-11-12 14:00:00,42905.92,41839.55,1066.3692187499983
2025-11-12 15:00:00,42831.51,41880.13,951.381093750002
2025-11-12 16:00:00,43632.700000000004,42355.45,1277.2507812500044
2025-11-12 17:00:00,45052.69,43719.24,1333.4517187500023
2025-11-12 18:00:00,44550.82,43767.38,783.4410937499997
2025-11-12 19:00:00,43275.740000000005,43047.652,228.08765625000524
2025-11-12 20:00:00,42080.46,42299.645,-219.18453125000087
2025-11-12 21:00:00,40778.87,42124.344,-1345.4737499999974
2025-11-12 22:00:00,39264.51,40750.91,-1486.400156249998
2025-11-12 23:00:00,36878.44000000001,37800.125,-921.6849999999904
2025-11-13 00:00:00,35573.75000000001,35814.43,-240.67968749999272
2025-11-13 01:00:00,33873.18,34430.758,-557.5778124999997
2025-11-13 02:00:00,32703.33,32328.76,374.57023437500175
2025-11-13 03:00:00,31837.88,31584.756,253.12414062500102
2025-11-13 04:00:00,31635.649999999998,31477.947,157.70273437499782
2025-11-13 05:00:00,31920.719999999998,31793.992,126.72781249999753
2025-11-13 06:00:00,32864.43,31847.777,1016.6526562500003
2025-11-13 07:00:00,34747.79,34346.68,401.1103125000009
2025-11-13 08:00:00,40008.240000000005,39736.117,272.12281250000524
2025-11-13 09:00:00,42175.24999999999,42171.547,3.703124999992724
2025-11-13 10:00:00,42985.52999999999,42128.473,857.0573437499916
2025-11-13 11:00:00,43432.99,42096.438,1336.552499999998
2025-11-13 12:00:00,41938.48999999999,41672.086,266.4040624999907
2025-11-13 13:00:00,42527.66,41888.16,639.4998437500035
2025-11-13 14:00:00,43095.89,42054.266,1041.6243749999994
2025-11-13 15:00:00,43468.05,42223.203,1244.846875000003
2025-11-13 16:00:00,44154.04,42706.703,1447.3368750000009
2025-11-13 17:00:00,45494.38,43962.527,1531.8526562499974
2025-11-13 18:00:00,45072.39,44134.1,938.2884374999994
2025-11-13 19:00:00,43673.75,43328.008,345.7421875
2025-11-13 20:00:00,42569.11,42631.21,-62.10093749999942
2025-11-13 21:00:00,41382.07,42506.586,-1124.5159375000003
2025-11-13 22:00:00,39900.38,41252.613,-1352.2332812500026
2025-11-13 23:00:00,38001.36000000001,38212.43,-211.06968749999214
2025-11-14 00:00:00,35777.15000000001,36031.086,-253.93593749999127
2025-11-14 01:00:00,34069.76,34606.086,-536.325937499998
2025-11-14 02:00:00,32819.219999999994,32763.523,55.69656249999389
2025-11-14 03:00:00,32114.939999999995,32339.006,-224.06585937500495
2025-11-14 04:00:00,31813.250000000004,31836.826,-23.576171874996362
2025-11-14 05:00:00,32038.480000000003,32320.717,-282.2367968749968
2025-11-14 06:00:00,33209.49,32181.22,1028.269296874998
2025-11-14 07:00:00,35134.28999999999,34703.184,431.1064062499936
2025-11-14 08:00:00,40038.97,39982.4,56.571562500001164
2025-11-14 09:00:00,42432.25000000001,42494.215,-61.964843749992724
2025-11-14 10:00:00,43333.91,42640.926,692.9842187500035
2025-11-14 11:00:00,43575.63,42678.04,897.5909374999974
2025-11-14 12:00:00,41337.47,42154.332,-816.8620312499988
2025-11-14 13:00:00,41646.61,42212.15,-565.5384374999994
2025-11-14 14:00:00,43297.25,42491.35,805.8984375
2025-11-14 15:00:00,43392.939999999995,42649.82,743.119687499995
2025-11-14 16:00:00,44028.079999999994,43040.34,987.7401562499945
2025-11-14 17:00:00,45271.58,44341.41,930.1698437500017
2025-11-14 18:00:00,44801.43,44525.074,276.3557812500003
2025-11-14 19:00:00,43486.26000000001,43447.637,38.62328125000931
2025-11-14 20:00:00,42220.24,42898.67,-678.431875000002
2025-11-14 21:00:00,40918.01999999999,42612.043,-1694.0229687500105
2025-11-14 22:00:00,39443.63999999999,41150.92,-1707.2818750000079
2025-11-14 23:00:00,37784.77,38601.008,-816.2378125000032
2025-11-15 00:00:00,35725.05,35935.95,-210.8992187499971
2025-11-15 01:00:00,33879.840000000004,34815.547,-935.7068749999962
2025-11-15 02:00:00,32502.32,33002.6,-500.2815625000003
2025-11-15 03:00:00,31617.42,32195.955,-578.5350781250017
2025-11-15 04:00:00,31313.35,32049.549,-736.1988281250015
2025-11-15 05:00:00,31475.18,32140.098,-664.9176562499997
2025-11-15 06:00:00,32055.54,32210.938,-155.39749999999913
2025-11-15 07:00:00,33009.49,33238.355,-228.86546875000204
2025-11-15 08:00:00,36223.18000000001,37018.85,-795.6715624999924
2025-11-15 09:00:00,38549.46,39894.062,-1344.6025000000009
2025-11-15 10:00:00,39833.42999999999,41350.45,-1517.019218750007
2025-11-15 11:00:00,40483.6,41815.227,-1331.6265625000015
2025-11-15 12:00:00,39983.33,40785.984,-802.6543749999983
2025-11-15 13:00:00,40367.15,41010.71,-643.5609374999985
2025-11-15 14:00:00,40026.61000000001,41440.04,-1413.4290624999921
2025-11-15 15:00:00,39831.079999999994,41399.996,-1568.9160937500055
2025-11-15 16:00:00,40005.49,41707.28,-1701.791250000002
2025-11-15 17:00:00,41927.880000000005,43228.28,-1300.4012499999953
2025-11-15 18:00:00,43201.37,43425.78,-224.41124999999738
2025-11-15 19:00:00,42367.0,42746.453,-379.453125
2025-11-15 20:00:00,41361.14,41874.438,-513.2975000000006
2025-11-15 21:00:00,40367.30000000001,41226.39,-859.0906249999898
2025-11-15 22:00:00,39015.53,39239.96,-224.43093750000116
2025-11-15 23:00:00,36571.06,36914.11,-343.0493750000023
2025-11-16 00:00:00,34628.8,34168.543,460.2570312500029
2025-11-16 01:00:00,32869.590000000004,32939.68,-70.08968749999622
2025-11-16 02:00:00,31329.62,31388.506,-58.88585937500102
2025-11-16 03:00:00,30396.799999999996,30788.432,-391.63164062500437
2025-11-16 04:00:00,29932.09,30360.479,-428.38851562499985
2025-11-16 05:00:00,29818.919999999995,30061.414,-242.49406250000538
2025-11-16 06:00:00,30135.15,29383.336,751.8140625000015
2025-11-16 07:00:00,29884.51,29321.75,562.7599999999984
2025-11-16 08:00:00,30134.080000000005,30257.7,-123.61921874999462
2025-11-16 09:00:00,31335.600000000002,32275.957,-940.3570312499978
2025-11-16 10:00:00,32488.66,33661.195,-1172.5353125000001
2025-11-16 11:00:00,33541.37999999999,34757.484,-1216.10437500001
2025-11-16 12:00:00,33843.200000000004,35173.15,-1329.9484374999956
2025-11-16 13:00:00,34099.549999999996,36025.543,-1925.9929687500044
2025-11-16 14:00:00,34142.770000000004,36136.97,-1994.198749999996
2025-11-16 15:00:00,34407.93000000001,35865.82,-1457.8903124999924
2025-11-16 16:00:00,35351.73,36866.79,-1515.0590624999968
2025-11-16 17:00:00,37736.16,38774.49,-1038.3282812499965
2025-11-16 18:00:00,39980.66999999999,39288.695,691.974687499991
2025-11-16 19:00:00,39651.869999999995,39521.78,130.08874999999534
2025-11-16 20:00:00,38814.36,39116.547,-302.1868749999994
2025-11-16 21:00:00,37952.94,38107.387,-154.44671874999767
2025-11-16 22:00:00,36692.01,36584.71,107.29906250000204
2025-11-16 23:00:00,34938.14000000001,34609.324,328.8157812500067
2025-11-17 00:00:00,33159.4,33576.727,-417.32656249999854
2025-11-17 01:00:00,31269.25,32064.854,-795.603515625
2025-11-17 02:00:00,30004.04,30609.322,-605.2822656249991
2025-11-17 03:00:00,29411.249999999996,29807.979,-396.72851562500364
2025-11-17 04:00:00,29326.97,29653.076,-326.10617187499884
2025-11-17 05:00:00,29774.9,29999.264,-224.36367187499854
2025-11-17 06:00:00,31452.660000000003,30033.742,1418.9178125000035
2025-11-17 07:00:00,34647.97000000001,32818.902,1829.0676562500084
2025-11-17 08:00:00,40172.04000000001,38412.812,1759.2275000000081
2025-11-17 09:00:00,42495.729999999996,41870.043,625.6870312499959
2025-11-17 10:00:00,42749.6,42117.008,632.5921874999985
2025-11-17 11:00:00,42945.80999999999,42108.473,837.3373437499904
2025-11-17 12:00:00,40983.34,41695.066,-711.7264062500035
2025-11-17 13:00:00,41332.83,41887.527,-554.6973437499983
2025-11-17 14:00:00,41738.549999999996,41998.65,-260.09843750000437
2025-11-17 15:00:00,42835.68,42088.863,746.8167187500003
2025-11-17 16:00:00,44100.65000000001,42318.062,1782.5875000000087
2025-11-17 17:00:00,46024.32,43559.72,2464.6012499999997
2025-11-17 18:00:00,45284.579999999994,43701.137,1583.4432812499945
2025-11-17 19:00:00,43979.1,43165.902,813.1976562499985
2025-11-17 20:00:00,43118.86000000001,42515.746,603.1139062500079
2025-11-17 21:00:00,42296.94,42387.59,-90.64984374999767
2025-11-17 22:00:00,40629.48999999999,41130.1,-500.6115625000093
2025-11-17 23:00:00,38279.469999999994,38027.434,252.0364062499939
2025-11-18 00:00:00,36012.03,35680.188,331.84249999999884
2025-11-18 01:00:00,34180.64,33546.47,634.1712499999994
2025-11-18 02:00:00,33156.33000000001,32459.15,697.179609375009
2025-11-18 03:00:00,32245.179999999997,31741.178,504.00226562499665
2025-11-18 04:00:00,32130.689999999995,31661.645,469.04546874999505
2025-11-18 05:00:00,32454.71,31959.26,495.4502343749991
2025-11-18 06:00:00,33880.97,32036.598,1844.3723437500012
2025-11-18 07:00:00,36434.30999999999,34214.105,2220.2045312499904
2025-11-18 08:00:00,41211.14000000001,39725.953,1485.1868750000067
2025-11-18 09:00:00,42407.12999999999,42850.492,-443.3621875000099
2025-11-18 10:00:00,42536.78,42886.367,-349.58718750000116
2025-11-18 11:00:00,42514.03999999999,42791.844,-277.8037500000064
2025-11-18 12:00:00,40677.16,42283.277,-1606.1173437499965
2025-11-18 13:00:00,41629.31,42569.105,-939.7954687500023
2025-11-18 14:00:00,42101.06,42734.21,-633.1509375000023
2025-11-18 15:00:00,42170.98000000001,42777.066,-606.0864062499895
2025-11-18 16:00:00,42923.84,43049.074,-125.23421875000349
2025-11-18 17:00:00,44897.05,44481.57,415.4796875000029
2025-11-18 18:00:00,45081.57,44598.137,483.4332812499997
2025-11-18 19:00:00,44087.04,43591.637,495.4032812500009
2025-11-18 20:00:00,43073.93,43073.45,0.48078125000029104
2025-11-18 21:00:00,41664.280000000006,42704.05,-1039.770781249994
2025-11-18 22:00:00,39615.36,41579.465,-1964.1048437499994
2025-11-18 23:00:00,37642.719999999994,38311.492,-668.7721875000061
2025-11-19 00:00:00,35871.21000000001,35649.35,221.8584375000064
2025-11-19 01:00:00,33944.99,34310.785,-365.79515625000204
2025-11-19 02:00:00,33029.13,32703.97,325.1592968749974
2025-11-19 03:00:00,32310.15,31842.518,467.63242187500146
2025-11-19 04:00:00,32060.209999999995,31737.898,322.3115624999955
2025-11-19 05:00:00,32271.559999999998,32031.184,240.37640624999767
2025-11-19 06:00:00,33746.69000000001,32075.37,1671.3208593750096
2025-11-19 07:00:00,36385.39,34158.773,2226.6165624999994
2025-11-19 08:00:00,41034.65,40154.64,880.0093750000015
2025-11-19 09:00:00,42766.880000000005,42654.613,112.26671875000466
2025-11-19 10:00:00,43296.77,42724.78,571.9887499999968
2025-11-19 11:00:00,43509.149999999994,42621.56,887.5914062499942
2025-11-19 12:00:00,41400.37000000001,42154.496,-754.1260937499901
2025-11-19 13:00:00,41988.92,42505.6,-516.6815625000017
2025-11-19 14:00:00,42347.90000000001,42706.137,-358.23671874999127
2025-11-19 15:00:00,42629.48,42869.62,-240.1410937499968
2025-11-19 16:00:00,44219.33,43176.527,1042.8026562500017
2025-11-19 17:00:00,45602.229999999996,44549.59,1052.640156249996
2025-11-19 18:00:00,45287.189999999995,44647.938,639.252499999995
2025-11-19 19:00:00,44022.57000000001,43651.27,371.300468750007
2025-11-19 20:00:00,42837.840000000004,43069.574,-231.73421874999622
2025-11-19 21:00:00,41671.71,42772.453,-1100.7431250000009
2025-11-19 22:00:00,39864.47000000001,41643.203,-1778.7331249999916
2025-11-19 23:00:00,37759.93,38272.98,-513.0504687499997
2025-11-20 00:00:00,36046.229999999996,36271.457,-225.22703125000407
2025-11-20 01:00:00,34289.46,34830.434,-540.9735937500009
2025-11-20 02:00:00,33096.12,32877.758,218.36218750000262
2025-11-20 03:00:00,32359.2,32008.281,350.9187500000007
2025-11-20 04:00:00,32137.430000000004,31870.404,267.02570312500393
2025-11-20 05:00:00,32391.770000000004,32230.145,161.62546875000407
2025-11-20 06:00:00,33661.9,32316.459,1345.4410156250015
2025-11-20 07:00:00,36372.93000000001,34935.133,1437.7971875000076
2025-11-20 08:00:00,40954.149999999994,40517.65,436.5015624999942
2025-11-20 09:00:00,42610.03,42756.156,-146.12625000000116
2025-11-20 10:00:00,42743.77,42702.285,41.4848437499968
2025-11-20 11:00:00,42484.350000000006,42722.53,-238.18124999999418
2025-11-20 12:00:00,40454.009999999995,42194.824,-1740.8142187500052
2025-11-20 13:00:00,40863.26000000001,42461.598,-1598.3376562499907
2025-11-20 14:00:00,41650.50000000001,42844.855,-1194.3554687499927
2025-11-20 15:00:00,42099.34,42957.305,-857.9646875000035
2025-11-20 16:00:00,43081.170000000006,43268.875,-187.70499999999447
2025-11-20 17:00:00,45251.45,44743.695,507.7546874999971
2025-11-20 18:00:00,44874.31,44828.75,45.55999999999767
2025-11-20 19:00:00,43525.24999999999,43830.812,-305.5625000000073
2025-11-20 20:00:00,42700.76,43295.793,-595.032968749998
2025-11-20 21:00:00,41484.30000000001,43068.95,-1584.6492187499898
2025-11-20 22:00:00,39896.76,42082.02,-2185.259531249998
2025-11-20 23:00:00,37853.880000000005,38751.06,-897.1785937499953
2025-11-21 00:00:00,35866.229999999996,36009.418,-143.18796875000407
2025-11-21 01:00:00,34255.05999999999,34586.152,-331.0923437500096
2025-11-21 02:00:00,33086.91999999999,32836.785,250.13484374999098
2025-11-21 03:00:00,32288.010000000002,32411.398,-123.38843749999796
2025-11-21 04:00:00,32211.509999999995,31909.725,301.78539062499476
2025-11-21 05:00:00,32463.05,32241.01,222.04023437499927
2025-11-21 06:00:00,33855.72000000001,32359.303,1496.4172656250084
2025-11-21 07:00:00,36237.99,34664.812,1573.177499999998
2025-11-21 08:00:00,41146.05,40395.656,750.3937500000029
2025-11-21 09:00:00,42873.89,42517.82,356.0696874999994
2025-11-21 10:00:00,43004.37999999999,42599.066,405.3135937499901
2025-11-21 11:00:00,42909.58,42714.48,195.09953125000175
2025-11-21 12:00:00,40200.30999999999,42156.406,-1956.0962500000096
2025-11-21 13:00:00,40257.41000000001,42512.06,-2254.6485937499892
2025-11-21 14:00:00,42243.75000000001,42735.652,-491.9023437499927
2025-11-21 15:00:00,42877.06,42759.254,117.80609374999767
2025-11-21 16:00:00,43837.299999999996,43305.246,532.0539062499956
2025-11-21 17:00:00,45625.95,44576.156,1049.793749999997
2025-11-21 18:00:00,45104.33000000001,44529.133,575.197187500009
2025-11-21 19:00:00,43739.27,43630.438,108.8324999999968
2025-11-21 20:00:00,42662.49,43041.605,-379.11546875000204
2025-11-21 21:00:00,41277.63,42817.73,-1540.1004687500026
2025-11-21 22:00:00,39790.31999999999,41545.24,-1754.9182812500076
2025-11-21 23:00:00,38005.4,38350.812,-345.41249999999854
2025-11-22 00:00:00,35990.44,35665.4,325.0415625000023
2025-11-22 01:00:00,34059.229999999996,34528.316,-469.0864062500041
2025-11-22 02:00:00,32812.14,32685.953,126.18687499999942
2025-11-22 03:00:00,31930.37,31857.201,73.16882812499898
2025-11-22 04:00:00,31545.209999999995,31740.035,-194.8251562500045
2025-11-22 05:00:00,31737.989999999998,31639.293,98.69703124999796
2025-11-22 06:00:00,32251.38,31669.047,582.333125000001
2025-11-22 07:00:00,33241.30000000001,32715.623,525.6769531250102
2025-11-22 08:00:00,36426.79,36697.453,-270.6631249999991
2025-11-22 09:00:00,38632.33,39547.703,-915.3731249999983
2025-11-22 10:00:00,39924.62,40871.164,-946.5440624999974
2025-11-22 11:00:00,40064.23000000001,41243.477,-1179.2465624999895
2025-11-22 12:00:00,38766.62,40481.062,-1714.4424999999974
2025-11-22 13:00:00,38984.25,40737.105,-1752.85546875
2025-11-22 14:00:00,39210.54,41158.105,-1947.5654687499991
2025-11-22 15:00:00,39440.8,41000.195,-1559.395312499997
2025-11-22 16:00:00,39709.58,41333.766,-1624.1856249999983
2025-11-22 17:00:00,41739.020000000004,42616.04,-877.0190624999959
2025-11-22 18:00:00,42553.78999999999,42780.52,-226.7295312500064
2025-11-22 19:00:00,41426.15,42118.156,-692.0062499999985
2025-11-22 20:00:00,40424.05,41449.77,-1025.719531249997
2025-11-22 21:00:00,39444.06,40963.312,-1519.2525000000023
2025-11-22 22:00:00,37953.3,38861.71,-908.4109374999971
2025-11-22 23:00:00,35735.39,36505.38,-769.9889062500006
2025-11-23 00:00:00,34148.46,33871.254,277.2060937499991
2025-11-23 01:00:00,32453.849999999995,32609.352,-155.5015625000051
2025-11-23 02:00:00,31104.820000000003,31015.393,89.42742187500335
2025-11-23 03:00:00,30104.54,30432.78,-328.2392968749991
2025-11-23 04:00:00,29670.670000000002,29878.416,-207.7460156249981
2025-11-23 05:00:00,29722.179999999997,29553.17,169.01007812499665
2025-11-23 06:00:00,29971.949999999997,28857.453,1114.496874999997
2025-11-23 07:00:00,29792.26,28706.145,1086.1154687499984
2025-11-23 08:00:00,29832.9,29862.625,-29.724999999998545
2025-11-23 09:00:00,31242.190000000002,31848.219,-606.0287499999977
2025-11-23 10:00:00,33011.55000000001,33356.805,-345.2546874999898
2025-11-23 11:00:00,33961.450000000004,34369.23,-407.78046874999563
2025-11-23 12:00:00,33787.58,34781.977,-994.3965624999983
2025-11-23 13:00:00,33832.69,35649.227,-1816.5365624999977
2025-11-23 14:00:00,34238.9,35695.492,-1456.5921874999985
2025-11-23 15:00:00,34385.49999999999,35412.414,-1026.9140625000073
2025-11-23 16:00:00,35138.73,36501.71,-1362.9809374999968
2025-11-23 17:00:00,37771.83000000001,38197.03,-425.201249999991
2025-11-23 18:00:00,39469.49,38665.7,803.790781249998
2025-11-23 19:00:00,38725.94999999999,38760.93,-34.979687500010186
2025-11-23 20:00:00,37928.450000000004,38517.51,-589.0617187499956
2025-11-23 21:00:00,36889.07000000001,37600.34,-711.269843749993
2025-11-23 22:00:00,35775.17,36142.223,-367.05265625000175
2025-11-23 23:00:00,34050.25000000001,34102.13,-51.878906249992724
2025-11-24 00:00:00,32478.210000000003,33895.47,-1417.2587499999972
2025-11-24 01:00:00,30875.05,32037.684,-1162.6335937500007
2025-11-24 02:00:00,29629.3,30470.096,-840.7957031250007
2025-11-24 03:00:00,29173.22,29801.088,-627.8678906249988
2025-11-24 04:00:00,28910.73,29599.564,-688.8344531250004
2025-11-24 05:00:00,29396.039999999997,29950.322,-554.2822656250028
2025-11-24 06:00:00,31042.6,29915.908,1126.6917968749985
2025-11-24 07:00:00,34262.939999999995,32985.402,1277.537656249995
2025-11-24 08:00:00,39896.17,38745.383,1150.7871874999983
2025-11-24 09:00:00,42566.329999999994,42328.19,238.13859374999447
2025-11-24 10:00:00,42966.04,42667.57,298.4696875000009
2025-11-24 11:00:00,43428.98,42685.105,743.8745312500032
2025-11-24 12:00:00,41763.24,42278.703,-515.463125000002
2025-11-24 13:00:00,42386.2,42395.87,-9.67109375000291
2025-11-24 14:00:00,43423.25000000001,42341.887,1081.3632812500073
2025-11-24 15:00:00,43398.18,42361.855,1036.3245312500003
2025-11-24 16:00:00,44450.65,42847.26,1603.3882812500015
2025-11-24 17:00:00,46137.17999999999,44287.3,1849.879218749993
2025-11-24 18:00:00,45729.55,44654.258,1075.292187500003
2025-11-24 19:00:00,44317.12000000001,43726.86,590.2606250000099
2025-11-24 20:00:00,43184.20999999999,42903.508,280.70218749999185
2025-11-24 21:00:00,42022.47,42835.426,-812.9557812499988
2025-11-24 22:00:00,40001.46,41666.473,-1665.0126562500009
2025-11-24 23:00:00,37951.27999999999,38538.9,-587.6184375000084
2025-11-25 00:00:00,36071.89,36448.156,-376.2662500000006
2025-11-25 01:00:00,34346.23,34525.246,-179.0160937499968
2025-11-25 02:00:00,33003.83000000001,33429.14,-425.310624999991
2025-11-25 03:00:00,32315.09,32586.998,-271.90804687499985
2025-11-25 04:00:00,32008.31,32452.326,-444.0161718749987
2025-11-25 05:00:00,32217.140000000003,32889.51,-672.371718749997
2025-11-25 06:00:00,33619.299999999996,32777.363,841.9367187499956
2025-11-25 07:00:00,36625.799999999996,35053.367,1572.4328124999956
2025-11-25 08:00:00,41905.66,40547.55,1358.1092187500035
2025-11-25 09:00:00,44078.47,43554.79,523.6809375000012
2025-11-25 10:00:00,43752.2,43681.93,70.27031249999709
2025-11-25 11:00:00,43828.86,43647.81,181.05140625000058
2025-11-25 12:00:00,41673.13999999999,42901.43,-1228.2896875000079
2025-11-25 13:00:00,41531.62999999999,43127.336,-1595.70593750001
2025-11-25 14:00:00,42926.579999999994,43478.46,-551.8809375000055
2025-11-25 15:00:00,43557.89,43764.703,-206.81312500000058
2025-11-25 16:00:00,44833.87,44362.234,471.6356250000026
2025-11-25 17:00:00,46611.95999999999,45330.88,1281.0810937499919
2025-11-25 18:00:00,46065.5,45392.5,673.0
2025-11-25 19:00:00,44704.9,44577.457,127.44296875000146
2025-11-25 20:00:00,43581.530000000006,43741.37,-159.8410937499939
2025-11-25 21:00:00,42420.75000000001,43599.51,-1178.7617187499927
2025-11-25 22:00:00,40578.4,42419.78,-1841.3812499999985
2025-11-25 23:00:00,38500.81999999999,39329.973,-829.1526562500076
2025-11-26 00:00:00,35995.87,36713.316,-717.4464062499974
2025-11-26 01:00:00,34289.759999999995,35112.26,-822.5017187500052
2025-11-26 02:00:00,33122.380000000005,33527.07,-404.69031249999534
2025-11-26 03:00:00,32375.660000000003,32588.932,-213.2716406249965
2025-11-26 04:00:00,32029.789999999997,32367.203,-337.41312500000276
2025-11-26 05:00:00,32315.870000000003,32682.87,-366.9991406249974
2025-11-26 06:00:00,33751.47,32825.24,926.2317187500012
2025-11-26 07:00:00,36745.75,35203.8,1541.94921875
2025-11-26 08:00:00,41693.82000000001,41301.297,392.523125000007
2025-11-26 09:00:00,43678.01999999999,43852.746,-174.72609375001048
2025-11-26 10:00:00,44181.21,43859.746,321.4639062499991
2025-11-26 11:00:00,44166.21,43936.86,229.35062499999913
2025-11-26 12:00:00,41765.15,43489.535,-1724.3851562499985
2025-11-26 13:00:00,42304.01,43311.523,-1007.513437499998
2025-11-26 14:00:00,43324.82,43666.15,-341.3284375000003
2025-11-26 15:00:00,43727.57,43710.305,17.26531249999971
2025-11-26 16:00:00,44918.26,44117.023,801.236562500002
2025-11-26 17:00:00,47044.09,45394.582,1649.5079687499965
2025-11-26 18:00:00,46161.810000000005,45472.438,689.372500000005
2025-11-26 19:00:00,44880.67999999999,44893.03,-12.351250000006985
2025-11-26 20:00:00,43812.34,44244.88,-432.5389062500035
2025-11-26 21:00:00,42516.76999999999,43884.223,-1367.4526562500105
2025-11-26 22:00:00,40764.759999999995,42839.734,-2074.9743750000052
2025-11-26 23:00:00,38701.97,39396.74,-694.7682812499988
2025-11-27 00:00:00,36226.45,36918.508,-692.0578125000029
2025-11-27 01:00:00,34504.98000000001,35253.777,-748.7973437499895
2025-11-27 02:00:00,33573.25000000001,33373.703,199.54687500000728
2025-11-27 03:00:00,32719.88,32782.71,-62.83093749999898
2025-11-27 04:00:00,32577.81,32433.396,144.4135156250013
2025-11-27 05:00:00,32890.04,32820.336,69.70406250000087
2025-11-27 06:00:00,34139.59,32852.06,1287.5314062499965
2025-11-27 07:00:00,37075.11,35534.035,1541.0748437500006
2025-11-27 08:00:00,41705.21000000001,41444.645,260.5654687500064
2025-11-27 09:00:00,43529.82,43777.19,-247.3714062500003
2025-11-27 10:00:00,43740.22,43810.81,-70.58859374999884
2025-11-27 11:00:00,43656.38,43784.957,-128.57703125000262
2025-11-27 12:00:00,41469.32,43153.97,-1684.6487500000003
2025-11-27 13:00:00,41961.91000000001,43583.25,-1621.3399999999892
2025-11-27 14:00:00,42915.16,43785.883,-870.7228124999965
2025-11-27 15:00:00,43058.08,43905.367,-847.2871874999983
2025-11-27 16:00:00,44504.63,44154.234,350.3956249999974
2025-11-27 17:00:00,46628.80000000001,45424.18,1204.6203125000102
2025-11-27 18:00:00,46123.23,45462.8,660.4292187500032
2025-11-27 19:00:00,44863.52,44882.797,-19.2768750000032
2025-11-27 20:00:00,43795.98,44040.117,-244.1371874999968
2025-11-27 21:00:00,42684.27999999999,43674.367,-990.0871875000084
2025-11-27 22:00:00,41076.939999999995,42627.574,-1550.634218750005
2025-11-27 23:00:00,38779.32,39397.508,-618.1878125000003
2025-11-28 00:00:00,36489.01,36808.73,-319.72046874999796
2025-11-28 01:00:00,34670.1,35244.492,-574.3921875000015
2025-11-28 02:00:00,33652.5,33479.91,172.58984375
2025-11-28 03:00:00,32880.65000000001,33092.508,-211.85781249999127
2025-11-28 04:00:00,32557.359999999997,32301.906,255.45374999999694
2025-11-28 05:00:00,33001.08,32790.203,210.87687500000175
2025-11-28 06:00:00,34231.76999999999,32976.816,1254.9535937499895
2025-11-28 07:00:00,37084.83000000001,35706.676,1378.154218750009
2025-11-28 08:00:00,41883.01999999999,41424.137,458.8832812499895
2025-11-28 09:00:00,43659.22,43815.16,-155.94015624999884
2025-11-28 10:00:00,43791.19,43841.79,-50.59906249999767
2025-11-28 11:00:00,43803.55,43847.285,-43.73515624999709
2025-11-28 12:00:00,41121.9,43099.613,-1977.7132812499985
2025-11-28 13:00:00,41029.54,43484.715,-2455.174843749999
2025-11-28 14:00:00,42925.28,43598.52,-673.2395312500012
2025-11-28 15:00:00,43153.729999999996,43705.105,-551.3754687500041
2025-11-28 16:00:00,44304.2,44168.035,136.1648437499971
2025-11-28 17:00:00,46193.530000000006,45446.113,747.4167187500061
2025-11-28 18:00:00,45629.56,45612.39,17.16937499999767
2025-11-28 19:00:00,44129.05999999999,44840.934,-711.8735937500096
2025-11-28 20:00:00,43227.46,44239.88,-1012.4189062500009
2025-11-28 21:00:00,42116.9,43829.73,-1712.8304687499985
2025-11-28 22:00:00,40347.21,42566.105,-2218.895468750001
2025-11-28 23:00:00,38629.21000000001,39335.086,-705.8759374999936
2025-11-29 00:00:00,36164.30000000001,36583.77,-419.4695312499898
2025-11-29 01:00:00,34407.78999999999,35280.855,-873.0654687500064
2025-11-29 02:00:00,33045.03999999999,33611.99,-566.9482812500064
2025-11-29 03:00:00,32103.1,32639.73,-536.6304687500015
2025-11-29 04:00:00,31703.05,32455.637,-752.5867187500007
2025-11-29 05:00:00,31854.93,32465.924,-610.9938281249997
2025-11-29 06:00:00,32403.710000000003,32603.758,-200.04781249999724
2025-11-29 07:00:00,33492.46,34022.414,-529.9540625000009
2025-11-29 08:00:00,36562.99,37922.754,-1359.763906250002
2025-11-29 09:00:00,39283.29,40855.754,-1572.4639062499991
2025-11-29 10:00:00,40354.09,42343.438,-1989.3475000000035
2025-11-29 11:00:00,41535.259999999995,42687.37,-1152.1110937500052
2025-11-29 12:00:00,41100.020000000004,41802.383,-702.3628124999959
2025-11-29 13:00:00,41337.99,41838.31,-500.31859375000204
2025-11-29 14:00:00,41575.31,42269.08,-693.7681250000023
2025-11-29 15:00:00,41284.98,42061.23,-776.2504687499968
2025-11-29 16:00:00,41549.00000000001,42329.887,-780.8867187499927
2025-11-29 17:00:00,43531.4,44099.87,-568.4710937499985
2025-11-29 18:00:00,43949.48,44304.168,-354.6879687499968
2025-11-29 19:00:00,42678.33999999999,43307.625,-629.2850000000108
2025-11-29 20:00:00,41582.96,42559.684,-976.7235937500009
2025-11-29 21:00:00,40416.01,41973.38,-1557.368906249998
2025-11-29 22:00:00,38992.81,39950.46,-957.6509375000023
2025-11-29 23:00:00,37069.61000000001,37306.414,-236.80406249999214
2025-11-30 00:00:00,34855.59,34831.27,24.320468749996508
2025-11-30 01:00:00,33171.65,33754.957,-583.3070312499985
2025-11-30 02:00:00,31691.35,31856.611,-165.26132812500146
2025-11-30 03:00:00,30710.859999999997,31259.605,-548.745468750003
2025-11-30 04:00:00,30309.640000000003,30736.33,-426.69007812499694
2025-11-30 05:00:00,30138.05,30399.17,-261.1199218750007
2025-11-30 06:00:00,30330.800000000003,29828.11,502.6906250000029
2025-11-30 07:00:00,29953.26,29652.34,300.9201562499984
2025-11-30 08:00:00,30356.550000000003,30927.314,-570.7644531249971
2025-11-30 09:00:00,31747.36,33020.234,-1272.8743749999994
2025-11-30 10:00:00,33662.16,34724.1,-1061.9415624999965
2025-11-30 11:00:00,35116.42,35513.49,-397.06828125000175
2025-11-30 12:00:00,35410.98,35605.38,-194.3989062499968
2025-11-30 13:00:00,35973.85,36254.445,-280.59531250000146
2025-11-30 14:00:00,36056.19,36438.066,-381.8764062499977
2025-11-30 15:00:00,36364.13,36146.562,217.56749999999738
2025-11-30 16:00:00,37269.04,37616.13,-347.0889062499991
2025-11-30 17:00:00,39662.57,39727.7,-65.12921875000029
2025-11-30 18:00:00,40911.42,40168.63,742.7910937499983
2025-11-30 19:00:00,40182.07,40476.44,-294.3714062500003
2025-11-30 20:00:00,39268.63,39958.05,-689.4207812500026
2025-11-30 21:00:00,38306.58999999999,39060.074,-753.4842187500108
2025-11-30 22:00:00,36736.41,37315.62,-579.2110937499965
2025-11-30 23:00:00,34875.05000000001,35311.414,-436.3640624999898
2025-12-01 00:00:00,33451.48,35317.035,-1865.5551562499968
2025-12-01 01:00:00,31641.470000000005,33032.562,-1391.0924999999952
2025-12-01 02:00:00,30578.520000000004,31612.857,-1034.337421874996
2025-12-01 03:00:00,29853.460000000003,30462.281,-608.8212499999972
2025-12-01 04:00:00,29718.459999999995,30549.824,-831.3642187500045
2025-12-01 05:00:00,30221.74,30735.826,-514.0861718749984
2025-12-01 06:00:00,31729.310000000005,31403.906,325.40375000000495
2025-12-01 07:00:00,35178.9,34584.094,594.8062500000015
2025-12-01 08:00:00,41167.020000000004,41477.63,-310.6089062499959
2025-12-01 09:00:00,43985.850000000006,43821.945,163.90468750000582
2025-12-01 10:00:00,44752.37,45099.098,-346.7276562499974
2025-12-01 11:00:00,44888.49,45265.64,-377.15062500000204
2025-12-01 12:00:00,42733.51999999999,44101.4,-1367.8784375000105
2025-12-01 13:00:00,43874.060000000005,45024.027,-1149.967343749995
2025-12-01 14:00:00,44892.01,45071.027,-179.01734374999796
2025-12-01 15:00:00,45333.799999999996,45064.727,269.07343749999563
2025-12-01 16:00:00,46137.51000000001,45392.664,744.8459375000093
2025-12-01 17:00:00,47631.61000000001,45791.113,1840.4967187500079
2025-12-01 18:00:00,46879.95,46064.23,815.7195312499971
2025-12-01 19:00:00,45592.9,45789.69,-196.79140624999854
2025-12-01 20:00:00,44321.9,44306.69,15.208593750001455
2025-12-01 21:00:00,42976.55000000001,43801.094,-824.5437499999898
2025-12-01 22:00:00,41417.14,43029.203,-1612.0631250000006
2025-12-01 23:00:00,39616.99,40167.938,-550.947500000002
2025-12-02 00:00:00,37012.11,37679.0,-666.8899999999994
2025-12-02 01:00:00,35113.100000000006,35021.586,91.51406250000582
2025-12-02 02:00:00,33979.36,34476.504,-497.1439062499994
2025-12-02 03:00:00,33136.51000000001,32779.63,356.8810937500093
2025-12-02 04:00:00,32865.299999999996,32872.12,-6.821093750004366
2025-12-02 05:00:00,33118.35,33142.625,-24.275000000001455
2025-12-02 06:00:00,34661.08,33926.184,734.8964062500017
2025-12-02 07:00:00,37718.689999999995,36385.906,1332.783749999995
2025-12-02 08:00:00,43091.9,43229.203,-137.30312499999854
2025-12-02 09:00:00,45299.83999999999,45243.504,56.33609374998923
2025-12-02 10:00:00,45479.18000000001,46406.84,-927.6598437499924
2025-12-02 11:00:00,45281.91000000001,46346.324,-1064.4142187499892
2025-12-02 12:00:00,43161.94,44511.4,-1349.4584374999977
2025-12-02 13:00:00,43373.36,45287.453,-1914.0931249999994
2025-12-02 14:00:00,44027.45,45702.586,-1675.135937500003
2025-12-02 15:00:00,44507.66,46099.883,-1592.2228124999965
2025-12-02 16:00:00,46007.060000000005,46367.863,-360.80328124999505
2025-12-02 17:00:00,48103.32000000001,46692.184,1411.136406250007
2025-12-02 18:00:00,47567.55999999999,46999.746,567.8139062499904
2025-12-02 19:00:00,46334.98999999999,46369.586,-34.59593750000931
2025-12-02 20:00:00,45238.030000000006,44931.707,306.3229687500061
2025-12-02 21:00:00,43998.14,44369.355,-371.2154687500006
2025-12-02 22:00:00,42283.99999999999,43690.15,-1406.1484375000073
2025-12-02 23:00:00,39533.28,40462.35,-929.0715625000012
2025-12-03 00:00:00,37386.78,38318.918,-932.1379687500012
2025-12-03 01:00:00,35455.89,36133.582,-677.6920312500006
2025-12-03 02:00:00,34196.60999999999,34647.707,-451.0970312500067
2025-12-03 03:00:00,33379.07,33064.168,314.9020312499997
2025-12-03 04:00:00,33165.02,33113.598,51.4223437499968
2025-12-03 05:00:00,33516.01,33290.598,225.41234375000204
2025-12-03 06:00:00,35095.83000000001,34009.52,1086.310468750009
2025-12-03 07:00:00,38199.39,36463.8,1735.5892187499994
2025-12-03 08:00:00,43677.28,43546.957,130.32296874999884
2025-12-03 09:00:00,45890.02,45274.73,615.2895312499968
2025-12-03 10:00:00,45997.02,46078.76,-81.7417187500032
2025-12-03 11:00:00,45807.969999999994,46095.57,-287.6003125000061
2025-12-03 12:00:00,43201.54,45033.152,-1831.6123437499991
2025-12-03 13:00:00,43457.06,45918.76,-2461.7017187500023
2025-12-03 14:00:00,44326.09,45955.47,-1629.3787500000035
2025-12-03 15:00:00,44756.649999999994,45974.848,-1218.1976562500058
2025-12-03 16:00:00,45785.50000000001,46279.246,-493.7460937499927
2025-12-03 17:00:00,47881.8,46707.926,1173.874218750003
2025-12-03 18:00:00,47292.18000000001,46664.18,628.0003125000076
2025-12-03 19:00:00,45932.44,46579.703,-647.2631249999977
2025-12-03 20:00:00,44721.25,45204.984,-483.734375
2025-12-03 21:00:00,43639.65000000001,44774.05,-1134.4007812499913
2025-12-03 22:00:00,41970.5,43980.586,-2010.0859375
2025-12-03 23:00:00,39745.37,40834.36,-1088.9893749999974
2025-12-04 00:00:00,37618.130000000005,38002.03,-383.90124999999534
2025-12-04 01:00:00,35671.67,35797.535,-125.86515625000175
2025-12-04 02:00:00,34380.56,34690.598,-310.0376562500023
2025-12-04 03:00:00,33576.689999999995,32957.656,619.033749999995
2025-12-04 04:00:00,33294.8,33002.004,292.7960937500029
2025-12-04 05:00:00,33612.01999999999,33437.43,174.59031249998952
2025-12-04 06:00:00,35157.15,34143.113,1014.0367187500015
2025-12-04 07:00:00,38360.68000000001,36959.867,1400.8128125000076
2025-12-04 08:00:00,43560.759999999995,43809.47,-248.70875000000524
2025-12-04 09:00:00,46015.04000000001,45277.25,737.7900000000081
2025-12-04 10:00:00,46472.68,45736.367,736.3128125000003
2025-12-04 11:00:00,46612.41,45559.508,1052.9021875000035
2025-12-04 12:00:00,44504.31999999999,44370.63,133.69109374999243
2025-12-04 13:00:00,44548.12,45248.676,-700.5557812499974
2025-12-04 14:00:00,45328.93,45406.69,-77.76140624999971
2025-12-04 15:00:00,45659.23000000001,45447.406,211.82375000001048
2025-12-04 16:00:00,46900.17,46206.703,693.4668749999983
2025-12-04 17:00:00,48515.87000000001,46681.957,1833.91296875001
2025-12-04 18:00:00,47819.76999999999,46629.098,1190.6723437499895
2025-12-04 19:00:00,46440.08,46302.625,137.45500000000175
2025-12-04 20:00:00,45212.29,44928.72,283.5712500000009
2025-12-04 21:00:00,43873.12000000001,44434.59,-561.4698437499901
2025-12-04 22:00:00,42060.119999999995,43773.75,-1713.6300000000047
2025-12-04 23:00:00,39402.159999999996,40507.445,-1105.2853125000038
2025-12-05 00:00:00,37199.11,37668.734,-469.6243749999994
2025-12-05 01:00:00,35288.51,35575.95,-287.43921874999796
2025-12-05 02:00:00,33942.03,34253.402,-311.37234375000116
2025-12-05 03:00:00,33009.37,33321.707,-312.3370312499974
2025-12-05 04:00:00,32847.72,32861.703,-13.983124999998836
2025-12-05 05:00:00,33384.259999999995,33115.227,269.03343749999476
2025-12-05 06:00:00,34832.05000000001,33864.152,967.8976562500102
2025-12-05 07:00:00,37848.7,36662.637,1186.063281249997
2025-12-05 08:00:00,43038.48,43390.164,-351.6840624999968
2025-12-05 09:00:00,45455.95,44489.48,966.4695312499971
2025-12-05 10:00:00,46128.75000000001,45277.67,851.0781250000073
2025-12-05 11:00:00,46711.97,45253.92,1458.0481250000012
2025-12-05 12:00:00,44291.219999999994,43967.402,323.8176562499939
2025-12-05 13:00:00,43907.65,44854.156,-946.5062499999985
2025-12-05 14:00:00,45936.41,44899.68,1036.7303125000035
2025-12-05 15:00:00,46162.18,44965.39,1196.7893750000003
2025-12-05 16:00:00,47271.24999999999,45342.027,1929.2226562499927
2025-12-05 17:00:00,48635.95,45581.9,3054.051562499997
2025-12-05 18:00:00,47305.72,45758.8,1546.9192187500012
2025-12-05 19:00:00,45772.24,45549.613,222.62671874999796
2025-12-05 20:00:00,44504.88,44255.758,249.12218749999738
2025-12-05 21:00:00,43232.45999999999,43784.918,-552.4579687500081
2025-12-05 22:00:00,41518.89,43002.81,-1483.9185937500006
2025-12-05 23:00:00,39593.43,39929.707,-336.2770312499997
2025-12-06 00:00:00,37181.29,36949.555,231.73531250000087
2025-12-06 01:00:00,35273.31,35354.67,-81.36187500000233
2025-12-06 02:00:00,33752.83,34010.273,-257.44343749999825
2025-12-06 03:00:00,32827.85999999999,32782.43,45.430312499993306
2025-12-06 04:00:00,32374.2,32712.89,-338.6906249999993
2025-12-06 05:00:00,32334.220000000005,32276.215,58.0051562500048
2025-12-06 06:00:00,33215.26000000001,32886.758,328.5021875000093
2025-12-06 07:00:00,34370.4,34160.137,210.26328125000146
2025-12-06 08:00:00,37809.310000000005,38614.684,-805.373593749995
2025-12-06 09:00:00,40611.87000000001,40930.164,-318.2940624999901
2025-12-06 10:00:00,42483.59,43087.145,-603.5545312500035
2025-12-06 11:00:00,43940.17999999999,43345.02,595.160468749993
2025-12-06 12:00:00,42786.91,41836.676,950.2342187500035
2025-12-06 13:00:00,43064.41999999999,42523.72,540.701249999991
2025-12-06 14:00:00,43107.02,42859.984,247.0356249999968
2025-12-06 15:00:00,42384.63,42755.15,-370.5184375000026
2025-12-06 16:00:00,42696.06,43241.02,-544.9595312500023
2025-12-06 17:00:00,44421.47000000001,43974.53,446.93875000000844
2025-12-06 18:00:00,44734.02999999999,44050.5,683.5299999999916
2025-12-06 19:00:00,43743.57,43684.89,58.67937499999971
2025-12-06 20:00:00,42516.32000000001,42715.023,-198.70343749999302
2025-12-06 21:00:00,41366.58,41836.88,-470.29890624999825
2025-12-06 22:00:00,39646.59999999999,40415.004,-768.4039062500087
2025-12-06 23:00:00,37722.24,37718.758,3.4821874999979627
2025-12-07 00:00:00,35421.329999999994,35318.312,103.01749999999447
2025-12-07 01:00:00,33524.88999999999,33864.367,-339.47718750000786
2025-12-07 02:00:00,32087.43,32124.53,-37.09929687499971
2025-12-07 03:00:00,30979.32,31215.195,-235.8753125000003
2025-12-07 04:00:00,30424.549999999996,30771.668,-347.11796875000437
2025-12-07 05:00:00,30303.21,30465.396,-162.18648437500087
2025-12-07 06:00:00,30622.430000000004,30159.674,462.75617187500393
2025-12-07 07:00:00,30843.3,30064.43,778.8703124999993
2025-12-07 08:00:00,30708.18,31792.164,-1083.9840624999997
2025-12-07 09:00:00,32458.440000000002,33859.223,-1400.7826562499977
2025-12-07 10:00:00,34570.77,35954.9,-1384.1284375000032
2025-12-07 11:00:00,35891.51,36654.938,-763.427499999998
2025-12-07 12:00:00,36682.72,36506.016,176.70437500000116
2025-12-07 13:00:00,37018.96,37881.164,-862.2040625000009
2025-12-07 14:00:00,37069.0,37939.246,-870.24609375
2025-12-07 15:00:00,37385.72000000001,37679.242,-293.52218749999156
2025-12-07 16:00:00,38207.16000000001,38477.73,-270.57046874998923
2025-12-07 17:00:00,40287.44,39675.824,611.6157812500023
2025-12-07 18:00:00,41357.84,40282.277,1075.5626562499965
2025-12-07 19:00:00,40869.11000000001,41285.76,-416.65171874999214
2025-12-07 20:00:00,40106.25,40203.883,-97.6328125
2025-12-07 21:00:00,39077.21000000001,39191.945,-114.7353124999936
2025-12-07 22:00:00,37681.29,37935.77,-254.47953124999913
2025-12-07 23:00:00,35815.63,35959.098,-143.46765625000262
2025-12-08 00:00:00,33523.71,35472.68,-1948.9696875000009
2025-12-08 01:00:00,32019.130000000005,33048.613,-1029.4832812499953
2025-12-08 02:00:00,30840.289999999997,31735.143,-894.8525781250028
2025-12-08 03:00:00,30232.170000000002,30582.322,-350.1522656249981
2025-12-08 04:00:00,29931.4,30662.455,-731.0550781249985
2025-12-08 05:00:00,30548.450000000004,30858.795,-310.34492187499563
2025-12-08 06:00:00,32082.87,31576.709,506.161015624999
2025-12-08 07:00:00,35697.42999999999,34830.723,866.707343749993
2025-12-08 08:00:00,42089.81999999999,41692.082,397.73796874999243
2025-12-08 09:00:00,45475.34,44448.105,1027.2345312499965
2025-12-08 10:00:00,46604.659999999996,45501.35,1103.3084374999962
2025-12-08 11:00:00,47132.32,45421.473,1710.8473437499997
2025-12-08 12:00:00,45699.64,44240.88,1458.7610937499994
2025-12-08 13:00:00,46193.590000000004,45167.742,1025.8478125000038
2025-12-08 14:00:00,46846.740000000005,45266.55,1580.1892187500052
2025-12-08 15:00:00,46897.52,45203.453,1694.0668749999968
2025-12-08 16:00:00,47967.41999999999,45485.164,2482.255937499991
2025-12-08 17:00:00,49025.46,45847.74,3177.721718749999
2025-12-08 18:00:00,47586.579999999994,46052.895,1533.6854687499945
2025-12-08 19:00:00,46121.28999999999,45527.38,593.9110937499936
2025-12-08 20:00:00,45078.16,44046.516,1031.6443750000035
2025-12-08 21:00:00,43765.82,43691.64,74.17937499999971
2025-12-08 22:00:00,41522.23999999999,43143.95,-1621.7092187500093
2025-12-08 23:00:00,39196.71,40247.37,-1050.6610937500009
2025-12-09 00:00:00,37555.06,37689.42,-134.36187500000233
2025-12-09 01:00:00,35443.29000000001,35083.656,359.63375000000815
2025-12-09 02:00:00,33951.51,34608.01,-656.501718749998
2025-12-09 03:00:00,33165.2,32907.863,257.3367187499971
2025-12-09 04:00:00,33005.27,32969.76,35.5082812499968
2025-12-09 05:00:00,33157.64,33238.383,-80.74281250000058
2025-12-09 06:00:00,34262.06,34009.9,252.16156249999767
2025-12-09 07:00:00,38186.5,36468.28,1718.21875
2025-12-09 08:00:00,43800.2,43367.1,433.0984374999971
2025-12-09 09:00:00,46626.31,45323.535,1302.7748437499977
2025-12-09 10:00:00,47278.700000000004,45948.72,1329.9812500000044
2025-12-09 11:00:00,47504.42,45774.68,1729.7403124999983
2025-12-09 12:00:00,45569.64,44595.082,974.5579687499994
2025-12-09 13:00:00,45949.27,45579.87,369.3989062499968
2025-12-09 14:00:00,46913.5,45685.676,1227.82421875
2025-12-09 15:00:00,47059.03,45719.63,1339.4010937499988
2025-12-09 16:00:00,47962.159999999996,45998.598,1963.5623437499962
2025-12-09 17:00:00,49453.5,46635.805,2817.6953125
2025-12-09 18:00:00,47785.08,46334.797,1450.2831250000017
2025-12-09 19:00:00,46301.26,46080.547,220.71312500000204
2025-12-09 20:00:00,45082.29,44626.074,456.2157812500009
2025-12-09 21:00:00,43524.56999999999,44197.883,-673.3128125000076
2025-12-09 22:00:00,42150.61000000001,43505.71,-1355.1009374999921
2025-12-09 23:00:00,40902.44,40602.465,299.9751562500023
2025-12-10 00:00:00,38303.56,38242.902,60.65765624999767
2025-12-10 01:00:00,36039.66,36212.176,-172.5157812499965
2025-12-10 02:00:00,34596.76,34929.566,-332.80640624999796
2025-12-10 03:00:00,33322.98,33136.625,186.3550000000032
2025-12-10 04:00:00,33139.82,33104.54,35.28093749999971
2025-12-10 05:00:00,33415.93000000001,33409.688,6.242500000007567
2025-12-10 06:00:00,34802.72,34129.89,672.8293750000012
2025-12-10 07:00:00,38735.58,36615.965,2119.6151562500017
2025-12-10 08:00:00,44079.30000000001,43413.21,666.0890625000102
2025-12-10 09:00:00,46537.84999999999,44963.656,1574.1937499999913
2025-12-10 10:00:00,46648.86,45738.69,910.1685937500006
2025-12-10 11:00:00,46258.87,45749.21,509.6590625000026
2025-12-10 12:00:00,43931.51000000001,44457.07,-525.5603124999907
2025-12-10 13:00:00,44036.93,45513.387,-1476.4567187499997
2025-12-10 14:00:00,45348.28,45563.062,-214.78250000000116
2025-12-10 15:00:00,45622.01999999999,45637.23,-15.210468750010477
2025-12-10 16:00:00,46902.32,45954.082,948.2379687499997
2025-12-10 17:00:00,48620.74,46712.18,1908.560312499998
2025-12-10 18:00:00,47719.51,46806.387,913.123281250002
2025-12-10 19:00:00,46320.520000000004,46269.074,51.445781250004075
2025-12-10 20:00:00,45095.76,44955.645,140.11546875000204
2025-12-10 21:00:00,43932.23,44446.67,-514.4418749999968
2025-12-10 22:00:00,42175.67,43597.46,-1421.7909375000017
2025-12-10 23:00:00,40443.87,40583.26,-139.39171874999738
2025-12-11 00:00:00,37848.99,38368.516,-519.525625000002
2025-12-11 01:00:00,35627.99,35999.027,-371.03734375000204
2025-12-11 02:00:00,34303.26,34564.14,-260.88062499999796
2025-12-11 03:00:00,33565.049999999996,33024.848,540.2023437499956
2025-12-11 04:00:00,33273.41000000001,33042.2,231.21078125001077
2025-12-11 05:00:00,33577.77999999999,33347.06,230.72140624999156
2025-12-11 06:00:00,35172.09,34110.59,1061.5001562499965
2025-12-11 07:00:00,38475.65,37045.44,1430.2085937500015
2025-12-11 08:00:00,44310.44,43671.164,639.2759375000023
2025-12-11 09:00:00,46882.450000000004,45035.715,1846.7351562500044
2025-12-11 10:00:00,47450.7,46014.676,1436.024218749997
2025-12-11 11:00:00,47551.65000000001,46013.07,1538.5796875000087
2025-12-11 12:00:00,45492.04,44726.887,765.1532812500009
2025-12-11 13:00:00,45938.34,45749.637,188.7032812499965
2025-12-11 14:00:00,46738.55,45991.04,747.5109375000029
2025-12-11 15:00:00,46752.18000000001,46256.617,495.56281250000757
2025-12-11 16:00:00,47756.979999999996,46519.418,1237.562031249996
2025-12-11 17:00:00,48875.71000000001,46970.06,1905.6514062500064
2025-12-11 18:00:00,48592.41,46860.055,1732.3553125000035
2025-12-11 19:00:00,46965.71,46599.05,366.6592187499991
2025-12-11 20:00:00,45843.8,44806.01,1037.788281250003
2025-12-11 21:00:00,44801.18,44307.0,494.1800000000003
2025-12-11 22:00:00,43042.22,44151.664,-1109.4440624999988
2025-12-11 23:00:00,38815.66,40972.656,-2156.9962499999965
2025-12-12 00:00:00,38351.69,38600.92,-249.23187499999767
2025-12-12 01:00:00,36101.48999999999,36629.555,-528.0646875000093
2025-12-12 02:00:00,34650.06,34877.97,-227.90875000000233
2025-12-12 03:00:00,33846.67,33686.67,159.99812499999825
2025-12-12 04:00:00,33546.84,33222.223,324.6173437499965
2025-12-12 05:00:00,33870.75000000001,33392.723,478.0273437500073
2025-12-12 06:00:00,35371.33,34218.164,1153.1659375000017
2025-12-12 07:00:00,38857.63,37245.3,1612.3292187499974
2025-12-12 08:00:00,44535.60999999999,43856.742,678.8678124999933
2025-12-12 09:00:00,46580.48,45535.734,1044.7456250000032
2025-12-12 10:00:00,46878.280000000006,46346.484,531.7956250000061
2025-12-12 11:00:00,47022.030000000006,46307.812,714.2175000000061
2025-12-12 12:00:00,44297.29,44996.227,-698.9365624999991
2025-12-12 13:00:00,43860.92,46115.65,-2254.7284375000017
2025-12-12 14:00:00,45655.76000000001,46214.62,-558.8610937499907
2025-12-12 15:00:00,45781.46,46147.87,-366.4110937500009
2025-12-12 16:00:00,47015.81999999999,46461.824,553.9957812499924
2025-12-12 17:00:00,48783.079999999994,46912.184,1870.8964062499945
2025-12-12 18:00:00,47954.63,46489.625,1465.0049999999974
2025-12-12 19:00:00,46429.91,46174.21,255.6990625000035
2025-12-12 20:00:00,45449.939999999995,45125.32,324.61968749999505
2025-12-12 21:00:00,43912.74,44674.074,-761.334218750002
2025-12-12 22:00:00,42280.200000000004,43853.055,-1572.8546874999956
2025-12-12 23:00:00,38942.18000000001,41219.484,-2277.3043749999924
2025-12-13 00:00:00,37879.36,37913.234,-33.87437499999942
2025-12-13 01:00:00,35956.61,36218.19,-261.5814062499994
2025-12-13 02:00:00,34409.4,34748.2,-338.79921874999854
2025-12-13 03:00:00,33408.35,33093.7,314.65078124999854
2025-12-13 04:00:00,33344.08,33035.625,308.45500000000175
2025-12-13 05:00:00,33284.72,32907.477,377.24343750000116
2025-12-13 06:00:00,34135.06999999999,33637.953,497.11687499999243
2025-12-13 07:00:00,35503.7,34997.566,506.1335937499971
2025-12-13 08:00:00,38965.96000000001,39248.094,-282.1337499999936
2025-12-13 09:00:00,41412.75,41833.418,-420.66796875
2025-12-13 10:00:00,42803.8,44064.145,-1260.344531249997
2025-12-13 11:00:00,43187.46,44629.137,-1441.6767187500009
2025-12-13 12:00:00,42017.27,42867.055,-849.7846875000032
2025-12-13 13:00:00,42042.57,43680.547,-1637.9768750000003
2025-12-13 14:00:00,42253.3,44144.07,-1890.770312499997
2025-12-13 15:00:00,41999.67,44158.062,-2158.3925000000017
2025-12-13 16:00:00,42691.490000000005,44185.707,-1494.2170312499948
2025-12-13 17:00:00,44915.049999999996,44806.4,108.65156249999563
2025-12-13 18:00:00,45543.700000000004,45278.355,265.34453125000437
2025-12-13 19:00:00,44575.619999999995,45186.23,-610.6104687500047
2025-12-13 20:00:00,43414.33,43746.484,-332.15437499999825
2025-12-13 21:00:00,42268.18,42879.7,-611.5192187499997
2025-12-13 22:00:00,40712.43,41378.473,-666.0426562499997
2025-12-13 23:00:00,38795.99,38894.93,-98.93968750000204
2025-12-14 00:00:00,36496.63999999999,36149.62,347.01890624999214
2025-12-14 01:00:00,34569.72,34429.094,140.62625000000116
2025-12-14 02:00:00,33054.29,32664.197,390.0927343750009
2025-12-14 03:00:00,31876.74,31644.72,232.0192968750016
2025-12-14 04:00:00,31546.439999999995,31156.494,389.94585937499505
2025-12-14 05:00:00,31354.869999999995,30755.4,599.4696093749953
2025-12-14 06:00:00,31567.720000000005,30600.717,967.0032031250048
2025-12-14 07:00:00,31608.310000000005,30462.797,1145.513125000005
2025-12-14 08:00:00,31984.1,32200.396,-216.29648437500146
2025-12-14 09:00:00,32690.739999999998,34085.54,-1394.799062500002
2025-12-14 10:00:00,34204.82,36464.406,-2259.5862500000003
2025-12-14 11:00:00,35368.880000000005,37255.332,-1886.4520312499953
2025-12-14 12:00:00,35525.76000000001,37155.816,-1630.0564062499907
2025-12-14 13:00:00,36174.22,38606.543,-2432.322968749999
2025-12-14 14:00:00,36750.30999999999,38660.594,-1910.2837500000096
2025-12-14 15:00:00,36642.21,38035.26,-1393.0517187500009
2025-12-14 16:00:00,38347.24999999999,39324.52,-977.2695312500073
2025-12-14 17:00:00,40924.229999999996,40351.68,572.5503124999959
2025-12-14 18:00:00,42386.61,41109.1,1277.5084375000006
2025-12-14 19:00:00,42105.97,41909.51,196.45828125000116
2025-12-14 20:00:00,41188.82,40926.574,262.2457812499997
2025-12-14 21:00:00,40249.17,39982.625,266.54499999999825
2025-12-14 22:00:00,39097.27,39130.95,-33.6792187500032
2025-12-14 23:00:00,36302.66,36816.336,-513.6759374999965
2025-12-15 00:00:00,34927.04000000001,36140.246,-1213.2060937499919
2025-12-15 01:00:00,32786.52,33376.617,-590.0971875000032
2025-12-15 02:00:00,31465.19,31942.393,-477.2025781250013
2025-12-15 03:00:00,30748.01,30692.14,55.8693749999984
2025-12-15 04:00:00,30604.240000000005,30788.398,-184.15843749999476
2025-12-15 05:00:00,30941.680000000004,31061.977,-120.29656249999607
2025-12-15 06:00:00,32807.76999999999,31671.133,1136.6371874999895
2025-12-15 07:00:00,36954.31,35464.7,1489.6107812499977
2025-12-15 08:00:00,43690.13999999999,42599.22,1090.9212499999921
2025-12-15 09:00:00,46779.22,45230.742,1548.4778125000012
2025-12-15 10:00:00,47396.17999999999,45968.06,1428.121406249993
2025-12-15 11:00:00,47832.71,46124.777,1707.9326562499991
2025-12-15 12:00:00,46923.45999999999,44882.137,2041.3232812499919
2025-12-15 13:00:00,47597.469999999994,45365.49,2231.981718749994
2025-12-15 14:00:00,47992.94000000001,45442.17,2550.7681250000096
2025-12-15 15:00:00,47717.88999999999,45834.297,1883.5931249999921
2025-12-15 16:00:00,48550.23,46159.137,2391.093281250003
2025-12-15 17:00:00,49941.299999999996,47029.426,2911.8742187499956
2025-12-15 18:00:00,48946.66999999999,46950.926,1995.744218749991
2025-12-15 19:00:00,47524.77,46379.574,1145.1957812499968
2025-12-15 20:00:00,46515.37000000001,45073.402,1441.96765625001
2025-12-15 21:00:00,45160.65000000001,44525.773,634.8765625000087
2025-12-15 22:00:00,43189.42999999999,43882.637,-693.206718750007
2025-12-15 23:00:00,41112.22,41059.316,52.903593750001164
2025-12-16 00:00:00,38380.32000000001,38531.402,-151.08234374999302
2025-12-16 01:00:00,36311.12000000001,35924.645,386.4754687500099
2025-12-16 02:00:00,35071.08,35120.14,-49.060624999998254
2025-12-16 03:00:00,34206.83,33393.87,812.9589062500017
2025-12-16 04:00:00,34024.4,33483.383,541.0171875000015
2025-12-16 05:00:00,34316.189999999995,33882.76,433.42828124999505
2025-12-16 06:00:00,35925.73,34882.887,1042.8432812500032
2025-12-16 07:00:00,39379.88,37846.273,1533.6065624999974
2025-12-16 08:00:00,45531.219999999994,44604.6,926.6184374999939
2025-12-16 09:00:00,48076.78,46320.844,1755.9362499999988
2025-12-16 10:00:00,48070.26,47228.145,842.115468750002
2025-12-16 11:00:00,48008.94999999999,46883.363,1125.5867187499898
2025-12-16 12:00:00,45963.94000000001,45755.863,208.0767187500096
2025-12-16 13:00:00,45998.66,47099.707,-1101.0470312499965
2025-12-16 14:00:00,47051.93000000001,47152.23,-100.30046874999243
2025-12-16 15:00:00,47206.02,47109.78,96.2387499999968
2025-12-16 16:00:00,48477.46,47303.242,1174.2178124999991
2025-12-16 17:00:00,50357.009999999995,47780.58,2576.4318749999948
2025-12-16 18:00:00,49286.24,47595.492,1690.747812499998
2025-12-16 19:00:00,47878.06999999999,47098.47,779.6012499999924
2025-12-16 20:00:00,46775.94999999999,45686.336,1089.6140624999898
2025-12-16 21:00:00,45553.9,45077.266,476.63437500000146
2025-12-16 22:00:00,43870.68,44671.664,-800.9840624999997
2025-12-16 23:00:00,40576.86000000001,41689.31,-1112.4485937499921
2025-12-17 00:00:00,38370.32000000001,38794.254,-423.933906249993
2025-12-17 01:00:00,36333.91,36578.71,-244.8009374999965
2025-12-17 02:00:00,34864.82,35254.74,-389.9182812500003
2025-12-17 03:00:00,34157.14,33702.76,454.3782812499994
2025-12-17 04:00:00,33961.28,33713.39,247.88937499999884
2025-12-17 05:00:00,34399.77,34127.312,272.4574999999968
2025-12-17 06:00:00,35972.84,35081.41,891.4298437499965
2025-12-17 07:00:00,39502.24,37595.47,1906.771249999998
2025-12-17 08:00:00,45570.55,44737.22,833.3312500000029
2025-12-17 09:00:00,47920.47000000001,45772.543,2147.9270312500084
2025-12-17 10:00:00,47411.38,46593.85,817.5284374999974
2025-12-17 11:00:00,46866.38,46913.844,-47.46375000000262
2025-12-17 12:00:00,44287.51,45684.37,-1396.861093749998
2025-12-17 13:00:00,44866.93000000001,46499.246,-1632.3160937499924
2025-12-17 14:00:00,45374.35,46775.664,-1401.3140625000015
2025-12-17 15:00:00,45690.159999999996,46795.22,-1105.0587500000038
2025-12-17 16:00:00,47462.01,47116.44,345.56859375000204
2025-12-17 17:00:00,49712.12,47458.133,2253.9871875000026
2025-12-17 18:00:00,49309.37,47419.574,1889.7957812500026
2025-12-17 19:00:00,47825.33,47008.402,816.9276562500017
2025-12-17 20:00:00,46844.25,45627.793,1216.45703125
2025-12-17 21:00:00,45549.1,45054.195,494.90468749999854
2025-12-17 22:00:00,43904.04000000001,44662.887,-758.8467187499919
2025-12-17 23:00:00,41582.33,41547.527,34.802656250001746
2025-12-18 00:00:00,38709.02,38989.95,-280.9292187500032
2025-12-18 01:00:00,36709.23,36783.58,-74.3481249999968
2025-12-18 02:00:00,35296.9,35248.08,48.821875000001455
2025-12-18 03:00:00,34549.08,33672.598,876.4823437500017
2025-12-18 04:00:00,34259.46,33769.97,489.4912499999991
2025-12-18 05:00:00,34636.11,34081.45,554.6607812500006
2025-12-18 06:00:00,36329.23,34883.29,1445.9409375000032
2025-12-18 07:00:00,39808.19,37693.594,2114.5962500000023
2025-12-18 08:00:00,46020.71,44533.79,1486.9209374999991
2025-12-18 09:00:00,48407.87999999999,46198.797,2209.08312499999
2025-12-18 10:00:00,48007.22,46951.363,1055.8567187500012
2025-12-18 11:00:00,47504.56,46935.46,569.0990624999977
2025-12-18 12:00:00,44971.59,45612.414,-640.8240625000035
2025-12-18 13:00:00,45117.15,46793.508,-1676.3578124999985
2025-12-18 14:00:00,45688.77,46778.086,-1089.3159375000032
2025-12-18 15:00:00,46229.49,46789.367,-559.877187500002
2025-12-18 16:00:00,47557.76999999999,47041.8,515.9692187499895
2025-12-18 17:00:00,49830.51,47494.32,2336.189687500002
2025-12-18 18:00:00,49460.149999999994,47472.66,1987.4898437499942
2025-12-18 19:00:00,48109.66,47163.98,945.6795312500035
2025-12-18 20:00:00,46746.63,45809.344,937.2862499999974
2025-12-18 21:00:00,45770.48000000001,45140.258,630.2221875000105
2025-12-18 22:00:00,43775.69999999999,44706.848,-931.1476562500102
2025-12-18 23:00:00,41376.57,41565.613,-189.0432812500003
2025-12-19 00:00:00,38918.12,38859.816,58.30359375000262
2025-12-19 01:00:00,36870.37999999999,36761.543,108.8370312499901
2025-12-19 02:00:00,35334.81,35217.875,116.93499999999767
2025-12-19 03:00:00,34653.229999999996,34148.164,505.0659374999959
2025-12-19 04:00:00,34205.21,33667.26,537.9482812499991
2025-12-19 05:00:00,34560.36,33920.387,639.9732812500006
2025-12-19 06:00:00,36028.840000000004,34328.1,1700.7384375000038
2025-12-19 07:00:00,39566.53,37944.902,1621.6276562499988
2025-12-19 08:00:00,45638.58,44853.17,785.4081250000017
2025-12-19 09:00:00,47996.99999999999,46113.773,1883.2265624999927
2025-12-19 10:00:00,47840.35999999999,46936.29,904.0709374999933
2025-12-19 11:00:00,47585.28,46879.51,705.7682812499988
2025-12-19 12:00:00,44762.659999999996,45781.785,-1019.1251562500038
2025-12-19 13:00:00,43275.11,46263.137,-2988.0267187499994
2025-12-19 14:00:00,45306.07000000001,46722.23,-1416.160468749993
2025-12-19 15:00:00,45459.310000000005,46741.773,-1282.463437499995
2025-12-19 16:00:00,46919.27999999999,47026.71,-107.43093750000844
2025-12-19 17:00:00,49166.72000000001,47423.6,1743.1184375000084
2025-12-19 18:00:00,48681.73999999999,47114.816,1566.9235937499907
2025-12-19 19:00:00,47227.87,47003.066,224.80359375000262
2025-12-19 20:00:00,45927.03,45665.27,261.76046874999884
2025-12-19 21:00:00,44606.89,45080.492,-473.6021875000006
2025-12-19 22:00:00,43150.95,44652.508,-1501.557812500003
2025-12-19 23:00:00,39334.28999999999,41568.805,-2234.5146875000064
2025-12-20 00:00:00,38768.09,38305.0,463.0899999999965
2025-12-20 01:00:00,36543.63,36640.97,-97.33875000000262
2025-12-20 02:00:00,35042.14,35145.438,-103.29750000000058
2025-12-20 03:00:00,34134.34,33565.203,569.1368749999965
2025-12-20 04:00:00,33753.23,33457.91,295.3198437500032
2025-12-20 05:00:00,33868.39,33182.582,685.8079687499994
2025-12-20 06:00:00,34681.30000000001,34205.39,475.9093750000102
2025-12-20 07:00:00,36333.92,35339.285,994.6348437499983
2025-12-20 08:00:00,39935.09,40256.67,-321.5818750000035
2025-12-20 09:00:00,42517.310000000005,42813.746,-296.43609374999505
2025-12-20 10:00:00,43713.19,44849.902,-1136.7123437499977
2025-12-20 11:00:00,44319.189999999995,45194.395,-875.204531250005
2025-12-20 12:00:00,42762.39000000001,43739.22,-976.8287499999933
2025-12-20 13:00:00,42633.02,44249.5,-1616.4800000000032
2025-12-20 14:00:00,42523.91,44639.76,-2115.8517187499965
2025-12-20 15:00:00,42248.28,44675.527,-2427.247343750001
2025-12-20 16:00:00,43273.98,44762.863,-1488.8832812499968
2025-12-20 17:00:00,45464.59999999999,45300.92,163.67812499999127
2025-12-20 18:00:00,46221.73,45590.637,631.0932812500032
2025-12-20 19:00:00,44978.4,45549.43,-571.0296874999985
2025-12-20 20:00:00,43791.74,44086.703,-294.96312500000204
2025-12-20 21:00:00,42759.1,43366.793,-607.6929687500015
2025-12-20 22:00:00,41134.30000000001,41790.63,-656.3289062499898
2025-12-20 23:00:00,39300.62999999999,39291.22,9.411249999990105
2025-12-21 00:00:00,36764.08,36094.78,669.2987500000017
2025-12-21 01:00:00,34803.82000000001,34646.42,157.39812500000698
2025-12-21 02:00:00,33315.670000000006,32654.133,661.5371875000055
2025-12-21 03:00:00,32337.17,31515.043,822.1270312499983
2025-12-21 04:00:00,31766.349999999995,31218.754,547.5960937499949
2025-12-21 05:00:00,31676.869999999995,30829.424,847.4461718749953
2025-12-21 06:00:00,31767.370000000003,30695.975,1071.3953906250026
2025-12-21 07:00:00,32088.769999999997,30650.447,1438.3227343749968
2025-12-21 08:00:00,32416.25,32365.441,50.80859375
2025-12-21 09:00:00,34114.39,34198.33,-83.93812500000058
2025-12-21 10:00:00,36185.840000000004,36471.8,-285.9607812499962
2025-12-21 11:00:00,37923.19,37264.816,658.3735937500023
2025-12-21 12:00:00,38307.67,37127.133,1180.5371874999983
2025-12-21 13:00:00,38513.21,38396.754,116.45609374999913
2025-12-21 14:00:00,38579.14,38615.6,-36.46156250000058
2025-12-21 15:00:00,38555.950000000004,38586.164,-30.214062499995634
2025-12-21 16:00:00,39709.42,39092.68,616.7403124999983
2025-12-21 17:00:00,41809.37,40757.09,1052.2801562500026
2025-12-21 18:00:00,42875.81,41261.32,1614.4896874999977
2025-12-21 19:00:00,42196.41,42008.805,187.6053125000035
2025-12-21 20:00:00,41315.96,40917.938,398.0224999999991
2025-12-21 21:00:00,40296.4,39871.582,424.81796875000146
2025-12-21 22:00:00,39036.329999999994,38938.918,97.41203124999447
2025-12-21 23:00:00,36773.32,36745.01,28.30828124999971
2025-12-22 00:00:00,34901.13,35551.598,-650.4676562500026
2025-12-22 01:00:00,32879.17,33158.184,-279.01359375000175
2025-12-22 02:00:00,31642.130000000005,31766.264,-124.13367187499534
2025-12-22 03:00:00,30934.420000000002,30604.361,330.0586718750019
2025-12-22 04:00:00,30702.580000000005,30675.697,26.882734375005384
2025-12-22 05:00:00,31088.34,30948.506,139.83414062500015
2025-12-22 06:00:00,32563.69,31679.98,883.7095312499987
2025-12-22 07:00:00,37046.08000000001,35048.15,1997.931562500009
2025-12-22 08:00:00,43682.08999999999,41772.676,1909.4142187499892
2025-12-22 09:00:00,46970.27,44511.215,2459.055156249997
2025-12-22 10:00:00,48078.9,45492.016,2586.8843750000015
2025-12-22 11:00:00,48693.25,45588.367,3104.8828125
2025-12-22 12:00:00,47061.65000000001,44455.133,2606.5171875000087
2025-12-22 13:00:00,47257.13,45499.9,1757.2315624999974
2025-12-22 14:00:00,48214.46,45446.516,2767.944374999999
2025-12-22 15:00:00,48595.62,45674.1,2921.5184375000026
2025-12-22 16:00:00,49642.380000000005,45915.56,3726.8214062500047
2025-12-22 17:00:00,50586.15,46526.496,4059.6539062500015
2025-12-22 18:00:00,48950.14,46616.246,2333.8939062499994
2025-12-22 19:00:00,47393.58,46190.24,1203.3417187500017
2025-12-22 20:00:00,46047.32,44796.98,1250.3395312499997
2025-12-22 21:00:00,44590.69000000001,44121.402,469.2876562500096
2025-12-22 22:00:00,42675.299999999996,43505.56,-830.2585937500044
2025-12-22 23:00:00,39878.31,40653.633,-775.3228125000023
2025-12-23 00:00:00,38370.47,38112.89,257.57937500000116
2025-12-23 01:00:00,36218.15,35286.3,931.8492187500015
2025-12-23 02:00:00,34865.67,34448.625,417.04499999999825
2025-12-23 03:00:00,34053.85,32844.45,1209.4007812499985
2025-12-23 04:00:00,33853.69,33087.06,766.6314062500023
2025-12-23 05:00:00,34071.53,33392.816,678.7135937499988
2025-12-23 06:00:00,35596.25,34162.61,1433.640625
2025-12-23 07:00:00,38942.41,36595.668,2346.7420312500035
2025-12-23 08:00:00,44820.23,43956.76,863.4682812500032
2025-12-23 09:00:00,47771.54000000001,45982.51,1789.0282812500081
2025-12-23 10:00:00,48539.420000000006,46887.145,1652.2754687500055
2025-12-23 11:00:00,48692.51,46848.25,1844.260000000002
2025-12-23 12:00:00,46884.01,45420.86,1463.150625000002
2025-12-23 13:00:00,47380.15000000001,46332.07,1048.0796875000087
2025-12-23 14:00:00,48112.53999999999,46125.223,1987.3173437499936
2025-12-23 15:00:00,48223.119999999995,46258.914,1964.2059374999953
2025-12-23 16:00:00,49198.219999999994,46511.777,2686.442656249994
2025-12-23 17:00:00,50233.68,47093.41,3140.2698437500003
2025-12-23 18:00:00,48995.24,47039.195,1956.044687499998
2025-12-23 19:00:00,47493.69000000001,46697.598,796.0923437500096
2025-12-23 20:00:00,46288.83,45179.566,1109.2635937500017
2025-12-23 21:00:00,44911.62,44821.527,90.09265625000262
2025-12-23 22:00:00,43264.16,43822.43,-558.2696874999965
2025-12-23 23:00:00,39858.72000000001,40824.273,-965.5534374999916
2025-12-24 00:00:00,38467.740000000005,38431.93,35.81031250000524
2025-12-24 01:00:00,36378.43,36240.04,138.3909375000003
2025-12-24 02:00:00,34925.0,34904.062,20.9375
2025-12-24 03:00:00,34207.36,33285.98,921.3795312500006
2025-12-24 04:00:00,34023.3,33324.883,698.4171875000029
2025-12-24 05:00:00,34314.09,33578.684,735.4064062499965
2025-12-24 06:00:00,35864.21,34312.434,1551.7764062499991
2025-12-24 07:00:00,39130.229999999996,36612.023,2518.206562499996
2025-12-24 08:00:00,44750.71000000001,43701.195,1049.5146875000064
2025-12-24 09:00:00,47326.0,45326.004,1999.99609375
2025-12-24 10:00:00,47407.33,46182.688,1224.6425000000017
2025-12-24 11:00:00,47467.21,46158.703,1308.5068749999991
2025-12-24 12:00:00,45117.95999999999,45033.97,83.99124999999185
2025-12-24 13:00:00,45237.64,45996.617,-758.9771875000006
2025-12-24 14:00:00,46176.69,46064.656,112.03375000000233
2025-12-24 15:00:00,46600.87,46072.234,528.6356250000026
2025-12-24 16:00:00,47443.41999999999,46297.36,1146.060624999991
2025-12-24 17:00:00,49199.42,46691.168,2508.2520312499983
2025-12-24 18:00:00,48191.21,46743.74,1447.4717187499991
2025-12-24 19:00:00,46781.59,46616.734,164.8556249999965
2025-12-24 20:00:00,45611.05,44844.234,766.8156250000029
2025-12-24 21:00:00,44375.16,44754.754,-379.5939062499965
2025-12-24 22:00:00,42537.73000000001,44119.094,-1581.3637499999895
2025-12-24 23:00:00,40397.69,41013.258,-615.5678124999977
2025-12-25 00:00:00,38435.49,38585.312,-149.82250000000204
2025-12-25 01:00:00,36443.26,36236.164,207.09593750000204
2025-12-25 02:00:00,34988.64,34690.12,298.5189062499994
2025-12-25 03:00:00,34176.99,33111.855,1065.134531249998
2025-12-25 04:00:00,34035.29000000001,33064.414,970.8759375000081
2025-12-25 05:00:00,34486.51,33369.14,1117.369375000002
2025-12-25 06:00:00,35754.23,34154.652,1599.5776562500032
2025-12-25 07:00:00,38772.4,37361.223,1411.1773437500015
2025-12-25 08:00:00,44298.75,44041.887,256.86328125
2025-12-25 09:00:00,46906.369999999995,45635.203,1271.1668749999953
2025-12-25 10:00:00,47452.07,46401.7,1050.3707812499997
2025-12-25 11:00:00,47924.77,46413.535,1511.2348437499968
2025-12-25 12:00:00,46190.63,44891.914,1298.7159374999974
2025-12-25 13:00:00,46594.14,46078.668,515.4720312499994
2025-12-25 14:00:00,47120.13,46324.402,795.7276562499974
2025-12-25 15:00:00,47707.01000000001,46332.004,1375.0060937500093
2025-12-25 16:00:00,49040.94999999999,46560.01,2480.93828124999
2025-12-25 17:00:00,50046.38,47010.848,3035.5323437499974
2025-12-25 18:00:00,48449.399999999994,46863.113,1586.2867187499942
2025-12-25 19:00:00,46904.549999999996,46577.816,326.73359374999563
2025-12-25 20:00:00,45685.42,45078.906,606.5137499999983
2025-12-25 21:00:00,44508.979999999996,44571.316,-62.336406250004075
2025-12-25 22:00:00,42835.85999999999,44146.938,-1311.0775000000067
2025-12-25 23:00:00,40849.19,40875.08,-25.88812499999767
2025-12-26 00:00:00,38516.48,38316.75,199.7300000000032
2025-12-26 01:00:00,36562.18,36064.56,497.6214062500003
2025-12-26 02:00:00,35179.59,34519.254,660.3360937499965
2025-12-26 03:00:00,34171.82000000001,33220.125,951.695000000007
2025-12-26 04:00:00,34043.33000000001,32795.184,1248.146406250009
2025-12-26 05:00:00,34295.55,33019.2,1276.350781250003
2025-12-26 06:00:00,35883.17,33770.863,2112.3067187499983
2025-12-26 07:00:00,39196.67999999999,37042.535,2154.144843749993
2025-12-26 08:00:00,45156.62,44093.516,1063.1043750000026
2025-12-26 09:00:00,47893.94999999999,45554.727,2339.22343749999
2025-12-26 10:00:00,48527.85,46406.58,2121.2718749999985
2025-12-26 11:00:00,48821.73,46348.203,2473.526875000003
2025-12-26 12:00:00,46554.59,45273.574,1281.0157812499965
2025-12-26 13:00:00,45815.83999999999,46120.957,-305.11703125001077
2025-12-26 14:00:00,47551.810000000005,46242.867,1308.942812500005
2025-12-26 15:00:00,47728.55000000001,46224.703,1503.8468750000102
2025-12-26 16:00:00,48600.15,46683.715,1916.4351562500015
2025-12-26 17:00:00,49735.78,46627.055,3108.725312499999
2025-12-26 18:00:00,48567.32000000001,46872.91,1694.409843750007
2025-12-26 19:00:00,47019.9,46457.516,562.3843750000015
2025-12-26 20:00:00,45652.32,44898.285,754.0348437499997
2025-12-26 21:00:00,44419.31,44429.727,-10.416562500002328
2025-12-26 22:00:00,42717.799999999996,43602.227,-884.4265625000044
2025-12-26 23:00:00,40934.14000000001,40832.406,101.7337500000067
2025-12-27 00:00:00,38625.2,37722.332,902.8679687499971
2025-12-27 01:00:00,36563.939999999995,36091.355,472.58453124999505
2025-12-27 02:00:00,34807.86000000001,34692.836,115.02406250000786
2025-12-27 03:00:00,33849.8,33062.688,787.1125000000029
2025-12-27 04:00:00,33544.03999999999,33096.625,447.4149999999936
2025-12-27 05:00:00,33689.36,33012.477,676.8834375000006
2025-12-27 06:00:00,34265.5,33865.3,400.19921875
2025-12-27 07:00:00,35846.15,35313.77,532.3804687500015
2025-12-27 08:00:00,39860.04,40028.582,-168.54203124999913
2025-12-27 09:00:00,42579.3,42423.42,155.8781250000029
2025-12-27 10:00:00,45173.37,44629.188,544.1825000000026
2025-12-27 11:00:00,46008.38999999999,45016.75,991.6399999999921
2025-12-27 12:00:00,45669.36000000001,43662.766,2006.5943750000079
2025-12-27 13:00:00,45588.88,44580.668,1008.2120312499974
2025-12-27 14:00:00,45608.89,44741.453,867.4368749999994
2025-12-27 15:00:00,45233.61,44655.57,578.0396875000006
2025-12-27 16:00:00,45517.93,44670.21,847.7190625000003
2025-12-27 17:00:00,47057.96,45247.402,1810.5576562499991
2025-12-27 18:00:00,47419.83000000001,45409.56,2010.271406250009
2025-12-27 19:00:00,46109.01999999999,45144.777,964.2426562499895
2025-12-27 20:00:00,44880.88,43431.6,1449.2784374999974
2025-12-27 21:00:00,43701.02,42613.367,1087.6528124999968
2025-12-27 22:00:00,42052.13,41189.39,862.7393749999974
2025-12-27 23:00:00,39663.52999999999,38652.535,1010.9948437499916
2025-12-28 00:00:00,37605.54000000001,35775.59,1829.9501562500081
2025-12-28 01:00:00,35186.17999999999,34323.84,862.340156249993
2025-12-28 02:00:00,33792.66,32616.186,1176.4744531250035
2025-12-28 03:00:00,32739.709999999995,31517.441,1222.2685937499955
2025-12-28 04:00:00,32290.590000000004,31060.184,1230.4064062500038
2025-12-28 05:00:00,32173.609999999997,30744.312,1429.297499999997
2025-12-28 06:00:00,32513.979999999996,30581.143,1932.837421874996
2025-12-28 07:00:00,32909.87,30733.889,2175.9813281250026
2025-12-28 08:00:00,33260.9,32425.922,834.9781250000015
2025-12-28 09:00:00,34535.66,34368.047,167.6131250000035
2025-12-28 10:00:00,36286.5,36800.56,-514.05859375
2025-12-28 11:00:00,37631.94,37553.457,78.48296875000233
2025-12-28 12:00:00,38036.340000000004,37709.207,327.1329687500038
2025-12-28 13:00:00,38789.270000000004,38965.71,-176.44093749999593
2025-12-28 14:00:00,39148.95,39212.703,-63.75312500000291
2025-12-28 15:00:00,39780.00000000001,38926.254,853.7460937500073
2025-12-28 16:00:00,40473.93,39656.477,817.4534375000003
2025-12-28 17:00:00,42864.26000000001,40692.438,2171.8225000000093
2025-12-28 18:00:00,44318.68000000001,41219.742,3098.9378125000076
2025-12-28 19:00:00,43565.48999999999,41943.65,1621.8415624999907
2025-12-28 20:00:00,42694.490000000005,40770.984,1923.5056250000052
2025-12-28 21:00:00,41551.86,39657.133,1894.7271875000006
2025-12-28 22:00:00,40181.48,38664.41,1517.0698437500032
2025-12-28 23:00:00,38193.04000000001,36398.12,1794.9189062500081
2025-12-29 00:00:00,36184.49,35547.46,637.029062499998
2025-12-29 01:00:00,34054.42,33037.223,1017.1973437499983
2025-12-29 02:00:00,32405.710000000003,31475.83,929.8799218750028
2025-12-29 03:00:00,31838.23,30270.121,1568.1089062499996
2025-12-29 04:00:00,31728.06,30354.055,1374.0053125000013
2025-12-29 05:00:00,32063.949999999997,30671.945,1392.004687499997
2025-12-29 06:00:00,33678.43,31533.2,2145.2307812500003
2025-12-29 07:00:00,37768.34,35121.41,2646.9298437499965
2025-12-29 08:00:00,44488.11,41480.207,3007.9029687500006
2025-12-29 09:00:00,48474.92,43834.473,4640.447343749998
2025-12-29 10:00:00,49371.05000000001,44894.664,4476.38593750001
2025-12-29 11:00:00,49583.05,45016.258,4566.792187500003
2025-12-29 12:00:00,47998.56,43665.113,4333.446718749998
2025-12-29 13:00:00,47929.19,44733.457,3195.7329687500023
2025-12-29 14:00:00,48141.780000000006,44851.74,3290.041718750006
2025-12-29 15:00:00,48273.270000000004,44887.652,3385.617656250004
2025-12-29 16:00:00,49244.89,45318.86,3926.0306249999994
2025-12-29 17:00:00,50794.73000000001,46171.49,4623.2417187500105
2025-12-29 18:00:00,50020.04,46219.566,3800.473593750001
2025-12-29 19:00:00,48107.049999999996,45525.316,2581.7335937499956
2025-12-29 20:00:00,46985.130000000005,44004.465,2980.6651562500047
2025-12-29 21:00:00,45573.84,43276.266,2297.5743749999965
2025-12-29 22:00:00,43679.39000000001,42638.836,1040.5540625000067
2025-12-29 23:00:00,41373.39000000001,39973.16,1400.2298437500067
2025-12-30 00:00:00,38451.18,37596.863,854.3167187500003
2025-12-30 01:00:00,36201.55,35025.496,1176.053906250003
2025-12-30 02:00:00,34907.25000000001,34157.934,749.3164062500073
2025-12-30 03:00:00,34095.78,32514.69,1581.0905468749988
2025-12-30 04:00:00,33714.08,32603.34,1110.7401562500017
2025-12-30 05:00:00,34112.74,33096.973,1015.767343749998
2025-12-30 06:00:00,35571.0,34113.47,1457.53125
2025-12-30 07:00:00,38945.62,36831.176,2114.4442187500026
2025-12-30 08:00:00,45006.08999999999,43160.38,1845.7110937499892
2025-12-30 09:00:00,47874.07000000001,45488.254,2385.816093750007
2025-12-30 10:00:00,48401.68,46345.01,2056.6682812500003
2025-12-30 11:00:00,48332.689999999995,46071.324,2261.365781249995
2025-12-30 12:00:00,46537.11000000001,44672.29,1864.8209375000079
2025-12-30 13:00:00,46834.34,45560.152,1274.1876562499965
2025-12-30 14:00:00,47479.270000000004,45575.188,1904.082500000004
2025-12-30 15:00:00,47532.0,45580.707,1951.29296875
2025-12-30 16:00:00,48829.98000000001,45827.65,3002.3315625000105
2025-12-30 17:00:00,50159.66999999999,46370.54,3789.130937499991
2025-12-30 18:00:00,48927.23,46218.203,2709.026875000003
2025-12-30 19:00:00,47119.91,45393.086,1726.8240625000035
2025-12-30 20:00:00,46073.89000000001,43912.977,2160.9134375000067
2025-12-30 21:00:00,44588.27,43364.242,1224.0278124999968
2025-12-30 22:00:00,42984.950000000004,42813.12,171.82890625000437
2025-12-30 23:00:00,40726.189999999995,39960.4,765.791562499995
2025-12-31 00:00:00,38140.14,36130.418,2009.7220312499994
2025-12-31 01:00:00,36057.950000000004,33466.637,2591.3132812500044
2025-12-31 02:00:00,34392.4,32049.363,2343.0367187500015
2025-12-31 03:00:00,33461.95999999999,30626.158,2835.801796874992
2025-12-31 04:00:00,33236.13,30667.408,2568.7217968749974
2025-12-31 05:00:00,33260.88,31064.342,2196.5382031249974
2025-12-31 06:00:00,34514.079999999994,32056.02,2458.0604687499945
2025-12-31 07:00:00,37536.77,34485.703,3051.066874999997
2025-12-31 08:00:00,42797.45,41420.8,1376.649218749997
2025-12-31 09:00:00,46772.1,42615.7,4156.4007812499985
2025-12-31 10:00:00,48593.369999999995,43427.93,5165.440312499995
2025-12-31 11:00:00,49439.869999999995,43404.6,6035.268437499995
2025-12-31 12:00:00,48230.69999999999,42655.73,5574.96953124999
2025-12-31 13:00:00,48188.16000000001,43634.918,4553.242031250011
2025-12-31 14:00:00,48108.310000000005,43619.707,4488.602968750005
2025-12-31 15:00:00,46957.91999999999,43482.84,3475.080156249991
2025-12-31 16:00:00,45978.02999999999,43535.863,2442.1667187499916
2025-12-31 17:00:00,46123.13,43840.336,2282.7940624999974
2025-12-31 18:00:00,45133.909999999996,43885.793,1248.1170312499962
2025-12-31 19:00:00,42962.65,43148.25,-185.59999999999854
2025-12-31 20:00:00,40748.0,41599.547,-851.546875
2025-12-31 21:00:00,38865.28999999999,41320.71,-2455.4209375000064
2025-12-31 22:00:00,37450.71000000001,40713.21,-3262.5009374999936
2025-12-31 23:00:00,35515.35,37933.844,-2418.4937500000015
