datetime,prediction_sqrt_consumption,forecast_consumption
2026-01-01 00:00:00,180.73082,32663.629
2026-01-01 01:00:00,176.5611,31173.82
2026-01-01 02:00:00,173.03532,29941.223
2026-01-01 03:00:00,168.54459,28407.277
2026-01-01 04:00:00,167.94676,28206.115
2026-01-01 05:00:00,169.18338,28623.016
2026-01-01 06:00:00,170.7628,29159.936
2026-01-01 07:00:00,178.28932,31787.082
2026-01-01 08:00:00,186.46693,34769.918
2026-01-01 09:00:00,189.79285,36021.324
2026-01-01 10:00:00,192.02644,36874.156
2026-01-01 11:00:00,191.93243,36838.06
2026-01-01 12:00:00,188.1559,35402.64
2026-01-01 13:00:00,186.76613,34881.586
2026-01-01 14:00:00,188.36084,35479.805
2026-01-01 15:00:00,189.63574,35961.715
2026-01-01 16:00:00,192.9706,37237.652
2026-01-01 17:00:00,200.60168,40241.035
2026-01-01 18:00:00,201.54778,40621.504
2026-01-01 19:00:00,199.78345,39913.426
2026-01-01 20:00:00,194.88434,37979.906
2026-01-01 21:00:00,191.28577,36590.246
2026-01-01 22:00:00,190.86368,36428.945
2026-01-01 23:00:00,188.55862,35554.355
2026-01-02 00:00:00,190.4298,36263.508
2026-01-02 01:00:00,184.42297,34011.832
2026-01-02 02:00:00,180.51381,32585.234
2026-01-02 03:00:00,178.51692,31868.291
2026-01-02 04:00:00,178.6443,31913.787
2026-01-02 05:00:00,179.65665,32276.51
2026-01-02 06:00:00,181.27034,32858.938
2026-01-02 07:00:00,188.78102,35638.273
2026-01-02 08:00:00,205.79768,42352.688
2026-01-02 09:00:00,209.06355,43707.57
2026-01-02 10:00:00,211.57541,44764.152
2026-01-02 11:00:00,211.5419,44749.977
2026-01-02 12:00:00,207.1024,42891.406
2026-01-02 13:00:00,206.70184,42725.652
2026-01-02 14:00:00,208.13306,43319.37
2026-01-02 15:00:00,208.64265,43531.758
2026-01-02 16:00:00,210.70258,44395.574
2026-01-02 17:00:00,215.13034,46281.062
2026-01-02 18:00:00,214.9753,46214.38
2026-01-02 19:00:00,213.70026,45667.8
2026-01-02 20:00:00,209.61523,43938.547
2026-01-02 21:00:00,206.50076,42642.566
2026-01-02 22:00:00,203.15489,41271.91
2026-01-02 23:00:00,199.11626,39647.285
2026-01-03 00:00:00,194.47842,37821.86
2026-01-03 01:00:00,189.8847,36056.2
2026-01-03 02:00:00,186.35521,34728.266
2026-01-03 03:00:00,183.6563,33729.637
2026-01-03 04:00:00,184.32016,33973.92
2026-01-03 05:00:00,185.52893,34420.984
2026-01-03 06:00:00,185.98882,34591.84
2026-01-03 07:00:00,188.09131,35378.34
2026-01-03 08:00:00,196.96227,38794.133
2026-01-03 09:00:00,203.12813,41261.035
2026-01-03 10:00:00,208.11006,43309.797
2026-01-03 11:00:00,208.72112,43564.504
2026-01-03 12:00:00,205.34596,42166.965
2026-01-03 13:00:00,204.65573,41883.97
2026-01-03 14:00:00,204.68849,41897.38
2026-01-03 15:00:00,204.54337,41837.99
2026-01-03 16:00:00,206.25066,42539.332
2026-01-03 17:00:00,210.26616,44211.86
2026-01-03 18:00:00,211.66333,44801.367
2026-01-03 19:00:00,210.15236,44164.016
2026-01-03 20:00:00,207.34381,42991.457
2026-01-03 21:00:00,204.76744,41929.703
2026-01-03 22:00:00,200.29486,40118.03
2026-01-03 23:00:00,195.4891,38215.992
2026-01-04 00:00:00,188.59813,35569.254
2026-01-04 01:00:00,185.0104,34228.85
2026-01-04 02:00:00,181.56294,32965.1
2026-01-04 03:00:00,177.91899,31655.168
2026-01-04 04:00:00,177.77936,31605.5
2026-01-04 05:00:00,177.47339,31496.803
2026-01-04 06:00:00,176.13608,31023.918
2026-01-04 07:00:00,174.38539,30410.266
2026-01-04 08:00:00,177.61916,31548.564
2026-01-04 09:00:00,181.8465,33068.15
2026-01-04 10:00:00,188.88559,35677.766
2026-01-04 11:00:00,191.5308,36684.05
2026-01-04 12:00:00,191.16005,36542.164
2026-01-04 13:00:00,192.83163,37184.04
2026-01-04 14:00:00,193.59326,37478.35
2026-01-04 15:00:00,194.05432,37657.08
2026-01-04 16:00:00,195.21642,38109.45
2026-01-04 17:00:00,200.21439,40085.8
2026-01-04 18:00:00,204.67337,41891.188
2026-01-04 19:00:00,205.01038,42029.254
2026-01-04 20:00:00,203.81857,41542.01
2026-01-04 21:00:00,198.85086,39541.664
2026-01-04 22:00:00,195.52463,38229.88
2026-01-04 23:00:00,189.7023,35986.965
2026-01-05 00:00:00,189.7845,36018.156
2026-01-05 01:00:00,185.10982,34265.645
2026-01-05 02:00:00,180.49464,32578.316
2026-01-05 03:00:00,178.70537,31935.61
2026-01-05 04:00:00,177.02716,31338.615
2026-01-05 05:00:00,177.84229,31627.879
2026-01-05 06:00:00,182.18964,33193.062
2026-01-05 07:00:00,188.6737,35597.766
2026-01-05 08:00:00,204.69626,41900.56
2026-01-05 09:00:00,211.7534,44839.504
2026-01-05 10:00:00,214.55122,46032.227
2026-01-05 11:00:00,214.56445,46037.906
2026-01-05 12:00:00,211.66301,44801.23
2026-01-05 13:00:00,212.08516,44980.113
2026-01-05 14:00:00,212.93085,45339.547
2026-01-05 15:00:00,213.03188,45382.58
2026-01-05 16:00:00,214.50748,46013.457
2026-01-05 17:00:00,218.54329,47761.168
2026-01-05 18:00:00,219.67209,48255.83
2026-01-05 19:00:00,217.62875,47362.273
2026-01-05 20:00:00,214.43573,45982.684
2026-01-05 21:00:00,211.5187,44740.164
2026-01-05 22:00:00,208.42395,43440.543
2026-01-05 23:00:00,203.80031,41534.566
2026-01-06 00:00:00,195.3303,38153.93
2026-01-06 01:00:00,190.37236,36241.637
2026-01-06 02:00:00,187.03973,34983.863
2026-01-06 03:00:00,184.41632,34009.38
2026-01-06 04:00:00,184.43323,34015.617
2026-01-06 05:00:00,185.76527,34508.74
2026-01-06 06:00:00,187.63327,35206.242
2026-01-06 07:00:00,194.35828,37775.14
2026-01-06 08:00:00,210.56253,44336.58
2026-01-06 09:00:00,214.23679,45897.402
2026-01-06 10:00:00,216.40738,46832.152
2026-01-06 11:00:00,216.10352,46700.73
2026-01-06 12:00:00,212.91331,45332.08
2026-01-06 13:00:00,213.13731,45427.516
2026-01-06 14:00:00,213.9012,45753.723
2026-01-06 15:00:00,213.94044,45770.516
2026-01-06 16:00:00,215.31487,46360.492
2026-01-06 17:00:00,218.6396,47803.277
2026-01-06 18:00:00,218.52478,47753.08
2026-01-06 19:00:00,217.91504,47486.965
2026-01-06 20:00:00,214.54575,46029.88
2026-01-06 21:00:00,211.83359,44873.47
2026-01-06 22:00:00,208.31848,43396.59
2026-01-06 23:00:00,202.99887,41208.543
2026-01-07 00:00:00,196.22179,38502.99
2026-01-07 01:00:00,192.01138,36868.37
2026-01-07 02:00:00,188.2966,35455.61
2026-01-07 03:00:00,185.47374,34400.508
2026-01-07 04:00:00,185.51866,34417.17
2026-01-07 05:00:00,186.58849,34815.26
2026-01-07 06:00:00,188.48022,35524.797
2026-01-07 07:00:00,194.27202,37741.617
2026-01-07 08:00:00,210.2533,44206.45
2026-01-07 09:00:00,213.59447,45622.598
2026-01-07 10:00:00,215.27281,46342.383
2026-01-07 11:00:00,214.91705,46189.34
2026-01-07 12:00:00,211.7669,44845.223
2026-01-07 13:00:00,212.0535,44966.688
2026-01-07 14:00:00,212.88503,45320.035
2026-01-07 15:00:00,212.8587,45308.83
2026-01-07 16:00:00,214.2315,45895.137
2026-01-07 17:00:00,217.97266,47512.08
2026-01-07 18:00:00,217.78992,47432.45
2026-01-07 19:00:00,216.76727,46988.05
2026-01-07 20:00:00,214.0448,45815.176
2026-01-07 21:00:00,211.77496,44848.637
2026-01-07 22:00:00,208.52832,43484.06
2026-01-07 23:00:00,203.41173,41376.332
2026-01-08 00:00:00,196.63672,38666.0
2026-01-08 01:00:00,191.55115,36691.844
2026-01-08 02:00:00,188.35579,35477.902
2026-01-08 03:00:00,184.99442,34222.934
2026-01-08 04:00:00,185.09908,34261.668
2026-01-08 05:00:00,185.77153,34511.062
2026-01-08 06:00:00,187.60379,35195.184
2026-01-08 07:00:00,194.26103,37737.348
2026-01-08 08:00:00,209.27017,43794.004
2026-01-08 09:00:00,212.36261,45097.88
2026-01-08 10:00:00,213.2698,45484.01
2026-01-08 11:00:00,213.82832,45722.55
2026-01-08 12:00:00,210.1789,44175.168
2026-01-08 13:00:00,211.06348,44547.793
2026-01-08 14:00:00,211.8708,44889.24
2026-01-08 15:00:00,211.96901,44930.86
2026-01-08 16:00:00,213.37381,45528.383
2026-01-08 17:00:00,217.04599,47108.96
2026-01-08 18:00:00,217.17789,47166.234
2026-01-08 19:00:00,216.22203,46751.965
2026-01-08 20:00:00,213.45622,45563.56
2026-01-08 21:00:00,211.11707,44570.414
2026-01-08 22:00:00,208.39638,43429.05
2026-01-08 23:00:00,203.68544,41487.758
2026-01-09 00:00:00,196.58551,38645.863
2026-01-09 01:00:00,191.35301,36615.977
2026-01-09 02:00:00,188.42897,35505.477
2026-01-09 03:00:00,184.82077,34158.72
2026-01-09 04:00:00,184.99142,34221.83
2026-01-09 05:00:00,185.54295,34426.188
2026-01-09 06:00:00,187.54636,35173.637
2026-01-09 07:00:00,193.94754,37615.65
2026-01-09 08:00:00,209.75195,43995.883
2026-01-09 09:00:00,212.85135,45305.695
2026-01-09 10:00:00,214.05905,45821.277
2026-01-09 11:00:00,213.58582,45618.902
2026-01-09 12:00:00,210.68158,44386.727
2026-01-09 13:00:00,210.62865,44364.426
2026-01-09 14:00:00,211.88681,44896.02
2026-01-09 15:00:00,211.8629,44885.887
2026-01-09 16:00:00,213.82454,45720.934
2026-01-09 17:00:00,217.21815,47183.727
2026-01-09 18:00:00,217.5705,47336.92
2026-01-09 19:00:00,216.6814,46950.83
2026-01-09 20:00:00,214.25186,45903.86
2026-01-09 21:00:00,211.61508,44780.94
2026-01-09 22:00:00,208.55214,43493.996
2026-01-09 23:00:00,203.90149,41575.816
2026-01-10 00:00:00,196.16449,38480.508
2026-01-10 01:00:00,191.06718,36506.668
2026-01-10 02:00:00,188.02052,35351.72
2026-01-10 03:00:00,185.04065,34240.043
2026-01-10 04:00:00,185.09729,34261.008
2026-01-10 05:00:00,185.67209,34474.125
2026-01-10 06:00:00,186.96198,34954.78
2026-01-10 07:00:00,188.40262,35495.547
2026-01-10 08:00:00,197.52043,39014.32
2026-01-10 09:00:00,203.62256,41462.145
2026-01-10 10:00:00,208.09071,43301.746
2026-01-10 11:00:00,208.19736,43346.14
2026-01-10 12:00:00,205.32962,42160.254
2026-01-10 13:00:00,205.55449,42252.65
2026-01-10 14:00:00,205.99493,42433.914
2026-01-10 15:00:00,206.17567,42508.41
2026-01-10 16:00:00,207.19508,42929.8
2026-01-10 17:00:00,210.80649,44439.375
2026-01-10 18:00:00,212.70692,45244.234
2026-01-10 19:00:00,211.57832,44765.387
2026-01-10 20:00:00,208.68399,43549.008
2026-01-10 21:00:00,206.31557,42566.113
2026-01-10 22:00:00,202.31496,40931.34
2026-01-10 23:00:00,197.35883,38950.508
2026-01-11 00:00:00,190.66559,36353.367
2026-01-11 01:00:00,187.34679,35098.82
2026-01-11 02:00:00,184.12149,33900.723
2026-01-11 03:00:00,179.62286,32264.373
2026-01-11 04:00:00,179.97751,32391.904
2026-01-11 05:00:00,179.61833,32262.746
2026-01-11 06:00:00,178.51521,31867.682
2026-01-11 07:00:00,177.29803,31434.594
2026-01-11 08:00:00,180.3926,32541.488
2026-01-11 09:00:00,184.5803,34069.89
2026-01-11 10:00:00,190.82344,36413.586
2026-01-11 11:00:00,192.88428,37204.344
2026-01-11 12:00:00,192.09525,36900.582
2026-01-11 13:00:00,193.80182,37559.145
2026-01-11 14:00:00,194.47629,37821.027
2026-01-11 15:00:00,194.51653,37836.68
2026-01-11 16:00:00,195.77829,38329.14
2026-01-11 17:00:00,200.23128,40092.566
2026-01-11 18:00:00,204.53674,41835.28
2026-01-11 19:00:00,205.37717,42179.78
2026-01-11 20:00:00,204.50099,41820.656
2026-01-11 21:00:00,200.29678,40118.8
2026-01-11 22:00:00,197.30527,38929.367
2026-01-11 23:00:00,191.81377,36792.52
2026-01-12 00:00:00,190.09688,36136.824
2026-01-12 01:00:00,185.57338,34437.48
2026-01-12 02:00:00,181.08469,32791.664
2026-01-12 03:00:00,179.36609,32172.193
2026-01-12 04:00:00,177.54639,31522.719
2026-01-12 05:00:00,178.39545,31824.936
2026-01-12 06:00:00,182.62352,33351.35
2026-01-12 07:00:00,189.82668,36034.168
2026-01-12 08:00:00,206.74138,42741.996
2026-01-12 09:00:00,212.82144,45292.965
2026-01-12 10:00:00,215.15573,46291.99
2026-01-12 11:00:00,215.08432,46261.266
2026-01-12 12:00:00,212.5239,45166.406
2026-01-12 13:00:00,212.98709,45363.5
2026-01-12 14:00:00,214.04594,45815.668
2026-01-12 15:00:00,213.8026,45711.55
2026-01-12 16:00:00,215.69786,46525.566
2026-01-12 17:00:00,219.23953,48065.973
2026-01-12 18:00:00,219.70695,48271.145
2026-01-12 19:00:00,217.95464,47504.223
2026-01-12 20:00:00,214.90889,46185.832
2026-01-12 21:00:00,211.569,44761.44
2026-01-12 22:00:00,208.8587,43621.957
2026-01-12 23:00:00,204.01122,41620.574
2026-01-13 00:00:00,196.35016,38553.387
2026-01-13 01:00:00,190.93399,36455.79
2026-01-13 02:00:00,187.73979,35246.23
2026-01-13 03:00:00,185.20946,34302.543
2026-01-13 04:00:00,185.28317,34329.855
2026-01-13 05:00:00,186.53227,34794.29
2026-01-13 06:00:00,187.93053,35317.883
2026-01-13 07:00:00,194.567,37856.316
2026-01-13 08:00:00,211.18314,44598.316
2026-01-13 09:00:00,214.84062,46156.492
2026-01-13 10:00:00,216.7382,46975.45
2026-01-13 11:00:00,216.55098,46894.33
2026-01-13 12:00:00,213.5522,45604.543
2026-01-13 13:00:00,213.89384,45750.58
2026-01-13 14:00:00,214.59528,46051.133
2026-01-13 15:00:00,214.51454,46016.49
2026-01-13 16:00:00,215.71732,46533.96
2026-01-13 17:00:00,218.67924,47820.613
2026-01-13 18:00:00,218.6462,47806.16
2026-01-13 19:00:00,217.55634,47330.758
2026-01-13 20:00:00,215.0413,46242.76
2026-01-13 21:00:00,212.44106,45131.203
2026-01-13 22:00:00,209.35011,43827.47
2026-01-13 23:00:00,204.3111,41743.023
2026-01-14 00:00:00,196.60573,38653.812
2026-01-14 01:00:00,192.24103,36956.613
2026-01-14 02:00:00,188.52625,35542.145
2026-01-14 03:00:00,185.71507,34490.09
2026-01-14 04:00:00,185.70483,34486.285
2026-01-14 05:00:00,187.07909,34998.586
2026-01-14 06:00:00,188.77515,35636.055
2026-01-14 07:00:00,194.6392,37884.42
2026-01-14 08:00:00,210.6146,44358.508
2026-01-14 09:00:00,214.50426,46012.08
2026-01-14 10:00:00,216.72336,46969.016
2026-01-14 11:00:00,216.72415,46969.36
2026-01-14 12:00:00,214.09564,45836.945
2026-01-14 13:00:00,213.98022,45787.535
2026-01-14 14:00:00,215.17134,46298.707
2026-01-14 15:00:00,215.16399,46295.54
2026-01-14 16:00:00,216.24466,46761.754
2026-01-14 17:00:00,219.315,48099.07
2026-01-14 18:00:00,219.25749,48073.848
2026-01-14 19:00:00,217.98082,47515.637
2026-01-14 20:00:00,215.10332,46269.438
2026-01-14 21:00:00,212.57216,45186.92
2026-01-14 22:00:00,209.34566,43825.605
2026-01-14 23:00:00,204.30664,41741.203
2026-01-15 00:00:00,197.26514,38913.535
2026-01-15 01:00:00,192.0382,36878.668
2026-01-15 02:00:00,189.16846,35784.707
2026-01-15 03:00:00,185.50543,34412.266
2026-01-15 04:00:00,185.58795,34442.887
2026-01-15 05:00:00,187.12251,35014.836
2026-01-15 06:00:00,188.37112,35483.68
2026-01-15 07:00:00,195.50824,38223.473
2026-01-15 08:00:00,211.21013,44609.72
2026-01-15 09:00:00,214.58958,46048.69
2026-01-15 10:00:00,216.6212,46924.746
2026-01-15 11:00:00,216.1923,46739.113
2026-01-15 12:00:00,214.08867,45833.957
2026-01-15 13:00:00,214.43509,45982.406
2026-01-15 14:00:00,215.05647,46249.285
2026-01-15 15:00:00,215.06201,46251.668
2026-01-15 16:00:00,216.2729,46773.97
2026-01-15 17:00:00,219.72353,48278.43
2026-01-15 18:00:00,219.87778,48346.24
2026-01-15 19:00:00,218.48433,47735.402
2026-01-15 20:00:00,215.41777,46404.816
2026-01-15 21:00:00,212.87267,45314.773
2026-01-15 22:00:00,209.93452,44072.504
2026-01-15 23:00:00,204.96632,42011.195
2026-01-16 00:00:00,197.63736,39060.527
2026-01-16 01:00:00,192.42062,37025.695
2026-01-16 02:00:00,189.47855,35902.12
2026-01-16 03:00:00,185.27615,34327.254
2026-01-16 04:00:00,185.3576,34357.44
2026-01-16 05:00:00,186.67212,34846.48
2026-01-16 06:00:00,188.13293,35394.0
2026-01-16 07:00:00,194.96353,38010.777
2026-01-16 08:00:00,211.01852,44528.816
2026-01-16 09:00:00,213.94788,45773.695
2026-01-16 10:00:00,215.86746,46598.76
2026-01-16 11:00:00,215.52217,46449.805
2026-01-16 12:00:00,212.55664,45180.324
2026-01-16 13:00:00,212.51917,45164.395
2026-01-16 14:00:00,214.216,45888.496
2026-01-16 15:00:00,214.35054,45946.152
2026-01-16 16:00:00,215.89642,46611.266
2026-01-16 17:00:00,218.96942,47947.61
2026-01-16 18:00:00,219.00453,47962.984
2026-01-16 19:00:00,217.69946,47393.055
2026-01-16 20:00:00,214.83669,46154.8
2026-01-16 21:00:00,212.51585,45162.99
2026-01-16 22:00:00,209.68925,43969.582
2026-01-16 23:00:00,205.0908,42062.24
2026-01-17 00:00:00,196.79941,38730.008
2026-01-17 01:00:00,192.00114,36864.44
2026-01-17 02:00:00,187.98402,35337.992
2026-01-17 03:00:00,185.7101,34488.242
2026-01-17 04:00:00,185.79718,34520.594
2026-01-17 05:00:00,186.72021,34864.438
2026-01-17 06:00:00,188.116,35387.63
2026-01-17 07:00:00,189.98477,36094.215
2026-01-17 08:00:00,199.45193,39781.074
2026-01-17 09:00:00,204.77362,41932.234
2026-01-17 10:00:00,209.31508,43812.8
2026-01-17 11:00:00,209.64365,43950.457
2026-01-17 12:00:00,207.27692,42963.72
2026-01-17 13:00:00,208.1839,43340.535
2026-01-17 14:00:00,208.24991,43368.023
2026-01-17 15:00:00,208.0807,43297.58
2026-01-17 16:00:00,209.58485,43925.812
2026-01-17 17:00:00,213.47565,45571.85
2026-01-17 18:00:00,214.87628,46171.816
2026-01-17 19:00:00,213.90475,45755.242
2026-01-17 20:00:00,210.85275,44458.883
2026-01-17 21:00:00,207.72595,43150.07
2026-01-17 22:00:00,204.2368,41712.67
2026-01-17 23:00:00,199.43208,39773.156
2026-01-18 00:00:00,191.67673,36739.97
2026-01-18 01:00:00,187.86755,35294.22
2026-01-18 02:00:00,184.51215,34044.73
2026-01-18 03:00:00,180.5762,32607.766
2026-01-18 04:00:00,180.4648,32567.543
2026-01-18 05:00:00,180.62941,32626.984
2026-01-18 06:00:00,179.94055,32378.602
2026-01-18 07:00:00,178.16129,31741.443
2026-01-18 08:00:00,181.58191,32971.99
2026-01-18 09:00:00,185.43974,34387.9
2026-01-18 10:00:00,190.80548,36406.73
2026-01-18 11:00:00,193.2514,37346.105
2026-01-18 12:00:00,192.07382,36892.35
2026-01-18 13:00:00,194.05153,37655.996
2026-01-18 14:00:00,193.88208,37590.26
2026-01-18 15:00:00,192.95312,37230.91
2026-01-18 16:00:00,194.8046,37948.832
2026-01-18 17:00:00,201.15569,40463.61
2026-01-18 18:00:00,206.00793,42439.27
2026-01-18 19:00:00,206.50845,42645.742
2026-01-18 20:00:00,205.41727,42196.254
2026-01-18 21:00:00,201.61113,40647.047
2026-01-18 22:00:00,198.63399,39455.46
2026-01-18 23:00:00,192.60326,37096.016
2026-01-19 00:00:00,190.28787,36209.473
2026-01-19 01:00:00,185.99536,34594.273
2026-01-19 02:00:00,181.30807,32872.617
2026-01-19 03:00:00,179.67711,32283.863
2026-01-19 04:00:00,178.04178,31698.875
2026-01-19 05:00:00,179.1274,32086.623
2026-01-19 06:00:00,183.6851,33740.22
2026-01-19 07:00:00,190.71675,36372.88
2026-01-19 08:00:00,207.90923,43226.246
2026-01-19 09:00:00,212.36589,45099.27
2026-01-19 10:00:00,216.33969,46802.863
2026-01-19 11:00:00,215.07109,46255.574
2026-01-19 12:00:00,212.31438,45077.395
2026-01-19 13:00:00,212.71104,45245.99
2026-01-19 14:00:00,213.54872,45603.055
2026-01-19 15:00:00,214.89865,46181.43
2026-01-19 16:00:00,216.01561,46662.742
2026-01-19 17:00:00,219.31366,48098.48
2026-01-19 18:00:00,220.56831,48650.383
2026-01-19 19:00:00,218.78404,47866.457
2026-01-19 20:00:00,215.30322,46355.477
2026-01-19 21:00:00,212.30013,45071.344
2026-01-19 22:00:00,209.0015,43681.625
2026-01-19 23:00:00,203.95743,41598.633
2026-01-20 00:00:00,195.90283,38377.918
2026-01-20 01:00:00,190.67001,36355.055
2026-01-20 02:00:00,188.15126,35400.9
2026-01-20 03:00:00,185.4494,34391.48
2026-01-20 04:00:00,185.53705,34423.996
2026-01-20 05:00:00,186.41966,34752.29
2026-01-20 06:00:00,187.75145,35250.605
2026-01-20 07:00:00,193.6221,37489.52
2026-01-20 08:00:00,210.18283,44176.824
2026-01-20 09:00:00,214.33423,45939.16
2026-01-20 10:00:00,215.23744,46327.156
2026-01-20 11:00:00,215.64975,46504.816
2026-01-20 12:00:00,213.42027,45548.21
2026-01-20 13:00:00,214.21165,45886.633
2026-01-20 14:00:00,215.16615,46296.473
2026-01-20 15:00:00,215.18748,46305.652
2026-01-20 16:00:00,216.08298,46691.85
2026-01-20 17:00:00,219.00461,47963.02
2026-01-20 18:00:00,219.03194,47974.99
2026-01-20 19:00:00,218.43327,47713.094
2026-01-20 20:00:00,215.49368,46437.527
2026-01-20 21:00:00,212.86852,45313.004
2026-01-20 22:00:00,209.19876,43764.12
2026-01-20 23:00:00,203.40492,41373.562
2026-01-21 00:00:00,196.93195,38782.19
2026-01-21 01:00:00,192.59789,37093.945
2026-01-21 02:00:00,189.01103,35725.17
2026-01-21 03:00:00,185.89145,34555.63
2026-01-21 04:00:00,186.16994,34659.246
2026-01-21 05:00:00,187.79977,35268.754
2026-01-21 06:00:00,189.03197,35733.086
2026-01-21 07:00:00,194.93913,38001.266
2026-01-21 08:00:00,210.24916,44204.71
2026-01-21 09:00:00,214.20053,45881.867
2026-01-21 10:00:00,216.34169,46803.727
2026-01-21 11:00:00,216.33092,46799.066
2026-01-21 12:00:00,213.74973,45688.945
2026-01-21 13:00:00,214.03908,45812.727
2026-01-21 14:00:00,214.66306,46080.227
2026-01-21 15:00:00,214.68233,46088.5
2026-01-21 16:00:00,215.8895,46608.273
2026-01-21 17:00:00,219.38716,48130.727
2026-01-21 18:00:00,218.99136,47957.22
2026-01-21 19:00:00,218.4664,47727.566
2026-01-21 20:00:00,215.3852,46390.78
2026-01-21 21:00:00,212.59947,45198.535
2026-01-21 22:00:00,209.12587,43733.63
2026-01-21 23:00:00,204.61208,41866.1
2026-01-22 00:00:00,197.19223,38884.777
2026-01-22 01:00:00,191.9888,36859.7
2026-01-22 02:00:00,189.10922,35762.297
2026-01-22 03:00:00,185.37909,34365.406
2026-01-22 04:00:00,185.72423,34493.49
2026-01-22 05:00:00,186.23935,34685.094
2026-01-22 06:00:00,187.46135,35141.758
2026-01-22 07:00:00,194.54144,37846.37
2026-01-22 08:00:00,209.93054,44070.832
2026-01-22 09:00:00,212.75731,45265.67
2026-01-22 10:00:00,215.22069,46319.945
2026-01-22 11:00:00,215.29372,46351.383
2026-01-22 12:00:00,212.63773,45214.8
2026-01-22 13:00:00,212.37598,45103.555
2026-01-22 14:00:00,213.70592,45670.22
2026-01-22 15:00:00,214.19919,45881.293
2026-01-22 16:00:00,215.79033,46565.465
2026-01-22 17:00:00,218.85733,47898.53
2026-01-22 18:00:00,218.82428,47884.066
2026-01-22 19:00:00,217.6699,47380.188
2026-01-22 20:00:00,214.55101,46032.137
2026-01-22 21:00:00,212.43178,45127.26
2026-01-22 22:00:00,209.64778,43952.19
2026-01-22 23:00:00,204.56177,41845.516
2026-01-23 00:00:00,197.15195,38868.89
2026-01-23 01:00:00,191.80807,36790.336
2026-01-23 02:00:00,188.9091,35686.65
2026-01-23 03:00:00,185.40837,34376.266
2026-01-23 04:00:00,185.29047,34332.56
2026-01-23 05:00:00,186.60498,34821.418
2026-01-23 06:00:00,187.92238,35314.82
2026-01-23 07:00:00,194.75298,37928.723
2026-01-23 08:00:00,210.62648,44363.516
2026-01-23 09:00:00,214.2494,45902.81
2026-01-23 10:00:00,215.88731,46607.332
2026-01-23 11:00:00,215.3423,46372.305
2026-01-23 12:00:00,212.32745,45082.95
2026-01-23 13:00:00,212.15886,45011.383
2026-01-23 14:00:00,214.00114,45796.49
2026-01-23 15:00:00,213.96802,45782.312
2026-01-23 16:00:00,215.40424,46398.984
2026-01-23 17:00:00,218.4988,47741.723
2026-01-23 18:00:00,218.96432,47945.375
2026-01-23 19:00:00,217.8691,47466.94
2026-01-23 20:00:00,214.91856,46189.99
2026-01-23 21:00:00,212.10382,44988.03
2026-01-23 22:00:00,209.24582,43783.812
2026-01-23 23:00:00,204.21468,41703.633
2026-01-24 00:00:00,195.83784,38352.46
2026-01-24 01:00:00,191.33221,36608.016
2026-01-24 02:00:00,188.20062,35419.473
2026-01-24 03:00:00,185.12408,34270.926
2026-01-24 04:00:00,185.14247,34277.734
2026-01-24 05:00:00,186.02829,34606.523
2026-01-24 06:00:00,186.98355,34962.848
2026-01-24 07:00:00,187.88979,35302.57
2026-01-24 08:00:00,196.89229,38766.574
2026-01-24 09:00:00,202.45871,40989.527
2026-01-24 10:00:00,206.8917,42804.17
2026-01-24 11:00:00,207.72034,43147.74
2026-01-24 12:00:00,205.15337,42087.902
2026-01-24 13:00:00,206.50009,42642.29
2026-01-24 14:00:00,206.7442,42743.164
2026-01-24 15:00:00,206.47977,42633.895
2026-01-24 16:00:00,207.79503,43178.773
2026-01-24 17:00:00,211.2127,44610.81
2026-01-24 18:00:00,212.3761,45103.605
2026-01-24 19:00:00,211.75177,44838.812
2026-01-24 20:00:00,209.12912,43734.99
2026-01-24 21:00:00,206.12608,42487.96
2026-01-24 22:00:00,201.76703,40709.934
2026-01-24 23:00:00,197.72668,39095.84
2026-01-25 00:00:00,190.94914,36461.574
2026-01-25 01:00:00,186.84009,34909.22
2026-01-25 02:00:00,183.65524,33729.25
2026-01-25 03:00:00,179.46347,32207.137
2026-01-25 04:00:00,179.5493,32237.951
2026-01-25 05:00:00,178.89183,32002.287
2026-01-25 06:00:00,177.33946,31449.285
2026-01-25 07:00:00,175.81276,30910.127
2026-01-25 08:00:00,178.65411,31917.293
2026-01-25 09:00:00,182.89174,33449.387
2026-01-25 10:00:00,189.97809,36091.676
2026-01-25 11:00:00,192.10182,36903.11
2026-01-25 12:00:00,191.01752,36487.69
2026-01-25 13:00:00,192.63704,37109.027
2026-01-25 14:00:00,193.90341,37598.53
2026-01-25 15:00:00,194.45152,37811.395
2026-01-25 16:00:00,195.47185,38209.242
2026-01-25 17:00:00,200.06857,40027.434
2026-01-25 18:00:00,202.70634,41089.863
2026-01-25 19:00:00,203.74693,41512.812
2026-01-25 20:00:00,203.2495,41310.36
2026-01-25 21:00:00,199.94568,39978.273
2026-01-25 22:00:00,197.364,38952.547
2026-01-25 23:00:00,191.21724,36564.03
2026-01-26 00:00:00,189.93256,36074.375
2026-01-26 01:00:00,185.51085,34414.273
2026-01-26 02:00:00,180.98235,32754.61
2026-01-26 03:00:00,179.35623,32168.658
2026-01-26 04:00:00,177.77438,31603.73
2026-01-26 05:00:00,178.72523,31942.709
2026-01-26 06:00:00,182.56087,33328.47
2026-01-26 07:00:00,189.27815,35826.22
2026-01-26 08:00:00,205.73671,42327.594
2026-01-26 09:00:00,212.03407,44958.45
2026-01-26 10:00:00,213.57446,45614.05
2026-01-26 11:00:00,213.58638,45619.14
2026-01-26 12:00:00,211.48068,44724.08
2026-01-26 13:00:00,211.65417,44797.49
2026-01-26 14:00:00,212.47034,45143.645
2026-01-26 15:00:00,211.93251,44915.39
2026-01-26 16:00:00,212.45282,45136.2
2026-01-26 17:00:00,216.33124,46799.203
2026-01-26 18:00:00,218.37393,47687.176
2026-01-26 19:00:00,217.24002,47193.227
2026-01-26 20:00:00,214.24794,45902.18
2026-01-26 21:00:00,212.28236,45063.8
2026-01-26 22:00:00,209.06458,43707.996
2026-01-26 23:00:00,204.56248,41845.81
2026-01-27 00:00:00,196.2572,38516.89
2026-01-27 01:00:00,191.11314,36524.234
2026-01-27 02:00:00,188.19891,35418.832
2026-01-27 03:00:00,185.15987,34284.176
2026-01-27 04:00:00,185.24751,34316.64
2026-01-27 05:00:00,186.41966,34752.29
2026-01-27 06:00:00,187.75145,35250.605
2026-01-27 07:00:00,194.25398,37734.61
2026-01-27 08:00:00,210.24883,44204.57
2026-01-27 09:00:00,213.534,45596.77
2026-01-27 10:00:00,214.29276,45921.387
2026-01-27 11:00:00,213.43887,45556.152
2026-01-27 12:00:00,212.11441,44992.523
2026-01-27 13:00:00,212.70596,45243.83
2026-01-27 14:00:00,214.05635,45820.12
2026-01-27 15:00:00,214.19809,45880.82
2026-01-27 16:00:00,214.63185,46066.832
2026-01-27 17:00:00,217.61172,47354.863
2026-01-27 18:00:00,217.56708,47335.434
2026-01-27 19:00:00,216.47578,46861.766
2026-01-27 20:00:00,213.2657,45482.258
2026-01-27 21:00:00,212.19958,45028.664
2026-01-27 22:00:00,208.81448,43603.49
2026-01-27 23:00:00,203.9283,41586.75
2026-01-28 00:00:00,196.0996,38455.05
2026-01-28 01:00:00,191.7937,36784.824
2026-01-28 02:00:00,188.27113,35446.02
2026-01-28 03:00:00,185.12057,34269.63
2026-01-28 04:00:00,185.2904,34332.535
2026-01-28 05:00:00,186.25127,34689.535
2026-01-28 06:00:00,187.46144,35141.793
2026-01-28 07:00:00,193.23717,37340.6
2026-01-28 08:00:00,208.5629,43498.48
2026-01-28 09:00:00,211.45538,44713.38
2026-01-28 10:00:00,211.4041,44691.69
2026-01-28 11:00:00,211.19513,44603.383
2026-01-28 12:00:00,209.45262,43870.402
2026-01-28 13:00:00,209.25397,43787.223
2026-01-28 14:00:00,210.11578,44148.64
2026-01-28 15:00:00,209.99805,44099.18
2026-01-28 16:00:00,211.36327,44674.43
2026-01-28 17:00:00,214.83287,46153.164
2026-01-28 18:00:00,214.76944,46125.914
2026-01-28 19:00:00,214.39102,45963.51
2026-01-28 20:00:00,212.66109,45224.74
2026-01-28 21:00:00,211.0653,44548.562
2026-01-28 22:00:00,208.37709,43421.01
2026-01-28 23:00:00,203.61084,41457.375
2026-01-29 00:00:00,196.9345,38783.195
2026-01-29 01:00:00,191.98221,36857.168
2026-01-29 02:00:00,189.10922,35762.297
2026-01-29 03:00:00,185.43352,34385.59
2026-01-29 04:00:00,185.52213,34418.457
2026-01-29 05:00:00,186.88483,34925.938
2026-01-29 06:00:00,188.14124,35397.125
2026-01-29 07:00:00,194.4673,37817.53
2026-01-29 08:00:00,209.6087,43935.81
2026-01-29 09:00:00,212.22163,45038.023
2026-01-29 10:00:00,212.21115,45033.574
2026-01-29 11:00:00,211.44855,44710.49
2026-01-29 12:00:00,210.26576,44211.69
2026-01-29 13:00:00,210.48645,44304.547
2026-01-29 14:00:00,210.69089,44390.65
2026-01-29 15:00:00,210.85446,44459.605
2026-01-29 16:00:00,211.4561,44713.684
2026-01-29 17:00:00,215.2359,46326.492
2026-01-29 18:00:00,216.02834,46668.242
2026-01-29 19:00:00,215.55598,46464.383
2026-01-29 20:00:00,212.9415,45344.082
2026-01-29 21:00:00,211.95244,44923.836
2026-01-29 22:00:00,209.23532,43779.418
2026-01-29 23:00:00,204.26556,41724.42
2026-01-30 00:00:00,196.68195,38683.79
2026-01-30 01:00:00,191.51454,36677.82
2026-01-30 02:00:00,188.61496,35575.6
2026-01-30 03:00:00,185.08737,34257.336
2026-01-30 04:00:00,185.17186,34288.617
2026-01-30 05:00:00,185.86243,34544.84
2026-01-30 06:00:00,187.14542,35023.406
2026-01-30 07:00:00,193.89175,37594.01
2026-01-30 08:00:00,209.31372,43812.234
2026-01-30 09:00:00,211.27142,44635.613
2026-01-30 10:00:00,212.28044,45062.984
2026-01-30 11:00:00,211.94778,44921.863
2026-01-30 12:00:00,210.09099,44138.223
2026-01-30 13:00:00,210.09076,44138.13
2026-01-30 14:00:00,210.96942,44508.098
2026-01-30 15:00:00,211.41034,44694.332
2026-01-30 16:00:00,212.15889,45011.395
2026-01-30 17:00:00,215.26552,46339.242
2026-01-30 18:00:00,215.87796,46603.293
2026-01-30 19:00:00,215.0867,46262.29
2026-01-30 20:00:00,212.6017,45199.484
2026-01-30 21:00:00,211.23822,44621.586
2026-01-30 22:00:00,208.5649,43499.316
2026-01-30 23:00:00,203.6373,41468.15
2026-01-31 00:00:00,196.10823,38458.438
2026-01-31 01:00:00,191.05507,36502.04
2026-01-31 02:00:00,187.90648,35308.844
2026-01-31 03:00:00,184.8657,34175.33
2026-01-31 04:00:00,184.76163,34136.86
2026-01-31 05:00:00,185.27528,34326.93
2026-01-31 06:00:00,186.20659,34672.895
2026-01-31 07:00:00,187.6817,35224.42
2026-01-31 08:00:00,196.12982,38466.906
2026-01-31 09:00:00,202.12335,40853.848
2026-01-31 10:00:00,205.45422,42211.438
2026-01-31 11:00:00,205.77463,42343.2
2026-01-31 12:00:00,204.46725,41806.86
2026-01-31 13:00:00,204.98402,42018.45
2026-01-31 14:00:00,204.38934,41775.004
2026-01-31 15:00:00,204.93727,41999.285
2026-01-31 16:00:00,205.49933,42229.973
2026-01-31 17:00:00,208.77614,43587.477
2026-01-31 18:00:00,210.0758,44131.844
2026-01-31 19:00:00,210.01672,44107.023
2026-01-31 20:00:00,207.55333,43078.383
2026-01-31 21:00:00,206.07516,42466.973
2026-01-31 22:00:00,202.41403,40971.44
2026-01-31 23:00:00,197.73947,39100.9
2026-02-01 00:00:00,193.13599,37301.508
2026-02-01 01:00:00,189.40909,35875.8
2026-02-01 02:00:00,185.70027,34484.59
2026-02-01 03:00:00,181.95985,33109.387
2026-02-01 04:00:00,181.61356,32983.484
2026-02-01 05:00:00,181.558,32963.31
2026-02-01 06:00:00,180.27043,32497.428
2026-02-01 07:00:00,177.60446,31543.346
2026-02-01 08:00:00,179.84502,32344.23
2026-02-01 09:00:00,185.36871,34361.56
2026-02-01 10:00:00,190.79494,36402.707
2026-02-01 11:00:00,192.19499,36938.914
2026-02-01 12:00:00,191.9941,36861.734
2026-02-01 13:00:00,194.33661,37766.72
2026-02-01 14:00:00,194.42647,37801.652
2026-02-01 15:00:00,193.76314,37544.152
2026-02-01 16:00:00,194.09932,37674.547
2026-02-01 17:00:00,199.08061,39633.09
2026-02-01 18:00:00,203.22916,41302.09
2026-02-01 19:00:00,204.58386,41854.56
2026-02-01 20:00:00,205.42323,42198.703
2026-02-01 21:00:00,201.82152,40731.926
2026-02-01 22:00:00,199.60721,39843.04
2026-02-01 23:00:00,193.62204,37489.496
2026-02-02 00:00:00,192.76257,37157.41
2026-02-02 01:00:00,188.2952,35455.082
2026-02-02 02:00:00,183.55057,33690.812
2026-02-02 03:00:00,181.26642,32857.516
2026-02-02 04:00:00,179.12057,32084.18
2026-02-02 05:00:00,180.88904,32720.844
2026-02-02 06:00:00,185.32898,34346.832
2026-02-02 07:00:00,191.50938,36675.844
2026-02-02 08:00:00,209.09898,43722.387
2026-02-02 09:00:00,214.53445,46025.03
2026-02-02 10:00:00,217.35728,47244.188
2026-02-02 11:00:00,217.40598,47265.36
2026-02-02 12:00:00,216.32721,46797.46
2026-02-02 13:00:00,216.58124,46907.434
2026-02-02 14:00:00,216.7439,46977.918
2026-02-02 15:00:00,216.66628,46944.273
2026-02-02 16:00:00,216.8976,47044.566
2026-02-02 17:00:00,217.81721,47444.34
2026-02-02 18:00:00,218.26408,47639.21
2026-02-02 19:00:00,218.54625,47762.465
2026-02-02 20:00:00,217.89131,47476.625
2026-02-02 21:00:00,214.36859,45953.895
2026-02-02 22:00:00,211.93721,44917.383
2026-02-02 23:00:00,206.72362,42734.652
2026-02-03 00:00:00,199.66151,39864.72
2026-02-03 01:00:00,194.46277,37815.77
2026-02-03 02:00:00,191.12193,36527.594
2026-02-03 03:00:00,187.58484,35188.07
2026-02-03 04:00:00,187.26495,35068.164
2026-02-03 05:00:00,188.74487,35624.63
2026-02-03 06:00:00,190.22897,36187.062
2026-02-03 07:00:00,196.68626,38685.49
2026-02-03 08:00:00,212.93977,45343.348
2026-02-03 09:00:00,216.71243,46964.277
2026-02-03 10:00:00,218.9294,47930.082
2026-02-03 11:00:00,218.54852,47763.457
2026-02-03 12:00:00,217.68816,47388.133
2026-02-03 13:00:00,217.5998,47349.668
2026-02-03 14:00:00,217.61496,47356.27
2026-02-03 15:00:00,217.45729,47287.67
2026-02-03 16:00:00,217.563,47333.66
2026-02-03 17:00:00,218.44371,47717.656
2026-02-03 18:00:00,218.41066,47703.215
2026-02-03 19:00:00,219.25693,48073.6
2026-02-03 20:00:00,218.03543,47539.45
2026-02-03 21:00:00,215.07935,46259.125
2026-02-03 22:00:00,212.16945,45015.875
2026-02-03 23:00:00,207.23111,42944.734
2026-02-04 00:00:00,200.33107,40132.54
2026-02-04 01:00:00,195.99687,38414.773
2026-02-04 02:00:00,191.94946,36844.598
2026-02-04 03:00:00,187.92899,35317.305
2026-02-04 04:00:00,187.69827,35230.64
2026-02-04 05:00:00,189.69046,35982.47
2026-02-04 06:00:00,191.7319,36761.12
2026-02-04 07:00:00,197.99713,39202.863
2026-02-04 08:00:00,214.30458,45926.453
2026-02-04 09:00:00,218.08528,47561.19
2026-02-04 10:00:00,220.9292,48809.71
2026-02-04 11:00:00,220.90744,48800.098
2026-02-04 12:00:00,219.17741,48038.74
2026-02-04 13:00:00,220.18756,48482.562
2026-02-04 14:00:00,219.39633,48134.75
2026-02-04 15:00:00,219.9615,48383.062
2026-02-04 16:00:00,220.34991,48554.086
2026-02-04 17:00:00,220.98372,48833.805
2026-02-04 18:00:00,220.95067,48819.2
2026-02-04 19:00:00,220.72154,48718.0
2026-02-04 20:00:00,219.13235,48018.99
2026-02-04 21:00:00,215.99754,46654.938
2026-02-04 22:00:00,213.13849,45428.016
2026-02-04 23:00:00,208.21294,43352.625
2026-02-05 00:00:00,202.16228,40869.586
2026-02-05 01:00:00,196.93413,38783.05
2026-02-05 02:00:00,193.08765,37282.84
2026-02-05 03:00:00,189.17783,35788.25
2026-02-05 04:00:00,188.72911,35618.676
2026-02-05 05:00:00,190.7463,36384.152
2026-02-05 06:00:00,192.82985,37183.35
2026-02-05 07:00:00,200.10976,40043.914
2026-02-05 08:00:00,216.67117,46946.4
2026-02-05 09:00:00,221.56885,49092.754
2026-02-05 10:00:00,223.53773,49969.117
2026-02-05 11:00:00,224.45717,50381.02
2026-02-05 12:00:00,224.11433,50227.234
2026-02-05 13:00:00,224.40738,50358.67
2026-02-05 14:00:00,224.4418,50374.12
2026-02-05 15:00:00,224.42526,50366.7
2026-02-05 16:00:00,224.5352,50416.06
2026-02-05 17:00:00,224.70192,50490.953
2026-02-05 18:00:00,224.52321,50410.67
2026-02-05 19:00:00,223.58228,49989.035
2026-02-05 20:00:00,221.80968,49199.53
2026-02-05 21:00:00,218.94356,47936.28
2026-02-05 22:00:00,216.09917,46698.85
2026-02-05 23:00:00,210.5188,44318.164
2026-02-06 00:00:00,201.30193,40522.465
2026-02-06 01:00:00,196.1419,38471.65
2026-02-06 02:00:00,193.00958,37252.7
2026-02-06 03:00:00,188.07124,35370.793
2026-02-06 04:00:00,187.8139,35274.062
2026-02-06 05:00:00,189.99158,36096.8
2026-02-06 06:00:00,191.88377,36819.383
2026-02-06 07:00:00,199.25505,39702.574
2026-02-06 08:00:00,216.54294,46890.844
2026-02-06 09:00:00,222.04158,49302.465
2026-02-06 10:00:00,224.71877,50498.523
2026-02-06 11:00:00,224.75858,50516.418
2026-02-06 12:00:00,224.05507,50200.676
2026-02-06 13:00:00,223.35934,49889.4
2026-02-06 14:00:00,224.35411,50334.766
2026-02-06 15:00:00,224.35461,50334.992
2026-02-06 16:00:00,224.42418,50366.21
2026-02-06 17:00:00,224.65953,50471.906
2026-02-06 18:00:00,224.51888,50408.727
2026-02-06 19:00:00,223.16193,49801.246
2026-02-06 20:00:00,221.2042,48931.297
2026-02-06 21:00:00,217.7794,47427.867
2026-02-06 22:00:00,214.29984,45924.418
2026-02-06 23:00:00,209.21927,43772.703
2026-02-07 00:00:00,199.83401,39933.633
2026-02-07 01:00:00,195.53877,38235.41
2026-02-07 02:00:00,191.68832,36744.414
2026-02-07 03:00:00,188.12775,35392.05
2026-02-07 04:00:00,187.69133,35228.035
2026-02-07 05:00:00,189.26749,35822.18
2026-02-07 06:00:00,190.58069,36321.0
2026-02-07 07:00:00,192.51936,37063.707
2026-02-07 08:00:00,202.78831,41123.1
2026-02-07 09:00:00,209.95338,44080.42
2026-02-07 10:00:00,215.1742,46299.934
2026-02-07 11:00:00,216.96706,47074.703
2026-02-07 12:00:00,216.20033,46742.582
2026-02-07 13:00:00,216.90802,47049.09
2026-02-07 14:00:00,216.823,47012.21
2026-02-07 15:00:00,216.36726,46814.793
2026-02-07 16:00:00,216.71208,46964.125
2026-02-07 17:00:00,217.8612,47463.504
2026-02-07 18:00:00,219.4414,48154.53
2026-02-07 19:00:00,218.44168,47716.77
2026-02-07 20:00:00,216.68979,46954.465
2026-02-07 21:00:00,212.14442,45005.258
2026-02-07 22:00:00,208.19731,43346.12
2026-02-07 23:00:00,203.28693,41325.574
2026-02-08 00:00:00,194.80435,37948.734
2026-02-08 01:00:00,190.95912,36465.387
2026-02-08 02:00:00,186.82086,34902.035
2026-02-08 03:00:00,183.12346,33534.203
2026-02-08 04:00:00,182.73883,33393.48
2026-02-08 05:00:00,183.20827,33565.27
2026-02-08 06:00:00,182.36931,33258.566
2026-02-08 07:00:00,179.9149,32369.371
2026-02-08 08:00:00,183.65515,33729.215
2026-02-08 09:00:00,189.18199,35789.824
2026-02-08 10:00:00,195.27962,38134.13
2026-02-08 11:00:00,197.85802,39147.793
2026-02-08 12:00:00,198.76198,39506.324
2026-02-08 13:00:00,200.14711,40058.867
2026-02-08 14:00:00,200.25803,40103.277
2026-02-08 15:00:00,200.2334,40093.414
2026-02-08 16:00:00,200.78882,40316.15
2026-02-08 17:00:00,205.17262,42095.805
2026-02-08 18:00:00,208.96658,43667.03
2026-02-08 19:00:00,210.61519,44358.758
2026-02-08 20:00:00,209.24203,43782.23
2026-02-08 21:00:00,205.39813,42188.395
2026-02-08 22:00:00,202.92969,41180.457
2026-02-08 23:00:00,195.79646,38336.254
2026-02-09 00:00:00,194.32422,37761.902
2026-02-09 01:00:00,189.09944,35758.598
2026-02-09 02:00:00,184.1908,33926.25
2026-02-09 03:00:00,182.30664,33235.71
2026-02-09 04:00:00,179.83304,32339.922
2026-02-09 05:00:00,181.73273,33026.785
2026-02-09 06:00:00,186.82486,34903.527
2026-02-09 07:00:00,193.35912,37387.746
2026-02-09 08:00:00,212.43358,45128.023
2026-02-09 09:00:00,221.04703,48861.79
2026-02-09 10:00:00,224.45668,50380.8
2026-02-09 11:00:00,224.61833,50453.395
2026-02-09 12:00:00,223.66562,50026.31
2026-02-09 13:00:00,223.99263,50172.7
2026-02-09 14:00:00,224.48074,50391.605
2026-02-09 15:00:00,224.33592,50326.605
2026-02-09 16:00:00,224.39847,50354.67
2026-02-09 17:00:00,225.27826,50750.293
2026-02-09 18:00:00,225.18031,50706.17
2026-02-09 19:00:00,223.65703,50022.465
2026-02-09 20:00:00,221.39066,49013.824
2026-02-09 21:00:00,217.68663,47387.47
2026-02-09 22:00:00,213.67061,45655.13
2026-02-09 23:00:00,208.83684,43612.824
2026-02-10 00:00:00,200.7656,40306.824
2026-02-10 01:00:00,195.80159,38338.26
2026-02-10 02:00:00,191.83234,36799.645
2026-02-10 03:00:00,187.9981,35343.28
2026-02-10 04:00:00,187.7012,35231.742
2026-02-10 05:00:00,189.69917,35985.777
2026-02-10 06:00:00,192.10614,36904.77
2026-02-10 07:00:00,198.80339,39522.79
2026-02-10 08:00:00,216.28387,46778.715
2026-02-10 09:00:00,222.72371,49605.85
2026-02-10 10:00:00,224.70541,50492.523
2026-02-10 11:00:00,224.74522,50510.414
2026-02-10 12:00:00,224.1591,50247.305
2026-02-10 13:00:00,224.18001,50256.676
2026-02-10 14:00:00,224.2641,50294.387
2026-02-10 15:00:00,224.24756,50286.97
2026-02-10 16:00:00,224.85432,50559.47
2026-02-10 17:00:00,224.9992,50624.645
2026-02-10 18:00:00,224.77321,50522.996
2026-02-10 19:00:00,223.64342,50016.38
2026-02-10 20:00:00,221.64825,49127.95
2026-02-10 21:00:00,218.73755,47846.117
2026-02-10 22:00:00,214.76917,46125.793
2026-02-10 23:00:00,209.46062,43873.75
2026-02-11 00:00:00,200.6978,40279.605
2026-02-11 01:00:00,196.31801,38540.76
2026-02-11 02:00:00,192.34245,36995.62
2026-02-11 03:00:00,188.4052,35496.52
2026-02-11 04:00:00,187.99155,35340.82
2026-02-11 05:00:00,190.02612,36109.926
2026-02-11 06:00:00,191.88353,36819.29
2026-02-11 07:00:00,198.78317,39514.75
2026-02-11 08:00:00,215.8276,46581.555
2026-02-11 09:00:00,222.06302,49311.984
2026-02-11 10:00:00,224.86023,50562.12
2026-02-11 11:00:00,224.98721,50619.246
2026-02-11 12:00:00,224.51984,50409.156
2026-02-11 13:00:00,224.48393,50393.035
2026-02-11 14:00:00,224.5261,50411.965
2026-02-11 15:00:00,224.6403,50463.266
2026-02-11 16:00:00,224.67853,50480.44
2026-02-11 17:00:00,224.94318,50599.434
2026-02-11 18:00:00,224.73444,50505.566
2026-02-11 19:00:00,223.63467,50012.47
2026-02-11 20:00:00,221.56723,49092.04
2026-02-11 21:00:00,218.52565,47753.46
2026-02-11 22:00:00,214.58003,46044.59
2026-02-11 23:00:00,209.222,43773.844
2026-02-12 00:00:00,201.49692,40601.008
2026-02-12 01:00:00,196.10567,38457.434
2026-02-12 02:00:00,192.94484,37227.71
2026-02-12 03:00:00,188.33862,35471.438
2026-02-12 04:00:00,187.844,35285.367
2026-02-12 05:00:00,189.97989,36092.36
2026-02-12 06:00:00,191.90352,36826.96
2026-02-12 07:00:00,199.66632,39866.64
2026-02-12 08:00:00,216.89116,47041.773
2026-02-12 09:00:00,222.3242,49428.05
2026-02-12 10:00:00,224.87936,50570.727
2026-02-12 11:00:00,224.97989,50615.95
2026-02-12 12:00:00,224.16359,50249.316
2026-02-12 13:00:00,224.12035,50229.93
2026-02-12 14:00:00,224.08752,50215.22
2026-02-12 15:00:00,224.06595,50205.55
2026-02-12 16:00:00,224.64825,50466.84
2026-02-12 17:00:00,224.7957,50533.105
2026-02-12 18:00:00,224.61699,50452.793
2026-02-12 19:00:00,223.41936,49916.21
2026-02-12 20:00:00,221.50851,49066.023
2026-02-12 21:00:00,218.68396,47822.676
2026-02-12 22:00:00,215.33298,46368.293
2026-02-12 23:00:00,209.90363,44059.53
2026-02-13 00:00:00,201.4415,40578.676
2026-02-13 01:00:00,196.15901,38478.36
2026-02-13 02:00:00,193.02669,37259.3
2026-02-13 03:00:00,188.2042,35420.816
2026-02-13 04:00:00,187.74683,35248.87
2026-02-13 05:00:00,189.79669,36022.785
2026-02-13 06:00:00,191.76874,36775.25
2026-02-13 07:00:00,198.86668,39547.957
2026-02-13 08:00:00,216.01021,46660.41
2026-02-13 09:00:00,218.92299,47927.273
2026-02-13 10:00:00,221.48438,49055.33
2026-02-13 11:00:00,222.49924,49505.91
2026-02-13 12:00:00,221.896,49237.832
2026-02-13 13:00:00,221.80273,49196.453
2026-02-13 14:00:00,222.51508,49512.957
2026-02-13 15:00:00,222.19406,49370.2
2026-02-13 16:00:00,222.74475,49615.223
2026-02-13 17:00:00,224.04646,50196.816
2026-02-13 18:00:00,223.94302,50150.477
2026-02-13 19:00:00,222.81396,49646.062
2026-02-13 20:00:00,221.05875,48866.97
2026-02-13 21:00:00,217.84721,47457.41
2026-02-13 22:00:00,214.72102,46105.117
2026-02-13 23:00:00,209.80507,44018.168
2026-02-14 00:00:00,199.95734,39982.938
2026-02-14 01:00:00,195.7408,38314.46
2026-02-14 02:00:00,191.76825,36775.062
2026-02-14 03:00:00,188.31207,35461.438
2026-02-14 04:00:00,187.87566,35297.26
2026-02-14 05:00:00,189.23195,35808.73
2026-02-14 06:00:00,190.19095,36172.598
2026-02-14 07:00:00,191.88284,36819.027
2026-02-14 08:00:00,201.52737,40613.28
2026-02-14 09:00:00,208.11343,43311.203
2026-02-14 10:00:00,213.2792,45488.02
2026-02-14 11:00:00,214.34666,45944.492
2026-02-14 12:00:00,213.68126,45659.68
2026-02-14 13:00:00,213.66147,45651.223
2026-02-14 14:00:00,213.12732,45423.254
2026-02-14 15:00:00,213.58289,45617.65
2026-02-14 16:00:00,213.39026,45535.402
2026-02-14 17:00:00,214.28712,45918.973
2026-02-14 18:00:00,215.64848,46504.27
2026-02-14 19:00:00,215.22891,46323.484
2026-02-14 20:00:00,213.60783,45628.31
2026-02-14 21:00:00,210.04512,44118.953
2026-02-14 22:00:00,207.53639,43071.355
2026-02-14 23:00:00,202.7314,41100.02
2026-02-15 00:00:00,193.15443,37308.637
2026-02-15 01:00:00,189.72635,35996.086
2026-02-15 02:00:00,185.42975,34384.19
2026-02-15 03:00:00,181.85057,33069.63
2026-02-15 04:00:00,181.6245,32987.457
2026-02-15 05:00:00,181.89835,33087.008
2026-02-15 06:00:00,180.57512,32607.373
2026-02-15 07:00:00,178.38208,31820.166
2026-02-15 08:00:00,181.06883,32785.92
2026-02-15 09:00:00,186.4824,34775.688
2026-02-15 10:00:00,191.6716,36738.004
2026-02-15 11:00:00,193.36192,37388.832
2026-02-15 12:00:00,194.24216,37730.016
2026-02-15 13:00:00,195.872,38365.84
2026-02-15 14:00:00,195.08018,38056.277
2026-02-15 15:00:00,194.76357,37932.848
2026-02-15 16:00:00,195.86966,38364.92
2026-02-15 17:00:00,201.39764,40561.01
2026-02-15 18:00:00,204.49745,41819.207
2026-02-15 19:00:00,206.16376,42503.496
2026-02-15 20:00:00,206.48416,42635.707
2026-02-15 21:00:00,202.70284,41088.438
2026-02-15 22:00:00,199.92126,39968.51
2026-02-15 23:00:00,193.40225,37404.43
2026-02-16 00:00:00,192.2818,36972.29
2026-02-16 01:00:00,188.02109,35351.93
2026-02-16 02:00:00,183.09341,33523.2
2026-02-16 03:00:00,181.17432,32824.133
2026-02-16 04:00:00,179.05057,32059.105
2026-02-16 05:00:00,180.9721,32750.904
2026-02-16 06:00:00,185.61339,34452.33
2026-02-16 07:00:00,192.03133,36876.03
2026-02-16 08:00:00,208.92747,43650.69
2026-02-16 09:00:00,216.3019,46786.51
2026-02-16 10:00:00,219.51036,48184.797
2026-02-16 11:00:00,218.27864,47645.566
2026-02-16 12:00:00,217.08217,47124.668
2026-02-16 13:00:00,217.42717,47274.574
2026-02-16 14:00:00,217.53786,47322.72
2026-02-16 15:00:00,217.47835,47296.832
2026-02-16 16:00:00,217.55449,47329.957
2026-02-16 17:00:00,218.11989,47576.285
2026-02-16 18:00:00,218.45587,47722.97
2026-02-16 19:00:00,219.36609,48121.48
2026-02-16 20:00:00,218.25917,47637.066
2026-02-16 21:00:00,214.6528,46075.824
2026-02-16 22:00:00,211.94994,44922.773
2026-02-16 23:00:00,207.16284,42916.44
2026-02-17 00:00:00,199.14743,39659.7
2026-02-17 01:00:00,194.37534,37781.77
2026-02-17 02:00:00,190.59084,36324.867
2026-02-17 03:00:00,187.12105,35014.285
2026-02-17 04:00:00,186.78133,34887.266
2026-02-17 05:00:00,188.74643,35625.215
2026-02-17 06:00:00,190.31267,36218.91
2026-02-17 07:00:00,196.32378,38543.023
2026-02-17 08:00:00,214.03807,45812.297
2026-02-17 09:00:00,217.3429,47237.934
2026-02-17 10:00:00,219.84555,48332.066
2026-02-17 11:00:00,219.68486,48261.438
2026-02-17 12:00:00,218.6561,47810.49
2026-02-17 13:00:00,218.9812,47952.766
2026-02-17 14:00:00,219.31465,48098.918
2026-02-17 15:00:00,219.12408,48015.363
2026-02-17 16:00:00,219.14746,48025.61
2026-02-17 17:00:00,219.24275,48067.383
2026-02-17 18:00:00,219.27737,48082.566
2026-02-17 19:00:00,219.17958,48039.688
2026-02-17 20:00:00,218.54028,47759.855
2026-02-17 21:00:00,215.16588,46296.355
2026-02-17 22:00:00,212.1038,44988.023
2026-02-17 23:00:00,206.98232,42841.68
2026-02-18 00:00:00,199.94406,39977.63
2026-02-18 01:00:00,195.50761,38223.227
2026-02-18 02:00:00,191.45036,36653.242
2026-02-18 03:00:00,187.45692,35140.098
2026-02-18 04:00:00,187.19145,35040.64
2026-02-18 05:00:00,189.05423,35741.5
2026-02-18 06:00:00,191.08537,36513.62
2026-02-18 07:00:00,196.7008,38691.207
2026-02-18 08:00:00,213.5542,45605.395
2026-02-18 09:00:00,216.86575,47030.754
2026-02-18 10:00:00,219.60585,48226.73
2026-02-18 11:00:00,219.50916,48184.27
2026-02-18 12:00:00,218.80904,47877.395
2026-02-18 13:00:00,218.89427,47914.703
2026-02-18 14:00:00,219.08612,47998.727
2026-02-18 15:00:00,219.11444,48011.137
2026-02-18 16:00:00,219.13782,48021.383
2026-02-18 17:00:00,219.63835,48241.004
2026-02-18 18:00:00,220.36551,48560.957
2026-02-18 19:00:00,220.1732,48476.24
2026-02-18 20:00:00,218.81114,47878.316
2026-02-18 21:00:00,214.01875,45804.027
2026-02-18 22:00:00,212.55687,45180.42
2026-02-18 23:00:00,207.83923,43197.15
2026-02-19 00:00:00,201.21315,40486.73
2026-02-19 01:00:00,195.92902,38388.18
2026-02-19 02:00:00,192.64474,37111.996
2026-02-19 03:00:00,187.80537,35270.86
2026-02-19 04:00:00,187.31137,35085.55
2026-02-19 05:00:00,189.43881,35887.062
2026-02-19 06:00:00,191.20033,36557.566
2026-02-19 07:00:00,198.75688,39504.297
2026-02-19 08:00:00,214.94939,46203.24
2026-02-19 09:00:00,218.70476,47831.77
2026-02-19 10:00:00,221.3628,49001.484
2026-02-19 11:00:00,222.63445,49566.098
2026-02-19 12:00:00,222.22824,49385.39
2026-02-19 13:00:00,222.54045,49524.254
2026-02-19 14:00:00,222.30641,49420.14
2026-02-19 15:00:00,221.22835,48941.98
2026-02-19 16:00:00,222.74419,49614.973
2026-02-19 17:00:00,222.94318,49703.66
2026-02-19 18:00:00,223.49083,49948.152
2026-02-19 19:00:00,222.58087,49542.246
2026-02-19 20:00:00,220.18068,48479.53
2026-02-19 21:00:00,216.31755,46793.28
2026-02-19 22:00:00,214.54718,46030.492
2026-02-19 23:00:00,209.36401,43833.29
2026-02-20 00:00:00,201.40727,40564.89
2026-02-20 01:00:00,196.25014,38514.117
2026-02-20 02:00:00,193.11781,37294.49
2026-02-20 03:00:00,188.30977,35460.57
2026-02-20 04:00:00,187.86508,35293.29
2026-02-20 05:00:00,189.82256,36032.6
2026-02-20 06:00:00,191.63342,36723.367
2026-02-20 07:00:00,199.06813,39628.12
2026-02-20 08:00:00,216.42934,46841.656
2026-02-20 09:00:00,221.6767,49140.56
2026-02-20 10:00:00,224.38374,50348.062
2026-02-20 11:00:00,224.3653,50339.785
2026-02-20 12:00:00,223.5379,49969.195
2026-02-20 13:00:00,222.84218,49658.637
2026-02-20 14:00:00,223.77667,50076.0
2026-02-20 15:00:00,223.78745,50080.82
2026-02-20 16:00:00,223.83076,50100.21
2026-02-20 17:00:00,224.02864,50188.832
2026-02-20 18:00:00,223.88799,50125.83
2026-02-20 19:00:00,222.88106,49675.965
2026-02-20 20:00:00,221.36794,49003.76
2026-02-20 21:00:00,217.81084,47441.562
2026-02-20 22:00:00,214.80093,46139.44
2026-02-20 23:00:00,210.03271,44113.742
2026-02-21 00:00:00,201.00864,40404.473
2026-02-21 01:00:00,196.48438,38606.11
2026-02-21 02:00:00,192.3916,37014.527
2026-02-21 03:00:00,188.90239,35684.113
2026-02-21 04:00:00,188.45921,35516.875
2026-02-21 05:00:00,189.62819,35958.85
2026-02-21 06:00:00,190.7026,36367.484
2026-02-21 07:00:00,192.31345,36984.46
2026-02-21 08:00:00,202.36652,40952.207
2026-02-21 09:00:00,209.65182,43953.887
2026-02-21 10:00:00,215.34586,46373.836
2026-02-21 11:00:00,217.07709,47122.46
2026-02-21 12:00:00,216.3033,46787.117
2026-02-21 13:00:00,217.10861,47136.15
2026-02-21 14:00:00,216.58951,46911.016
2026-02-21 15:00:00,216.50183,46873.043
2026-02-21 16:00:00,216.84007,47019.617
2026-02-21 17:00:00,217.71939,47401.734
2026-02-21 18:00:00,219.13805,48021.484
2026-02-21 19:00:00,218.52829,47754.613
2026-02-21 20:00:00,217.26111,47202.39
2026-02-21 21:00:00,213.27332,45485.508
2026-02-21 22:00:00,209.0652,43708.258
2026-02-21 23:00:00,204.35237,41759.89
2026-02-22 00:00:00,196.1367,38469.605
2026-02-22 01:00:00,191.80124,36787.715
2026-02-22 02:00:00,187.80212,35269.637
2026-02-22 03:00:00,184.18625,33924.574
2026-02-22 04:00:00,184.07327,33882.97
2026-02-22 05:00:00,184.04749,33873.477
2026-02-22 06:00:00,183.12302,33534.04
2026-02-22 07:00:00,180.8591,32710.014
2026-02-22 08:00:00,184.08047,33885.62
2026-02-22 09:00:00,189.73022,35997.56
2026-02-22 10:00:00,195.608,38262.492
2026-02-22 11:00:00,198.9658,39587.39
2026-02-22 12:00:00,199.85329,39941.336
2026-02-22 13:00:00,201.6841,40676.477
2026-02-22 14:00:00,202.07875,40835.82
2026-02-22 15:00:00,201.20734,40484.39
2026-02-22 16:00:00,201.6925,40679.867
2026-02-22 17:00:00,206.12627,42488.04
2026-02-22 18:00:00,209.57286,43920.785
2026-02-22 19:00:00,211.24953,44626.363
2026-02-22 20:00:00,211.13626,44578.52
2026-02-22 21:00:00,207.61276,43103.06
2026-02-22 22:00:00,204.71777,41909.367
2026-02-22 23:00:00,198.05014,39223.86
2026-02-23 00:00:00,195.69011,38294.617
2026-02-23 01:00:00,190.33313,36226.7
2026-02-23 02:00:00,186.0354,34609.17
2026-02-23 03:00:00,183.78644,33777.453
2026-02-23 04:00:00,181.57645,32970.008
2026-02-23 05:00:00,183.18347,33556.184
2026-02-23 06:00:00,187.69969,35231.176
2026-02-23 07:00:00,194.01056,37640.098
2026-02-23 08:00:00,212.86382,45311.004
2026-02-23 09:00:00,221.54742,49083.26
2026-02-23 10:00:00,225.13799,50687.113
2026-02-23 11:00:00,225.2419,50733.914
2026-02-23 12:00:00,224.57083,50432.06
2026-02-23 13:00:00,224.78867,50529.945
2026-02-23 14:00:00,224.92296,50590.336
2026-02-23 15:00:00,224.73166,50504.32
2026-02-23 16:00:00,224.69669,50488.6
2026-02-23 17:00:00,225.40132,50805.754
2026-02-23 18:00:00,225.2711,50747.07
2026-02-23 19:00:00,224.03494,50191.656
2026-02-23 20:00:00,222.5415,49524.723
2026-02-23 21:00:00,219.07272,47992.86
2026-02-23 22:00:00,215.30644,46356.863
2026-02-23 23:00:00,210.1132,44147.56
2026-02-24 00:00:00,201.9593,40787.562
2026-02-24 01:00:00,197.57262,39034.938
2026-02-24 02:00:00,192.88617,37205.074
2026-02-24 03:00:00,189.54172,35926.062
2026-02-24 04:00:00,188.99828,35720.348
2026-02-24 05:00:00,190.72807,36377.2
2026-02-24 06:00:00,192.4897,37052.285
2026-02-24 07:00:00,198.76544,39507.7
2026-02-24 08:00:00,216.331,46799.098
2026-02-24 09:00:00,222.11336,49334.344
2026-02-24 10:00:00,224.4566,50380.766
2026-02-24 11:00:00,224.42346,50365.89
2026-02-24 12:00:00,223.93988,50149.07
2026-02-24 13:00:00,223.96046,50158.29
2026-02-24 14:00:00,224.00262,50177.176
2026-02-24 15:00:00,224.0989,50220.32
2026-02-24 16:00:00,224.14716,50241.95
2026-02-24 17:00:00,224.36267,50338.61
2026-02-24 18:00:00,224.13667,50237.25
2026-02-24 19:00:00,223.66843,50027.566
2026-02-24 20:00:00,222.27727,49407.184
2026-02-24 21:00:00,219.24599,48068.805
2026-02-24 22:00:00,215.51181,46445.34
2026-02-24 23:00:00,210.63403,44366.695
2026-02-25 00:00:00,202.75746,41110.59
2026-02-25 01:00:00,197.66753,39072.45
2026-02-25 02:00:00,193.44888,37422.47
2026-02-25 03:00:00,189.69762,35985.188
2026-02-25 04:00:00,189.45047,35891.48
2026-02-25 05:00:00,190.93481,36456.1
2026-02-25 06:00:00,192.45955,37040.68
2026-02-25 07:00:00,198.9448,39579.03
2026-02-25 08:00:00,215.63521,46498.543
2026-02-25 09:00:00,221.3119,48978.96
2026-02-25 10:00:00,224.10356,50222.406
2026-02-25 11:00:00,224.16101,50248.16
2026-02-25 12:00:00,223.99426,50173.43
2026-02-25 13:00:00,224.01485,50182.652
2026-02-25 14:00:00,223.79808,50085.582
2026-02-25 15:00:00,224.06981,50207.277
2026-02-25 16:00:00,223.88512,50124.547
2026-02-25 17:00:00,224.09036,50216.492
2026-02-25 18:00:00,223.98943,50171.26
2026-02-25 19:00:00,223.44951,49929.684
2026-02-25 20:00:00,222.15393,49352.367
2026-02-25 21:00:00,218.93604,47932.99
2026-02-25 22:00:00,215.22502,46321.81
2026-02-25 23:00:00,210.45836,44292.723
2026-02-26 00:00:00,202.29172,40921.938
2026-02-26 01:00:00,197.24464,38905.45
2026-02-26 02:00:00,194.05894,37658.875
2026-02-26 03:00:00,189.40894,35875.746
2026-02-26 04:00:00,189.00703,35723.66
2026-02-26 05:00:00,190.52075,36298.156
2026-02-26 06:00:00,192.13876,36917.305
2026-02-26 07:00:00,199.76225,39904.957
2026-02-26 08:00:00,216.06584,46684.45
2026-02-26 09:00:00,219.96663,48385.316
2026-02-26 10:00:00,222.38094,49453.28
2026-02-26 11:00:00,221.23819,48946.336
2026-02-26 12:00:00,220.66748,48694.137
2026-02-26 13:00:00,222.02823,49296.535
2026-02-26 14:00:00,220.91867,48805.06
2026-02-26 15:00:00,222.08841,49323.26
2026-02-26 16:00:00,222.05424,49308.086
2026-02-26 17:00:00,222.63069,49564.426
2026-02-26 18:00:00,222.49826,49505.477
2026-02-26 19:00:00,221.94092,49257.77
2026-02-26 20:00:00,221.35327,48997.27
2026-02-26 21:00:00,218.76952,47860.1
2026-02-26 22:00:00,215.77493,46558.82
2026-02-26 23:00:00,210.42998,44280.777
2026-02-27 00:00:00,200.20232,40080.97
2026-02-27 01:00:00,195.70033,38298.62
2026-02-27 02:00:00,192.43646,37031.793
2026-02-27 03:00:00,187.85782,35290.56
2026-02-27 04:00:00,187.37805,35110.535
2026-02-27 05:00:00,189.17639,35787.707
2026-02-27 06:00:00,190.36327,36238.17
2026-02-27 07:00:00,197.72766,39096.227
2026-02-27 08:00:00,213.19638,45452.695
2026-02-27 09:00:00,215.69167,46522.895
2026-02-27 10:00:00,218.25984,47637.36
2026-02-27 11:00:00,218.21115,47616.105
2026-02-27 12:00:00,217.34152,47237.336
2026-02-27 13:00:00,217.01929,47097.37
2026-02-27 14:00:00,216.17383,46731.125
2026-02-27 15:00:00,216.7535,46982.08
2026-02-27 16:00:00,217.59392,47347.113
2026-02-27 17:00:00,218.23515,47626.582
2026-02-27 18:00:00,218.19829,47610.492
2026-02-27 19:00:00,218.45276,47721.61
2026-02-27 20:00:00,218.4644,47726.695
2026-02-27 21:00:00,215.09566,46266.14
2026-02-27 22:00:00,212.37354,45102.52
2026-02-27 23:00:00,207.78482,43174.53
2026-02-28 00:00:00,199.05229,39621.816
2026-02-28 01:00:00,194.74455,37925.44
2026-02-28 02:00:00,190.93419,36455.863
2026-02-28 03:00:00,186.95348,34951.6
2026-02-28 04:00:00,186.53064,34793.68
2026-02-28 05:00:00,187.80083,35269.152
2026-02-28 06:00:00,188.43881,35509.188
2026-02-28 07:00:00,189.04044,35736.285
2026-02-28 08:00:00,197.95538,39186.332
2026-02-28 09:00:00,204.01035,41620.223
2026-02-28 10:00:00,208.83122,43610.48
2026-02-28 11:00:00,210.16043,44167.406
2026-02-28 12:00:00,209.41321,43853.89
2026-02-28 13:00:00,209.14001,43739.547
2026-02-28 14:00:00,209.36539,43833.867
2026-02-28 15:00:00,209.5826,43924.863
2026-02-28 16:00:00,210.48701,44304.785
2026-02-28 17:00:00,212.13689,45002.06
2026-02-28 18:00:00,213.56056,45608.113
2026-02-28 19:00:00,213.82631,45721.69
2026-02-28 20:00:00,212.60094,45199.16
2026-02-28 21:00:00,208.57938,43505.355
2026-02-28 22:00:00,205.11871,42073.688
2026-02-28 23:00:00,200.62088,40248.74
2026-03-01 00:00:00,193.52411,37451.582
2026-03-01 01:00:00,189.54245,35926.34
2026-03-01 02:00:00,186.10104,34633.598
2026-03-01 03:00:00,182.89899,33452.04
2026-03-01 04:00:00,183.2033,33563.445
2026-03-01 05:00:00,182.93623,33465.664
2026-03-01 06:00:00,180.22806,32482.152
2026-03-01 07:00:00,177.09529,31362.742
2026-03-01 08:00:00,179.12018,32084.04
2026-03-01 09:00:00,182.0087,33127.164
2026-03-01 10:00:00,187.18726,35039.07
2026-03-01 11:00:00,189.75468,36006.84
2026-03-01 12:00:00,189.50554,35912.348
2026-03-01 13:00:00,190.51953,36297.69
2026-03-01 14:00:00,191.125,36528.766
2026-03-01 15:00:00,190.51588,36296.3
2026-03-01 16:00:00,191.17903,36549.42
2026-03-01 17:00:00,195.8081,38340.812
2026-03-01 18:00:00,200.55298,40221.496
2026-03-01 19:00:00,202.68901,41082.836
2026-03-01 20:00:00,203.05684,41232.08
2026-03-01 21:00:00,200.0604,40024.16
2026-03-01 22:00:00,196.55804,38635.066
2026-03-01 23:00:00,193.80678,37561.066
2026-03-02 00:00:00,191.43762,36648.363
2026-03-02 01:00:00,187.28831,35076.914
2026-03-02 02:00:00,182.4993,33305.992
2026-03-02 03:00:00,181.38892,32901.938
2026-03-02 04:00:00,179.88289,32357.854
2026-03-02 05:00:00,181.30812,32872.633
2026-03-02 06:00:00,183.65398,33728.78
2026-03-02 07:00:00,187.99377,35341.66
2026-03-02 08:00:00,202.9037,41169.914
2026-03-02 09:00:00,209.18713,43759.258
2026-03-02 10:00:00,209.72476,43984.477
2026-03-02 11:00:00,211.09303,44560.27
2026-03-02 12:00:00,209.00964,43685.03
2026-03-02 13:00:00,209.15425,43745.5
2026-03-02 14:00:00,208.94798,43659.258
2026-03-02 15:00:00,209.08034,43714.586
2026-03-02 16:00:00,211.01158,44525.887
2026-03-02 17:00:00,212.34653,45091.047
2026-03-02 18:00:00,213.57559,45614.535
2026-03-02 19:00:00,212.81844,45291.688
2026-03-02 20:00:00,213.3551,45520.4
2026-03-02 21:00:00,211.39293,44686.97
2026-03-02 22:00:00,207.39217,43011.51
2026-03-02 23:00:00,203.4086,41375.06
2026-03-03 00:00:00,198.45508,39384.418
2026-03-03 01:00:00,192.92374,37219.566
2026-03-03 02:00:00,189.55885,35932.56
2026-03-03 03:00:00,187.15364,35026.484
2026-03-03 04:00:00,187.1838,35037.777
2026-03-03 05:00:00,189.38986,35868.52
2026-03-03 06:00:00,189.08507,35753.164
2026-03-03 07:00:00,193.02037,37256.863
2026-03-03 08:00:00,207.85916,43205.43
2026-03-03 09:00:00,211.98401,44937.22
2026-03-03 10:00:00,211.94814,44922.01
2026-03-03 11:00:00,213.23941,45471.047
2026-03-03 12:00:00,211.29105,44643.906
2026-03-03 13:00:00,211.64989,44795.676
2026-03-03 14:00:00,211.59293,44771.566
2026-03-03 15:00:00,211.38077,44681.83
2026-03-03 16:00:00,212.8516,45305.8
2026-03-03 17:00:00,213.38126,45531.56
2026-03-03 18:00:00,214.30127,45925.035
2026-03-03 19:00:00,214.28429,45917.754
2026-03-03 20:00:00,213.9589,45778.406
2026-03-03 21:00:00,212.58275,45191.426
2026-03-03 22:00:00,208.41838,43438.223
2026-03-03 23:00:00,204.74054,41918.688
2026-03-04 00:00:00,198.795,39519.453
2026-03-04 01:00:00,193.92458,37606.742
2026-03-04 02:00:00,189.8617,36047.465
2026-03-04 03:00:00,187.34235,35097.156
2026-03-04 04:00:00,187.4056,35120.855
2026-03-04 05:00:00,189.07343,35748.76
2026-03-04 06:00:00,188.64926,35588.543
2026-03-04 07:00:00,192.68416,37127.184
2026-03-04 08:00:00,207.10626,42893.004
2026-03-04 09:00:00,209.74483,43992.89
2026-03-04 10:00:00,210.03159,44113.266
2026-03-04 11:00:00,211.66017,44800.027
2026-03-04 12:00:00,209.70679,43976.938
2026-03-04 13:00:00,210.19444,44181.703
2026-03-04 14:00:00,210.20757,44187.22
2026-03-04 15:00:00,210.00821,44103.45
2026-03-04 16:00:00,211.75278,44839.24
2026-03-04 17:00:00,213.12183,45420.914
2026-03-04 18:00:00,213.81163,45715.414
2026-03-04 19:00:00,211.21127,44610.203
2026-03-04 20:00:00,213.27374,45485.688
2026-03-04 21:00:00,212.32745,45082.95
2026-03-04 22:00:00,207.88228,43215.043
2026-03-04 23:00:00,204.47173,41808.688
2026-03-05 00:00:00,198.86774,39548.375
2026-03-05 01:00:00,193.77045,37546.984
2026-03-05 02:00:00,190.35056,36233.332
2026-03-05 03:00:00,186.97372,34959.17
2026-03-05 04:00:00,186.74277,34872.86
2026-03-05 05:00:00,187.97575,35334.883
2026-03-05 06:00:00,187.47989,35148.707
2026-03-05 07:00:00,192.96588,37235.832
2026-03-05 08:00:00,206.33691,42574.92
2026-03-05 09:00:00,208.51811,43479.805
2026-03-05 10:00:00,208.71156,43560.516
2026-03-05 11:00:00,209.9058,44060.45
2026-03-05 12:00:00,207.68529,43133.18
2026-03-05 13:00:00,207.86803,43209.117
2026-03-05 14:00:00,207.84247,43198.492
2026-03-05 15:00:00,208.11935,43313.664
2026-03-05 16:00:00,209.83838,44032.145
2026-03-05 17:00:00,210.75198,44416.4
2026-03-05 18:00:00,212.24992,45050.03
2026-03-05 19:00:00,212.10506,44988.555
2026-03-05 20:00:00,212.22647,45040.074
2026-03-05 21:00:00,211.42538,44700.69
2026-03-05 22:00:00,207.34073,42990.18
2026-03-05 23:00:00,203.94502,41593.57
2026-03-06 00:00:00,198.00302,39205.195
2026-03-06 01:00:00,192.92766,37221.082
2026-03-06 02:00:00,189.3809,35865.13
2026-03-06 03:00:00,185.97136,34585.348
2026-03-06 04:00:00,186.29259,34704.93
2026-03-06 05:00:00,187.48653,35151.2
2026-03-06 06:00:00,186.80904,34897.617
2026-03-06 07:00:00,192.02498,36873.594
2026-03-06 08:00:00,205.2208,42115.574
2026-03-06 09:00:00,207.63606,43112.734
2026-03-06 10:00:00,206.56302,42668.28
2026-03-06 11:00:00,207.2848,42966.992
2026-03-06 12:00:00,204.43552,41793.88
2026-03-06 13:00:00,205.2947,42145.91
2026-03-06 14:00:00,204.49881,41819.76
2026-03-06 15:00:00,205.12994,42078.293
2026-03-06 16:00:00,206.94032,42824.297
2026-03-06 17:00:00,207.82101,43189.574
2026-03-06 18:00:00,209.68297,43966.945
2026-03-06 19:00:00,209.49014,43886.12
2026-03-06 20:00:00,210.33159,44239.38
2026-03-06 21:00:00,209.70865,43977.72
2026-03-06 22:00:00,206.37688,42591.414
2026-03-06 23:00:00,202.73701,41102.297
2026-03-07 00:00:00,196.10495,38457.152
2026-03-07 01:00:00,191.86514,36812.234
2026-03-07 02:00:00,187.5551,35176.914
2026-03-07 03:00:00,184.80048,34151.215
2026-03-07 04:00:00,185.45753,34394.496
2026-03-07 05:00:00,186.11179,34637.598
2026-03-07 06:00:00,185.49965,34410.12
2026-03-07 07:00:00,185.4476,34390.812
2026-03-07 08:00:00,193.97781,37627.39
2026-03-07 09:00:00,198.58849,39437.387
2026-03-07 10:00:00,200.43523,40174.28
2026-03-07 11:00:00,201.76808,40710.36
2026-03-07 12:00:00,200.27019,40108.15
2026-03-07 13:00:00,199.70634,39882.625
2026-03-07 14:00:00,200.44153,40176.805
2026-03-07 15:00:00,200.34444,40137.895
2026-03-07 16:00:00,201.39188,40558.688
2026-03-07 17:00:00,203.07219,41238.312
2026-03-07 18:00:00,202.80704,41130.695
2026-03-07 19:00:00,205.99657,42434.586
2026-03-07 20:00:00,205.72275,42321.848
2026-03-07 21:00:00,204.63129,41873.965
2026-03-07 22:00:00,199.7623,39904.977
2026-03-07 23:00:00,196.96906,38796.81
2026-03-08 00:00:00,190.65286,36348.516
2026-03-08 01:00:00,187.64574,35210.92
2026-03-08 02:00:00,184.70163,34114.69
2026-03-08 03:00:00,181.08282,32790.99
2026-03-08 04:00:00,181.43262,32917.793
2026-03-08 05:00:00,180.40085,32544.467
2026-03-08 06:00:00,178.03662,31697.04
2026-03-08 07:00:00,174.76146,30541.568
2026-03-08 08:00:00,176.72203,31230.676
2026-03-08 09:00:00,180.11378,32440.975
2026-03-08 10:00:00,185.13918,34276.516
2026-03-08 11:00:00,186.79332,34891.746
2026-03-08 12:00:00,187.14857,35024.59
2026-03-08 13:00:00,187.99722,35342.957
2026-03-08 14:00:00,187.2276,35054.176
2026-03-08 15:00:00,187.80424,35270.434
2026-03-08 16:00:00,188.65985,35592.54
2026-03-08 17:00:00,192.84383,37188.742
2026-03-08 18:00:00,198.06999,39231.723
2026-03-08 19:00:00,199.45197,39781.086
2026-03-08 20:00:00,200.89542,40358.97
2026-03-08 21:00:00,197.6436,39062.992
2026-03-08 22:00:00,194.92271,37994.863
2026-03-08 23:00:00,190.76024,36389.47
2026-03-09 00:00:00,189.36568,35859.36
2026-03-09 01:00:00,185.558,34431.77
2026-03-09 02:00:00,181.33469,32882.27
2026-03-09 03:00:00,180.07433,32426.764
2026-03-09 04:00:00,178.67583,31925.05
2026-03-09 05:00:00,179.66035,32277.844
2026-03-09 06:00:00,181.74861,33032.56
2026-03-09 07:00:00,185.62288,34455.85
2026-03-09 08:00:00,200.58733,40235.273
2026-03-09 09:00:00,205.22514,42117.36
2026-03-09 10:00:00,205.27579,42138.15
2026-03-09 11:00:00,206.13727,42492.574
2026-03-09 12:00:00,204.634,41875.074
2026-03-09 13:00:00,204.57446,41850.71
2026-03-09 14:00:00,204.6482,41880.883
2026-03-09 15:00:00,204.65735,41884.63
2026-03-09 16:00:00,205.79817,42352.887
2026-03-09 17:00:00,206.93697,42822.906
2026-03-09 18:00:00,207.85463,43203.547
2026-03-09 19:00:00,208.54082,43489.273
2026-03-09 20:00:00,209.24002,43781.387
2026-03-09 21:00:00,208.01625,43270.76
2026-03-09 22:00:00,204.8605,41967.824
2026-03-09 23:00:00,201.86784,40750.625
2026-03-10 00:00:00,196.3864,38567.617
2026-03-10 01:00:00,191.02313,36489.836
2026-03-10 02:00:00,187.26628,35068.66
2026-03-10 03:00:00,185.24675,34316.36
2026-03-10 04:00:00,185.46892,34398.72
2026-03-10 05:00:00,186.44463,34761.598
2026-03-10 06:00:00,186.12218,34641.465
2026-03-10 07:00:00,189.14905,35777.363
2026-03-10 08:00:00,202.79808,41127.062
2026-03-10 09:00:00,205.72282,42321.88
2026-03-10 10:00:00,205.42505,42199.45
2026-03-10 11:00:00,206.18259,42511.258
2026-03-10 12:00:00,204.28174,41731.027
2026-03-10 13:00:00,204.72974,41914.266
2026-03-10 14:00:00,204.65236,41882.59
2026-03-10 15:00:00,204.68492,41895.918
2026-03-10 16:00:00,205.58846,42266.613
2026-03-10 17:00:00,206.42728,42612.22
2026-03-10 18:00:00,207.9909,43260.22
2026-03-10 19:00:00,207.67665,43129.59
2026-03-10 20:00:00,207.93399,43236.543
2026-03-10 21:00:00,206.81339,42771.777
2026-03-10 22:00:00,203.7593,41517.848
2026-03-10 23:00:00,201.49902,40601.855
2026-03-11 00:00:00,195.26205,38127.27
2026-03-11 01:00:00,190.5134,36295.355
2026-03-11 02:00:00,186.3486,34725.8
2026-03-11 03:00:00,184.3252,33975.777
2026-03-11 04:00:00,184.42139,34011.246
2026-03-11 05:00:00,185.29845,34335.516
2026-03-11 06:00:00,184.55824,34061.746
2026-03-11 07:00:00,188.27435,35447.23
2026-03-11 08:00:00,200.97285,40390.09
2026-03-11 09:00:00,204.50261,41821.316
2026-03-11 10:00:00,203.78958,41530.195
2026-03-11 11:00:00,204.39076,41775.582
2026-03-11 12:00:00,202.67975,41079.082
2026-03-11 13:00:00,203.14601,41268.3
2026-03-11 14:00:00,203.31212,41335.816
2026-03-11 15:00:00,203.28967,41326.69
2026-03-11 16:00:00,204.6491,41881.25
2026-03-11 17:00:00,205.31851,42155.69
2026-03-11 18:00:00,207.43028,43027.32
2026-03-11 19:00:00,206.92195,42816.695
2026-03-11 20:00:00,207.47711,43046.75
2026-03-11 21:00:00,206.67805,42715.816
2026-03-11 22:00:00,203.56259,41437.73
2026-03-11 23:00:00,200.8306,40332.93
2026-03-12 00:00:00,195.36314,38166.758
2026-03-12 01:00:00,189.98436,36094.06
2026-03-12 02:00:00,186.14026,34648.195
2026-03-12 03:00:00,182.79875,33415.383
2026-03-12 04:00:00,182.9107,33456.33
2026-03-12 05:00:00,183.45258,33654.848
2026-03-12 06:00:00,182.677,33370.887
2026-03-12 07:00:00,187.8314,35280.637
2026-03-12 08:00:00,199.97777,39991.11
2026-03-12 09:00:00,202.84828,41147.426
2026-03-12 10:00:00,203.02937,41220.926
2026-03-12 11:00:00,204.06094,41640.867
2026-03-12 12:00:00,202.18597,40879.168
2026-03-12 13:00:00,202.45032,40986.133
2026-03-12 14:00:00,202.37482,40955.566
2026-03-12 15:00:00,202.75311,41108.824
2026-03-12 16:00:00,203.97609,41606.246
2026-03-12 17:00:00,204.75766,41925.7
2026-03-12 18:00:00,205.87654,42385.15
2026-03-12 19:00:00,205.09502,42063.965
2026-03-12 20:00:00,206.1447,42495.637
2026-03-12 21:00:00,205.24736,42126.48
2026-03-12 22:00:00,203.19408,41287.832
2026-03-12 23:00:00,200.62123,40248.88
2026-03-13 00:00:00,193.60805,37484.074
2026-03-13 01:00:00,188.3612,35479.945
2026-03-13 02:00:00,184.51749,34046.703
2026-03-13 03:00:00,182.11346,33165.312
2026-03-13 04:00:00,182.51656,33312.293
2026-03-13 05:00:00,183.12325,33534.12
2026-03-13 06:00:00,182.16676,33184.73
2026-03-13 07:00:00,186.22023,34677.973
2026-03-13 08:00:00,199.10368,39642.277
2026-03-13 09:00:00,201.1498,40461.242
2026-03-13 10:00:00,201.62549,40652.836
2026-03-13 11:00:00,202.71819,41094.664
2026-03-13 12:00:00,200.87659,40351.402
2026-03-13 13:00:00,201.06909,40428.78
2026-03-13 14:00:00,201.617,40649.418
2026-03-13 15:00:00,201.66205,40667.582
2026-03-13 16:00:00,202.97878,41200.383
2026-03-13 17:00:00,203.77748,41525.26
2026-03-13 18:00:00,204.65831,41885.023
2026-03-13 19:00:00,204.45657,41802.492
2026-03-13 20:00:00,205.48825,42225.42
2026-03-13 21:00:00,204.24814,41717.3
2026-03-13 22:00:00,201.17702,40472.19
2026-03-13 23:00:00,198.45357,39383.82
2026-03-14 00:00:00,192.09076,36898.86
2026-03-14 01:00:00,187.20198,35044.582
2026-03-14 02:00:00,183.10077,33525.89
2026-03-14 03:00:00,181.64615,32995.324
2026-03-14 04:00:00,181.9038,33088.99
2026-03-14 05:00:00,182.73352,33391.54
2026-03-14 06:00:00,181.86224,33073.875
2026-03-14 07:00:00,181.27892,32862.047
2026-03-14 08:00:00,189.32086,35842.39
2026-03-14 09:00:00,192.62457,37104.227
2026-03-14 10:00:00,195.52742,38230.973
2026-03-14 11:00:00,196.96841,38796.555
2026-03-14 12:00:00,195.60515,38261.375
2026-03-14 13:00:00,196.3776,38564.16
2026-03-14 14:00:00,195.9738,38405.73
2026-03-14 15:00:00,195.65875,38282.348
2026-03-14 16:00:00,197.05711,38831.508
2026-03-14 17:00:00,198.53143,39414.73
2026-03-14 18:00:00,200.35661,40142.773
2026-03-14 19:00:00,199.73682,39894.797
2026-03-14 20:00:00,200.73886,40296.09
2026-03-14 21:00:00,199.3235,39729.86
2026-03-14 22:00:00,195.25523,38124.605
2026-03-14 23:00:00,191.94638,36843.414
2026-03-15 00:00:00,185.73137,34496.14
2026-03-15 01:00:00,182.4857,33301.03
2026-03-15 02:00:00,180.1543,32455.57
2026-03-15 03:00:00,177.6607,31563.326
2026-03-15 04:00:00,177.61916,31548.564
2026-03-15 05:00:00,177.1129,31368.979
2026-03-15 06:00:00,174.35487,30399.621
2026-03-15 07:00:00,170.17287,28958.805
2026-03-15 08:00:00,172.43947,29735.371
2026-03-15 09:00:00,175.3243,30738.61
2026-03-15 10:00:00,179.58049,32249.152
2026-03-15 11:00:00,181.28542,32864.402
2026-03-15 12:00:00,181.60652,32980.93
2026-03-15 13:00:00,183.2915,33595.777
2026-03-15 14:00:00,183.02608,33498.547
2026-03-15 15:00:00,182.96849,33477.47
2026-03-15 16:00:00,183.63167,33720.59
2026-03-15 17:00:00,187.0726,34996.156
2026-03-15 18:00:00,192.2616,36964.523
2026-03-15 19:00:00,193.86566,37583.895
2026-03-15 20:00:00,194.72119,37916.344
2026-03-15 21:00:00,193.38153,37396.418
2026-03-15 22:00:00,189.42273,35880.97
2026-03-15 23:00:00,185.2295,34309.97
2026-03-16 00:00:00,185.53258,34422.336
2026-03-16 01:00:00,182.38394,33263.902
2026-03-16 02:00:00,178.27625,31782.42
2026-03-16 03:00:00,177.5823,31535.475
2026-03-16 04:00:00,175.87305,30931.328
2026-03-16 05:00:00,176.51134,31156.252
2026-03-16 06:00:00,178.44312,31841.945
2026-03-16 07:00:00,181.1354,32810.035
2026-03-16 08:00:00,194.9447,38003.438
2026-03-16 09:00:00,200.36504,40146.15
2026-03-16 10:00:00,201.21466,40487.34
2026-03-16 11:00:00,202.4129,40970.984
2026-03-16 12:00:00,200.53148,40212.875
2026-03-16 13:00:00,200.91568,40367.11
2026-03-16 14:00:00,201.09538,40439.35
2026-03-16 15:00:00,201.15085,40461.664
2026-03-16 16:00:00,202.44116,40982.426
2026-03-16 17:00:00,203.22331,41299.715
2026-03-16 18:00:00,204.0391,41631.953
2026-03-16 19:00:00,203.72647,41504.477
2026-03-16 20:00:00,204.20247,41698.65
2026-03-16 21:00:00,203.47127,41400.56
2026-03-16 22:00:00,200.04117,40016.47
2026-03-16 23:00:00,196.81586,38736.48
2026-03-17 00:00:00,192.05981,36886.973
2026-03-17 01:00:00,186.85349,34914.227
2026-03-17 02:00:00,183.24335,33578.125
2026-03-17 03:00:00,181.81621,33057.133
2026-03-17 04:00:00,181.9017,33088.23
2026-03-17 05:00:00,182.6095,33346.227
2026-03-17 06:00:00,182.0722,33150.29
2026-03-17 07:00:00,185.19171,34295.97
2026-03-17 08:00:00,198.11568,39249.82
2026-03-17 09:00:00,201.29895,40521.266
2026-03-17 10:00:00,201.18361,40474.844
2026-03-17 11:00:00,202.47194,40994.887
2026-03-17 12:00:00,200.48541,40194.402
2026-03-17 13:00:00,200.95691,40383.68
2026-03-17 14:00:00,201.36942,40549.64
2026-03-17 15:00:00,201.50931,40606.0
2026-03-17 16:00:00,202.78438,41121.504
2026-03-17 17:00:00,203.69083,41489.953
2026-03-17 18:00:00,204.7315,41914.99
2026-03-17 19:00:00,204.00981,41620.004
2026-03-17 20:00:00,204.92905,41995.914
2026-03-17 21:00:00,203.96167,41600.363
2026-03-17 22:00:00,200.3142,40125.777
2026-03-17 23:00:00,197.27017,38915.52
2026-03-18 00:00:00,195.7788,38329.336
2026-03-18 01:00:00,190.67528,36357.062
2026-03-18 02:00:00,186.21854,34677.344
2026-03-18 03:00:00,184.32047,33974.035
2026-03-18 04:00:00,184.42743,34013.477
2026-03-18 05:00:00,185.57074,34436.5
2026-03-18 06:00:00,185.15399,34282.0
2026-03-18 07:00:00,189.68007,35978.527
2026-03-18 08:00:00,201.00542,40403.176
2026-03-18 09:00:00,204.6164,41867.867
2026-03-18 10:00:00,204.84035,41959.566
2026-03-18 11:00:00,205.24306,42124.71
2026-03-18 12:00:00,203.84004,41550.76
2026-03-18 13:00:00,204.40202,41780.188
2026-03-18 14:00:00,204.8619,41968.395
2026-03-18 15:00:00,206.5557,42665.254
2026-03-18 16:00:00,207.42308,43024.336
2026-03-18 17:00:00,205.46788,42217.05
2026-03-18 18:00:00,208.55684,43495.957
2026-03-18 19:00:00,208.99185,43677.594
2026-03-18 20:00:00,209.23022,43777.285
2026-03-18 21:00:00,208.30632,43391.523
2026-03-18 22:00:00,204.46927,41807.684
2026-03-18 23:00:00,201.37793,40553.07
2026-03-19 00:00:00,187.57623,35184.844
2026-03-19 01:00:00,183.29266,33596.2
2026-03-19 02:00:00,178.14554,31735.832
2026-03-19 03:00:00,176.3389,31095.406
2026-03-19 04:00:00,176.77267,31248.578
2026-03-19 05:00:00,178.1864,31750.395
2026-03-19 06:00:00,176.43095,31127.88
2026-03-19 07:00:00,181.17862,32825.69
2026-03-19 08:00:00,194.46155,37815.293
2026-03-19 09:00:00,199.16217,39665.57
2026-03-19 10:00:00,199.17627,39671.188
2026-03-19 11:00:00,200.30385,40121.633
2026-03-19 12:00:00,197.68622,39079.84
2026-03-19 13:00:00,198.84555,39539.555
2026-03-19 14:00:00,198.04587,39222.164
2026-03-19 15:00:00,198.80995,39525.4
2026-03-19 16:00:00,201.14972,40461.21
2026-03-19 17:00:00,203.01105,41213.484
2026-03-19 18:00:00,202.67978,41079.094
2026-03-19 19:00:00,203.73871,41509.46
2026-03-19 20:00:00,202.67549,41077.355
2026-03-19 21:00:00,202.64723,41065.902
2026-03-19 22:00:00,197.74146,39101.684
2026-03-19 23:00:00,194.77965,37939.11
2026-03-20 00:00:00,172.27748,29679.531
2026-03-20 01:00:00,170.2175,28973.996
2026-03-20 02:00:00,167.72884,28132.963
2026-03-20 03:00:00,166.36717,27678.035
2026-03-20 04:00:00,166.35217,27673.045
2026-03-20 05:00:00,167.4955,28054.742
2026-03-20 06:00:00,165.47026,27380.406
2026-03-20 07:00:00,166.89581,27854.213
2026-03-20 08:00:00,171.3627,29365.176
2026-03-20 09:00:00,174.73076,30530.838
2026-03-20 10:00:00,175.67433,30861.47
2026-03-20 11:00:00,177.89175,31645.477
2026-03-20 12:00:00,175.29901,30729.744
2026-03-20 13:00:00,175.32947,30740.422
2026-03-20 14:00:00,175.72708,30880.008
2026-03-20 15:00:00,176.41922,31123.74
2026-03-20 16:00:00,177.94156,31663.2
2026-03-20 17:00:00,180.11113,32440.02
2026-03-20 18:00:00,181.7671,33039.28
2026-03-20 19:00:00,182.52943,33316.996
2026-03-20 20:00:00,183.55014,33690.652
2026-03-20 21:00:00,183.56789,33697.168
2026-03-20 22:00:00,176.8674,31282.078
2026-03-20 23:00:00,177.17824,31392.129
2026-03-21 00:00:00,171.18489,29304.268
2026-03-21 01:00:00,169.21654,28634.236
2026-03-21 02:00:00,165.92297,27530.434
2026-03-21 03:00:00,165.53365,27401.389
2026-03-21 04:00:00,165.55914,27409.83
2026-03-21 05:00:00,167.43082,28033.078
2026-03-21 06:00:00,164.51396,27064.844
2026-03-21 07:00:00,163.10388,26602.877
2026-03-21 08:00:00,169.1268,28603.875
2026-03-21 09:00:00,170.532,29081.162
2026-03-21 10:00:00,171.16566,29297.686
2026-03-21 11:00:00,172.48982,29752.738
2026-03-21 12:00:00,171.62003,29453.434
2026-03-21 13:00:00,171.23679,29322.037
2026-03-21 14:00:00,170.95006,29223.922
2026-03-21 15:00:00,172.85004,29877.135
2026-03-21 16:00:00,175.014,30629.902
2026-03-21 17:00:00,174.88274,30583.97
2026-03-21 18:00:00,178.3399,31805.121
2026-03-21 19:00:00,178.84457,31985.38
2026-03-21 20:00:00,179.39854,32183.838
2026-03-21 21:00:00,177.79158,31609.846
2026-03-21 22:00:00,174.70251,30520.969
2026-03-21 23:00:00,174.5883,30481.076
2026-03-22 00:00:00,170.61331,29108.902
2026-03-22 01:00:00,168.8992,28526.94
2026-03-22 02:00:00,167.0102,27892.404
2026-03-22 03:00:00,163.08295,26596.047
2026-03-22 04:00:00,163.03267,26579.65
2026-03-22 05:00:00,163.50739,26734.664
2026-03-22 06:00:00,160.741,25837.668
2026-03-22 07:00:00,155.35182,24134.19
2026-03-22 08:00:00,161.38176,26044.072
2026-03-22 09:00:00,163.65562,26783.164
2026-03-22 10:00:00,166.9782,27881.717
2026-03-22 11:00:00,169.44057,28710.105
2026-03-22 12:00:00,168.93094,28537.662
2026-03-22 13:00:00,168.79042,28490.207
2026-03-22 14:00:00,168.78014,28486.734
2026-03-22 15:00:00,167.86577,28178.916
2026-03-22 16:00:00,170.36047,29022.691
2026-03-22 17:00:00,174.33195,30391.63
2026-03-22 18:00:00,176.13501,31023.541
2026-03-22 19:00:00,177.59325,31539.361
2026-03-22 20:00:00,177.90746,31651.062
2026-03-22 21:00:00,177.53331,31518.076
2026-03-22 22:00:00,174.03958,30289.775
2026-03-22 23:00:00,173.59962,30136.83
2026-03-23 00:00:00,178.1384,31733.29
2026-03-23 01:00:00,177.24356,31415.28
2026-03-23 02:00:00,172.03328,29595.45
2026-03-23 03:00:00,170.07426,28925.256
2026-03-23 04:00:00,169.84718,28848.066
2026-03-23 05:00:00,170.9216,29214.193
2026-03-23 06:00:00,170.94707,29222.9
2026-03-23 07:00:00,173.26813,30021.844
2026-03-23 08:00:00,186.42938,34755.914
2026-03-23 09:00:00,193.73303,37532.49
2026-03-23 10:00:00,192.31244,36984.074
2026-03-23 11:00:00,193.93152,37609.434
2026-03-23 12:00:00,191.52203,36680.688
2026-03-23 13:00:00,190.94072,36458.36
2026-03-23 14:00:00,190.58432,36322.383
2026-03-23 15:00:00,194.4193,37798.863
2026-03-23 16:00:00,197.00497,38810.96
2026-03-23 17:00:00,197.87242,39153.496
2026-03-23 18:00:00,199.49307,39797.484
2026-03-23 19:00:00,200.11499,40046.008
2026-03-23 20:00:00,200.33377,40133.62
2026-03-23 21:00:00,198.9723,39589.977
2026-03-23 22:00:00,194.55,37849.703
2026-03-23 23:00:00,191.22466,36566.867
2026-03-24 00:00:00,193.87624,37587.996
2026-03-24 01:00:00,188.66916,35596.05
2026-03-24 02:00:00,184.85152,34170.082
2026-03-24 03:00:00,183.25816,33583.555
2026-03-24 04:00:00,183.3476,33616.34
2026-03-24 05:00:00,184.29999,33966.484
2026-03-24 06:00:00,183.51389,33677.348
2026-03-24 07:00:00,187.0456,34986.055
2026-03-24 08:00:00,199.84732,39938.953
2026-03-24 09:00:00,204.49673,41818.914
2026-03-24 10:00:00,203.97876,41607.336
2026-03-24 11:00:00,205.0909,42062.277
2026-03-24 12:00:00,203.43095,41384.152
2026-03-24 13:00:00,202.86412,41153.85
2026-03-24 14:00:00,203.69846,41493.062
2026-03-24 15:00:00,203.72633,41504.418
2026-03-24 16:00:00,204.7665,41929.316
2026-03-24 17:00:00,205.69533,42310.566
2026-03-24 18:00:00,206.73451,42739.16
2026-03-24 19:00:00,206.41872,42608.688
2026-03-24 20:00:00,206.80286,42767.42
2026-03-24 21:00:00,206.28687,42554.27
2026-03-24 22:00:00,201.62173,40651.324
2026-03-24 23:00:00,198.0976,39242.656
2026-03-25 00:00:00,192.87396,37200.367
2026-03-25 01:00:00,188.66118,35593.04
2026-03-25 02:00:00,184.67162,34103.605
2026-03-25 03:00:00,182.62201,33350.797
2026-03-25 04:00:00,182.75308,33398.688
2026-03-25 05:00:00,183.61809,33715.6
2026-03-25 06:00:00,182.51135,33310.395
2026-03-25 07:00:00,186.06139,34618.84
2026-03-25 08:00:00,197.84741,39143.598
2026-03-25 09:00:00,202.22629,40895.473
2026-03-25 10:00:00,202.30235,40926.242
2026-03-25 11:00:00,203.23227,41303.355
2026-03-25 12:00:00,201.46669,40588.83
2026-03-25 13:00:00,201.89577,40761.902
2026-03-25 14:00:00,201.80846,40726.652
2026-03-25 15:00:00,202.04933,40823.934
2026-03-25 16:00:00,203.07983,41241.418
2026-03-25 17:00:00,204.19038,41693.71
2026-03-25 18:00:00,205.48149,42222.645
2026-03-25 19:00:00,205.1657,42092.96
2026-03-25 20:00:00,205.62994,42283.67
2026-03-25 21:00:00,205.07469,42055.63
2026-03-25 22:00:00,200.81432,40326.39
2026-03-25 23:00:00,197.74213,39101.95
2026-03-26 00:00:00,193.44499,37420.965
2026-03-26 01:00:00,188.0208,35351.82
2026-03-26 02:00:00,184.46541,34027.49
2026-03-26 03:00:00,182.21199,33201.21
2026-03-26 04:00:00,182.26059,33218.92
2026-03-26 05:00:00,182.97772,33480.848
2026-03-26 06:00:00,181.84703,33068.344
2026-03-26 07:00:00,186.05417,34616.152
2026-03-26 08:00:00,197.54431,39023.754
2026-03-26 09:00:00,201.12132,40449.785
2026-03-26 10:00:00,201.50978,40606.19
2026-03-26 11:00:00,202.33026,40937.535
2026-03-26 12:00:00,200.57571,40230.617
2026-03-26 13:00:00,200.95459,40382.746
2026-03-26 14:00:00,200.86363,40346.2
2026-03-26 15:00:00,200.97784,40392.094
2026-03-26 16:00:00,202.02472,40813.99
2026-03-26 17:00:00,202.98766,41203.99
2026-03-26 18:00:00,204.72891,41913.926
2026-03-26 19:00:00,204.35225,41759.84
2026-03-26 20:00:00,205.0588,42049.113
2026-03-26 21:00:00,203.88803,41570.33
2026-03-26 22:00:00,200.27135,40108.613
2026-03-26 23:00:00,198.02452,39213.71
2026-03-27 00:00:00,192.67024,37121.824
2026-03-27 01:00:00,187.58002,35186.26
2026-03-27 02:00:00,184.03471,33868.777
2026-03-27 03:00:00,181.7288,33025.36
2026-03-27 04:00:00,181.91707,33093.82
2026-03-27 05:00:00,182.5765,33334.18
2026-03-27 06:00:00,181.31967,32876.824
2026-03-27 07:00:00,184.8973,34187.008
2026-03-27 08:00:00,196.99892,38808.574
2026-03-27 09:00:00,199.77739,39911.004
2026-03-27 10:00:00,200.19394,40077.613
2026-03-27 11:00:00,201.39658,40560.582
2026-03-27 12:00:00,199.65494,39862.094
2026-03-27 13:00:00,200.14323,40057.312
2026-03-27 14:00:00,200.35847,40143.52
2026-03-27 15:00:00,200.31084,40124.43
2026-03-27 16:00:00,201.419,40569.617
2026-03-27 17:00:00,202.30002,40925.297
2026-03-27 18:00:00,203.41794,41378.86
2026-03-27 19:00:00,203.04924,41228.992
2026-03-27 20:00:00,203.98068,41608.117
2026-03-27 21:00:00,202.93509,41182.652
2026-03-27 22:00:00,199.88342,39953.383
2026-03-27 23:00:00,196.93921,38785.05
2026-03-28 00:00:00,191.96417,36850.242
2026-03-28 01:00:00,187.08008,34998.957
2026-03-28 02:00:00,183.14769,33543.08
2026-03-28 03:00:00,181.4357,32918.914
2026-03-28 04:00:00,181.50687,32944.742
2026-03-28 05:00:00,182.34193,33248.582
2026-03-28 06:00:00,181.64696,32995.617
2026-03-28 07:00:00,180.4745,32571.047
2026-03-28 08:00:00,188.44345,35510.934
2026-03-28 09:00:00,191.1216,36527.465
2026-03-28 10:00:00,194.16373,37699.555
2026-03-28 11:00:00,196.40633,38575.445
2026-03-28 12:00:00,194.81047,37951.12
2026-03-28 13:00:00,195.10466,38065.83
2026-03-28 14:00:00,194.9063,37988.465
2026-03-28 15:00:00,194.42775,37802.15
2026-03-28 16:00:00,195.23001,38114.758
2026-03-28 17:00:00,196.49763,38611.32
2026-03-28 18:00:00,198.43968,39378.31
2026-03-28 19:00:00,198.52481,39412.1
2026-03-28 20:00:00,199.09033,39636.96
2026-03-28 21:00:00,198.35208,39343.547
2026-03-28 22:00:00,193.8469,37576.617
2026-03-28 23:00:00,191.52007,36679.934
2026-03-29 00:00:00,185.33145,34347.746
2026-03-29 01:00:00,181.74606,33031.633
2026-03-29 02:00:00,180.38475,32538.658
2026-03-29 03:00:00,177.84146,31627.586
2026-03-29 04:00:00,177.79778,31612.049
2026-03-29 05:00:00,177.23878,31413.586
2026-03-29 06:00:00,174.31972,30387.363
2026-03-29 07:00:00,170.13419,28945.64
2026-03-29 08:00:00,172.10292,29619.416
2026-03-29 09:00:00,174.93193,30601.18
2026-03-29 10:00:00,178.80963,31972.885
2026-03-29 11:00:00,180.04666,32416.8
2026-03-29 12:00:00,180.39249,32541.45
2026-03-29 13:00:00,181.95197,33106.52
2026-03-29 14:00:00,181.85268,33070.395
2026-03-29 15:00:00,181.93387,33099.934
2026-03-29 16:00:00,182.24525,33213.332
2026-03-29 17:00:00,186.18031,34663.11
2026-03-29 18:00:00,190.98294,36474.484
2026-03-29 19:00:00,192.44327,37034.41
2026-03-29 20:00:00,193.75302,37540.234
2026-03-29 21:00:00,191.70389,36750.38
2026-03-29 22:00:00,189.18889,35792.438
2026-03-29 23:00:00,184.9685,34213.348
2026-03-30 00:00:00,185.8025,34522.57
2026-03-30 01:00:00,183.10068,33525.86
2026-03-30 02:00:00,179.41539,32189.883
2026-03-30 03:00:00,178.4014,31827.059
2026-03-30 04:00:00,176.2291,31056.693
2026-03-30 05:00:00,177.10196,31365.104
2026-03-30 06:00:00,178.59299,31895.455
2026-03-30 07:00:00,181.59984,32978.5
2026-03-30 08:00:00,195.32503,38151.867
2026-03-30 09:00:00,201.1955,40479.63
2026-03-30 10:00:00,202.0908,40840.695
2026-03-30 11:00:00,202.18037,40876.902
2026-03-30 12:00:00,200.71426,40286.215
2026-03-30 13:00:00,201.618,40649.816
2026-03-30 14:00:00,201.10489,40443.176
2026-03-30 15:00:00,201.14099,40457.7
2026-03-30 16:00:00,201.51761,40609.348
2026-03-30 17:00:00,202.6717,41075.82
2026-03-30 18:00:00,204.405,41781.402
2026-03-30 19:00:00,204.56644,41847.426
2026-03-30 20:00:00,204.94899,42004.09
2026-03-30 21:00:00,204.28642,41732.94
2026-03-30 22:00:00,201.12267,40450.33
2026-03-30 23:00:00,197.92688,39175.05
2026-03-31 00:00:00,192.25664,36962.613
2026-03-31 01:00:00,187.66649,35218.71
2026-03-31 02:00:00,183.74638,33762.734
2026-03-31 03:00:00,182.17342,33187.152
2026-03-31 04:00:00,181.8114,33055.387
2026-03-31 05:00:00,182.49492,33304.395
2026-03-31 06:00:00,182.1995,33196.656
2026-03-31 07:00:00,185.08757,34257.41
2026-03-31 08:00:00,197.75578,39107.35
2026-03-31 09:00:00,202.26192,40909.883
2026-03-31 10:00:00,201.64201,40659.5
2026-03-31 11:00:00,202.12444,40854.29
2026-03-31 12:00:00,202.22491,40894.918
2026-03-31 13:00:00,202.47794,40997.316
2026-03-31 14:00:00,202.38377,40959.19
2026-03-31 15:00:00,202.54005,41022.473
2026-03-31 16:00:00,203.10559,41251.883
2026-03-31 17:00:00,204.18279,41690.61
2026-03-31 18:00:00,205.60138,42271.926
2026-03-31 19:00:00,205.59164,42267.926
2026-03-31 20:00:00,206.01453,42441.984
2026-03-31 21:00:00,205.19182,42103.684
2026-03-31 22:00:00,201.50226,40603.16
2026-03-31 23:00:00,198.10863,39247.027
2026-04-01 00:00:00,192.05536,36885.26
2026-04-01 01:00:00,186.74808,34874.844
2026-04-01 02:00:00,182.90654,33454.8
2026-04-01 03:00:00,180.05046,32418.168
2026-04-01 04:00:00,180.53929,32594.436
2026-04-01 05:00:00,181.19359,32831.117
2026-04-01 06:00:00,180.7523,32671.395
2026-04-01 07:00:00,185.26329,34322.49
2026-04-01 08:00:00,198.66212,39466.64
2026-04-01 09:00:00,203.54282,41429.68
2026-04-01 10:00:00,204.59589,41859.477
2026-04-01 11:00:00,205.36212,42173.6
2026-04-01 12:00:00,204.74149,41919.074
2026-04-01 13:00:00,204.74126,41918.98
2026-04-01 14:00:00,205.54958,42250.63
2026-04-01 15:00:00,205.1285,42077.7
2026-04-01 16:00:00,205.46475,42215.766
2026-04-01 17:00:00,205.83679,42368.785
2026-04-01 18:00:00,205.82185,42362.637
2026-04-01 19:00:00,207.06474,42875.81
2026-04-01 20:00:00,206.77544,42756.082
2026-04-01 21:00:00,206.57707,42674.086
2026-04-01 22:00:00,201.4617,40586.816
2026-04-01 23:00:00,197.81027,39128.902
2026-04-02 00:00:00,192.8462,37189.66
2026-04-02 01:00:00,187.44717,35136.44
2026-04-02 02:00:00,184.15068,33911.473
2026-04-02 03:00:00,180.32553,32517.297
2026-04-02 04:00:00,180.65445,32636.03
2026-04-02 05:00:00,180.76021,32674.252
2026-04-02 06:00:00,180.63263,32628.146
2026-04-02 07:00:00,186.5529,34801.984
2026-04-02 08:00:00,200.19397,40077.625
2026-04-02 09:00:00,203.04276,41226.36
2026-04-02 10:00:00,204.15404,41678.87
2026-04-02 11:00:00,204.99973,42024.887
2026-04-02 12:00:00,203.48842,41407.535
2026-04-02 13:00:00,203.90169,41575.9
2026-04-02 14:00:00,204.70576,41904.45
2026-04-02 15:00:00,203.86842,41562.336
2026-04-02 16:00:00,203.79668,41533.086
2026-04-02 17:00:00,204.24915,41717.715
2026-04-02 18:00:00,204.35341,41760.316
2026-04-02 19:00:00,206.06985,42464.785
2026-04-02 20:00:00,205.52377,42240.02
2026-04-02 21:00:00,205.21774,42114.32
2026-04-02 22:00:00,201.23637,40496.08
2026-04-02 23:00:00,198.6837,39475.21
2026-04-03 00:00:00,192.8839,37204.2
2026-04-03 01:00:00,187.14183,35022.066
2026-04-03 02:00:00,183.94165,33834.53
2026-04-03 03:00:00,180.14491,32452.19
2026-04-03 04:00:00,180.27652,32499.623
2026-04-03 05:00:00,180.60168,32616.969
2026-04-03 06:00:00,180.15298,32455.098
2026-04-03 07:00:00,185.60628,34449.69
2026-04-03 08:00:00,198.90765,39564.254
2026-04-03 09:00:00,201.6547,40664.617
2026-04-03 10:00:00,203.55971,41436.555
2026-04-03 11:00:00,204.57741,41851.914
2026-04-03 12:00:00,203.0944,41247.336
2026-04-03 13:00:00,203.21368,41295.8
2026-04-03 14:00:00,204.33354,41752.195
2026-04-03 15:00:00,202.96393,41194.355
2026-04-03 16:00:00,203.05992,41233.332
2026-04-03 17:00:00,204.34193,41755.625
2026-04-03 18:00:00,204.07011,41644.613
2026-04-03 19:00:00,205.85815,42377.58
2026-04-03 20:00:00,205.52722,42241.438
2026-04-03 21:00:00,204.66168,41886.402
2026-04-03 22:00:00,200.57045,40228.504
2026-04-03 23:00:00,197.64981,39065.45
2026-04-04 00:00:00,192.55629,37077.926
2026-04-04 01:00:00,186.71724,34863.33
2026-04-04 02:00:00,182.6723,33369.17
2026-04-04 03:00:00,179.86095,32349.96
2026-04-04 04:00:00,179.81187,32332.31
2026-04-04 05:00:00,180.127,32445.736
2026-04-04 06:00:00,179.82083,32335.531
2026-04-04 07:00:00,180.11327,32440.79
2026-04-04 08:00:00,190.05252,36119.96
2026-04-04 09:00:00,192.4452,37035.156
2026-04-04 10:00:00,196.24324,38511.41
2026-04-04 11:00:00,198.65588,39464.16
2026-04-04 12:00:00,197.15155,38868.734
2026-04-04 13:00:00,197.00984,38812.88
2026-04-04 14:00:00,197.77077,39113.277
2026-04-04 15:00:00,196.89969,38769.49
2026-04-04 16:00:00,197.15797,38871.266
2026-04-04 17:00:00,198.28616,39317.402
2026-04-04 18:00:00,199.20634,39683.168
2026-04-04 19:00:00,200.6557,40262.71
2026-04-04 20:00:00,201.15732,40464.266
2026-04-04 21:00:00,199.64859,39859.56
2026-04-04 22:00:00,194.93633,38000.17
2026-04-04 23:00:00,193.111,37291.855
2026-04-05 00:00:00,187.08665,35001.418
2026-04-05 01:00:00,183.193,33559.67
2026-04-05 02:00:00,180.17467,32462.91
2026-04-05 03:00:00,176.82921,31268.568
2026-04-05 04:00:00,177.03374,31340.943
2026-04-05 05:00:00,176.65689,31207.656
2026-04-05 06:00:00,173.71469,30176.793
2026-04-05 07:00:00,170.0931,28931.66
2026-04-05 08:00:00,173.39832,30066.977
2026-04-05 09:00:00,176.33705,31094.756
2026-04-05 10:00:00,181.39038,32902.47
2026-04-05 11:00:00,183.4275,33645.65
2026-04-05 12:00:00,183.17726,33553.91
2026-04-05 13:00:00,184.69792,34113.324
2026-04-05 14:00:00,185.26451,34322.938
2026-04-05 15:00:00,185.06175,34247.85
2026-04-05 16:00:00,185.5732,34437.41
2026-04-05 17:00:00,189.34486,35851.477
2026-04-05 18:00:00,193.75877,37542.46
2026-04-05 19:00:00,196.13321,38468.234
2026-04-05 20:00:00,198.55136,39422.645
2026-04-05 21:00:00,195.52235,38228.992
2026-04-05 22:00:00,191.23802,36571.98
2026-04-05 23:00:00,187.2267,35053.836
2026-04-06 00:00:00,185.33342,34348.477
2026-04-06 01:00:00,181.48734,32937.652
2026-04-06 02:00:00,177.76283,31599.625
2026-04-06 03:00:00,176.1641,31033.787
2026-04-06 04:00:00,174.85783,30575.262
2026-04-06 05:00:00,175.36232,30751.943
2026-04-06 06:00:00,177.09853,31363.889
2026-04-06 07:00:00,181.46869,32930.887
2026-04-06 08:00:00,196.88626,38764.2
2026-04-06 09:00:00,202.8541,41149.785
2026-04-06 10:00:00,205.0989,42065.562
2026-04-06 11:00:00,205.8907,42390.98
2026-04-06 12:00:00,204.9201,41992.25
2026-04-06 13:00:00,205.26932,42135.492
2026-04-06 14:00:00,205.76294,42338.387
2026-04-06 15:00:00,205.44466,42207.508
2026-04-06 16:00:00,205.57521,42261.168
2026-04-06 17:00:00,205.80827,42357.047
2026-04-06 18:00:00,205.57419,42260.746
2026-04-06 19:00:00,206.75319,42746.883
2026-04-06 20:00:00,206.51013,42646.434
2026-04-06 21:00:00,206.0483,42455.9
2026-04-06 22:00:00,200.88562,40355.03
2026-04-06 23:00:00,197.27362,38916.883
2026-04-07 00:00:00,193.6012,37481.42
2026-04-07 01:00:00,188.50563,35534.37
2026-04-07 02:00:00,185.18231,34292.49
2026-04-07 03:00:00,182.34117,33248.305
2026-04-07 04:00:00,182.70206,33380.043
2026-04-07 05:00:00,183.02606,33498.54
2026-04-07 06:00:00,183.07515,33516.51
2026-04-07 07:00:00,188.54707,35550.0
2026-04-07 08:00:00,202.44618,40984.457
2026-04-07 09:00:00,206.7877,42761.156
2026-04-07 10:00:00,207.7095,43143.24
2026-04-07 11:00:00,209.42123,43857.254
2026-04-07 12:00:00,207.01672,42855.926
2026-04-07 13:00:00,207.18365,42925.066
2026-04-07 14:00:00,207.82779,43192.39
2026-04-07 15:00:00,207.48761,43051.11
2026-04-07 16:00:00,208.60776,43517.195
2026-04-07 17:00:00,208.8992,43638.875
2026-04-07 18:00:00,207.65018,43118.598
2026-04-07 19:00:00,208.83368,43611.504
2026-04-07 20:00:00,208.49373,43469.637
2026-04-07 21:00:00,208.0651,43291.082
2026-04-07 22:00:00,202.4145,40971.633
2026-04-07 23:00:00,199.42987,39772.273
2026-04-08 00:00:00,195.15627,38085.97
2026-04-08 01:00:00,190.99757,36480.074
2026-04-08 02:00:00,186.7341,34869.625
2026-04-08 03:00:00,184.08832,33888.508
2026-04-08 04:00:00,184.16779,33917.773
2026-04-08 05:00:00,184.78345,34144.92
2026-04-08 06:00:00,184.72134,34121.977
2026-04-08 07:00:00,189.66415,35972.492
2026-04-08 08:00:00,204.08942,41652.49
2026-04-08 09:00:00,209.133,43736.61
2026-04-08 10:00:00,209.59094,43928.363
2026-04-08 11:00:00,210.40295,44269.402
2026-04-08 12:00:00,208.64348,43532.1
2026-04-08 13:00:00,209.31378,43812.258
2026-04-08 14:00:00,211.35455,44670.746
2026-04-08 15:00:00,210.62532,44363.027
2026-04-08 16:00:00,210.68938,44390.01
2026-04-08 17:00:00,211.0535,44543.58
2026-04-08 18:00:00,210.98895,44516.34
2026-04-08 19:00:00,212.15474,45009.633
2026-04-08 20:00:00,211.72704,44828.336
2026-04-08 21:00:00,210.60793,44355.7
2026-04-08 22:00:00,205.11209,42070.97
2026-04-08 23:00:00,200.86644,40347.33
2026-04-09 00:00:00,197.14268,38865.24
2026-04-09 01:00:00,191.57918,36702.582
2026-04-09 02:00:00,187.51183,35160.684
2026-04-09 03:00:00,183.69724,33744.676
2026-04-09 04:00:00,183.88211,33812.63
2026-04-09 05:00:00,184.29633,33965.137
2026-04-09 06:00:00,184.59059,34073.688
2026-04-09 07:00:00,190.46222,36275.855
2026-04-09 08:00:00,204.93123,41996.81
2026-04-09 09:00:00,208.71056,43560.098
2026-04-09 10:00:00,209.96307,44084.492
2026-04-09 11:00:00,210.54669,44329.91
2026-04-09 12:00:00,209.36868,43835.246
2026-04-09 13:00:00,209.50056,43890.49
2026-04-09 14:00:00,210.62848,44364.355
2026-04-09 15:00:00,209.73618,43989.26
2026-04-09 16:00:00,209.74152,43991.504
2026-04-09 17:00:00,210.53265,44324.0
2026-04-09 18:00:00,210.52742,44321.793
2026-04-09 19:00:00,212.13428,45000.953
2026-04-09 20:00:00,211.98476,44937.535
2026-04-09 21:00:00,211.86871,44888.35
2026-04-09 22:00:00,206.99864,42848.438
2026-04-09 23:00:00,202.94135,41185.19
2026-04-10 00:00:00,196.9807,38801.395
2026-04-10 01:00:00,191.79604,36785.72
2026-04-10 02:00:00,188.53178,35544.234
2026-04-10 03:00:00,184.6205,34084.73
2026-04-10 04:00:00,184.76666,34138.72
2026-04-10 05:00:00,185.3655,34360.367
2026-04-10 06:00:00,185.23888,34313.44
2026-04-10 07:00:00,191.31459,36601.273
2026-04-10 08:00:00,205.51678,42237.15
2026-04-10 09:00:00,209.63809,43948.13
2026-04-10 10:00:00,210.73521,44409.332
2026-04-10 11:00:00,211.4591,44714.953
2026-04-10 12:00:00,210.20308,44185.336
2026-04-10 13:00:00,209.98528,44093.816
2026-04-10 14:00:00,211.00827,44524.49
2026-04-10 15:00:00,209.72488,43984.527
2026-04-10 16:00:00,210.39165,44264.645
2026-04-10 17:00:00,211.00267,44522.125
2026-04-10 18:00:00,211.06552,44548.652
2026-04-10 19:00:00,212.043,44962.234
2026-04-10 20:00:00,211.97041,44931.457
2026-04-10 21:00:00,211.25789,44629.895
2026-04-10 22:00:00,206.70845,42728.383
2026-04-10 23:00:00,202.51309,41011.55
2026-04-11 00:00:00,198.51465,39408.066
2026-04-11 01:00:00,193.86832,37584.926
2026-04-11 02:00:00,190.08954,36134.03
2026-04-11 03:00:00,186.24178,34686.0
2026-04-11 04:00:00,186.4078,34747.87
2026-04-11 05:00:00,186.96846,34957.203
2026-04-11 06:00:00,186.99474,34967.03
2026-04-11 07:00:00,188.34503,35473.85
2026-04-11 08:00:00,199.09602,39639.227
2026-04-11 09:00:00,203.94768,41594.656
2026-04-11 10:00:00,207.92856,43234.285
2026-04-11 11:00:00,208.09114,43301.92
2026-04-11 12:00:00,207.22691,42942.992
2026-04-11 13:00:00,207.39441,43012.44
2026-04-11 14:00:00,208.8966,43637.793
2026-04-11 15:00:00,208.73924,43572.07
2026-04-11 16:00:00,208.95882,43663.785
2026-04-11 17:00:00,209.52808,43902.016
2026-04-11 18:00:00,211.30844,44651.258
2026-04-11 19:00:00,211.85545,44882.734
2026-04-11 20:00:00,211.10028,44563.33
2026-04-11 21:00:00,209.27774,43797.17
2026-04-11 22:00:00,204.32674,41749.414
2026-04-11 23:00:00,200.39993,40160.133
2026-04-12 00:00:00,194.08846,37670.33
2026-04-12 01:00:00,190.29553,36212.39
2026-04-12 02:00:00,186.26161,34693.387
2026-04-12 03:00:00,181.1171,32803.402
2026-04-12 04:00:00,181.31189,32874.0
2026-04-12 05:00:00,180.77501,32679.604
2026-04-12 06:00:00,178.69525,31931.992
2026-04-12 07:00:00,175.76619,30893.754
2026-04-12 08:00:00,179.17152,32102.436
2026-04-12 09:00:00,183.88847,33814.97
2026-04-12 10:00:00,191.4422,36650.117
2026-04-12 11:00:00,193.4474,37421.9
2026-04-12 12:00:00,194.26396,37738.49
2026-04-12 13:00:00,195.05867,38047.883
2026-04-12 14:00:00,193.9668,37623.117
2026-04-12 15:00:00,193.4098,37407.35
2026-04-12 16:00:00,193.43304,37416.344
2026-04-12 17:00:00,196.60907,38655.125
2026-04-12 18:00:00,201.74927,40702.766
2026-04-12 19:00:00,204.75995,41926.637
2026-04-12 20:00:00,205.38437,42182.74
2026-04-12 21:00:00,202.80687,41130.625
2026-04-12 22:00:00,199.18301,39673.87
2026-04-12 23:00:00,194.6038,37870.64
2026-04-13 00:00:00,189.91325,36067.043
2026-04-13 01:00:00,185.48598,34405.047
2026-04-13 02:00:00,180.84843,32706.156
2026-04-13 03:00:00,178.92874,32015.494
2026-04-13 04:00:00,177.56169,31528.154
2026-04-13 05:00:00,178.7002,31933.76
2026-04-13 06:00:00,180.85904,32709.992
2026-04-13 07:00:00,186.46936,34770.824
2026-04-13 08:00:00,202.53445,41020.207
2026-04-13 09:00:00,210.16058,44167.473
2026-04-13 10:00:00,212.49971,45156.125
2026-04-13 11:00:00,212.86316,45310.723
2026-04-13 12:00:00,211.81664,44866.285
2026-04-13 13:00:00,211.90738,44904.74
2026-04-13 14:00:00,213.11774,45419.168
2026-04-13 15:00:00,213.04112,45386.52
2026-04-13 16:00:00,213.06871,45398.273
2026-04-13 17:00:00,213.55228,45604.574
2026-04-13 18:00:00,214.0849,45832.344
2026-04-13 19:00:00,214.70596,46098.652
2026-04-13 20:00:00,213.83733,45726.402
2026-04-13 21:00:00,212.28711,45065.816
2026-04-13 22:00:00,207.19829,42931.13
2026-04-13 23:00:00,202.61113,41051.27
2026-04-14 00:00:00,196.71713,38697.63
2026-04-14 01:00:00,191.48822,36667.74
2026-04-14 02:00:00,187.93039,35317.832
2026-04-14 03:00:00,184.80667,34153.504
2026-04-14 04:00:00,184.94695,34205.37
2026-04-14 05:00:00,185.3041,34337.605
2026-04-14 06:00:00,185.45021,34391.78
2026-04-14 07:00:00,191.05162,36500.723
2026-04-14 08:00:00,206.62325,42693.164
2026-04-14 09:00:00,211.15918,44588.2
2026-04-14 10:00:00,211.5749,44763.94
2026-04-14 11:00:00,211.97296,44932.535
2026-04-14 12:00:00,210.87836,44469.68
2026-04-14 13:00:00,210.00752,44103.16
2026-04-14 14:00:00,210.74985,44415.5
2026-04-14 15:00:00,210.03087,44112.965
2026-04-14 16:00:00,211.08711,44557.77
2026-04-14 17:00:00,211.44603,44709.42
2026-04-14 18:00:00,211.38814,44684.945
2026-04-14 19:00:00,212.7099,45245.5
2026-04-14 20:00:00,212.53625,45171.66
2026-04-14 21:00:00,212.703,45242.566
2026-04-14 22:00:00,207.47368,43045.33
2026-04-14 23:00:00,203.12788,41260.938
2026-04-15 00:00:00,195.55017,38239.87
2026-04-15 01:00:00,191.1797,36549.68
2026-04-15 02:00:00,187.49821,35155.582
2026-04-15 03:00:00,184.43541,34016.42
2026-04-15 04:00:00,184.28578,33961.25
2026-04-15 05:00:00,184.7849,34145.457
2026-04-15 06:00:00,184.85275,34170.54
2026-04-15 07:00:00,189.03386,35733.8
2026-04-15 08:00:00,202.29752,40924.285
2026-04-15 09:00:00,206.34549,42578.46
2026-04-15 10:00:00,207.16313,42916.562
2026-04-15 11:00:00,207.8439,43199.086
2026-04-15 12:00:00,206.4495,42621.395
2026-04-15 13:00:00,207.05836,42873.168
2026-04-15 14:00:00,208.24477,43365.883
2026-04-15 15:00:00,207.82358,43190.64
2026-04-15 16:00:00,207.65202,43119.363
2026-04-15 17:00:00,209.41699,43855.477
2026-04-15 18:00:00,208.53452,43486.645
2026-04-15 19:00:00,209.50848,43893.805
2026-04-15 20:00:00,208.94708,43658.883
2026-04-15 21:00:00,208.51839,43479.918
2026-04-15 22:00:00,203.23227,41303.355
2026-04-15 23:00:00,199.57904,39831.793
2026-04-16 00:00:00,194.82228,37955.723
2026-04-16 01:00:00,188.85219,35665.15
2026-04-16 02:00:00,186.1867,34665.49
2026-04-16 03:00:00,181.79105,33047.984
2026-04-16 04:00:00,181.78198,33044.688
2026-04-16 05:00:00,181.99274,33121.355
2026-04-16 06:00:00,182.18167,33190.16
2026-04-16 07:00:00,188.19016,35415.535
2026-04-16 08:00:00,200.8302,40332.77
2026-04-16 09:00:00,204.84291,41960.617
2026-04-16 10:00:00,206.5524,42663.895
2026-04-16 11:00:00,207.16632,42917.883
2026-04-16 12:00:00,204.93068,41996.582
2026-04-16 13:00:00,205.0753,42055.88
2026-04-16 14:00:00,206.26157,42543.832
2026-04-16 15:00:00,205.22433,42117.027
2026-04-16 16:00:00,205.276,42138.24
2026-04-16 17:00:00,205.64651,42290.49
2026-04-16 18:00:00,206.50735,42645.29
2026-04-16 19:00:00,208.13258,43319.17
2026-04-16 20:00:00,207.87286,43211.13
2026-04-16 21:00:00,207.73653,43154.465
2026-04-16 22:00:00,202.39778,40964.863
2026-04-16 23:00:00,198.7218,39490.355
2026-04-17 00:00:00,193.63351,37493.938
2026-04-17 01:00:00,188.83943,35660.332
2026-04-17 02:00:00,185.19856,34298.508
2026-04-17 03:00:00,181.71663,33020.934
2026-04-17 04:00:00,181.59183,32975.59
2026-04-17 05:00:00,181.31633,32875.613
2026-04-17 06:00:00,181.095,32795.4
2026-04-17 07:00:00,186.44691,34762.453
2026-04-17 08:00:00,199.31349,39725.867
2026-04-17 09:00:00,203.41916,41379.355
2026-04-17 10:00:00,205.04158,42042.05
2026-04-17 11:00:00,205.76572,42339.53
2026-04-17 12:00:00,204.09528,41654.883
2026-04-17 13:00:00,204.60811,41864.477
2026-04-17 14:00:00,205.81046,42357.945
2026-04-17 15:00:00,204.93367,41997.81
2026-04-17 16:00:00,205.1594,42090.375
2026-04-17 17:00:00,205.58734,42266.156
2026-04-17 18:00:00,205.46162,42214.48
2026-04-17 19:00:00,207.11206,42895.406
2026-04-17 20:00:00,206.9095,42811.543
2026-04-17 21:00:00,206.4344,42615.164
2026-04-17 22:00:00,201.45009,40582.137
2026-04-17 23:00:00,198.14877,39262.938
2026-04-18 00:00:00,192.84094,37187.63
2026-04-18 01:00:00,188.02293,35352.625
2026-04-18 02:00:00,183.71675,33751.844
2026-04-18 03:00:00,180.93224,32736.475
2026-04-18 04:00:00,180.73883,32666.525
2026-04-18 05:00:00,180.70828,32655.482
2026-04-18 06:00:00,180.48492,32574.809
2026-04-18 07:00:00,181.3389,32883.797
2026-04-18 08:00:00,190.96518,36467.7
2026-04-18 09:00:00,194.77238,37936.28
2026-04-18 10:00:00,198.31831,39330.152
2026-04-18 11:00:00,199.91591,39966.37
2026-04-18 12:00:00,198.5031,39403.48
2026-04-18 13:00:00,198.65218,39462.688
2026-04-18 14:00:00,199.76457,39905.883
2026-04-18 15:00:00,198.71078,39485.977
2026-04-18 16:00:00,199.1604,39664.863
2026-04-18 17:00:00,200.04842,40019.367
2026-04-18 18:00:00,200.64555,40258.637
2026-04-18 19:00:00,202.23741,40899.97
2026-04-18 20:00:00,202.18044,40876.93
2026-04-18 21:00:00,201.19826,40480.74
2026-04-18 22:00:00,195.98412,38409.773
2026-04-18 23:00:00,193.31085,37369.086
2026-04-19 00:00:00,187.2323,35055.934
2026-04-19 01:00:00,183.84528,33799.086
2026-04-19 02:00:00,180.28142,32501.389
2026-04-19 03:00:00,176.80238,31259.082
2026-04-19 04:00:00,176.81708,31264.28
2026-04-19 05:00:00,175.92528,30949.703
2026-04-19 06:00:00,173.80753,30209.057
2026-04-19 07:00:00,170.6417,29118.588
2026-04-19 08:00:00,173.75168,30189.646
2026-04-19 09:00:00,177.00009,31329.033
2026-04-19 10:00:00,182.4404,33284.5
2026-04-19 11:00:00,185.72217,34492.723
2026-04-19 12:00:00,184.62361,34085.88
2026-04-19 13:00:00,185.6342,34460.055
2026-04-19 14:00:00,186.01001,34599.723
2026-04-19 15:00:00,185.45953,34395.24
2026-04-19 16:00:00,186.15155,34652.4
2026-04-19 17:00:00,189.2205,35804.4
2026-04-19 18:00:00,193.16144,37311.34
2026-04-19 19:00:00,195.62424,38268.844
2026-04-19 20:00:00,197.68137,39077.92
2026-04-19 21:00:00,194.88742,37981.105
2026-04-19 22:00:00,191.98082,36856.637
2026-04-19 23:00:00,186.7668,34881.836
2026-04-20 00:00:00,186.51231,34786.844
2026-04-20 01:00:00,181.99847,33123.445
2026-04-20 02:00:00,177.99286,31681.457
2026-04-20 03:00:00,176.2346,31058.635
2026-04-20 04:00:00,174.65323,30503.75
2026-04-20 05:00:00,174.67726,30512.146
2026-04-20 06:00:00,177.04369,31344.467
2026-04-20 07:00:00,181.75801,33035.973
2026-04-20 08:00:00,196.9805,38801.316
2026-04-20 09:00:00,202.74342,41104.895
2026-04-20 10:00:00,205.4485,42209.086
2026-04-20 11:00:00,206.13664,42492.316
2026-04-20 12:00:00,204.97296,42013.914
2026-04-20 13:00:00,205.2438,42125.02
2026-04-20 14:00:00,206.17159,42506.723
2026-04-20 15:00:00,205.57619,42261.57
2026-04-20 16:00:00,205.70163,42313.16
2026-04-20 17:00:00,205.96378,42421.08
2026-04-20 18:00:00,205.95694,42418.26
2026-04-20 19:00:00,207.18762,42926.71
2026-04-20 20:00:00,207.27861,42964.42
2026-04-20 21:00:00,206.72786,42736.406
2026-04-20 22:00:00,201.81242,40728.254
2026-04-20 23:00:00,198.10416,39245.258
2026-04-21 00:00:00,193.4392,37418.723
2026-04-21 01:00:00,188.54141,35547.863
2026-04-21 02:00:00,185.16846,34287.36
2026-04-21 03:00:00,181.99686,33122.855
2026-04-21 04:00:00,181.97978,33116.64
2026-04-21 05:00:00,181.98293,33117.785
2026-04-21 06:00:00,181.96606,33111.65
2026-04-21 07:00:00,186.84111,34909.6
2026-04-21 08:00:00,200.49178,40196.953
2026-04-21 09:00:00,204.8755,41973.973
2026-04-21 10:00:00,206.33035,42572.215
2026-04-21 11:00:00,206.86157,42791.71
2026-04-21 12:00:00,205.66869,42299.61
2026-04-21 13:00:00,206.3931,42598.11
2026-04-21 14:00:00,206.96376,42834.0
2026-04-21 15:00:00,206.18208,42511.05
2026-04-21 16:00:00,206.1298,42489.496
2026-04-21 17:00:00,206.24481,42536.92
2026-04-21 18:00:00,206.36339,42585.848
2026-04-21 19:00:00,207.87582,43212.36
2026-04-21 20:00:00,207.98682,43258.516
2026-04-21 21:00:00,207.3085,42976.816
2026-04-21 22:00:00,202.5115,41010.91
2026-04-21 23:00:00,199.522,39809.03
2026-04-22 00:00:00,191.19122,36554.082
2026-04-22 01:00:00,186.10475,34634.98
2026-04-22 02:00:00,180.62524,32625.479
2026-04-22 03:00:00,177.38791,31466.47
2026-04-22 04:00:00,177.2004,31399.98
2026-04-22 05:00:00,176.94969,31311.193
2026-04-22 06:00:00,176.70264,31223.822
2026-04-22 07:00:00,181.29086,32866.38
2026-04-22 08:00:00,198.15678,39266.11
2026-04-22 09:00:00,203.08157,41242.125
2026-04-22 10:00:00,204.7611,41927.105
2026-04-22 11:00:00,205.36534,42174.92
2026-04-22 12:00:00,204.4121,41784.305
2026-04-22 13:00:00,205.25665,42130.293
2026-04-22 14:00:00,205.63283,42284.86
2026-04-22 15:00:00,205.18442,42100.645
2026-04-22 16:00:00,205.27057,42136.008
2026-04-22 17:00:00,205.2932,42145.297
2026-04-22 18:00:00,205.46419,42215.53
2026-04-22 19:00:00,206.6215,42692.445
2026-04-22 20:00:00,206.7348,42739.277
2026-04-22 21:00:00,206.03937,42452.223
2026-04-22 22:00:00,201.70508,40684.938
2026-04-22 23:00:00,197.59529,39043.9
2026-04-23 00:00:00,185.58385,34441.363
2026-04-23 01:00:00,178.93454,32017.57
2026-04-23 02:00:00,175.61963,30842.254
2026-04-23 03:00:00,171.01118,29244.826
2026-04-23 04:00:00,170.6887,29134.635
2026-04-23 05:00:00,170.21175,28972.04
2026-04-23 06:00:00,169.91908,28872.494
2026-04-23 07:00:00,176.62843,31197.604
2026-04-23 08:00:00,188.70128,35608.17
2026-04-23 09:00:00,191.88098,36818.312
2026-04-23 10:00:00,193.41496,37409.348
2026-04-23 11:00:00,193.93048,37609.03
2026-04-23 12:00:00,193.38206,37396.62
2026-04-23 13:00:00,193.70955,37523.39
2026-04-23 14:00:00,194.14014,37690.395
2026-04-23 15:00:00,193.64496,37498.37
2026-04-23 16:00:00,193.74393,37536.71
2026-04-23 17:00:00,194.03203,37648.43
2026-04-23 18:00:00,194.37439,37781.402
2026-04-23 19:00:00,195.33223,38154.68
2026-04-23 20:00:00,195.07394,38053.844
2026-04-23 21:00:00,194.76317,37932.69
2026-04-23 22:00:00,193.12965,37299.062
2026-04-23 23:00:00,190.47871,36282.14
2026-04-24 00:00:00,191.48836,36667.793
2026-04-24 01:00:00,185.29617,34334.67
2026-04-24 02:00:00,180.84499,32704.908
2026-04-24 03:00:00,176.98688,31324.355
2026-04-24 04:00:00,176.6089,31190.705
2026-04-24 05:00:00,176.43114,31127.945
2026-04-24 06:00:00,176.40276,31117.932
2026-04-24 07:00:00,182.43832,33283.742
2026-04-24 08:00:00,198.78575,39515.773
2026-04-24 09:00:00,202.91817,41175.78
2026-04-24 10:00:00,204.44807,41799.016
2026-04-24 11:00:00,204.57562,41851.184
2026-04-24 12:00:00,203.74132,41510.523
2026-04-24 13:00:00,203.85094,41555.203
2026-04-24 14:00:00,204.64305,41878.777
2026-04-24 15:00:00,204.16556,41683.574
2026-04-24 16:00:00,204.10014,41656.867
2026-04-24 17:00:00,204.34119,41755.32
2026-04-24 18:00:00,203.85469,41556.734
2026-04-24 19:00:00,204.5956,41859.36
2026-04-24 20:00:00,204.76135,41927.21
2026-04-24 21:00:00,204.89323,41981.24
2026-04-24 22:00:00,201.26549,40507.797
2026-04-24 23:00:00,197.10742,38851.336
2026-04-25 00:00:00,194.88667,37980.816
2026-04-25 01:00:00,189.43082,35884.035
2026-04-25 02:00:00,185.46959,34398.97
2026-04-25 03:00:00,182.0551,33144.06
2026-04-25 04:00:00,181.86758,33075.816
2026-04-25 05:00:00,181.43304,32917.95
2026-04-25 06:00:00,181.33536,32882.51
2026-04-25 07:00:00,182.97952,33481.504
2026-04-25 08:00:00,193.24112,37342.13
2026-04-25 09:00:00,198.3177,39329.91
2026-04-25 10:00:00,201.56807,40629.688
2026-04-25 11:00:00,203.12866,41261.254
2026-04-25 12:00:00,201.45296,40583.293
2026-04-25 13:00:00,201.18442,40475.17
2026-04-25 14:00:00,202.6135,41052.227
2026-04-25 15:00:00,201.58762,40637.566
2026-04-25 16:00:00,202.04376,40821.684
2026-04-25 17:00:00,202.17067,40872.98
2026-04-25 18:00:00,202.07706,40835.137
2026-04-25 19:00:00,203.6987,41493.16
2026-04-25 20:00:00,203.65881,41476.914
2026-04-25 21:00:00,203.234,41304.055
2026-04-25 22:00:00,198.21608,39289.613
2026-04-25 23:00:00,195.78352,38331.188
2026-04-26 00:00:00,188.71066,35611.715
2026-04-26 01:00:00,185.33441,34348.844
2026-04-26 02:00:00,181.21611,32839.277
2026-04-26 03:00:00,177.66777,31565.836
2026-04-26 04:00:00,177.40788,31473.557
2026-04-26 05:00:00,176.43094,31127.877
2026-04-26 06:00:00,174.17197,30335.873
2026-04-26 07:00:00,171.94336,29564.52
2026-04-26 08:00:00,175.7676,30894.246
2026-04-26 09:00:00,179.34122,32163.271
2026-04-26 10:00:00,184.2997,33966.38
2026-04-26 11:00:00,186.95927,34953.77
2026-04-26 12:00:00,186.85721,34915.617
2026-04-26 13:00:00,188.1302,35392.973
2026-04-26 14:00:00,188.18506,35413.617
2026-04-26 15:00:00,187.506,35158.5
2026-04-26 16:00:00,188.0983,35380.97
2026-04-26 17:00:00,191.31631,36601.934
2026-04-26 18:00:00,195.25142,38123.117
2026-04-26 19:00:00,197.66292,39070.63
2026-04-26 20:00:00,199.71234,39885.02
2026-04-26 21:00:00,197.55032,39026.13
2026-04-26 22:00:00,194.07257,37664.164
2026-04-26 23:00:00,188.79105,35642.06
2026-04-27 00:00:00,187.6344,35206.668
2026-04-27 01:00:00,182.9533,33471.906
2026-04-27 02:00:00,178.82736,31979.225
2026-04-27 03:00:00,177.03389,31340.998
2026-04-27 04:00:00,175.55464,30819.432
2026-04-27 05:00:00,175.22789,30704.812
2026-04-27 06:00:00,177.49738,31505.318
2026-04-27 07:00:00,182.44221,33285.16
2026-04-27 08:00:00,199.14613,39659.184
2026-04-27 09:00:00,204.8011,41943.492
2026-04-27 10:00:00,207.20581,42934.246
2026-04-27 11:00:00,207.88596,43216.57
2026-04-27 12:00:00,206.85013,42786.977
2026-04-27 13:00:00,207.00775,42852.21
2026-04-27 14:00:00,207.83603,43195.816
2026-04-27 15:00:00,207.27411,42962.555
2026-04-27 16:00:00,207.39955,43014.574
2026-04-27 17:00:00,207.46698,43042.547
2026-04-27 18:00:00,207.4085,43018.28
2026-04-27 19:00:00,208.68994,43551.492
2026-04-27 20:00:00,208.6575,43537.953
2026-04-27 21:00:00,208.4394,43446.99
2026-04-27 22:00:00,203.84454,41552.598
2026-04-27 23:00:00,200.2644,40105.832
2026-04-28 00:00:00,194.48064,37822.72
2026-04-28 01:00:00,189.24252,35812.734
2026-04-28 02:00:00,186.12897,34643.992
2026-04-28 03:00:00,182.65448,33362.66
2026-04-28 04:00:00,182.57133,33332.293
2026-04-28 05:00:00,182.48085,33299.26
2026-04-28 06:00:00,182.51277,33310.91
2026-04-28 07:00:00,187.7869,35263.918
2026-04-28 08:00:00,203.09712,41248.44
2026-04-28 09:00:00,207.12955,42902.65
2026-04-28 10:00:00,207.59373,43095.16
2026-04-28 11:00:00,208.34167,43406.254
2026-04-28 12:00:00,206.88805,42802.664
2026-04-28 13:00:00,207.7548,43162.06
2026-04-28 14:00:00,208.3105,43393.266
2026-04-28 15:00:00,207.3821,43007.332
2026-04-28 16:00:00,207.66594,43125.14
2026-04-28 17:00:00,207.77858,43171.938
2026-04-28 18:00:00,207.36548,43000.44
2026-04-28 19:00:00,208.96829,43667.746
2026-04-28 20:00:00,209.0684,43709.598
2026-04-28 21:00:00,208.77966,43588.95
2026-04-28 22:00:00,203.95755,41598.684
2026-04-28 23:00:00,201.06248,40426.12
2026-04-29 00:00:00,195.66443,38284.57
2026-04-29 01:00:00,190.80563,36406.79
2026-04-29 02:00:00,186.92943,34942.61
2026-04-29 03:00:00,183.54115,33687.355
2026-04-29 04:00:00,183.12265,33533.906
2026-04-29 05:00:00,182.88156,33445.664
2026-04-29 06:00:00,182.81142,33420.016
2026-04-29 07:00:00,188.08885,35377.418
2026-04-29 08:00:00,203.04135,41225.79
2026-04-29 09:00:00,206.56317,42668.344
2026-04-29 10:00:00,208.19559,43345.402
2026-04-29 11:00:00,208.89035,43635.18
2026-04-29 12:00:00,207.80972,43184.883
2026-04-29 13:00:00,207.73772,43154.957
2026-04-29 14:00:00,208.81915,43605.438
2026-04-29 15:00:00,208.11978,43313.844
2026-04-29 16:00:00,207.92276,43231.875
2026-04-29 17:00:00,207.7858,43174.938
2026-04-29 18:00:00,207.60628,43100.367
2026-04-29 19:00:00,209.0441,43699.434
2026-04-29 20:00:00,209.05663,43704.67
2026-04-29 21:00:00,208.76788,43584.027
2026-04-29 22:00:00,204.39713,41778.184
2026-04-29 23:00:00,201.23708,40496.36
2026-04-30 00:00:00,193.74803,37538.3
2026-04-30 01:00:00,187.52809,35166.785
2026-04-30 02:00:00,182.64397,33358.82
2026-04-30 03:00:00,178.16898,31744.184
2026-04-30 04:00:00,177.87415,31639.21
2026-04-30 05:00:00,177.40393,31472.154
2026-04-30 06:00:00,177.31313,31439.945
2026-04-30 07:00:00,184.12895,33903.473
2026-04-30 08:00:00,201.02153,40409.656
2026-04-30 09:00:00,204.15292,41678.418
2026-04-30 10:00:00,205.79364,42351.023
2026-04-30 11:00:00,206.30344,42561.11
2026-04-30 12:00:00,205.46617,42216.348
2026-04-30 13:00:00,205.68068,42304.543
2026-04-30 14:00:00,206.23795,42534.09
2026-04-30 15:00:00,205.78702,42348.297
2026-04-30 16:00:00,205.69923,42312.176
2026-04-30 17:00:00,205.80779,42356.844
2026-04-30 18:00:00,205.67445,42301.98
2026-04-30 19:00:00,206.67805,42715.816
2026-04-30 20:00:00,206.87543,42797.44
2026-04-30 21:00:00,206.32188,42568.72
2026-04-30 22:00:00,202.42445,40975.66
2026-04-30 23:00:00,199.33575,39734.742
2026-05-01 00:00:00,183.75363,33765.4
2026-05-01 01:00:00,178.64462,31913.9
2026-05-01 02:00:00,174.7767,30546.896
2026-05-01 03:00:00,169.72447,28806.396
2026-05-01 04:00:00,169.22516,28637.154
2026-05-01 05:00:00,168.59413,28423.98
2026-05-01 06:00:00,168.03084,28234.363
2026-05-01 07:00:00,174.15198,30328.912
2026-05-01 08:00:00,186.31792,34714.367
2026-05-01 09:00:00,189.3619,35857.926
2026-05-01 10:00:00,189.95042,36081.164
2026-05-01 11:00:00,190.86774,36430.492
2026-05-01 12:00:00,190.7723,36394.066
2026-05-01 13:00:00,190.93181,36454.957
2026-05-01 14:00:00,191.61372,36715.82
2026-05-01 15:00:00,191.47061,36660.996
2026-05-01 16:00:00,191.15396,36539.836
2026-05-01 17:00:00,190.84714,36422.63
2026-05-01 18:00:00,190.76656,36391.88
2026-05-01 19:00:00,191.36148,36619.215
2026-05-01 20:00:00,192.59418,37092.516
2026-05-01 21:00:00,192.22063,36948.77
2026-05-01 22:00:00,190.92117,36450.895
2026-05-01 23:00:00,188.77731,35636.875
2026-05-02 00:00:00,191.2042,36559.043
2026-05-02 01:00:00,185.5476,34427.914
2026-05-02 02:00:00,180.8765,32716.307
2026-05-02 03:00:00,176.82375,31266.637
2026-05-02 04:00:00,176.4916,31149.281
2026-05-02 05:00:00,175.52275,30808.236
2026-05-02 06:00:00,174.77638,30546.783
2026-05-02 07:00:00,176.16878,31035.438
2026-05-02 08:00:00,188.9844,35715.105
2026-05-02 09:00:00,195.57439,38249.34
2026-05-02 10:00:00,198.76553,39507.74
2026-05-02 11:00:00,199.82114,39928.49
2026-05-02 12:00:00,198.24673,39301.77
2026-05-02 13:00:00,198.28616,39317.402
2026-05-02 14:00:00,198.42499,39372.477
2026-05-02 15:00:00,199.4425,39777.312
2026-05-02 16:00:00,199.67151,39868.71
2026-05-02 17:00:00,199.108,39643.996
2026-05-02 18:00:00,199.36009,39744.445
2026-05-02 19:00:00,199.73819,39895.344
2026-05-02 20:00:00,199.96478,39985.914
2026-05-02 21:00:00,199.60011,39840.203
2026-05-02 22:00:00,196.97914,38800.78
2026-05-02 23:00:00,192.65706,37116.742
2026-05-03 00:00:00,187.7425,35247.242
2026-05-03 01:00:00,184.87804,34179.887
2026-05-03 02:00:00,181.29477,32867.793
2026-05-03 03:00:00,177.15546,31384.057
2026-05-03 04:00:00,177.02063,31336.303
2026-05-03 05:00:00,175.67102,30860.307
2026-05-03 06:00:00,172.43652,29734.355
2026-05-03 07:00:00,170.97159,29231.283
2026-05-03 08:00:00,174.85146,30573.031
2026-05-03 09:00:00,178.53294,31874.012
2026-05-03 10:00:00,183.33653,33612.285
2026-05-03 11:00:00,185.37209,34362.81
2026-05-03 12:00:00,185.55557,34430.87
2026-05-03 13:00:00,186.68924,34852.87
2026-05-03 14:00:00,186.94284,34947.625
2026-05-03 15:00:00,186.97348,34959.082
2026-05-03 16:00:00,187.4202,35126.33
2026-05-03 17:00:00,190.41599,36258.246
2026-05-03 18:00:00,193.94539,37614.812
2026-05-03 19:00:00,195.88657,38371.547
2026-05-03 20:00:00,197.749,39104.664
2026-05-03 21:00:00,196.00237,38416.926
2026-05-03 22:00:00,193.33597,37378.797
2026-05-03 23:00:00,187.66121,35216.73
2026-05-04 00:00:00,187.59192,35190.727
2026-05-04 01:00:00,182.77551,33406.887
2026-05-04 02:00:00,178.51044,31865.977
2026-05-04 03:00:00,176.55278,31170.885
2026-05-04 04:00:00,174.5116,30454.297
2026-05-04 05:00:00,173.79706,30205.418
2026-05-04 06:00:00,175.56451,30822.898
2026-05-04 07:00:00,181.18648,32828.54
2026-05-04 08:00:00,198.10913,39247.227
2026-05-04 09:00:00,204.28716,41733.242
2026-05-04 10:00:00,206.20477,42520.41
2026-05-04 11:00:00,206.82904,42778.254
2026-05-04 12:00:00,205.89471,42392.633
2026-05-04 13:00:00,206.0695,42464.64
2026-05-04 14:00:00,206.72421,42734.9
2026-05-04 15:00:00,206.70586,42727.312
2026-05-04 16:00:00,206.55872,42666.504
2026-05-04 17:00:00,206.36131,42584.992
2026-05-04 18:00:00,205.79541,42351.75
2026-05-04 19:00:00,206.3337,42573.594
2026-05-04 20:00:00,206.97662,42839.324
2026-05-04 21:00:00,206.4721,42630.73
2026-05-04 22:00:00,204.65982,41885.64
2026-05-04 23:00:00,200.07642,40030.57
2026-05-05 00:00:00,194.28528,37746.77
2026-05-05 01:00:00,188.82458,35654.723
2026-05-05 02:00:00,185.18407,34293.137
2026-05-05 03:00:00,181.69305,33012.367
2026-05-05 04:00:00,181.14278,32812.707
2026-05-05 05:00:00,180.38159,32537.52
2026-05-05 06:00:00,179.83304,32339.922
2026-05-05 07:00:00,185.6686,34472.83
2026-05-05 08:00:00,200.6034,40241.723
2026-05-05 09:00:00,205.09254,42062.953
2026-05-05 10:00:00,206.59712,42682.37
2026-05-05 11:00:00,207.04932,42869.418
2026-05-05 12:00:00,205.77258,42342.355
2026-05-05 13:00:00,206.56902,42670.758
2026-05-05 14:00:00,207.07532,42880.188
2026-05-05 15:00:00,206.90111,42808.07
2026-05-05 16:00:00,206.60172,42684.27
2026-05-05 17:00:00,206.40123,42601.47
2026-05-05 18:00:00,205.88454,42388.44
2026-05-05 19:00:00,206.72899,42736.875
2026-05-05 20:00:00,207.55978,43081.062
2026-05-05 21:00:00,206.78978,42762.01
2026-05-05 22:00:00,204.20377,41699.18
2026-05-05 23:00:00,200.33585,40134.45
2026-05-06 00:00:00,194.66272,37893.574
2026-05-06 01:00:00,189.64917,35966.81
2026-05-06 02:00:00,185.6218,34455.45
2026-05-06 03:00:00,181.9433,33103.363
2026-05-06 04:00:00,181.48523,32936.887
2026-05-06 05:00:00,180.71936,32659.486
2026-05-06 06:00:00,180.10533,32437.93
2026-05-06 07:00:00,185.95813,34580.426
2026-05-06 08:00:00,200.54204,40217.11
2026-05-06 09:00:00,204.89566,41982.23
2026-05-06 10:00:00,206.34068,42576.477
2026-05-06 11:00:00,207.0033,42850.363
2026-05-06 12:00:00,205.76233,42338.137
2026-05-06 13:00:00,206.27034,42547.453
2026-05-06 14:00:00,206.86078,42791.383
2026-05-06 15:00:00,206.56119,42667.523
2026-05-06 16:00:00,206.1076,42480.344
2026-05-06 17:00:00,206.03879,42451.98
2026-05-06 18:00:00,205.43172,42202.19
2026-05-06 19:00:00,206.49039,42638.28
2026-05-06 20:00:00,207.52359,43066.04
2026-05-06 21:00:00,206.99367,42846.38
2026-05-06 22:00:00,204.76445,41928.48
2026-05-06 23:00:00,200.37726,40151.047
2026-05-07 00:00:00,195.35553,38163.78
2026-05-07 01:00:00,189.84192,36039.953
2026-05-07 02:00:00,186.0408,34611.18
2026-05-07 03:00:00,181.78004,33043.984
2026-05-07 04:00:00,181.35617,32890.062
2026-05-07 05:00:00,180.58507,32610.967
2026-05-07 06:00:00,179.93541,32376.752
2026-05-07 07:00:00,186.941,34946.934
2026-05-07 08:00:00,200.97067,40389.21
2026-05-07 09:00:00,205.2015,42107.66
2026-05-07 10:00:00,206.58347,42676.727
2026-05-07 11:00:00,206.988,42844.035
2026-05-07 12:00:00,205.81848,42361.246
2026-05-07 13:00:00,206.36578,42586.836
2026-05-07 14:00:00,206.95547,42830.57
2026-05-07 15:00:00,206.85172,42787.633
2026-05-07 16:00:00,206.70828,42728.312
2026-05-07 17:00:00,206.37976,42592.605
2026-05-07 18:00:00,205.60472,42273.3
2026-05-07 19:00:00,206.37695,42591.445
2026-05-07 20:00:00,207.17645,42922.082
2026-05-07 21:00:00,207.08844,42885.62
2026-05-07 22:00:00,205.07767,42056.848
2026-05-07 23:00:00,200.72343,40289.9
2026-05-08 00:00:00,195.18242,38096.176
2026-05-08 01:00:00,189.59679,35946.94
2026-05-08 02:00:00,185.82195,34529.797
2026-05-08 03:00:00,181.61559,32984.223
2026-05-08 04:00:00,181.08374,32791.32
2026-05-08 05:00:00,180.29257,32505.412
2026-05-08 06:00:00,179.73285,32303.896
2026-05-08 07:00:00,186.32285,34716.203
2026-05-08 08:00:00,200.79338,40317.98
2026-05-08 09:00:00,205.01556,42031.383
2026-05-08 10:00:00,206.60226,42684.496
2026-05-08 11:00:00,207.2398,42948.336
2026-05-08 12:00:00,205.92392,42404.66
2026-05-08 13:00:00,206.27391,42548.926
2026-05-08 14:00:00,207.41777,43022.133
2026-05-08 15:00:00,207.02614,42859.82
2026-05-08 16:00:00,206.84949,42786.71
2026-05-08 17:00:00,206.95488,42830.32
2026-05-08 18:00:00,206.08594,42471.414
2026-05-08 19:00:00,206.545,42660.836
2026-05-08 20:00:00,207.5142,43062.145
2026-05-08 21:00:00,207.42642,43025.72
2026-05-08 22:00:00,205.38011,42180.992
2026-05-08 23:00:00,200.89647,40359.39
2026-05-09 00:00:00,194.5103,37834.258
2026-05-09 01:00:00,189.17728,35788.043
2026-05-09 02:00:00,185.19629,34297.664
2026-05-09 03:00:00,181.51907,32949.176
2026-05-09 04:00:00,180.993,32758.465
2026-05-09 05:00:00,179.83931,32342.178
2026-05-09 06:00:00,178.97133,32030.736
2026-05-09 07:00:00,181.16273,32819.938
2026-05-09 08:00:00,191.93132,36837.633
2026-05-09 09:00:00,197.66472,39071.34
2026-05-09 10:00:00,201.33386,40535.324
2026-05-09 11:00:00,202.87515,41158.33
2026-05-09 12:00:00,201.81859,40730.742
2026-05-09 13:00:00,202.46964,40993.953
2026-05-09 14:00:00,202.81102,41132.31
2026-05-09 15:00:00,202.06102,40828.656
2026-05-09 16:00:00,202.34576,40943.81
2026-05-09 17:00:00,202.22392,40894.516
2026-05-09 18:00:00,202.26501,40911.137
2026-05-09 19:00:00,203.2751,41320.766
2026-05-09 20:00:00,202.9842,41202.59
2026-05-09 21:00:00,202.89853,41167.812
2026-05-09 22:00:00,199.35776,39743.516
2026-05-09 23:00:00,195.33827,38157.04
2026-05-10 00:00:00,188.11476,35387.164
2026-05-10 01:00:00,184.80798,34153.992
2026-05-10 02:00:00,180.9336,32736.965
2026-05-10 03:00:00,177.20776,31402.592
2026-05-10 04:00:00,176.82141,31265.81
2026-05-10 05:00:00,175.16142,30681.523
2026-05-10 06:00:00,172.67735,29817.469
2026-05-10 07:00:00,171.36288,29365.238
2026-05-10 08:00:00,175.21098,30698.889
2026-05-10 09:00:00,179.27716,32140.3
2026-05-10 10:00:00,184.536,34053.535
2026-05-10 11:00:00,187.35295,35101.13
2026-05-10 12:00:00,187.05945,34991.24
2026-05-10 13:00:00,188.7234,35616.523
2026-05-10 14:00:00,189.25919,35819.04
2026-05-10 15:00:00,189.04405,35737.652
2026-05-10 16:00:00,189.38766,35867.688
2026-05-10 17:00:00,191.4276,36644.523
2026-05-10 18:00:00,194.79962,37946.89
2026-05-10 19:00:00,197.0613,38833.152
2026-05-10 20:00:00,199.21379,39686.133
2026-05-10 21:00:00,196.5977,38650.656
2026-05-10 22:00:00,194.85004,37966.535
2026-05-10 23:00:00,188.26823,35444.93
2026-05-11 00:00:00,188.05136,35363.312
2026-05-11 01:00:00,183.26042,33584.383
2026-05-11 02:00:00,178.773,31959.783
2026-05-11 03:00:00,176.8634,31280.664
2026-05-11 04:00:00,174.79277,30552.512
2026-05-11 05:00:00,174.11163,30314.861
2026-05-11 06:00:00,175.87709,30932.75
2026-05-11 07:00:00,181.46248,32928.633
2026-05-11 08:00:00,198.52376,39411.684
2026-05-11 09:00:00,204.86407,41969.29
2026-05-11 10:00:00,206.84969,42786.793
2026-05-11 11:00:00,207.41205,43019.758
2026-05-11 12:00:00,206.48573,42636.36
2026-05-11 13:00:00,206.69519,42722.902
2026-05-11 14:00:00,207.40451,43016.633
2026-05-11 15:00:00,207.48126,43048.473
2026-05-11 16:00:00,207.34595,42992.344
2026-05-11 17:00:00,206.9485,42827.684
2026-05-11 18:00:00,206.3791,42592.336
2026-05-11 19:00:00,206.91223,42812.67
2026-05-11 20:00:00,207.78296,43173.758
2026-05-11 21:00:00,207.32315,42982.89
2026-05-11 22:00:00,205.24391,42125.062
2026-05-11 23:00:00,200.6398,40256.33
2026-05-12 00:00:00,194.60994,37873.027
2026-05-12 01:00:00,189.1646,35783.246
2026-05-12 02:00:00,185.4382,34387.33
2026-05-12 03:00:00,181.92445,33096.508
2026-05-12 04:00:00,181.40086,32906.273
2026-05-12 05:00:00,180.635,32629.002
2026-05-12 06:00:00,180.13733,32449.457
2026-05-12 07:00:00,186.06728,34621.03
2026-05-12 08:00:00,200.95493,40382.883
2026-05-12 09:00:00,205.78415,42347.117
2026-05-12 10:00:00,207.2119,42936.77
2026-05-12 11:00:00,207.72429,43149.38
2026-05-12 12:00:00,206.44757,42620.598
2026-05-12 13:00:00,207.08122,42882.633
2026-05-12 14:00:00,207.70624,43141.883
2026-05-12 15:00:00,207.59271,43094.734
2026-05-12 16:00:00,207.2657,42959.07
2026-05-12 17:00:00,207.02803,42860.605
2026-05-12 18:00:00,206.17352,42507.523
2026-05-12 19:00:00,206.8863,42801.945
2026-05-12 20:00:00,207.84023,43197.56
2026-05-12 21:00:00,207.75969,43164.09
2026-05-12 22:00:00,205.45311,42210.98
2026-05-12 23:00:00,200.87703,40351.582
2026-05-13 00:00:00,194.91154,37990.51
2026-05-13 01:00:00,190.38467,36246.324
2026-05-13 02:00:00,185.6758,34475.5
2026-05-13 03:00:00,182.51093,33310.24
2026-05-13 04:00:00,181.94585,33104.293
2026-05-13 05:00:00,181.08559,32791.99
2026-05-13 06:00:00,180.40384,32545.545
2026-05-13 07:00:00,186.28543,34702.26
2026-05-13 08:00:00,200.96056,40385.145
2026-05-13 09:00:00,205.62979,42283.61
2026-05-13 10:00:00,207.00261,42850.082
2026-05-13 11:00:00,207.57553,43087.6
2026-05-13 12:00:00,206.27797,42550.6
2026-05-13 13:00:00,206.92813,42819.25
2026-05-13 14:00:00,207.53572,43071.074
2026-05-13 15:00:00,207.36847,43001.684
2026-05-13 16:00:00,207.05455,42871.586
2026-05-13 17:00:00,206.84592,42785.234
2026-05-13 18:00:00,205.99141,42432.46
2026-05-13 19:00:00,206.58334,42676.68
2026-05-13 20:00:00,207.73735,43154.81
2026-05-13 21:00:00,207.53178,43069.44
2026-05-13 22:00:00,205.36551,42174.992
2026-05-13 23:00:00,200.74991,40300.527
2026-05-14 00:00:00,195.86313,38362.363
2026-05-14 01:00:00,190.66255,36352.207
2026-05-14 02:00:00,186.5391,34796.832
2026-05-14 03:00:00,182.3956,33268.156
2026-05-14 04:00:00,181.85582,33071.54
2026-05-14 05:00:00,181.0174,32767.297
2026-05-14 06:00:00,180.19945,32471.842
2026-05-14 07:00:00,187.18613,35038.645
2026-05-14 08:00:00,201.30168,40522.367
2026-05-14 09:00:00,205.64484,42289.797
2026-05-14 10:00:00,207.00137,42849.57
2026-05-14 11:00:00,207.55536,43079.227
2026-05-14 12:00:00,206.31953,42567.75
2026-05-14 13:00:00,206.80392,42767.863
2026-05-14 14:00:00,207.5016,43056.914
2026-05-14 15:00:00,207.35881,42997.676
2026-05-14 16:00:00,206.96828,42835.867
2026-05-14 17:00:00,206.93924,42823.848
2026-05-14 18:00:00,206.177,42508.957
2026-05-14 19:00:00,207.12727,42901.707
2026-05-14 20:00:00,207.71465,43145.375
2026-05-14 21:00:00,207.59366,43095.13
2026-05-14 22:00:00,205.42073,42197.676
2026-05-14 23:00:00,201.49898,40601.84
2026-05-15 00:00:00,195.31985,38149.844
2026-05-15 01:00:00,189.80624,36026.41
2026-05-15 02:00:00,186.13808,34647.383
2026-05-15 03:00:00,182.17575,33188.004
2026-05-15 04:00:00,181.6439,32994.508
2026-05-15 05:00:00,181.09557,32795.605
2026-05-15 06:00:00,180.35498,32527.92
2026-05-15 07:00:00,186.45189,34764.31
2026-05-15 08:00:00,200.87015,40348.816
2026-05-15 09:00:00,205.27898,42139.457
2026-05-15 10:00:00,206.64027,42700.203
2026-05-15 11:00:00,207.19215,42928.59
2026-05-15 12:00:00,205.82632,42364.477
2026-05-15 13:00:00,206.28784,42554.67
2026-05-15 14:00:00,206.82933,42778.37
2026-05-15 15:00:00,206.58824,42678.703
2026-05-15 16:00:00,206.30414,42561.4
2026-05-15 17:00:00,206.14468,42495.63
2026-05-15 18:00:00,205.72786,42323.953
2026-05-15 19:00:00,206.56671,42669.805
2026-05-15 20:00:00,207.39627,43013.215
2026-05-15 21:00:00,207.2068,42934.66
2026-05-15 22:00:00,205.08072,42058.1
2026-05-15 23:00:00,200.23915,40095.72
2026-05-16 00:00:00,194.72359,37917.273
2026-05-16 01:00:00,189.4784,35902.062
2026-05-16 02:00:00,185.55167,34429.42
2026-05-16 03:00:00,181.83035,33062.277
2026-05-16 04:00:00,181.28938,32865.84
2026-05-16 05:00:00,180.09341,32433.639
2026-05-16 06:00:00,179.22421,32121.318
2026-05-16 07:00:00,181.43091,32917.176
2026-05-16 08:00:00,192.31618,36985.51
2026-05-16 09:00:00,198.5228,39411.3
2026-05-16 10:00:00,201.68692,40677.613
2026-05-16 11:00:00,202.55077,41026.812
2026-05-16 12:00:00,201.7566,40705.727
2026-05-16 13:00:00,201.7899,40719.164
2026-05-16 14:00:00,202.43607,40980.36
2026-05-16 15:00:00,202.11531,40850.598
2026-05-16 16:00:00,202.09421,40842.07
2026-05-16 17:00:00,202.46107,40990.49
2026-05-16 18:00:00,202.0303,40816.242
2026-05-16 19:00:00,202.33562,40939.703
2026-05-16 20:00:00,203.18077,41282.426
2026-05-16 21:00:00,203.18968,41286.047
2026-05-16 22:00:00,199.88217,39952.883
2026-05-16 23:00:00,195.4821,38213.254
2026-05-17 00:00:00,188.38477,35488.82
2026-05-17 01:00:00,184.98749,34220.37
2026-05-17 02:00:00,180.92853,32735.133
2026-05-17 03:00:00,177.44186,31485.615
2026-05-17 04:00:00,177.26514,31422.928
2026-05-17 05:00:00,175.42145,30772.684
2026-05-17 06:00:00,172.831,29870.553
2026-05-17 07:00:00,171.42195,29385.486
2026-05-17 08:00:00,175.48306,30794.305
2026-05-17 09:00:00,179.40436,32185.924
2026-05-17 10:00:00,184.77832,34143.027
2026-05-17 11:00:00,187.82008,35276.383
2026-05-17 12:00:00,187.55045,35175.168
2026-05-17 13:00:00,189.11086,35762.914
2026-05-17 14:00:00,189.4342,35885.316
2026-05-17 15:00:00,189.0276,35731.434
2026-05-17 16:00:00,188.7194,35615.016
2026-05-17 17:00:00,192.0637,36888.47
2026-05-17 18:00:00,195.68379,38292.15
2026-05-17 19:00:00,197.66405,39071.074
2026-05-17 20:00:00,199.65263,39861.176
2026-05-17 21:00:00,197.0604,38832.8
2026-05-17 22:00:00,194.55466,37851.516
2026-05-17 23:00:00,188.79335,35642.93
2026-05-18 00:00:00,185.49734,34409.266
2026-05-18 01:00:00,180.13702,32449.348
2026-05-18 02:00:00,175.72028,30877.615
2026-05-18 03:00:00,172.67587,29816.957
2026-05-18 04:00:00,171.4872,29407.86
2026-05-18 05:00:00,171.12753,29284.633
2026-05-18 06:00:00,172.87949,29887.316
2026-05-18 07:00:00,177.62878,31551.984
2026-05-18 08:00:00,196.92915,38781.09
2026-05-18 09:00:00,203.41891,41379.254
2026-05-18 10:00:00,204.75488,41924.562
2026-05-18 11:00:00,205.5071,42233.168
2026-05-18 12:00:00,204.6593,41885.43
2026-05-18 13:00:00,204.92827,41995.594
2026-05-18 14:00:00,205.651,42292.336
2026-05-18 15:00:00,205.62735,42282.605
2026-05-18 16:00:00,205.22244,42116.25
2026-05-18 17:00:00,205.03485,42039.29
2026-05-18 18:00:00,204.75627,41925.13
2026-05-18 19:00:00,204.94843,42003.855
2026-05-18 20:00:00,205.79831,42352.945
2026-05-18 21:00:00,205.62173,42280.297
2026-05-18 22:00:00,204.23244,41710.887
2026-05-18 23:00:00,199.61093,39844.523
2026-05-19 00:00:00,183.98454,33850.312
2026-05-19 01:00:00,180.12961,32446.676
2026-05-19 02:00:00,176.0405,30990.256
2026-05-19 03:00:00,171.18134,29303.049
2026-05-19 04:00:00,170.83607,29184.965
2026-05-19 05:00:00,170.27414,28993.283
2026-05-19 06:00:00,169.70384,28799.395
2026-05-19 07:00:00,175.31456,30735.195
2026-05-19 08:00:00,188.20393,35420.72
2026-05-19 09:00:00,192.46397,37042.383
2026-05-19 10:00:00,193.15492,37308.824
2026-05-19 11:00:00,193.77994,37550.664
2026-05-19 12:00:00,193.29514,37363.008
2026-05-19 13:00:00,193.48338,37435.82
2026-05-19 14:00:00,194.1677,37701.094
2026-05-19 15:00:00,194.4284,37802.406
2026-05-19 16:00:00,194.02002,37643.77
2026-05-19 17:00:00,193.62697,37491.402
2026-05-19 18:00:00,194.06735,37662.137
2026-05-19 19:00:00,194.30016,37752.55
2026-05-19 20:00:00,194.8079,37950.12
2026-05-19 21:00:00,194.10475,37676.656
2026-05-19 22:00:00,194.13799,37689.56
2026-05-19 23:00:00,191.83905,36802.223
2026-05-20 00:00:00,193.69614,37518.19
2026-05-20 01:00:00,188.14923,35400.133
2026-05-20 02:00:00,182.7398,33393.836
2026-05-20 03:00:00,178.6859,31928.65
2026-05-20 04:00:00,178.2139,31760.193
2026-05-20 05:00:00,177.8029,31613.871
2026-05-20 06:00:00,177.33508,31447.732
2026-05-20 07:00:00,182.70866,33382.457
2026-05-20 08:00:00,199.99783,39999.133
2026-05-20 09:00:00,205.23026,42119.457
2026-05-20 10:00:00,205.80891,42357.31
2026-05-20 11:00:00,206.34065,42576.465
2026-05-20 12:00:00,205.28278,42141.02
2026-05-20 13:00:00,205.75166,42333.746
2026-05-20 14:00:00,206.35632,42582.934
2026-05-20 15:00:00,206.25838,42542.52
2026-05-20 16:00:00,205.8197,42361.75
2026-05-20 17:00:00,205.47824,42221.31
2026-05-20 18:00:00,205.42279,42198.523
2026-05-20 19:00:00,205.52802,42241.766
2026-05-20 20:00:00,206.27286,42548.492
2026-05-20 21:00:00,206.18753,42513.297
2026-05-20 22:00:00,204.90741,41987.047
2026-05-20 23:00:00,200.09303,40037.223
2026-05-21 00:00:00,195.92035,38384.78
2026-05-21 01:00:00,190.46855,36278.27
2026-05-21 02:00:00,186.9603,34954.152
2026-05-21 03:00:00,182.48695,33301.49
2026-05-21 04:00:00,182.0495,33142.02
2026-05-21 05:00:00,181.25406,32853.035
2026-05-21 06:00:00,180.8309,32699.814
2026-05-21 07:00:00,187.75009,35250.098
2026-05-21 08:00:00,201.56593,40628.824
2026-05-21 09:00:00,206.17276,42507.207
2026-05-21 10:00:00,207.53262,43069.79
2026-05-21 11:00:00,208.04135,43281.203
2026-05-21 12:00:00,207.36823,43001.582
2026-05-21 13:00:00,207.59845,43097.117
2026-05-21 14:00:00,208.48515,43466.06
2026-05-21 15:00:00,208.87263,43627.777
2026-05-21 16:00:00,208.89178,43635.777
2026-05-21 17:00:00,207.49576,43054.49
2026-05-21 18:00:00,207.01974,42857.176
2026-05-21 19:00:00,207.3134,42978.848
2026-05-21 20:00:00,207.9702,43251.605
2026-05-21 21:00:00,207.93542,43237.14
2026-05-21 22:00:00,205.84752,42373.2
2026-05-21 23:00:00,201.67902,40674.426
2026-05-22 00:00:00,196.07634,38445.93
2026-05-22 01:00:00,190.52533,36299.902
2026-05-22 02:00:00,187.46167,35141.88
2026-05-22 03:00:00,182.78323,33409.71
2026-05-22 04:00:00,182.45068,33288.25
2026-05-22 05:00:00,181.48831,32938.008
2026-05-22 06:00:00,181.02242,32769.113
2026-05-22 07:00:00,187.78152,35261.902
2026-05-22 08:00:00,202.24962,40904.906
2026-05-22 09:00:00,206.89763,42806.63
2026-05-22 10:00:00,207.98468,43257.63
2026-05-22 11:00:00,208.94345,43657.367
2026-05-22 12:00:00,208.03831,43279.94
2026-05-22 13:00:00,208.31601,43395.56
2026-05-22 14:00:00,209.52847,43902.18
2026-05-22 15:00:00,211.60155,44775.215
2026-05-22 16:00:00,210.3834,44261.18
2026-05-22 17:00:00,209.18605,43758.805
2026-05-22 18:00:00,208.43318,43444.39
2026-05-22 19:00:00,208.89427,43636.816
2026-05-22 20:00:00,209.0349,43695.59
2026-05-22 21:00:00,207.90024,43222.508
2026-05-22 22:00:00,206.21205,42523.41
2026-05-22 23:00:00,201.42706,40572.863
2026-05-23 00:00:00,196.64363,38668.72
2026-05-23 01:00:00,191.10751,36522.082
2026-05-23 02:00:00,187.29443,35079.203
2026-05-23 03:00:00,183.18326,33556.105
2026-05-23 04:00:00,182.96257,33475.3
2026-05-23 05:00:00,181.14464,32813.38
2026-05-23 06:00:00,180.2666,32496.047
2026-05-23 07:00:00,182.72531,33388.54
2026-05-23 08:00:00,194.77754,37938.29
2026-05-23 09:00:00,200.23718,40094.93
2026-05-23 10:00:00,203.251,41310.973
2026-05-23 11:00:00,204.96014,42008.66
2026-05-23 12:00:00,204.80264,41944.12
2026-05-23 13:00:00,206.4512,42622.098
2026-05-23 14:00:00,207.69319,43136.46
2026-05-23 15:00:00,206.6122,42688.6
2026-05-23 16:00:00,205.918,42402.223
2026-05-23 17:00:00,207.87558,43212.258
2026-05-23 18:00:00,206.21823,42525.957
2026-05-23 19:00:00,207.2913,42969.684
2026-05-23 20:00:00,209.12215,43732.07
2026-05-23 21:00:00,206.54607,42661.277
2026-05-23 22:00:00,202.68205,41080.016
2026-05-23 23:00:00,198.00195,39204.773
2026-05-24 00:00:00,190.90775,36445.766
2026-05-24 01:00:00,187.20639,35046.234
2026-05-24 02:00:00,183.49129,33669.05
2026-05-24 03:00:00,178.97595,32032.39
2026-05-24 04:00:00,178.97078,32030.54
2026-05-24 05:00:00,176.73436,31235.033
2026-05-24 06:00:00,174.1855,30340.588
2026-05-24 07:00:00,173.96046,30262.244
2026-05-24 08:00:00,179.44067,32198.955
2026-05-24 09:00:00,183.04976,33507.215
2026-05-24 10:00:00,189.28392,35828.402
2026-05-24 11:00:00,192.83833,37186.62
2026-05-24 12:00:00,193.31221,37369.61
2026-05-24 13:00:00,197.43808,38981.797
2026-05-24 14:00:00,196.66168,38675.816
2026-05-24 15:00:00,196.47504,38602.44
2026-05-24 16:00:00,197.31609,38933.637
2026-05-24 17:00:00,199.43825,39775.613
2026-05-24 18:00:00,200.27592,40110.445
2026-05-24 19:00:00,203.4367,41386.492
2026-05-24 20:00:00,205.37354,42178.29
2026-05-24 21:00:00,202.63892,41062.53
2026-05-24 22:00:00,197.77469,39114.83
2026-05-24 23:00:00,191.77617,36778.098
2026-05-25 00:00:00,185.85187,34540.918
2026-05-25 01:00:00,180.8724,32714.828
2026-05-25 02:00:00,176.11707,31017.22
2026-05-25 03:00:00,172.70207,29826.006
2026-05-25 04:00:00,171.71994,29487.738
2026-05-25 05:00:00,171.19513,29307.771
2026-05-25 06:00:00,172.88582,29889.506
2026-05-25 07:00:00,177.74918,31594.77
2026-05-25 08:00:00,196.86064,38754.113
2026-05-25 09:00:00,203.66803,41480.668
2026-05-25 10:00:00,205.32964,42160.258
2026-05-25 11:00:00,206.60516,42685.695
2026-05-25 12:00:00,206.3769,42591.43
2026-05-25 13:00:00,208.01932,43272.035
2026-05-25 14:00:00,208.41098,43435.137
2026-05-25 15:00:00,208.62851,43525.855
2026-05-25 16:00:00,207.60909,43101.53
2026-05-25 17:00:00,206.76744,42752.773
2026-05-25 18:00:00,206.51393,42648.004
2026-05-25 19:00:00,206.37662,42591.31
2026-05-25 20:00:00,207.14738,42910.04
2026-05-25 21:00:00,206.92686,42818.727
2026-05-25 22:00:00,205.06279,42050.746
2026-05-25 23:00:00,200.54013,40216.344
2026-05-26 00:00:00,184.94476,34204.566
2026-05-26 01:00:00,180.26538,32495.607
2026-05-26 02:00:00,175.88646,30936.047
2026-05-26 03:00:00,171.342,29358.08
2026-05-26 04:00:00,170.6168,29110.094
2026-05-26 05:00:00,169.89357,28863.824
2026-05-26 06:00:00,169.3657,28684.742
2026-05-26 07:00:00,174.94568,30605.99
2026-05-26 08:00:00,187.92203,35314.688
2026-05-26 09:00:00,190.3942,36249.95
2026-05-26 10:00:00,190.95477,36463.727
2026-05-26 11:00:00,191.29555,36593.99
2026-05-26 12:00:00,190.95465,36463.68
2026-05-26 13:00:00,191.50104,36672.65
2026-05-26 14:00:00,191.82745,36797.773
2026-05-26 15:00:00,191.6044,36712.246
2026-05-26 16:00:00,191.33125,36607.65
2026-05-26 17:00:00,191.07945,36511.355
2026-05-26 18:00:00,191.13457,36532.42
2026-05-26 19:00:00,191.70639,36751.34
2026-05-26 20:00:00,192.89598,37208.86
2026-05-26 21:00:00,192.843,37188.42
2026-05-26 22:00:00,192.78038,37164.273
2026-05-26 23:00:00,190.66829,36354.4
2026-05-27 00:00:00,184.80533,34153.008
2026-05-27 01:00:00,182.37987,33262.418
2026-05-27 02:00:00,176.95158,31311.863
2026-05-27 03:00:00,171.26436,29331.48
2026-05-27 04:00:00,170.49847,29069.73
2026-05-27 05:00:00,169.99797,28899.31
2026-05-27 06:00:00,169.30748,28665.023
2026-05-27 07:00:00,175.84126,30920.15
2026-05-27 08:00:00,188.22311,35427.94
2026-05-27 09:00:00,190.63603,36342.098
2026-05-27 10:00:00,190.71626,36372.69
2026-05-27 11:00:00,191.10188,36519.93
2026-05-27 12:00:00,190.44049,36267.582
2026-05-27 13:00:00,190.6783,36358.215
2026-05-27 14:00:00,191.52821,36683.055
2026-05-27 15:00:00,191.43295,36646.574
2026-05-27 16:00:00,190.97948,36473.16
2026-05-27 17:00:00,190.35988,36236.883
2026-05-27 18:00:00,191.31775,36602.48
2026-05-27 19:00:00,191.33356,36608.53
2026-05-27 20:00:00,192.26018,36963.977
2026-05-27 21:00:00,192.20639,36943.297
2026-05-27 22:00:00,192.6987,37132.79
2026-05-27 23:00:00,190.69711,36365.39
2026-05-28 00:00:00,184.95026,34206.598
2026-05-28 01:00:00,181.2509,32851.89
2026-05-28 02:00:00,175.5157,30805.762
2026-05-28 03:00:00,170.18169,28961.807
2026-05-28 04:00:00,169.43637,28708.684
2026-05-28 05:00:00,168.92432,28535.424
2026-05-28 06:00:00,168.24971,28307.965
2026-05-28 07:00:00,175.34422,30745.596
2026-05-28 08:00:00,187.4124,35123.406
2026-05-28 09:00:00,189.52997,35921.61
2026-05-28 10:00:00,189.53592,35923.863
2026-05-28 11:00:00,190.19896,36175.645
2026-05-28 12:00:00,189.78833,36019.61
2026-05-28 13:00:00,189.67229,35975.58
2026-05-28 14:00:00,190.25818,36198.176
2026-05-28 15:00:00,190.29846,36213.504
2026-05-28 16:00:00,189.85294,36044.137
2026-05-28 17:00:00,189.64478,35965.14
2026-05-28 18:00:00,190.17448,36166.336
2026-05-28 19:00:00,190.3357,36227.676
2026-05-28 20:00:00,191.05408,36501.66
2026-05-28 21:00:00,191.122,36527.617
2026-05-28 22:00:00,191.51721,36678.844
2026-05-28 23:00:00,190.01086,36104.13
2026-05-29 00:00:00,184.17563,33920.664
2026-05-29 01:00:00,180.56131,32602.387
2026-05-29 02:00:00,174.82611,30564.17
2026-05-29 03:00:00,169.35329,28680.535
2026-05-29 04:00:00,168.60797,28428.648
2026-05-29 05:00:00,168.06342,28245.312
2026-05-29 06:00:00,167.28374,27983.85
2026-05-29 07:00:00,173.60083,30137.248
2026-05-29 08:00:00,186.20306,34671.582
2026-05-29 09:00:00,187.70074,35231.57
2026-05-29 10:00:00,187.7067,35233.805
2026-05-29 11:00:00,188.36688,35482.082
2026-05-29 12:00:00,187.79758,35267.93
2026-05-29 13:00:00,187.63565,35207.137
2026-05-29 14:00:00,188.48494,35526.574
2026-05-29 15:00:00,188.44337,35510.906
2026-05-29 16:00:00,188.01173,35348.414
2026-05-29 17:00:00,187.79323,35266.297
2026-05-29 18:00:00,189.0395,35735.934
2026-05-29 19:00:00,189.45845,35894.504
2026-05-29 20:00:00,189.60397,35949.668
2026-05-29 21:00:00,190.40846,36255.383
2026-05-29 22:00:00,190.13193,36150.15
2026-05-29 23:00:00,189.73071,35997.742
2026-05-30 00:00:00,192.60172,37095.42
2026-05-30 01:00:00,186.781,34887.145
2026-05-30 02:00:00,181.2856,32864.47
2026-05-30 03:00:00,176.92229,31301.496
2026-05-30 04:00:00,176.46422,31139.621
2026-05-30 05:00:00,175.69443,30868.531
2026-05-30 06:00:00,174.88698,30585.455
2026-05-30 07:00:00,176.35931,31102.607
2026-05-30 08:00:00,189.48029,35902.777
2026-05-30 09:00:00,196.39955,38572.785
2026-05-30 10:00:00,199.14247,39657.723
2026-05-30 11:00:00,199.76332,39905.383
2026-05-30 12:00:00,199.75412,39901.707
2026-05-30 13:00:00,200.04898,40019.594
2026-05-30 14:00:00,200.01088,40004.35
2026-05-30 15:00:00,199.79828,39919.35
2026-05-30 16:00:00,199.8393,39935.742
2026-05-30 17:00:00,199.83353,39933.438
2026-05-30 18:00:00,199.77034,39908.188
2026-05-30 19:00:00,200.16382,40065.555
2026-05-30 20:00:00,200.96237,40385.875
2026-05-30 21:00:00,200.61057,40244.598
2026-05-30 22:00:00,197.10844,38851.74
2026-05-30 23:00:00,193.16954,37314.473
2026-05-31 00:00:00,186.76657,34881.754
2026-05-31 01:00:00,183.23209,33573.996
2026-05-31 02:00:00,179.53519,32232.883
2026-05-31 03:00:00,175.73404,30882.453
2026-05-31 04:00:00,175.57214,30825.578
2026-05-31 05:00:00,173.85324,30224.95
2026-05-31 06:00:00,171.3907,29374.773
2026-05-31 07:00:00,170.05917,28920.123
2026-05-31 08:00:00,173.99745,30275.113
2026-05-31 09:00:00,178.01439,31689.123
2026-05-31 10:00:00,182.85127,33434.586
2026-05-31 11:00:00,185.28505,34330.55
2026-05-31 12:00:00,185.76222,34507.6
2026-05-31 13:00:00,186.24854,34688.516
2026-05-31 14:00:00,186.82079,34902.008
2026-05-31 15:00:00,186.86823,34919.734
2026-05-31 16:00:00,186.86977,34920.31
2026-05-31 17:00:00,189.85963,36046.68
2026-05-31 18:00:00,193.46431,37428.438
2026-05-31 19:00:00,195.36382,38167.02
2026-05-31 20:00:00,197.23492,38901.617
2026-05-31 21:00:00,195.34244,38158.668
2026-05-31 22:00:00,193.28323,37358.41
2026-05-31 23:00:00,187.07436,34996.816
2026-06-01 00:00:00,183.75374,33765.438
2026-06-01 01:00:00,178.75043,31951.715
2026-06-01 02:00:00,174.90202,30590.717
2026-06-01 03:00:00,173.35428,30051.705
2026-06-01 04:00:00,170.84819,29189.104
2026-06-01 05:00:00,169.60767,28766.76
2026-06-01 06:00:00,171.98795,29579.854
2026-06-01 07:00:00,177.24054,31414.209
2026-06-01 08:00:00,194.25182,37733.77
2026-06-01 09:00:00,199.59161,39836.812
2026-06-01 10:00:00,202.6081,41050.04
2026-06-01 11:00:00,202.9323,41181.516
2026-06-01 12:00:00,202.88255,41161.332
2026-06-01 13:00:00,202.65857,41070.496
2026-06-01 14:00:00,203.75467,41515.965
2026-06-01 15:00:00,203.65466,41475.223
2026-06-01 16:00:00,203.9331,41588.71
2026-06-01 17:00:00,203.04356,41226.688
2026-06-01 18:00:00,202.84003,41144.08
2026-06-01 19:00:00,202.63635,41061.492
2026-06-01 20:00:00,203.59001,41448.895
2026-06-01 21:00:00,203.42674,41382.44
2026-06-01 22:00:00,202.46724,40992.984
2026-06-01 23:00:00,197.69048,39081.523
2026-06-02 00:00:00,190.42741,36262.6
2026-06-02 01:00:00,184.80234,34151.902
2026-06-02 02:00:00,181.62122,32986.266
2026-06-02 03:00:00,178.63214,31909.441
2026-06-02 04:00:00,177.695,31575.516
2026-06-02 05:00:00,176.40541,31118.87
2026-06-02 06:00:00,176.21837,31052.914
2026-06-02 07:00:00,181.50992,32945.85
2026-06-02 08:00:00,196.62259,38660.44
2026-06-02 09:00:00,199.26071,39704.832
2026-06-02 10:00:00,203.01903,41216.727
2026-06-02 11:00:00,203.16257,41275.027
2026-06-02 12:00:00,202.44237,40982.914
2026-06-02 13:00:00,203.14775,41269.008
2026-06-02 14:00:00,203.8634,41560.29
2026-06-02 15:00:00,203.11559,41255.94
2026-06-02 16:00:00,203.16681,41276.754
2026-06-02 17:00:00,202.39662,40964.39
2026-06-02 18:00:00,202.41563,40972.09
2026-06-02 19:00:00,202.98648,41203.51
2026-06-02 20:00:00,203.94258,41592.58
2026-06-02 21:00:00,203.09254,41246.582
2026-06-02 22:00:00,202.35896,40949.15
2026-06-02 23:00:00,197.72607,39095.6
2026-06-03 00:00:00,190.4068,36254.75
2026-06-03 01:00:00,185.0515,34244.06
2026-06-03 02:00:00,181.5398,32956.695
2026-06-03 03:00:00,178.38359,31820.705
2026-06-03 04:00:00,177.56038,31527.688
2026-06-03 05:00:00,176.31738,31087.82
2026-06-03 06:00:00,176.24152,31061.072
2026-06-03 07:00:00,181.42413,32914.715
2026-06-03 08:00:00,196.27797,38525.043
2026-06-03 09:00:00,198.36694,39349.445
2026-06-03 10:00:00,202.22742,40895.93
2026-06-03 11:00:00,202.22784,40896.1
2026-06-03 12:00:00,201.59761,40641.598
2026-06-03 13:00:00,202.37376,40955.14
2026-06-03 14:00:00,203.54161,41429.188
2026-06-03 15:00:00,202.89935,41168.15
2026-06-03 16:00:00,202.91986,41176.47
2026-06-03 17:00:00,202.30135,40925.836
2026-06-03 18:00:00,202.35504,40947.562
2026-06-03 19:00:00,202.33218,40938.312
2026-06-03 20:00:00,203.01846,41216.496
2026-06-03 21:00:00,202.23848,40900.402
2026-06-03 22:00:00,201.68483,40676.77
2026-06-03 23:00:00,197.72726,39096.07
2026-06-04 00:00:00,190.98598,36475.645
2026-06-04 01:00:00,184.74303,34129.984
2026-06-04 02:00:00,181.89638,33086.293
2026-06-04 03:00:00,178.50175,31862.877
2026-06-04 04:00:00,177.69995,31577.273
2026-06-04 05:00:00,176.3243,31090.258
2026-06-04 06:00:00,176.27747,31073.744
2026-06-04 07:00:00,182.78171,33409.152
2026-06-04 08:00:00,196.96039,38793.395
2026-06-04 09:00:00,198.64067,39458.117
2026-06-04 10:00:00,202.37505,40955.66
2026-06-04 11:00:00,202.84747,41147.098
2026-06-04 12:00:00,202.15578,40866.957
2026-06-04 13:00:00,203.13277,41262.92
2026-06-04 14:00:00,203.38528,41365.574
2026-06-04 15:00:00,203.11754,41256.734
2026-06-04 16:00:00,203.22081,41298.7
2026-06-04 17:00:00,203.00098,41209.4
2026-06-04 18:00:00,203.13477,41263.734
2026-06-04 19:00:00,203.47885,41403.645
2026-06-04 20:00:00,203.46873,41399.527
2026-06-04 21:00:00,203.12999,41261.793
2026-06-04 22:00:00,202.51294,41011.492
2026-06-04 23:00:00,198.02856,39215.312
2026-06-05 00:00:00,191.66714,36736.293
2026-06-05 01:00:00,186.03207,34607.934
2026-06-05 02:00:00,183.27953,33591.383
2026-06-05 03:00:00,179.20245,32113.52
2026-06-05 04:00:00,178.52357,31870.666
2026-06-05 05:00:00,177.09189,31361.537
2026-06-05 06:00:00,177.08124,31357.766
2026-06-05 07:00:00,182.99179,33485.996
2026-06-05 08:00:00,197.64117,39062.035
2026-06-05 09:00:00,200.9903,40397.098
2026-06-05 10:00:00,205.86737,42381.375
2026-06-05 11:00:00,206.53941,42658.53
2026-06-05 12:00:00,207.15416,42912.848
2026-06-05 13:00:00,209.4034,43849.78
2026-06-05 14:00:00,209.07784,43713.543
2026-06-05 15:00:00,209.31789,43813.977
2026-06-05 16:00:00,208.0133,43269.535
2026-06-05 17:00:00,205.90552,42397.082
2026-06-05 18:00:00,204.76886,41930.285
2026-06-05 19:00:00,205.31175,42152.914
2026-06-05 20:00:00,206.97954,42840.527
2026-06-05 21:00:00,206.16814,42505.3
2026-06-05 22:00:00,205.46614,42216.336
2026-06-05 23:00:00,201.05911,40424.766
2026-06-06 00:00:00,192.08722,36897.5
2026-06-06 01:00:00,186.16891,34658.863
2026-06-06 02:00:00,183.00581,33491.13
2026-06-06 03:00:00,179.42192,32192.227
2026-06-06 04:00:00,178.67621,31925.188
2026-06-06 05:00:00,177.16682,31388.084
2026-06-06 06:00:00,176.69487,31221.076
2026-06-06 07:00:00,178.10521,31721.465
2026-06-06 08:00:00,189.24146,35812.33
2026-06-06 09:00:00,194.47672,37821.19
2026-06-06 10:00:00,200.0037,40001.477
2026-06-06 11:00:00,203.5634,41438.06
2026-06-06 12:00:00,204.37383,41768.66
2026-06-06 13:00:00,205.71144,42317.195
2026-06-06 14:00:00,206.07536,42467.055
2026-06-06 15:00:00,207.91467,43228.51
2026-06-06 16:00:00,205.91447,42400.77
2026-06-06 17:00:00,203.6454,41471.45
2026-06-06 18:00:00,202.61662,41053.496
2026-06-06 19:00:00,204.8159,41949.555
2026-06-06 20:00:00,206.28671,42554.207
2026-06-06 21:00:00,206.27676,42550.1
2026-06-06 22:00:00,201.24881,40501.082
2026-06-06 23:00:00,194.4886,37825.816
2026-06-07 00:00:00,187.48087,35149.074
2026-06-07 01:00:00,183.9267,33829.03
2026-06-07 02:00:00,180.44798,32561.475
2026-06-07 03:00:00,177.05864,31349.762
2026-06-07 04:00:00,176.42174,31124.629
2026-06-07 05:00:00,174.14484,30326.424
2026-06-07 06:00:00,171.70142,29481.377
2026-06-07 07:00:00,169.60753,28766.713
2026-06-07 08:00:00,173.92584,30250.2
2026-06-07 09:00:00,179.01804,32047.457
2026-06-07 10:00:00,185.78271,34515.22
2026-06-07 11:00:00,188.39523,35492.766
2026-06-07 12:00:00,189.43172,35884.375
2026-06-07 13:00:00,191.85774,36809.395
2026-06-07 14:00:00,193.47983,37434.445
2026-06-07 15:00:00,192.03806,36878.613
2026-06-07 16:00:00,192.52405,37065.508
2026-06-07 17:00:00,191.98964,36860.023
2026-06-07 18:00:00,196.28941,38529.535
2026-06-07 19:00:00,199.7155,39886.28
2026-06-07 20:00:00,202.35938,40949.316
2026-06-07 21:00:00,200.39944,40159.938
2026-06-07 22:00:00,196.97063,38797.43
2026-06-07 23:00:00,188.70456,35609.41
2026-06-08 00:00:00,188.64291,35586.15
2026-06-08 01:00:00,182.73567,33392.324
2026-06-08 02:00:00,179.07452,32067.686
2026-06-08 03:00:00,177.19687,31398.73
2026-06-08 04:00:00,174.75223,30538.342
2026-06-08 05:00:00,173.08633,29958.879
2026-06-08 06:00:00,175.38379,30759.473
2026-06-08 07:00:00,179.93192,32375.494
2026-06-08 08:00:00,197.46484,38992.363
2026-06-08 09:00:00,203.2365,41305.074
2026-06-08 10:00:00,206.00089,42436.363
2026-06-08 11:00:00,207.0888,42885.773
2026-06-08 12:00:00,207.82053,43189.37
2026-06-08 13:00:00,210.38918,44263.605
2026-06-08 14:00:00,212.75299,45263.836
2026-06-08 15:00:00,210.17957,44175.45
2026-06-08 16:00:00,210.0561,44123.566
2026-06-08 17:00:00,208.7068,43558.53
2026-06-08 18:00:00,207.70049,43139.492
2026-06-08 19:00:00,209.07248,43711.3
2026-06-08 20:00:00,211.05849,44545.684
2026-06-08 21:00:00,211.24373,44623.914
2026-06-08 22:00:00,211.6624,44800.973
2026-06-08 23:00:00,205.64973,42291.812
2026-06-09 00:00:00,195.36157,38166.145
2026-06-09 01:00:00,188.95737,35704.887
2026-06-09 02:00:00,185.66736,34472.367
2026-06-09 03:00:00,182.07451,33151.125
2026-06-09 04:00:00,181.20363,32834.754
2026-06-09 05:00:00,179.59868,32255.686
2026-06-09 06:00:00,180.21965,32479.123
2026-06-09 07:00:00,186.54845,34800.324
2026-06-09 08:00:00,200.81747,40327.656
2026-06-09 09:00:00,205.1395,42082.21
2026-06-09 10:00:00,210.66693,44380.555
2026-06-09 11:00:00,210.21468,44190.21
2026-06-09 12:00:00,212.8773,45316.746
2026-06-09 13:00:00,216.45096,46851.016
2026-06-09 14:00:00,217.29385,47216.617
2026-06-09 15:00:00,216.83803,47018.73
2026-06-09 16:00:00,217.52612,47317.613
2026-06-09 17:00:00,216.38666,46823.188
2026-06-09 18:00:00,213.59729,45623.8
2026-06-09 19:00:00,213.43207,45553.246
2026-06-09 20:00:00,213.43748,45555.56
2026-06-09 21:00:00,213.40916,45543.473
2026-06-09 22:00:00,211.70166,44817.594
2026-06-09 23:00:00,207.20404,42933.516
2026-06-10 00:00:00,198.14322,39260.734
2026-06-10 01:00:00,192.81425,37177.336
2026-06-10 02:00:00,188.43512,35507.793
2026-06-10 03:00:00,184.09546,33891.137
2026-06-10 04:00:00,183.71211,33750.14
2026-06-10 05:00:00,181.72643,33024.492
2026-06-10 06:00:00,182.73985,33393.855
2026-06-10 07:00:00,188.39427,35492.402
2026-06-10 08:00:00,205.58495,42265.168
2026-06-10 09:00:00,211.47493,44721.645
2026-06-10 10:00:00,215.28539,46347.797
2026-06-10 11:00:00,216.37883,46819.797
2026-06-10 12:00:00,217.5763,47339.445
2026-06-10 13:00:00,216.896,47043.875
2026-06-10 14:00:00,218.63734,47802.29
2026-06-10 15:00:00,217.2953,47217.25
2026-06-10 16:00:00,214.68073,46087.812
2026-06-10 17:00:00,215.20068,46311.336
2026-06-10 18:00:00,212.53072,45169.305
2026-06-10 19:00:00,212.88954,45321.957
2026-06-10 20:00:00,213.04489,45388.125
2026-06-10 21:00:00,212.78958,45279.406
2026-06-10 22:00:00,211.66887,44803.71
2026-06-10 23:00:00,206.34247,42577.215
2026-06-11 00:00:00,200.01192,40004.766
2026-06-11 01:00:00,193.81075,37562.605
2026-06-11 02:00:00,188.4764,35523.35
2026-06-11 03:00:00,184.06671,33880.555
2026-06-11 04:00:00,185.0839,34256.047
2026-06-11 05:00:00,182.80276,33416.85
2026-06-11 06:00:00,183.35826,33620.25
2026-06-11 07:00:00,189.78075,36016.73
2026-06-11 08:00:00,203.73502,41507.957
2026-06-11 09:00:00,208.84688,43617.02
2026-06-11 10:00:00,213.90706,45756.23
2026-06-11 11:00:00,215.18471,46304.457
2026-06-11 12:00:00,216.07086,46686.617
2026-06-11 13:00:00,216.86142,47028.875
2026-06-11 14:00:00,218.90695,47920.254
2026-06-11 15:00:00,217.2548,47199.652
2026-06-11 16:00:00,216.42589,46840.164
2026-06-11 17:00:00,215.01729,46232.434
2026-06-11 18:00:00,212.6601,45224.316
2026-06-11 19:00:00,211.48788,44727.125
2026-06-11 20:00:00,212.96643,45354.7
2026-06-11 21:00:00,213.88567,45747.08
2026-06-11 22:00:00,211.7624,44843.316
2026-06-11 23:00:00,206.75282,42746.73
2026-06-12 00:00:00,200.31812,40127.348
2026-06-12 01:00:00,195.68423,38292.32
2026-06-12 02:00:00,193.47346,37431.98
2026-06-12 03:00:00,189.10478,35760.617
2026-06-12 04:00:00,187.71515,35236.977
2026-06-12 05:00:00,185.56396,34433.984
2026-06-12 06:00:00,185.68333,34478.3
2026-06-12 07:00:00,191.32387,36604.824
2026-06-12 08:00:00,208.09537,43303.684
2026-06-12 09:00:00,211.74855,44837.45
2026-06-12 10:00:00,214.13594,45854.2
2026-06-12 11:00:00,215.78564,46563.445
2026-06-12 12:00:00,216.43384,46843.605
2026-06-12 13:00:00,218.01538,47530.707
2026-06-12 14:00:00,220.9322,48811.04
2026-06-12 15:00:00,218.70148,47830.336
2026-06-12 16:00:00,218.6193,47794.395
2026-06-12 17:00:00,216.86183,47029.055
2026-06-12 18:00:00,215.25356,46334.094
2026-06-12 19:00:00,212.94473,45345.46
2026-06-12 20:00:00,213.12683,45423.047
2026-06-12 21:00:00,213.61992,45633.47
2026-06-12 22:00:00,213.03528,45384.03
2026-06-12 23:00:00,208.12178,43314.676
2026-06-13 00:00:00,199.06078,39625.19
2026-06-13 01:00:00,195.155,38085.473
2026-06-13 02:00:00,192.38045,37010.24
2026-06-13 03:00:00,188.97398,35711.168
2026-06-13 04:00:00,187.09674,35005.19
2026-06-13 05:00:00,183.40605,33637.78
2026-06-13 06:00:00,182.98457,33483.355
2026-06-13 07:00:00,185.59392,34445.1
2026-06-13 08:00:00,196.32979,38545.387
2026-06-13 09:00:00,202.51605,41012.75
2026-06-13 10:00:00,208.82173,43606.516
2026-06-13 11:00:00,212.2786,45062.203
2026-06-13 12:00:00,212.81448,45290.004
2026-06-13 13:00:00,213.47559,45571.824
2026-06-13 14:00:00,215.3864,46391.3
2026-06-13 15:00:00,213.1931,45451.297
2026-06-13 16:00:00,212.90529,45328.66
2026-06-13 17:00:00,209.66377,43958.9
2026-06-13 18:00:00,209.83675,44031.46
2026-06-13 19:00:00,208.67036,43543.32
2026-06-13 20:00:00,210.95114,44500.383
2026-06-13 21:00:00,209.89326,44055.184
2026-06-13 22:00:00,206.7241,42734.855
2026-06-13 23:00:00,201.56454,40628.266
2026-06-14 00:00:00,194.18619,37708.277
2026-06-14 01:00:00,189.62259,35956.727
2026-06-14 02:00:00,184.54509,34056.89
2026-06-14 03:00:00,182.00478,33125.74
2026-06-14 04:00:00,181.59637,32977.242
2026-06-14 05:00:00,178.59462,31896.04
2026-06-14 06:00:00,176.38927,31113.174
2026-06-14 07:00:00,174.44377,30430.629
2026-06-14 08:00:00,178.8536,31988.613
2026-06-14 09:00:00,183.54529,33688.87
2026-06-14 10:00:00,192.07776,36893.867
2026-06-14 11:00:00,194.9075,37988.934
2026-06-14 12:00:00,195.6743,38288.434
2026-06-14 13:00:00,197.2334,38901.01
2026-06-14 14:00:00,199.41843,39767.707
2026-06-14 15:00:00,198.67307,39470.99
2026-06-14 16:00:00,197.54233,39022.973
2026-06-14 17:00:00,198.48093,39394.68
2026-06-14 18:00:00,202.3323,40938.363
2026-06-14 19:00:00,204.10434,41658.582
2026-06-14 20:00:00,205.68465,42306.176
2026-06-14 21:00:00,203.98701,41610.703
2026-06-14 22:00:00,201.03564,40415.332
2026-06-14 23:00:00,192.67705,37124.445
2026-06-15 00:00:00,190.8905,36439.184
2026-06-15 01:00:00,185.61292,34452.152
2026-06-15 02:00:00,182.12822,33170.688
2026-06-15 03:00:00,179.78716,32323.422
2026-06-15 04:00:00,177.28954,31431.58
2026-06-15 05:00:00,175.5047,30801.9
2026-06-15 06:00:00,177.89937,31648.186
2026-06-15 07:00:00,182.95865,33473.867
2026-06-15 08:00:00,200.10654,40042.625
2026-06-15 09:00:00,206.39386,42598.426
2026-06-15 10:00:00,210.35545,44249.418
2026-06-15 11:00:00,210.68156,44386.723
2026-06-15 12:00:00,210.37741,44258.656
2026-06-15 13:00:00,212.2067,45031.68
2026-06-15 14:00:00,214.26468,45909.35
2026-06-15 15:00:00,213.30183,45497.67
2026-06-15 16:00:00,213.45348,45562.387
2026-06-15 17:00:00,212.24358,45047.336
2026-06-15 18:00:00,211.41031,44694.32
2026-06-15 19:00:00,210.70561,44396.855
2026-06-15 20:00:00,212.0796,44977.758
2026-06-15 21:00:00,212.10492,44988.496
2026-06-15 22:00:00,210.52386,44320.297
2026-06-15 23:00:00,205.76595,42339.625
2026-06-16 00:00:00,196.04079,38431.99
2026-06-16 01:00:00,190.50395,36291.754
2026-06-16 02:00:00,187.65054,35212.727
2026-06-16 03:00:00,184.0229,33864.43
2026-06-16 04:00:00,182.96193,33475.066
2026-06-16 05:00:00,181.24846,32851.004
2026-06-16 06:00:00,181.1166,32803.22
2026-06-16 07:00:00,186.77579,34885.195
2026-06-16 08:00:00,201.90805,40766.86
2026-06-16 09:00:00,206.74867,42745.01
2026-06-16 10:00:00,209.84625,44035.45
2026-06-16 11:00:00,210.05476,44123.004
2026-06-16 12:00:00,209.79976,44015.938
2026-06-16 13:00:00,210.56476,44337.516
2026-06-16 14:00:00,212.50201,45157.105
2026-06-16 15:00:00,212.33855,45087.66
2026-06-16 16:00:00,212.00658,44946.79
2026-06-16 17:00:00,210.58629,44346.586
2026-06-16 18:00:00,210.77516,44426.168
2026-06-16 19:00:00,210.5128,44315.64
2026-06-16 20:00:00,211.40613,44692.55
2026-06-16 21:00:00,210.75487,44417.613
2026-06-16 22:00:00,208.32487,43399.254
2026-06-16 23:00:00,203.68918,41489.28
2026-06-17 00:00:00,195.91154,38381.332
2026-06-17 01:00:00,191.94049,36841.152
2026-06-17 02:00:00,188.41924,35501.81
2026-06-17 03:00:00,184.82967,34162.004
2026-06-17 04:00:00,183.53464,33684.965
2026-06-17 05:00:00,181.8903,33084.082
2026-06-17 06:00:00,181.85641,33071.754
2026-06-17 07:00:00,187.47633,35147.375
2026-06-17 08:00:00,202.98254,41201.914
2026-06-17 09:00:00,206.50584,42644.664
2026-06-17 10:00:00,209.90576,44060.43
2026-06-17 11:00:00,210.37169,44256.246
2026-06-17 12:00:00,210.30121,44226.598
2026-06-17 13:00:00,211.52753,44743.895
2026-06-17 14:00:00,213.78395,45703.58
2026-06-17 15:00:00,213.6597,45650.465
2026-06-17 16:00:00,212.17033,45016.25
2026-06-17 17:00:00,211.0982,44562.453
2026-06-17 18:00:00,210.19542,44182.113
2026-06-17 19:00:00,210.31744,44233.426
2026-06-17 20:00:00,210.9401,44495.723
2026-06-17 21:00:00,211.8452,44878.387
2026-06-17 22:00:00,209.76588,44001.727
2026-06-17 23:00:00,204.63626,41876.0
2026-06-18 00:00:00,198.26834,39310.336
2026-06-18 01:00:00,192.80531,37173.89
2026-06-18 02:00:00,189.98256,36093.37
2026-06-18 03:00:00,185.42415,34382.113
2026-06-18 04:00:00,184.45995,34025.473
2026-06-18 05:00:00,182.48686,33301.453
2026-06-18 06:00:00,182.53816,33320.18
2026-06-18 07:00:00,190.31065,36218.145
2026-06-18 08:00:00,204.84875,41963.01
2026-06-18 09:00:00,208.79422,43595.027
2026-06-18 10:00:00,213.31201,45502.016
2026-06-18 11:00:00,214.35783,45949.28
2026-06-18 12:00:00,215.41554,46403.855
2026-06-18 13:00:00,217.3308,47232.676
2026-06-18 14:00:00,219.54427,48199.684
2026-06-18 15:00:00,218.43861,47715.43
2026-06-18 16:00:00,216.9654,47073.98
2026-06-18 17:00:00,214.8412,46156.742
2026-06-18 18:00:00,212.06508,44971.598
2026-06-18 19:00:00,212.22444,45039.215
2026-06-18 20:00:00,214.97202,46212.97
2026-06-18 21:00:00,212.90233,45327.402
2026-06-18 22:00:00,210.82066,44445.35
2026-06-18 23:00:00,207.77663,43171.125
2026-06-19 00:00:00,202.67184,41075.875
2026-06-19 01:00:00,197.4461,38984.965
2026-06-19 02:00:00,191.7253,36758.59
2026-06-19 03:00:00,186.9883,34964.62
2026-06-19 04:00:00,188.6507,35589.086
2026-06-19 05:00:00,186.04613,34613.16
2026-06-19 06:00:00,185.31096,34340.152
2026-06-19 07:00:00,191.58154,36703.49
2026-06-19 08:00:00,208.9175,43646.52
2026-06-19 09:00:00,212.46935,45143.223
2026-06-19 10:00:00,215.9675,46641.96
2026-06-19 11:00:00,217.14537,47152.113
2026-06-19 12:00:00,218.69456,47827.312
2026-06-19 13:00:00,220.06827,48430.043
2026-06-19 14:00:00,222.27345,49405.49
2026-06-19 15:00:00,218.72589,47841.016
2026-06-19 16:00:00,217.34358,47238.234
2026-06-19 17:00:00,215.11882,46276.105
2026-06-19 18:00:00,212.22034,45037.473
2026-06-19 19:00:00,213.6397,45641.918
2026-06-19 20:00:00,215.289,46349.355
2026-06-19 21:00:00,215.60144,46483.98
2026-06-19 22:00:00,214.42094,45976.34
2026-06-19 23:00:00,209.4836,43883.38
2026-06-20 00:00:00,201.75287,40704.22
2026-06-20 01:00:00,197.7111,39089.68
2026-06-20 02:00:00,193.32196,37373.38
2026-06-20 03:00:00,190.70874,36369.824
2026-06-20 04:00:00,188.11905,35388.777
2026-06-20 05:00:00,185.37756,34364.84
2026-06-20 06:00:00,186.59885,34819.13
2026-06-20 07:00:00,189.88597,36056.684
2026-06-20 08:00:00,200.04842,40019.367
2026-06-20 09:00:00,205.11903,42073.816
2026-06-20 10:00:00,209.16582,43750.34
2026-06-20 11:00:00,212.42798,45125.645
2026-06-20 12:00:00,214.49863,46009.66
2026-06-20 13:00:00,216.9011,47046.082
2026-06-20 14:00:00,218.46553,47727.188
2026-06-20 15:00:00,215.29375,46351.4
2026-06-20 16:00:00,213.84415,45729.32
2026-06-20 17:00:00,213.55203,45604.47
2026-06-20 18:00:00,211.48788,44727.125
2026-06-20 19:00:00,211.93448,44916.223
2026-06-20 20:00:00,213.60487,45627.043
2026-06-20 21:00:00,213.62805,45636.945
2026-06-20 22:00:00,210.17024,44171.53
2026-06-20 23:00:00,205.19368,42104.445
2026-06-21 00:00:00,195.55188,38240.54
2026-06-21 01:00:00,192.55812,37078.63
2026-06-21 02:00:00,187.95625,35327.555
2026-06-21 03:00:00,183.54771,33689.76
2026-06-21 04:00:00,182.81407,33420.984
2026-06-21 05:00:00,179.25694,32133.05
2026-06-21 06:00:00,177.00471,31330.67
2026-06-21 07:00:00,177.25563,31419.559
2026-06-21 08:00:00,182.30562,33235.34
2026-06-21 09:00:00,189.14125,35774.414
2026-06-21 10:00:00,195.74953,38317.88
2026-06-21 11:00:00,197.96165,39188.816
2026-06-21 12:00:00,199.31349,39725.867
2026-06-21 13:00:00,200.90004,40360.824
2026-06-21 14:00:00,202.38322,40958.97
2026-06-21 15:00:00,200.29765,40119.15
2026-06-21 16:00:00,199.78012,39912.098
2026-06-21 17:00:00,199.9176,39967.047
2026-06-21 18:00:00,202.67723,41078.06
2026-06-21 19:00:00,205.21497,42113.184
2026-06-21 20:00:00,207.27011,42960.9
2026-06-21 21:00:00,205.00084,42025.344
2026-06-21 22:00:00,202.43884,40981.484
2026-06-21 23:00:00,196.78214,38723.207
2026-06-22 00:00:00,192.53398,37069.332
2026-06-22 01:00:00,187.46625,35143.594
2026-06-22 02:00:00,183.03099,33500.344
2026-06-22 03:00:00,180.36009,32529.764
2026-06-22 04:00:00,178.14688,31736.31
2026-06-22 05:00:00,176.13562,31023.756
2026-06-22 06:00:00,178.67984,31926.484
2026-06-22 07:00:00,183.69063,33742.246
2026-06-22 08:00:00,200.99911,40400.645
2026-06-22 09:00:00,206.87144,42795.793
2026-06-22 10:00:00,211.19307,44602.51
2026-06-22 11:00:00,212.34386,45089.914
2026-06-22 12:00:00,211.99898,44943.566
2026-06-22 13:00:00,213.86179,45736.863
2026-06-22 14:00:00,215.45543,46421.043
2026-06-22 15:00:00,214.34813,45945.12
2026-06-22 16:00:00,214.14267,45857.082
2026-06-22 17:00:00,213.54698,45602.312
2026-06-22 18:00:00,213.24179,45472.062
2026-06-22 19:00:00,213.41483,45545.887
2026-06-22 20:00:00,215.62982,46496.22
2026-06-22 21:00:00,215.57921,46474.395
2026-06-22 22:00:00,214.2247,45892.223
2026-06-22 23:00:00,206.44705,42620.387
2026-06-23 00:00:00,198.49359,39399.707
2026-06-23 01:00:00,193.29945,37364.68
2026-06-23 02:00:00,188.8917,35680.07
2026-06-23 03:00:00,185.362,34359.07
2026-06-23 04:00:00,184.21422,33934.88
2026-06-23 05:00:00,182.5547,33326.22
2026-06-23 06:00:00,184.4003,34003.47
2026-06-23 07:00:00,190.1298,36149.344
2026-06-23 08:00:00,205.6087,42274.938
2026-06-23 09:00:00,209.42125,43857.258
2026-06-23 10:00:00,213.76166,45694.047
2026-06-23 11:00:00,214.17082,45869.14
2026-06-23 12:00:00,214.08841,45833.848
2026-06-23 13:00:00,214.04897,45816.96
2026-06-23 14:00:00,216.25299,46765.355
2026-06-23 15:00:00,215.34729,46374.457
2026-06-23 16:00:00,214.06616,45824.32
2026-06-23 17:00:00,212.40965,45117.86
2026-06-23 18:00:00,211.60147,44775.184
2026-06-23 19:00:00,212.4433,45132.156
2026-06-23 20:00:00,214.34077,45941.97
2026-06-23 21:00:00,215.3595,46379.715
2026-06-23 22:00:00,213.05437,45392.164
2026-06-23 23:00:00,208.09813,43304.832
2026-06-24 00:00:00,200.39098,40156.543
2026-06-24 01:00:00,195.82948,38349.188
2026-06-24 02:00:00,192.6957,37131.63
2026-06-24 03:00:00,189.10844,35762.004
2026-06-24 04:00:00,189.49878,35909.79
2026-06-24 05:00:00,188.62386,35578.957
2026-06-24 06:00:00,187.42285,35127.324
2026-06-24 07:00:00,192.51619,37062.484
2026-06-24 08:00:00,208.14941,43326.18
2026-06-24 09:00:00,212.48987,45151.945
2026-06-24 10:00:00,216.4495,46850.383
2026-06-24 11:00:00,217.65625,47374.242
2026-06-24 12:00:00,217.56479,47334.438
2026-06-24 13:00:00,218.26907,47641.387
2026-06-24 14:00:00,220.28624,48526.027
2026-06-24 15:00:00,217.51944,47314.707
2026-06-24 16:00:00,216.23087,46755.79
2026-06-24 17:00:00,212.89098,45322.566
2026-06-24 18:00:00,213.5399,45599.29
2026-06-24 19:00:00,213.29488,45494.703
2026-06-24 20:00:00,217.09386,47129.742
2026-06-24 21:00:00,216.51714,46879.67
2026-06-24 22:00:00,215.1723,46299.12
2026-06-24 23:00:00,209.89566,44056.188
2026-06-25 00:00:00,207.49355,43053.57
2026-06-25 01:00:00,199.57701,39830.984
2026-06-25 02:00:00,195.65778,38281.965
2026-06-25 03:00:00,192.22412,36950.113
2026-06-25 04:00:00,190.82242,36413.195
2026-06-25 05:00:00,189.52763,35920.723
2026-06-25 06:00:00,189.30255,35835.457
2026-06-25 07:00:00,195.34282,38158.816
2026-06-25 08:00:00,213.23775,45470.336
2026-06-25 09:00:00,215.11845,46275.95
2026-06-25 10:00:00,217.8152,47443.46
2026-06-25 11:00:00,219.64177,48242.508
2026-06-25 12:00:00,219.48122,48172.004
2026-06-25 13:00:00,222.309,49421.293
2026-06-25 14:00:00,222.41046,49466.414
2026-06-25 15:00:00,220.39096,48572.176
2026-06-25 16:00:00,220.24316,48507.05
2026-06-25 17:00:00,218.04744,47544.688
2026-06-25 18:00:00,217.3652,47247.633
2026-06-25 19:00:00,218.93117,47930.855
2026-06-25 20:00:00,219.87755,48346.137
2026-06-25 21:00:00,219.89139,48352.223
2026-06-25 22:00:00,218.47726,47732.316
2026-06-25 23:00:00,213.11989,45420.086
2026-06-26 00:00:00,208.45842,43454.914
2026-06-26 01:00:00,201.46545,40588.33
2026-06-26 02:00:00,197.99345,39201.406
2026-06-26 03:00:00,194.77373,37936.805
2026-06-26 04:00:00,193.44118,37419.49
2026-06-26 05:00:00,191.84186,36803.297
2026-06-26 06:00:00,191.29968,36595.57
2026-06-26 07:00:00,195.91928,38384.363
2026-06-26 08:00:00,213.29036,45492.777
2026-06-26 09:00:00,217.50731,47309.43
2026-06-26 10:00:00,220.35771,48557.52
2026-06-26 11:00:00,222.4808,49497.707
2026-06-26 12:00:00,222.03154,49298.004
2026-06-26 13:00:00,223.14337,49792.965
2026-06-26 14:00:00,225.72017,50949.594
2026-06-26 15:00:00,223.5692,49983.188
2026-06-26 16:00:00,222.56888,49536.906
2026-06-26 17:00:00,220.10626,48446.766
2026-06-26 18:00:00,221.51724,49069.89
2026-06-26 19:00:00,221.4103,49022.52
2026-06-26 20:00:00,222.16226,49356.07
2026-06-26 21:00:00,221.58717,49100.875
2026-06-26 22:00:00,219.90364,48357.61
2026-06-26 23:00:00,214.22044,45890.4
2026-06-27 00:00:00,208.35631,43412.35
2026-06-27 01:00:00,201.31645,40528.312
2026-06-27 02:00:00,198.1262,39253.992
2026-06-27 03:00:00,195.81438,38343.27
2026-06-27 04:00:00,193.18608,37320.863
2026-06-27 05:00:00,190.73628,36380.33
2026-06-27 06:00:00,190.20671,36178.594
2026-06-27 07:00:00,192.7657,37158.617
2026-06-27 08:00:00,204.37843,41770.543
2026-06-27 09:00:00,210.96222,44505.06
2026-06-27 10:00:00,215.63057,46496.543
2026-06-27 11:00:00,218.63234,47800.1
2026-06-27 12:00:00,218.42416,47709.117
2026-06-27 13:00:00,219.72447,48278.844
2026-06-27 14:00:00,221.23012,48942.766
2026-06-27 15:00:00,219.80573,48314.56
2026-06-27 16:00:00,218.51276,47747.824
2026-06-27 17:00:00,218.21037,47615.766
2026-06-27 18:00:00,217.71333,47399.094
2026-06-27 19:00:00,217.57416,47338.516
2026-06-27 20:00:00,218.62054,47794.94
2026-06-27 21:00:00,218.57726,47776.016
2026-06-27 22:00:00,215.12637,46279.355
2026-06-27 23:00:00,211.64333,44792.9
2026-06-28 00:00:00,200.99419,40398.664
2026-06-28 01:00:00,197.24883,38907.098
2026-06-28 02:00:00,193.38829,37399.03
2026-06-28 03:00:00,192.52745,37066.82
2026-06-28 04:00:00,188.93582,35696.746
2026-06-28 05:00:00,186.22818,34680.934
2026-06-28 06:00:00,183.40692,33638.098
2026-06-28 07:00:00,181.94086,33102.477
2026-06-28 08:00:00,186.96776,34956.94
2026-06-28 09:00:00,192.57977,37086.97
2026-06-28 10:00:00,198.69576,39480.004
2026-06-28 11:00:00,202.09706,40843.223
2026-06-28 12:00:00,202.24829,40904.37
2026-06-28 13:00:00,203.8266,41545.28
2026-06-28 14:00:00,205.65129,42292.453
2026-06-28 15:00:00,204.5047,41822.17
2026-06-28 16:00:00,203.42374,41381.215
2026-06-28 17:00:00,204.63509,41875.52
2026-06-28 18:00:00,208.26352,43373.695
2026-06-28 19:00:00,210.20453,44185.945
2026-06-28 20:00:00,212.29773,45070.324
2026-06-28 21:00:00,211.07222,44551.48
2026-06-28 22:00:00,209.02573,43691.754
2026-06-28 23:00:00,202.98952,41204.742
2026-06-29 00:00:00,198.9994,39600.76
2026-06-29 01:00:00,191.16632,36544.562
2026-06-29 02:00:00,188.89139,35679.957
2026-06-29 03:00:00,186.78954,34890.332
2026-06-29 04:00:00,185.54416,34426.637
2026-06-29 05:00:00,182.95511,33472.57
2026-06-29 06:00:00,183.36401,33622.363
2026-06-29 07:00:00,187.35281,35101.08
2026-06-29 08:00:00,204.90923,41987.79
2026-06-29 09:00:00,212.19476,45026.617
2026-06-29 10:00:00,215.36174,46380.68
2026-06-29 11:00:00,214.94862,46202.91
2026-06-29 12:00:00,213.28163,45489.055
2026-06-29 13:00:00,214.62033,46061.887
2026-06-29 14:00:00,218.16261,47594.926
2026-06-29 15:00:00,217.3322,47233.285
2026-06-29 16:00:00,215.37912,46388.164
2026-06-29 17:00:00,214.25182,45903.84
2026-06-29 18:00:00,214.58945,46048.63
2026-06-29 19:00:00,214.35646,45948.69
2026-06-29 20:00:00,215.00526,46227.26
2026-06-29 21:00:00,214.22194,45891.04
2026-06-29 22:00:00,212.13231,45000.117
2026-06-29 23:00:00,206.96284,42833.62
2026-06-30 00:00:00,199.72952,39891.883
2026-06-30 01:00:00,194.41522,37797.277
2026-06-30 02:00:00,191.12584,36529.086
2026-06-30 03:00:00,187.02872,34979.742
2026-06-30 04:00:00,185.73993,34499.32
2026-06-30 05:00:00,184.10742,33895.543
2026-06-30 06:00:00,183.72112,33753.45
2026-06-30 07:00:00,189.57104,35937.18
2026-06-30 08:00:00,204.69244,41898.996
2026-06-30 09:00:00,208.50801,43475.59
2026-06-30 10:00:00,211.8714,44889.49
2026-06-30 11:00:00,213.7524,45690.086
2026-06-30 12:00:00,213.37143,45527.367
2026-06-30 13:00:00,212.85283,45306.33
2026-06-30 14:00:00,215.10274,46269.188
2026-06-30 15:00:00,214.5754,46042.598
2026-06-30 16:00:00,214.14078,45856.273
2026-06-30 17:00:00,213.03966,45385.895
2026-06-30 18:00:00,213.26791,45483.203
2026-06-30 19:00:00,213.44743,45559.81
2026-06-30 20:00:00,215.21686,46318.297
2026-06-30 21:00:00,215.99051,46651.9
2026-06-30 22:00:00,212.0741,44975.42
2026-06-30 23:00:00,207.2738,42962.43
2026-07-01 00:00:00,208.63853,43530.04
2026-07-01 01:00:00,200.52423,40209.97
2026-07-01 02:00:00,198.0214,39212.473
2026-07-01 03:00:00,195.58934,38255.19
2026-07-01 04:00:00,198.406,39364.94
2026-07-01 05:00:00,195.03712,38039.48
2026-07-01 06:00:00,194.34363,37769.445
2026-07-01 07:00:00,198.78639,39516.03
2026-07-01 08:00:00,214.77942,46130.2
2026-07-01 09:00:00,219.76154,48295.133
2026-07-01 10:00:00,221.94386,49259.08
2026-07-01 11:00:00,222.10287,49329.688
2026-07-01 12:00:00,221.71956,49159.562
2026-07-01 13:00:00,223.25957,49844.836
2026-07-01 14:00:00,224.67696,50479.734
2026-07-01 15:00:00,225.57439,50883.805
2026-07-01 16:00:00,222.28503,49410.637
2026-07-01 17:00:00,221.11436,48891.562
2026-07-01 18:00:00,220.2892,48527.332
2026-07-01 19:00:00,221.0508,48863.453
2026-07-01 20:00:00,221.98825,49278.785
2026-07-01 21:00:00,222.16096,49355.496
2026-07-01 22:00:00,220.87338,48785.05
2026-07-01 23:00:00,216.1395,46716.28
2026-07-02 00:00:00,211.2961,44646.04
2026-07-02 01:00:00,204.79837,41942.37
2026-07-02 02:00:00,202.9705,41197.027
2026-07-02 03:00:00,198.01375,39209.445
2026-07-02 04:00:00,197.37651,38957.49
2026-07-02 05:00:00,194.69284,37905.3
2026-07-02 06:00:00,191.91315,36830.656
2026-07-02 07:00:00,198.14171,39260.137
2026-07-02 08:00:00,213.99706,45794.74
2026-07-02 09:00:00,219.53134,48194.01
2026-07-02 10:00:00,220.51392,48626.387
2026-07-02 11:00:00,221.59312,49103.51
2026-07-02 12:00:00,221.26216,48956.945
2026-07-02 13:00:00,221.30078,48974.035
2026-07-02 14:00:00,222.66458,49579.516
2026-07-02 15:00:00,221.91965,49248.33
2026-07-02 16:00:00,220.3473,48552.934
2026-07-02 17:00:00,220.06989,48430.754
2026-07-02 18:00:00,219.89072,48351.926
2026-07-02 19:00:00,220.52655,48631.96
2026-07-02 20:00:00,222.29472,49414.945
2026-07-02 21:00:00,221.65497,49130.926
2026-07-02 22:00:00,219.99786,48399.06
2026-07-02 23:00:00,214.757,46120.57
2026-07-03 00:00:00,208.01454,43270.05
2026-07-03 01:00:00,198.94409,39578.75
2026-07-03 02:00:00,195.63449,38272.855
2026-07-03 03:00:00,191.43997,36649.26
2026-07-03 04:00:00,189.87659,36053.117
2026-07-03 05:00:00,188.17833,35411.082
2026-07-03 06:00:00,187.44064,35133.996
2026-07-03 07:00:00,194.58954,37865.09
2026-07-03 08:00:00,211.76357,44843.81
2026-07-03 09:00:00,217.66882,47379.715
2026-07-03 10:00:00,218.79468,47871.11
2026-07-03 11:00:00,219.51707,48187.746
2026-07-03 12:00:00,217.40755,47266.043
2026-07-03 13:00:00,218.19788,47610.312
2026-07-03 14:00:00,220.63602,48680.25
2026-07-03 15:00:00,220.1415,48462.277
2026-07-03 16:00:00,219.85048,48334.234
2026-07-03 17:00:00,218.93666,47933.26
2026-07-03 18:00:00,218.24393,47630.41
2026-07-03 19:00:00,218.15027,47589.54
2026-07-03 20:00:00,219.7022,48269.055
2026-07-03 21:00:00,218.6562,47810.535
2026-07-03 22:00:00,215.71252,46531.895
2026-07-03 23:00:00,212.1687,45015.56
2026-07-04 00:00:00,202.85489,41150.105
2026-07-04 01:00:00,194.88603,37980.566
2026-07-04 02:00:00,192.2753,36969.79
2026-07-04 03:00:00,189.17975,35788.977
2026-07-04 04:00:00,188.1538,35401.85
2026-07-04 05:00:00,187.02925,34979.94
2026-07-04 06:00:00,187.09512,35004.586
2026-07-04 07:00:00,187.71445,35236.715
2026-07-04 08:00:00,199.66821,39867.395
2026-07-04 09:00:00,206.7731,42755.117
2026-07-04 10:00:00,210.58868,44347.594
2026-07-04 11:00:00,214.08861,45833.934
2026-07-04 12:00:00,213.82605,45721.58
2026-07-04 13:00:00,213.14673,45431.527
2026-07-04 14:00:00,214.74544,46115.6
2026-07-04 15:00:00,213.95024,45774.707
2026-07-04 16:00:00,214.13695,45854.633
2026-07-04 17:00:00,213.9584,45778.2
2026-07-04 18:00:00,213.60234,45625.96
2026-07-04 19:00:00,213.31331,45502.566
2026-07-04 20:00:00,213.43715,45555.418
2026-07-04 21:00:00,213.6897,45663.285
2026-07-04 22:00:00,209.72507,43984.605
2026-07-04 23:00:00,204.954,42006.14
2026-07-05 00:00:00,196.46126,38597.027
2026-07-05 01:00:00,193.52596,37452.297
2026-07-05 02:00:00,191.38605,36628.617
2026-07-05 03:00:00,189.03879,35735.664
2026-07-05 04:00:00,187.72966,35242.426
2026-07-05 05:00:00,187.04056,34984.17
2026-07-05 06:00:00,181.73679,33028.258
2026-07-05 07:00:00,179.69322,32289.654
2026-07-05 08:00:00,184.6332,34089.418
2026-07-05 09:00:00,190.30136,36214.61
2026-07-05 10:00:00,195.04381,38042.086
2026-07-05 11:00:00,198.00517,39206.047
2026-07-05 12:00:00,200.38562,40154.4
2026-07-05 13:00:00,201.26993,40509.582
2026-07-05 14:00:00,203.08936,41245.285
2026-07-05 15:00:00,205.70454,42314.36
2026-07-05 16:00:00,202.35036,40945.668
2026-07-05 17:00:00,202.04034,40820.3
2026-07-05 18:00:00,205.64494,42289.844
2026-07-05 19:00:00,207.84682,43200.3
2026-07-05 20:00:00,209.93279,44071.773
2026-07-05 21:00:00,208.48402,43465.59
2026-07-05 22:00:00,205.25887,42131.203
2026-07-05 23:00:00,198.19376,39280.766
2026-07-06 00:00:00,208.8144,43603.457
2026-07-06 01:00:00,201.43916,40577.74
2026-07-06 02:00:00,197.44307,38983.766
2026-07-06 03:00:00,191.91621,36831.832
2026-07-06 04:00:00,191.32541,36605.41
2026-07-06 05:00:00,189.13327,35771.395
2026-07-06 06:00:00,189.61095,35952.312
2026-07-06 07:00:00,197.29756,38926.33
2026-07-06 08:00:00,213.87822,45743.895
2026-07-06 09:00:00,221.86153,49222.535
2026-07-06 10:00:00,223.08351,49766.254
2026-07-06 11:00:00,225.05296,50648.836
2026-07-06 12:00:00,225.46245,50833.316
2026-07-06 13:00:00,227.7868,51886.83
2026-07-06 14:00:00,228.96,52422.684
2026-07-06 15:00:00,227.71298,51853.203
2026-07-06 16:00:00,226.19122,51162.47
2026-07-06 17:00:00,225.1013,50670.598
2026-07-06 18:00:00,224.1891,50260.754
2026-07-06 19:00:00,223.21404,49824.504
2026-07-06 20:00:00,224.27777,50300.52
2026-07-06 21:00:00,223.71915,50050.258
2026-07-06 22:00:00,221.0541,48864.91
2026-07-06 23:00:00,216.29382,46783.02
2026-07-07 00:00:00,214.5027,46011.41
2026-07-07 01:00:00,207.61356,43103.387
2026-07-07 02:00:00,204.10678,41659.58
2026-07-07 03:00:00,201.28041,40513.805
2026-07-07 04:00:00,199.19366,39678.117
2026-07-07 05:00:00,195.8017,38338.305
2026-07-07 06:00:00,195.83665,38351.996
2026-07-07 07:00:00,200.89897,40360.4
2026-07-07 08:00:00,218.47482,47731.25
2026-07-07 09:00:00,225.82272,50995.902
2026-07-07 10:00:00,227.38106,51702.145
2026-07-07 11:00:00,229.03299,52456.11
2026-07-07 12:00:00,229.46051,52652.125
2026-07-07 13:00:00,231.33272,53514.83
2026-07-07 14:00:00,231.91898,53786.41
2026-07-07 15:00:00,230.87196,53301.863
2026-07-07 16:00:00,230.17537,52980.7
2026-07-07 17:00:00,228.46835,52197.79
2026-07-07 18:00:00,227.19633,51618.176
2026-07-07 19:00:00,227.13283,51589.32
2026-07-07 20:00:00,227.94115,51957.168
2026-07-07 21:00:00,227.83551,51909.02
2026-07-07 22:00:00,225.72464,50951.613
2026-07-07 23:00:00,220.51266,48625.836
2026-07-08 00:00:00,215.91963,46621.29
2026-07-08 01:00:00,210.037,44115.543
2026-07-08 02:00:00,207.00227,42849.94
2026-07-08 03:00:00,202.78752,41122.777
2026-07-08 04:00:00,201.29468,40519.547
2026-07-08 05:00:00,198.77098,39509.902
2026-07-08 06:00:00,197.4851,39000.367
2026-07-08 07:00:00,201.69853,40682.297
2026-07-08 08:00:00,219.5183,48188.28
2026-07-08 09:00:00,226.41333,51262.996
2026-07-08 10:00:00,228.05669,52009.85
2026-07-08 11:00:00,229.78583,52801.527
2026-07-08 12:00:00,230.23645,53008.824
2026-07-08 13:00:00,231.66667,53669.445
2026-07-08 14:00:00,232.37122,53996.383
2026-07-08 15:00:00,232.46497,54039.96
2026-07-08 16:00:00,232.1757,53905.56
2026-07-08 17:00:00,231.74312,53704.87
2026-07-08 18:00:00,229.68123,52753.465
2026-07-08 19:00:00,229.03133,52455.348
2026-07-08 20:00:00,229.29019,52573.992
2026-07-08 21:00:00,228.5168,52219.93
2026-07-08 22:00:00,226.85823,51464.656
2026-07-08 23:00:00,220.876,48786.21
2026-07-09 00:00:00,217.83644,47452.715
2026-07-09 01:00:00,210.73257,44408.22
2026-07-09 02:00:00,208.62027,43522.418
2026-07-09 03:00:00,204.9931,42022.17
2026-07-09 04:00:00,202.28087,40917.55
2026-07-09 05:00:00,199.14905,39660.344
2026-07-09 06:00:00,197.3928,38963.92
2026-07-09 07:00:00,203.09538,41247.734
2026-07-09 08:00:00,221.9385,49256.7
2026-07-09 09:00:00,228.30235,52121.965
2026-07-09 10:00:00,229.53105,52684.504
2026-07-09 11:00:00,231.69217,53681.26
2026-07-09 12:00:00,232.212,53922.414
2026-07-09 13:00:00,233.49962,54522.07
2026-07-09 14:00:00,233.47684,54511.434
2026-07-09 15:00:00,233.45995,54503.547
2026-07-09 16:00:00,233.27722,54418.26
2026-07-09 17:00:00,231.82193,53741.406
2026-07-09 18:00:00,231.02818,53374.02
2026-07-09 19:00:00,231.158,53434.023
2026-07-09 20:00:00,231.22891,53466.81
2026-07-09 21:00:00,231.27425,53487.777
2026-07-09 22:00:00,228.93147,52409.62
2026-07-09 23:00:00,222.68193,49587.242
2026-07-10 00:00:00,218.50616,47744.945
2026-07-10 01:00:00,211.48672,44726.637
2026-07-10 02:00:00,209.34451,43825.125
2026-07-10 03:00:00,205.60483,42273.344
2026-07-10 04:00:00,203.79504,41532.42
2026-07-10 05:00:00,200.74153,40297.164
2026-07-10 06:00:00,199.41321,39765.63
2026-07-10 07:00:00,205.71092,42316.984
2026-07-10 08:00:00,220.9972,48839.758
2026-07-10 09:00:00,227.87524,51927.125
2026-07-10 10:00:00,229.31207,52584.027
2026-07-10 11:00:00,230.69173,53218.67
2026-07-10 12:00:00,229.72212,52772.254
2026-07-10 13:00:00,230.69511,53220.234
2026-07-10 14:00:00,232.35197,53987.44
2026-07-10 15:00:00,232.55333,54081.05
2026-07-10 16:00:00,232.42319,54020.54
2026-07-10 17:00:00,231.83855,53749.113
2026-07-10 18:00:00,230.89069,53310.508
2026-07-10 19:00:00,229.99158,52896.125
2026-07-10 20:00:00,231.20872,53457.473
2026-07-10 21:00:00,229.64468,52736.68
2026-07-10 22:00:00,228.05234,52007.867
2026-07-10 23:00:00,222.18709,49367.1
2026-07-11 00:00:00,214.6894,46091.543
2026-07-11 01:00:00,208.2267,43358.36
2026-07-11 02:00:00,204.76797,41929.92
2026-07-11 03:00:00,201.69586,40681.22
2026-07-11 04:00:00,200.12639,40050.57
2026-07-11 05:00:00,197.56519,39032.004
2026-07-11 06:00:00,196.77603,38720.805
2026-07-11 07:00:00,199.56218,39825.062
2026-07-11 08:00:00,210.71252,44399.77
2026-07-11 09:00:00,217.75436,47416.965
2026-07-11 10:00:00,221.66818,49136.78
2026-07-11 11:00:00,225.78302,50977.973
2026-07-11 12:00:00,225.5126,50855.934
2026-07-11 13:00:00,227.22081,51629.297
2026-07-11 14:00:00,227.96753,51969.195
2026-07-11 15:00:00,227.51068,51761.11
2026-07-11 16:00:00,227.5727,51789.332
2026-07-11 17:00:00,226.8533,51462.42
2026-07-11 18:00:00,225.72237,50950.586
2026-07-11 19:00:00,225.6304,50909.08
2026-07-11 20:00:00,225.4629,50833.523
2026-07-11 21:00:00,224.63179,50459.44
2026-07-11 22:00:00,218.98509,47954.47
2026-07-11 23:00:00,214.72371,46106.27
2026-07-12 00:00:00,211.51524,44738.7
2026-07-12 01:00:00,204.9877,42019.957
2026-07-12 02:00:00,201.08966,40437.05
2026-07-12 03:00:00,198.53163,39414.81
2026-07-12 04:00:00,195.55884,38243.258
2026-07-12 05:00:00,193.52222,37450.848
2026-07-12 06:00:00,190.53455,36303.414
2026-07-12 07:00:00,188.56201,35555.633
2026-07-12 08:00:00,195.48492,38214.355
2026-07-12 09:00:00,200.06105,40024.426
2026-07-12 10:00:00,206.76843,42753.184
2026-07-12 11:00:00,209.72414,43984.215
2026-07-12 12:00:00,211.03772,44536.918
2026-07-12 13:00:00,213.0823,45404.07
2026-07-12 14:00:00,213.19408,45451.715
2026-07-12 15:00:00,213.29921,45496.555
2026-07-12 16:00:00,213.43697,45555.34
2026-07-12 17:00:00,215.70088,46526.87
2026-07-12 18:00:00,218.16924,47597.816
2026-07-12 19:00:00,219.39081,48132.33
2026-07-12 20:00:00,220.68465,48701.715
2026-07-12 21:00:00,218.4861,47736.176
2026-07-12 22:00:00,216.3999,46828.918
2026-07-12 23:00:00,211.64969,44795.59
2026-07-13 00:00:00,213.87468,45742.38
2026-07-13 01:00:00,207.15115,42911.6
2026-07-13 02:00:00,204.5481,41839.92
2026-07-13 03:00:00,200.2884,40115.445
2026-07-13 04:00:00,197.0807,38840.805
2026-07-13 05:00:00,195.49434,38218.035
2026-07-13 06:00:00,194.43265,37804.055
2026-07-13 07:00:00,201.35675,40544.54
2026-07-13 08:00:00,217.60953,47353.906
2026-07-13 09:00:00,227.14116,51593.105
2026-07-13 10:00:00,230.05447,52925.062
2026-07-13 11:00:00,233.0579,54315.99
2026-07-13 12:00:00,232.71553,54156.52
2026-07-13 13:00:00,234.58055,55028.035
2026-07-13 14:00:00,234.56502,55020.746
2026-07-13 15:00:00,234.45908,54971.06
2026-07-13 16:00:00,234.1626,54832.12
2026-07-13 17:00:00,233.43791,54493.258
2026-07-13 18:00:00,232.64934,54125.715
2026-07-13 19:00:00,232.00443,53826.055
2026-07-13 20:00:00,232.58682,54096.63
2026-07-13 21:00:00,231.30327,53501.203
2026-07-13 22:00:00,228.93231,52410.004
2026-07-13 23:00:00,223.837,50103.004
2026-07-14 00:00:00,217.04524,47108.637
2026-07-14 01:00:00,209.75462,43997.004
2026-07-14 02:00:00,205.49034,42226.28
2026-07-14 03:00:00,203.56392,41438.27
2026-07-14 04:00:00,201.14798,40460.508
2026-07-14 05:00:00,197.75122,39105.547
2026-07-14 06:00:00,195.87157,38365.67
2026-07-14 07:00:00,202.3714,40954.184
2026-07-14 08:00:00,219.2272,48060.566
2026-07-14 09:00:00,226.85577,51463.543
2026-07-14 10:00:00,228.82564,52361.17
2026-07-14 11:00:00,231.07529,53395.79
2026-07-14 12:00:00,231.67096,53671.434
2026-07-14 13:00:00,232.69218,54145.652
2026-07-14 14:00:00,232.86322,54225.28
2026-07-14 15:00:00,233.24532,54403.38
2026-07-14 16:00:00,233.19252,54378.75
2026-07-14 17:00:00,231.69052,53680.496
2026-07-14 18:00:00,230.71635,53230.035
2026-07-14 19:00:00,230.31749,53046.145
2026-07-14 20:00:00,229.89963,52853.84
2026-07-14 21:00:00,229.24387,52552.75
2026-07-14 22:00:00,225.90445,51032.82
2026-07-14 23:00:00,221.09793,48884.297
2026-07-15 00:00:00,211.02129,44529.984
2026-07-15 01:00:00,202.16959,40872.543
2026-07-15 02:00:00,201.74348,40700.434
2026-07-15 03:00:00,200.5661,40226.76
2026-07-15 04:00:00,197.0795,38840.33
2026-07-15 05:00:00,193.70676,37522.31
2026-07-15 06:00:00,190.20818,36179.15
2026-07-15 07:00:00,196.7484,38709.934
2026-07-15 08:00:00,207.98369,43257.215
2026-07-15 09:00:00,216.80792,47005.676
2026-07-15 10:00:00,219.14148,48022.99
2026-07-15 11:00:00,220.48058,48611.684
2026-07-15 12:00:00,221.09714,48883.945
2026-07-15 13:00:00,222.47507,49495.156
2026-07-15 14:00:00,222.04091,49302.164
2026-07-15 15:00:00,221.93349,49254.473
2026-07-15 16:00:00,221.15962,48911.58
2026-07-15 17:00:00,220.04979,48421.91
2026-07-15 18:00:00,218.73526,47845.113
2026-07-15 19:00:00,217.56659,47335.223
2026-07-15 20:00:00,216.57396,46904.28
2026-07-15 21:00:00,216.37013,46816.035
2026-07-15 22:00:00,213.04317,45387.39
2026-07-15 23:00:00,213.31577,45503.617
2026-07-16 00:00:00,213.89151,45749.58
2026-07-16 01:00:00,206.42087,42609.574
2026-07-16 02:00:00,204.53616,41835.043
2026-07-16 03:00:00,202.02379,40813.61
2026-07-16 04:00:00,199.79509,39918.08
2026-07-16 05:00:00,197.0753,38838.676
2026-07-16 06:00:00,195.48433,38214.12
2026-07-16 07:00:00,203.2084,41293.656
2026-07-16 08:00:00,219.55298,48203.51
2026-07-16 09:00:00,226.24268,51185.75
2026-07-16 10:00:00,227.58926,51796.875
2026-07-16 11:00:00,228.62123,52267.668
2026-07-16 12:00:00,228.90488,52397.44
2026-07-16 13:00:00,228.55118,52235.64
2026-07-16 14:00:00,228.70306,52305.09
2026-07-16 15:00:00,229.35994,52605.98
2026-07-16 16:00:00,229.68353,52754.523
2026-07-16 17:00:00,228.0941,52026.918
2026-07-16 18:00:00,224.85779,50561.023
2026-07-16 19:00:00,224.79878,50534.492
2026-07-16 20:00:00,225.84866,51007.617
2026-07-16 21:00:00,225.01328,50630.973
2026-07-16 22:00:00,220.94333,48815.953
2026-07-16 23:00:00,217.0173,47096.51
2026-07-17 00:00:00,219.28421,48085.566
2026-07-17 01:00:00,212.9129,45331.902
2026-07-17 02:00:00,210.75722,44418.605
2026-07-17 03:00:00,205.72797,42323.996
2026-07-17 04:00:00,203.84956,41554.645
2026-07-17 05:00:00,201.78531,40717.312
2026-07-17 06:00:00,200.4903,40196.36
2026-07-17 07:00:00,207.15907,42914.883
2026-07-17 08:00:00,223.46387,49936.1
2026-07-17 09:00:00,230.35376,53062.855
2026-07-17 10:00:00,231.43776,53563.438
2026-07-17 11:00:00,232.9725,54276.188
2026-07-17 12:00:00,232.67615,54138.19
2026-07-17 13:00:00,233.61784,54577.297
2026-07-17 14:00:00,235.02031,55234.547
2026-07-17 15:00:00,235.44226,55433.06
2026-07-17 16:00:00,235.53874,55478.5
2026-07-17 17:00:00,234.22514,54861.418
2026-07-17 18:00:00,231.88582,53771.03
2026-07-17 19:00:00,231.30473,53501.88
2026-07-17 20:00:00,231.5281,53605.266
2026-07-17 21:00:00,230.27693,53027.465
2026-07-17 22:00:00,228.93161,52409.684
2026-07-17 23:00:00,223.06871,49759.65
2026-07-18 00:00:00,216.48955,46867.723
2026-07-18 01:00:00,209.55135,43911.766
2026-07-18 02:00:00,206.22174,42527.406
2026-07-18 03:00:00,205.449,42209.293
2026-07-18 04:00:00,202.29909,40924.92
2026-07-18 05:00:00,199.43718,39775.188
2026-07-18 06:00:00,198.47414,39391.984
2026-07-18 07:00:00,202.27733,40916.117
2026-07-18 08:00:00,212.53561,45171.387
2026-07-18 09:00:00,219.0787,47995.48
2026-07-18 10:00:00,222.79988,49639.785
2026-07-18 11:00:00,227.20319,51621.29
2026-07-18 12:00:00,226.99059,51524.727
2026-07-18 13:00:00,228.79387,52346.633
2026-07-18 14:00:00,229.63264,52731.152
2026-07-18 15:00:00,228.53311,52227.383
2026-07-18 16:00:00,227.40877,51714.746
2026-07-18 17:00:00,227.02306,51539.47
2026-07-18 18:00:00,225.37042,50791.83
2026-07-18 19:00:00,225.01865,50633.39
2026-07-18 20:00:00,226.06279,51104.387
2026-07-18 21:00:00,225.92271,51041.074
2026-07-18 22:00:00,220.15025,48466.133
2026-07-18 23:00:00,217.32239,47229.02
2026-07-19 00:00:00,212.06386,44971.08
2026-07-19 01:00:00,206.11607,42483.836
2026-07-19 02:00:00,202.37119,40954.098
2026-07-19 03:00:00,199.4312,39772.805
2026-07-19 04:00:00,196.6719,38679.84
2026-07-19 05:00:00,194.04962,37655.254
2026-07-19 06:00:00,191.36905,36622.113
2026-07-19 07:00:00,189.88553,36056.516
2026-07-19 08:00:00,195.66304,38284.023
2026-07-19 09:00:00,200.0479,40019.16
2026-07-19 10:00:00,206.48546,42636.246
2026-07-19 11:00:00,210.89563,44476.965
2026-07-19 12:00:00,211.75581,44840.523
2026-07-19 13:00:00,213.84407,45729.285
2026-07-19 14:00:00,214.20448,45883.562
2026-07-19 15:00:00,214.62602,46064.33
2026-07-19 16:00:00,214.4559,45991.332
2026-07-19 17:00:00,215.89864,46612.223
2026-07-19 18:00:00,218.77597,47862.926
2026-07-19 19:00:00,218.85263,47896.473
2026-07-19 20:00:00,219.65726,48249.312
2026-07-19 21:00:00,218.12242,47577.39
2026-07-19 22:00:00,216.23793,46758.844
2026-07-19 23:00:00,210.01735,44107.285
2026-07-20 00:00:00,212.34883,45092.027
2026-07-20 01:00:00,206.42279,42610.367
2026-07-20 02:00:00,204.19719,41696.492
2026-07-20 03:00:00,199.98491,39993.965
2026-07-20 04:00:00,197.29665,38925.965
2026-07-20 05:00:00,195.67845,38290.055
2026-07-20 06:00:00,195.10262,38065.03
2026-07-20 07:00:00,201.66136,40667.305
2026-07-20 08:00:00,218.71649,47836.902
2026-07-20 09:00:00,228.38667,52160.473
2026-07-20 10:00:00,231.30246,53500.83
2026-07-20 11:00:00,234.40834,54947.27
2026-07-20 12:00:00,233.40569,54478.215
2026-07-20 13:00:00,235.3316,55380.965
2026-07-20 14:00:00,235.18024,55309.742
2026-07-20 15:00:00,235.3261,55378.37
2026-07-20 16:00:00,235.51132,55465.582
2026-07-20 17:00:00,234.64748,55059.438
2026-07-20 18:00:00,231.66522,53668.773
2026-07-20 19:00:00,232.06458,53853.97
2026-07-20 20:00:00,231.69891,53684.387
2026-07-20 21:00:00,230.73236,53237.42
2026-07-20 22:00:00,228.3451,52141.48
2026-07-20 23:00:00,222.15671,49353.6
2026-07-21 00:00:00,218.62613,47797.383
2026-07-21 01:00:00,212.50592,45158.766
2026-07-21 02:00:00,209.09097,43719.035
2026-07-21 03:00:00,206.77022,42753.92
2026-07-21 04:00:00,204.33743,41753.785
2026-07-21 05:00:00,201.56277,40627.55
2026-07-21 06:00:00,200.56073,40224.605
2026-07-21 07:00:00,206.32513,42570.062
2026-07-21 08:00:00,223.96957,50162.37
2026-07-21 09:00:00,231.18118,53444.74
2026-07-21 10:00:00,232.95258,54266.902
2026-07-21 11:00:00,235.62866,55520.867
2026-07-21 12:00:00,236.15533,55769.344
2026-07-21 13:00:00,237.3898,56353.918
2026-07-21 14:00:00,237.75302,56526.5
2026-07-21 15:00:00,238.04903,56667.34
2026-07-21 16:00:00,237.32307,56322.242
2026-07-21 17:00:00,236.37012,55870.832
2026-07-21 18:00:00,233.23688,54399.44
2026-07-21 19:00:00,232.86966,54228.277
2026-07-21 20:00:00,233.59528,54566.754
2026-07-21 21:00:00,233.18259,54374.117
2026-07-21 22:00:00,229.96735,52884.98
2026-07-21 23:00:00,224.35332,50334.41
2026-07-22 00:00:00,221.19572,48927.547
2026-07-22 01:00:00,214.80733,46142.188
2026-07-22 02:00:00,212.20074,45029.156
2026-07-22 03:00:00,209.73811,43990.08
2026-07-22 04:00:00,207.18686,42926.395
2026-07-22 05:00:00,204.82793,41954.48
2026-07-22 06:00:00,202.96721,41195.688
2026-07-22 07:00:00,209.12364,43732.7
2026-07-22 08:00:00,224.8353,50550.91
2026-07-22 09:00:00,232.11389,53876.86
2026-07-22 10:00:00,233.87958,54699.656
2026-07-22 11:00:00,236.68544,56019.996
2026-07-22 12:00:00,237.17458,56251.78
2026-07-22 13:00:00,238.61288,56936.11
2026-07-22 14:00:00,239.00957,57125.574
2026-07-22 15:00:00,239.36044,57293.42
2026-07-22 16:00:00,238.89655,57071.56
2026-07-22 17:00:00,238.0536,56669.52
2026-07-22 18:00:00,235.25983,55347.188
2026-07-22 19:00:00,235.06699,55256.49
2026-07-22 20:00:00,234.42691,54955.977
2026-07-22 21:00:00,233.77779,54652.055
2026-07-22 22:00:00,230.96526,53344.95
2026-07-22 23:00:00,226.57515,51336.297
2026-07-23 00:00:00,223.85489,50111.01
2026-07-23 01:00:00,216.7458,46978.742
2026-07-23 02:00:00,213.52576,45593.25
2026-07-23 03:00:00,210.3683,44254.82
2026-07-23 04:00:00,208.60902,43517.727
2026-07-23 05:00:00,205.82423,42363.617
2026-07-23 06:00:00,203.29167,41327.504
2026-07-23 07:00:00,209.6566,43955.89
2026-07-23 08:00:00,226.04976,51098.492
2026-07-23 09:00:00,232.58606,54096.273
2026-07-23 10:00:00,233.85692,54689.06
2026-07-23 11:00:00,237.17754,56253.184
2026-07-23 12:00:00,237.67343,56488.66
2026-07-23 13:00:00,239.38455,57304.965
2026-07-23 14:00:00,239.83968,57523.07
2026-07-23 15:00:00,240.03682,57617.676
2026-07-23 16:00:00,240.06192,57629.727
2026-07-23 17:00:00,239.4934,57357.086
2026-07-23 18:00:00,236.66278,56009.273
2026-07-23 19:00:00,235.80115,55602.18
2026-07-23 20:00:00,236.50038,55932.43
2026-07-23 21:00:00,236.30042,55837.887
2026-07-23 22:00:00,233.97064,54742.26
2026-07-23 23:00:00,228.8546,52374.426
2026-07-24 00:00:00,224.15163,50243.953
2026-07-24 01:00:00,217.52565,47317.41
2026-07-24 02:00:00,214.32384,45934.707
2026-07-24 03:00:00,211.61902,44782.61
2026-07-24 04:00:00,209.543,43908.27
2026-07-24 05:00:00,207.08911,42885.9
2026-07-24 06:00:00,205.0537,42047.02
2026-07-24 07:00:00,211.50748,44735.414
2026-07-24 08:00:00,226.04257,51095.246
2026-07-24 09:00:00,233.21313,54388.367
2026-07-24 10:00:00,234.53479,55006.566
2026-07-24 11:00:00,237.98161,56635.25
2026-07-24 12:00:00,237.7166,56509.18
2026-07-24 13:00:00,238.74602,56999.66
2026-07-24 14:00:00,240.46605,57823.92
2026-07-24 15:00:00,240.78508,57977.453
2026-07-24 16:00:00,240.88171,58024.0
2026-07-24 17:00:00,240.1997,57695.9
2026-07-24 18:00:00,237.32936,56325.227
2026-07-24 19:00:00,236.85367,56099.66
2026-07-24 20:00:00,236.94624,56143.523
2026-07-24 21:00:00,235.70584,55557.242
2026-07-24 22:00:00,234.04668,54777.848
2026-07-24 23:00:00,228.63074,52272.016
2026-07-25 00:00:00,222.08368,49321.16
2026-07-25 01:00:00,215.27016,46341.242
2026-07-25 02:00:00,211.32196,44656.973
2026-07-25 03:00:00,209.42166,43857.434
2026-07-25 04:00:00,206.8244,42776.332
2026-07-25 05:00:00,204.01688,41622.887
2026-07-25 06:00:00,202.43935,40981.688
2026-07-25 07:00:00,205.3157,42154.54
2026-07-25 08:00:00,215.84834,46590.508
2026-07-25 09:00:00,222.73578,49611.227
2026-07-25 10:00:00,226.691,51388.81
2026-07-25 11:00:00,232.00371,53825.72
2026-07-25 12:00:00,231.97093,53810.51
2026-07-25 13:00:00,234.24431,54870.395
2026-07-25 14:00:00,234.49892,54989.742
2026-07-25 15:00:00,234.08015,54793.52
2026-07-25 16:00:00,234.14166,54822.316
2026-07-25 17:00:00,233.90126,54709.8
2026-07-25 18:00:00,232.0006,53824.277
2026-07-25 19:00:00,230.77515,53257.168
2026-07-25 20:00:00,231.31024,53504.43
2026-07-25 21:00:00,231.17737,53442.977
2026-07-25 22:00:00,225.25967,50741.92
2026-07-25 23:00:00,222.55965,49532.797
2026-07-26 00:00:00,216.553,46895.2
2026-07-26 01:00:00,210.33076,44239.03
2026-07-26 02:00:00,206.7656,42752.01
2026-07-26 03:00:00,205.5025,42231.277
2026-07-26 04:00:00,201.41139,40566.55
2026-07-26 05:00:00,199.51312,39805.484
2026-07-26 06:00:00,196.53339,38625.37
2026-07-26 07:00:00,195.92085,38384.98
2026-07-26 08:00:00,200.15674,40062.72
2026-07-26 09:00:00,206.35893,42584.008
2026-07-26 10:00:00,212.00821,44947.48
2026-07-26 11:00:00,216.07133,46686.82
2026-07-26 12:00:00,217.16765,47161.79
2026-07-26 13:00:00,219.65675,48249.09
2026-07-26 14:00:00,220.18968,48483.496
2026-07-26 15:00:00,220.16951,48474.613
2026-07-26 16:00:00,219.95728,48381.203
2026-07-26 17:00:00,221.95201,49262.695
2026-07-26 18:00:00,222.16518,49357.367
2026-07-26 19:00:00,223.13306,49788.36
2026-07-26 20:00:00,224.44133,50373.91
2026-07-26 21:00:00,222.97827,49719.31
2026-07-26 22:00:00,220.69609,48706.766
2026-07-26 23:00:00,216.56616,46900.902
2026-07-27 00:00:00,216.2386,46759.133
2026-07-27 01:00:00,210.37805,44258.926
2026-07-27 02:00:00,208.53432,43486.562
2026-07-27 03:00:00,204.5252,41830.56
2026-07-27 04:00:00,202.57259,41035.652
2026-07-27 05:00:00,200.14333,40057.35
2026-07-27 06:00:00,199.50801,39803.445
2026-07-27 07:00:00,205.88788,42389.82
2026-07-27 08:00:00,222.19908,49372.434
2026-07-27 09:00:00,232.64137,54122.008
2026-07-27 10:00:00,234.99089,55220.72
2026-07-27 11:00:00,238.40816,56838.45
2026-07-27 12:00:00,238.41199,56840.277
2026-07-27 13:00:00,240.68333,57928.47
2026-07-27 14:00:00,241.08633,58122.62
2026-07-27 15:00:00,240.6791,57926.426
2026-07-27 16:00:00,240.41841,57801.01
2026-07-27 17:00:00,237.93658,56613.816
2026-07-27 18:00:00,236.00156,55696.734
2026-07-27 19:00:00,235.84947,55624.973
2026-07-27 20:00:00,237.21819,56272.47
2026-07-27 21:00:00,234.29051,54892.043
2026-07-27 22:00:00,231.9621,53806.414
2026-07-27 23:00:00,226.82405,51449.15
2026-07-28 00:00:00,223.24217,49837.066
2026-07-28 01:00:00,216.5226,46882.035
2026-07-28 02:00:00,212.9648,45354.004
2026-07-28 03:00:00,211.44113,44707.35
2026-07-28 04:00:00,208.79132,43593.816
2026-07-28 05:00:00,204.75203,41923.395
2026-07-28 06:00:00,203.64261,41470.312
2026-07-28 07:00:00,209.57787,43922.883
2026-07-28 08:00:00,225.3499,50782.58
2026-07-28 09:00:00,233.12592,54347.69
2026-07-28 10:00:00,234.90567,55180.676
2026-07-28 11:00:00,238.377,56823.594
2026-07-28 12:00:00,238.70999,56982.46
2026-07-28 13:00:00,240.34175,57764.156
2026-07-28 14:00:00,240.81151,57990.184
2026-07-28 15:00:00,241.16237,58159.29
2026-07-28 16:00:00,241.18652,58170.938
2026-07-28 17:00:00,239.81932,57513.305
2026-07-28 18:00:00,237.50658,56409.375
2026-07-28 19:00:00,236.49629,55930.496
2026-07-28 20:00:00,237.3384,56329.51
2026-07-28 21:00:00,237.05486,56195.004
2026-07-28 22:00:00,234.57916,55027.383
2026-07-28 23:00:00,229.48155,52661.78
2026-07-29 00:00:00,223.64255,50015.99
2026-07-29 01:00:00,217.1863,47169.887
2026-07-29 02:00:00,212.32773,45083.062
2026-07-29 03:00:00,210.4771,44300.61
2026-07-29 04:00:00,209.37878,43839.477
2026-07-29 05:00:00,206.94418,42825.895
2026-07-29 06:00:00,205.11665,42072.84
2026-07-29 07:00:00,211.2435,44623.816
2026-07-29 08:00:00,225.54884,50872.28
2026-07-29 09:00:00,232.90833,54246.29
2026-07-29 10:00:00,234.90916,55182.316
2026-07-29 11:00:00,238.24933,56762.742
2026-07-29 12:00:00,238.57326,56917.2
2026-07-29 13:00:00,240.20058,57696.316
2026-07-29 14:00:00,240.85994,58013.51
2026-07-29 15:00:00,241.31287,58231.9
2026-07-29 16:00:00,241.30165,58226.49
2026-07-29 17:00:00,240.6431,57909.1
2026-07-29 18:00:00,237.59138,56449.668
2026-07-29 19:00:00,235.99428,55693.3
2026-07-29 20:00:00,237.75592,56527.88
2026-07-29 21:00:00,236.95729,56148.758
2026-07-29 22:00:00,234.0266,54768.45
2026-07-29 23:00:00,228.79514,52347.215
2026-07-30 00:00:00,221.7215,49160.42
2026-07-30 01:00:00,215.98288,46648.605
2026-07-30 02:00:00,212.41953,45122.055
2026-07-30 03:00:00,209.03966,43697.58
2026-07-30 04:00:00,207.01967,42857.145
2026-07-30 05:00:00,205.103,42067.24
2026-07-30 06:00:00,204.67711,41892.72
2026-07-30 07:00:00,210.63834,44368.508
2026-07-30 08:00:00,226.19354,51163.52
2026-07-30 09:00:00,233.07156,54322.355
2026-07-30 10:00:00,234.58356,55029.445
2026-07-30 11:00:00,237.84355,56569.555
2026-07-30 12:00:00,238.23665,56756.7
2026-07-30 13:00:00,239.39275,57308.887
2026-07-30 14:00:00,239.77556,57492.32
2026-07-30 15:00:00,240.21315,57702.36
2026-07-30 16:00:00,239.87762,57541.273
2026-07-30 17:00:00,237.52242,56416.9
2026-07-30 18:00:00,235.53323,55475.902
2026-07-30 19:00:00,235.26352,55348.92
2026-07-30 20:00:00,236.28865,55832.33
2026-07-30 21:00:00,236.10976,55747.816
2026-07-30 22:00:00,233.4394,54493.957
2026-07-30 23:00:00,226.84372,51458.074
2026-07-31 00:00:00,221.73387,49165.91
2026-07-31 01:00:00,214.24986,45903.004
2026-07-31 02:00:00,211.85918,44884.312
2026-07-31 03:00:00,208.86194,43623.31
2026-07-31 04:00:00,207.02614,42859.82
2026-07-31 05:00:00,204.23744,41712.934
2026-07-31 06:00:00,202.72986,41099.395
2026-07-31 07:00:00,209.58855,43927.36
2026-07-31 08:00:00,224.69334,50487.098
2026-07-31 09:00:00,231.8103,53736.016
2026-07-31 10:00:00,233.72003,54625.055
2026-07-31 11:00:00,236.15392,55768.67
2026-07-31 12:00:00,233.7791,54652.668
2026-07-31 13:00:00,234.84204,55150.785
2026-07-31 14:00:00,236.48898,55927.04
2026-07-31 15:00:00,236.85722,56101.344
2026-07-31 16:00:00,237.02054,56178.734
2026-07-31 17:00:00,235.70241,55555.625
2026-07-31 18:00:00,233.17395,54370.09
2026-07-31 19:00:00,232.84123,54215.04
2026-07-31 20:00:00,232.9412,54261.598
2026-07-31 21:00:00,231.6468,53660.242
2026-07-31 22:00:00,229.60191,52717.04
2026-07-31 23:00:00,224.21445,50272.117
2026-08-01 00:00:00,216.76912,46988.85
2026-08-01 01:00:00,210.60204,44353.22
2026-08-01 02:00:00,206.74857,42744.97
2026-08-01 03:00:00,205.27757,42138.883
2026-08-01 04:00:00,202.63263,41059.984
2026-08-01 05:00:00,200.19833,40079.37
2026-08-01 06:00:00,198.96303,39586.285
2026-08-01 07:00:00,201.59279,40639.652
2026-08-01 08:00:00,212.45334,45136.42
2026-08-01 09:00:00,218.8063,47876.2
2026-08-01 10:00:00,222.57169,49538.156
2026-08-01 11:00:00,227.01346,51535.11
2026-08-01 12:00:00,225.13855,50687.367
2026-08-01 13:00:00,226.12167,51131.01
2026-08-01 14:00:00,227.95464,51963.316
2026-08-01 15:00:00,226.87706,51473.2
2026-08-01 16:00:00,226.46176,51284.93
2026-08-01 17:00:00,226.08276,51113.418
2026-08-01 18:00:00,225.42618,50816.96
2026-08-01 19:00:00,225.54985,50872.734
2026-08-01 20:00:00,226.29411,51209.027
2026-08-01 21:00:00,225.54955,50872.598
2026-08-01 22:00:00,219.92255,48365.926
2026-08-01 23:00:00,217.19252,47172.59
2026-08-02 00:00:00,211.54262,44750.277
2026-08-02 01:00:00,205.58688,42265.965
2026-08-02 02:00:00,202.09544,40842.57
2026-08-02 03:00:00,200.12103,40048.43
2026-08-02 04:00:00,196.08511,38449.37
2026-08-02 05:00:00,194.52914,37841.59
2026-08-02 06:00:00,192.08867,36898.06
2026-08-02 07:00:00,189.96785,36087.785
2026-08-02 08:00:00,194.7723,37936.246
2026-08-02 09:00:00,199.70868,39883.555
2026-08-02 10:00:00,206.07683,42467.66
2026-08-02 11:00:00,209.20049,43764.844
2026-08-02 12:00:00,209.06543,43708.355
2026-08-02 13:00:00,212.14725,45006.453
2026-08-02 14:00:00,212.79686,45282.504
2026-08-02 15:00:00,212.90639,45329.13
2026-08-02 16:00:00,213.15265,45434.05
2026-08-02 17:00:00,214.70184,46096.883
2026-08-02 18:00:00,217.8965,47478.883
2026-08-02 19:00:00,218.90942,47921.336
2026-08-02 20:00:00,219.42255,48146.254
2026-08-02 21:00:00,218.13976,47584.953
2026-08-02 22:00:00,215.95653,46637.223
2026-08-02 23:00:00,211.47885,44723.305
2026-08-03 00:00:00,211.44218,44707.797
2026-08-03 01:00:00,205.38734,42183.96
2026-08-03 02:00:00,202.74283,41104.656
2026-08-03 03:00:00,199.50461,39802.09
2026-08-03 04:00:00,196.74419,38708.273
2026-08-03 05:00:00,195.82361,38346.887
2026-08-03 06:00:00,196.29117,38530.223
2026-08-03 07:00:00,201.44493,40580.06
2026-08-03 08:00:00,217.24869,47196.992
2026-08-03 09:00:00,226.2669,51196.715
2026-08-03 10:00:00,229.06847,52472.363
2026-08-03 11:00:00,231.31522,53506.73
2026-08-03 12:00:00,230.67822,53212.44
2026-08-03 13:00:00,232.64085,54121.766
2026-08-03 14:00:00,234.3605,54924.848
2026-08-03 15:00:00,234.35744,54923.41
2026-08-03 16:00:00,234.2155,54856.9
2026-08-03 17:00:00,230.9016,53315.547
2026-08-03 18:00:00,230.01486,52906.836
2026-08-03 19:00:00,227.81902,51901.504
2026-08-03 20:00:00,229.48665,52664.12
2026-08-03 21:00:00,226.9638,51512.57
2026-08-03 22:00:00,223.40814,49911.2
2026-08-03 23:00:00,218.84712,47894.062
2026-08-04 00:00:00,217.6648,47377.965
2026-08-04 01:00:00,211.7923,44855.977
2026-08-04 02:00:00,207.66502,43124.76
2026-08-04 03:00:00,206.3131,42565.094
2026-08-04 04:00:00,204.16953,41685.195
2026-08-04 05:00:00,202.37517,40955.707
2026-08-04 06:00:00,200.49557,40198.477
2026-08-04 07:00:00,204.52231,41829.375
2026-08-04 08:00:00,222.31248,49422.84
2026-08-04 09:00:00,229.44196,52643.61
2026-08-04 10:00:00,232.29471,53960.832
2026-08-04 11:00:00,233.7399,54634.34
2026-08-04 12:00:00,233.82285,54673.125
2026-08-04 13:00:00,235.16187,55301.1
2026-08-04 14:00:00,235.19775,55317.984
2026-08-04 15:00:00,235.21828,55327.637
2026-08-04 16:00:00,235.45775,55440.35
2026-08-04 17:00:00,233.35155,54452.945
2026-08-04 18:00:00,231.50616,53595.105
2026-08-04 19:00:00,230.78595,53262.156
2026-08-04 20:00:00,232.61156,54108.137
2026-08-04 21:00:00,230.95424,53339.86
2026-08-04 22:00:00,227.9359,51954.773
2026-08-04 23:00:00,221.97551,49273.125
2026-08-05 00:00:00,219.66318,48251.91
2026-08-05 01:00:00,214.01144,45800.9
2026-08-05 02:00:00,210.73245,44408.168
2026-08-05 03:00:00,208.63954,43530.457
2026-08-05 04:00:00,206.36125,42584.965
2026-08-05 05:00:00,204.51047,41824.53
2026-08-05 06:00:00,202.15935,40868.402
2026-08-05 07:00:00,207.56647,43083.84
2026-08-05 08:00:00,223.00742,49732.31
2026-08-05 09:00:00,229.34404,52598.688
2026-08-05 10:00:00,231.9469,53799.363
2026-08-05 11:00:00,233.6139,54575.457
2026-08-05 12:00:00,233.64656,54590.715
2026-08-05 13:00:00,235.08612,55265.484
2026-08-05 14:00:00,236.59308,55976.285
2026-08-05 15:00:00,236.92624,56134.043
2026-08-05 16:00:00,236.98143,56160.2
2026-08-05 17:00:00,235.56847,55492.504
2026-08-05 18:00:00,233.70078,54616.05
2026-08-05 19:00:00,233.36153,54457.6
2026-08-05 20:00:00,235.24857,55341.887
2026-08-05 21:00:00,233.5619,54551.164
2026-08-05 22:00:00,230.58435,53169.145
2026-08-05 23:00:00,224.52296,50410.562
2026-08-06 00:00:00,221.13435,48900.402
2026-08-06 01:00:00,214.49852,46009.613
2026-08-06 02:00:00,211.57785,44765.188
2026-08-06 03:00:00,208.8039,43599.066
2026-08-06 04:00:00,206.65787,42707.473
2026-08-06 05:00:00,205.61234,42276.434
2026-08-06 06:00:00,202.39452,40963.54
2026-08-06 07:00:00,208.25737,43371.133
2026-08-06 08:00:00,224.43839,50372.59
2026-08-06 09:00:00,230.15692,52972.207
2026-08-06 10:00:00,232.62604,54114.875
2026-08-06 11:00:00,234.23221,54864.727
2026-08-06 12:00:00,233.7255,54627.605
2026-08-06 13:00:00,235.19601,55317.164
2026-08-06 14:00:00,237.86717,56580.793
2026-08-06 15:00:00,237.04892,56192.19
2026-08-06 16:00:00,237.04607,56190.836
2026-08-06 17:00:00,235.52937,55474.086
2026-08-06 18:00:00,234.90033,55178.164
2026-08-06 19:00:00,235.04395,55245.656
2026-08-06 20:00:00,237.0219,56179.38
2026-08-06 21:00:00,235.13704,55289.426
2026-08-06 22:00:00,231.13007,53421.105
2026-08-06 23:00:00,224.89801,50579.113
2026-08-07 00:00:00,218.9865,47955.086
2026-08-07 01:00:00,212.85457,45307.066
2026-08-07 02:00:00,210.79518,44434.61
2026-08-07 03:00:00,208.29512,43386.855
2026-08-07 04:00:00,206.51492,42648.414
2026-08-07 05:00:00,205.36124,42173.24
2026-08-07 06:00:00,202.44545,40984.16
2026-08-07 07:00:00,207.8863,43216.715
2026-08-07 08:00:00,223.22377,49828.85
2026-08-07 09:00:00,230.48773,53124.594
2026-08-07 10:00:00,232.85693,54222.35
2026-08-07 11:00:00,234.6633,55066.863
2026-08-07 12:00:00,232.73322,54164.75
2026-08-07 13:00:00,233.52716,54534.934
2026-08-07 14:00:00,236.12425,55754.664
2026-08-07 15:00:00,236.4644,55915.414
2026-08-07 16:00:00,236.77036,56060.2
2026-08-07 17:00:00,233.93973,54727.797
2026-08-07 18:00:00,233.04881,54311.75
2026-08-07 19:00:00,232.42119,54019.61
2026-08-07 20:00:00,233.41737,54483.67
2026-08-07 21:00:00,231.41005,53550.61
2026-08-07 22:00:00,229.21863,52541.18
2026-08-07 23:00:00,222.73114,49609.16
2026-08-08 00:00:00,218.23257,47625.457
2026-08-08 01:00:00,212.75406,45264.29
2026-08-08 02:00:00,208.61029,43518.254
2026-08-08 03:00:00,206.38799,42596.0
2026-08-08 04:00:00,204.27449,41728.066
2026-08-08 05:00:00,201.84253,40740.406
2026-08-08 06:00:00,200.06712,40026.855
2026-08-08 07:00:00,202.72012,41095.45
2026-08-08 08:00:00,212.65439,45221.89
2026-08-08 09:00:00,219.70934,48272.19
2026-08-08 10:00:00,223.14673,49794.46
2026-08-08 11:00:00,227.27876,51655.637
2026-08-08 12:00:00,226.74202,51411.945
2026-08-08 13:00:00,228.17621,52064.383
2026-08-08 14:00:00,229.26604,52562.914
2026-08-08 15:00:00,227.5935,51798.805
2026-08-08 16:00:00,227.1427,51593.805
2026-08-08 17:00:00,226.59383,51344.76
2026-08-08 18:00:00,227.1508,51597.49
2026-08-08 19:00:00,227.12662,51586.5
2026-08-08 20:00:00,228.57216,52245.23
2026-08-08 21:00:00,227.48703,51750.348
2026-08-08 22:00:00,221.45639,49042.934
2026-08-08 23:00:00,218.7236,47840.016
2026-08-09 00:00:00,214.14967,45860.082
2026-08-09 01:00:00,207.82881,43192.816
2026-08-09 02:00:00,204.17433,41687.156
2026-08-09 03:00:00,202.20349,40886.25
2026-08-09 04:00:00,198.08379,39237.188
2026-08-09 05:00:00,196.23918,38509.816
2026-08-09 06:00:00,193.16028,37310.895
2026-08-09 07:00:00,192.2984,36978.676
2026-08-09 08:00:00,196.97293,38798.336
2026-08-09 09:00:00,202.01256,40809.074
2026-08-09 10:00:00,208.97441,43670.305
2026-08-09 11:00:00,211.39665,44688.543
2026-08-09 12:00:00,212.40775,45117.05
2026-08-09 13:00:00,213.96803,45782.32
2026-08-09 14:00:00,214.84105,46156.676
2026-08-09 15:00:00,215.16876,46297.598
2026-08-09 16:00:00,215.59312,46480.395
2026-08-09 17:00:00,217.29173,47215.695
2026-08-09 18:00:00,220.40414,48577.99
2026-08-09 19:00:00,222.03891,49301.277
2026-08-09 20:00:00,223.53253,49966.793
2026-08-09 21:00:00,221.53506,49077.785
2026-08-09 22:00:00,218.352,47677.598
2026-08-09 23:00:00,213.91637,45760.21
2026-08-10 00:00:00,213.39455,45537.234
2026-08-10 01:00:00,208.18079,43339.24
2026-08-10 02:00:00,206.6876,42719.766
2026-08-10 03:00:00,203.02042,41217.29
2026-08-10 04:00:00,198.77611,39511.94
2026-08-10 05:00:00,197.33276,38940.22
2026-08-10 06:00:00,197.5637,39031.418
2026-08-10 07:00:00,203.58237,41445.78
2026-08-10 08:00:00,218.79877,47872.902
2026-08-10 09:00:00,228.46541,52196.44
2026-08-10 10:00:00,232.79675,54194.33
2026-08-10 11:00:00,235.13445,55288.207
2026-08-10 12:00:00,234.23706,54867.0
2026-08-10 13:00:00,237.2986,56310.625
2026-08-10 14:00:00,238.43915,56853.227
2026-08-10 15:00:00,238.30421,56788.9
2026-08-10 16:00:00,236.64668,56001.652
2026-08-10 17:00:00,235.14908,55295.09
2026-08-10 18:00:00,234.1456,54824.16
2026-08-10 19:00:00,233.36652,54459.93
2026-08-10 20:00:00,234.94179,55197.645
2026-08-10 21:00:00,232.17172,53903.707
2026-08-10 22:00:00,229.99104,52895.88
2026-08-10 23:00:00,224.1045,50222.832
2026-08-11 00:00:00,219.33072,48105.965
2026-08-11 01:00:00,214.23915,45898.414
2026-08-11 02:00:00,210.74136,44411.92
2026-08-11 03:00:00,208.6731,43544.46
2026-08-11 04:00:00,205.473,42219.156
2026-08-11 05:00:00,203.75027,41514.176
2026-08-11 06:00:00,202.59985,41046.7
2026-08-11 07:00:00,207.97635,43254.16
2026-08-11 08:00:00,223.31277,49868.594
2026-08-11 09:00:00,230.65694,53202.62
2026-08-11 10:00:00,233.16904,54367.8
2026-08-11 11:00:00,235.0267,55237.55
2026-08-11 12:00:00,234.72757,55097.03
2026-08-11 13:00:00,236.43582,55901.9
2026-08-11 14:00:00,236.93375,56137.6
2026-08-11 15:00:00,236.88536,56114.676
2026-08-11 16:00:00,237.07867,56206.297
2026-08-11 17:00:00,234.32404,54907.754
2026-08-11 18:00:00,233.42851,54488.87
2026-08-11 19:00:00,233.05397,54314.152
2026-08-11 20:00:00,233.57938,54559.324
2026-08-11 21:00:00,231.72685,53697.336
2026-08-11 22:00:00,229.12863,52499.93
2026-08-11 23:00:00,223.70738,50044.992
2026-08-12 00:00:00,220.64851,48685.766
2026-08-12 01:00:00,214.70293,46097.348
2026-08-12 02:00:00,211.455,44713.22
2026-08-12 03:00:00,209.46716,43876.492
2026-08-12 04:00:00,207.23955,42948.23
2026-08-12 05:00:00,205.853,42375.457
2026-08-12 06:00:00,203.98648,41610.484
2026-08-12 07:00:00,208.45828,43454.855
2026-08-12 08:00:00,223.13283,49788.258
2026-08-12 09:00:00,229.72646,52774.246
2026-08-12 10:00:00,232.46672,54040.777
2026-08-12 11:00:00,234.3786,54933.33
2026-08-12 12:00:00,233.60187,54569.832
2026-08-12 13:00:00,234.86417,55161.176
2026-08-12 14:00:00,236.53442,55948.535
2026-08-12 15:00:00,235.31728,55374.22
2026-08-12 16:00:00,235.17697,55308.207
2026-08-12 17:00:00,232.80606,54198.66
2026-08-12 18:00:00,231.29764,53498.598
2026-08-12 19:00:00,231.48279,53584.28
2026-08-12 20:00:00,233.3746,54463.707
2026-08-12 21:00:00,231.7572,53711.402
2026-08-12 22:00:00,230.06468,52929.758
2026-08-12 23:00:00,224.65395,50469.395
2026-08-13 00:00:00,220.65135,48687.02
2026-08-13 01:00:00,213.8448,45729.6
2026-08-13 02:00:00,211.72678,44828.227
2026-08-13 03:00:00,208.3654,43416.14
2026-08-13 04:00:00,206.43323,42614.676
2026-08-13 05:00:00,205.08435,42059.59
2026-08-13 06:00:00,202.49187,41002.957
2026-08-13 07:00:00,207.14252,42908.023
2026-08-13 08:00:00,223.03134,49742.98
2026-08-13 09:00:00,229.06757,52471.95
2026-08-13 10:00:00,231.51874,53600.926
2026-08-13 11:00:00,233.19267,54378.824
2026-08-13 12:00:00,232.9386,54260.39
2026-08-13 13:00:00,234.44693,54965.363
2026-08-13 14:00:00,236.0903,55738.63
2026-08-13 15:00:00,235.98543,55689.12
2026-08-13 16:00:00,235.41873,55421.98
2026-08-13 17:00:00,233.5648,54552.52
2026-08-13 18:00:00,233.14217,54355.27
2026-08-13 19:00:00,232.50923,54060.543
2026-08-13 20:00:00,235.02902,55238.64
2026-08-13 21:00:00,233.12323,54346.44
2026-08-13 22:00:00,230.49655,53128.66
2026-08-13 23:00:00,224.75255,50513.707
2026-08-14 00:00:00,219.74605,48288.324
2026-08-14 01:00:00,213.09836,45410.91
2026-08-14 02:00:00,210.32588,44236.977
2026-08-14 03:00:00,206.85747,42790.01
2026-08-14 04:00:00,205.39088,42185.414
2026-08-14 05:00:00,203.79611,41532.855
2026-08-14 06:00:00,201.8544,40745.2
2026-08-14 07:00:00,206.88089,42799.703
2026-08-14 08:00:00,222.41565,49468.723
2026-08-14 09:00:00,228.99687,52439.566
2026-08-14 10:00:00,230.07431,52934.188
2026-08-14 11:00:00,232.81252,54201.668
2026-08-14 12:00:00,232.37228,53996.88
2026-08-14 13:00:00,233.04471,54309.836
2026-08-14 14:00:00,235.78271,55593.49
2026-08-14 15:00:00,236.01442,55702.805
2026-08-14 16:00:00,236.22394,55801.75
2026-08-14 17:00:00,233.28568,54422.207
2026-08-14 18:00:00,232.59686,54101.3
2026-08-14 19:00:00,232.79814,54194.977
2026-08-14 20:00:00,234.50752,54993.777
2026-08-14 21:00:00,232.76332,54178.76
2026-08-14 22:00:00,230.92714,53327.344
2026-08-14 23:00:00,223.97334,50164.06
2026-08-15 00:00:00,216.34097,46803.418
2026-08-15 01:00:00,209.669,43961.094
2026-08-15 02:00:00,205.55214,42251.684
2026-08-15 03:00:00,203.18599,41284.547
2026-08-15 04:00:00,201.55087,40622.754
2026-08-15 05:00:00,199.92055,39968.227
2026-08-15 06:00:00,198.61317,39447.19
2026-08-15 07:00:00,201.31816,40529.0
2026-08-15 08:00:00,210.67963,44385.906
2026-08-15 09:00:00,217.77463,47425.79
2026-08-15 10:00:00,222.12491,49339.477
2026-08-15 11:00:00,226.87906,51474.105
2026-08-15 12:00:00,226.51457,51308.85
2026-08-15 13:00:00,227.91136,51943.59
2026-08-15 14:00:00,229.1001,52486.855
2026-08-15 15:00:00,227.64969,51824.38
2026-08-15 16:00:00,227.29198,51661.645
2026-08-15 17:00:00,226.01776,51084.027
2026-08-15 18:00:00,225.948,51052.496
2026-08-15 19:00:00,225.35362,50784.254
2026-08-15 20:00:00,226.51286,51308.08
2026-08-15 21:00:00,225.71404,50946.824
2026-08-15 22:00:00,219.76892,48298.38
2026-08-15 23:00:00,216.975,47078.152
2026-08-16 00:00:00,211.33473,44662.367
2026-08-16 01:00:00,204.78185,41935.605
2026-08-16 02:00:00,201.67252,40671.805
2026-08-16 03:00:00,199.88176,39952.72
2026-08-16 04:00:00,195.94127,38392.98
2026-08-16 05:00:00,194.18517,37707.88
2026-08-16 06:00:00,191.41322,36639.023
2026-08-16 07:00:00,188.31143,35461.195
2026-08-16 08:00:00,193.943,37613.883
2026-08-16 09:00:00,199.40901,39763.953
2026-08-16 10:00:00,206.11066,42481.6
2026-08-16 11:00:00,209.03148,43694.16
2026-08-16 12:00:00,209.16794,43751.227
2026-08-16 13:00:00,210.63315,44366.324
2026-08-16 14:00:00,211.5325,44746.0
2026-08-16 15:00:00,211.8108,44863.816
2026-08-16 16:00:00,210.2096,44188.074
2026-08-16 17:00:00,212.37057,45101.26
2026-08-16 18:00:00,212.59709,45197.523
2026-08-16 19:00:00,215.92734,46624.613
2026-08-16 20:00:00,217.40308,47264.098
2026-08-16 21:00:00,215.7564,46550.82
2026-08-16 22:00:00,213.50137,45582.836
2026-08-16 23:00:00,210.65309,44374.727
2026-08-17 00:00:00,211.39255,44686.81
2026-08-17 01:00:00,206.15425,42499.574
2026-08-17 02:00:00,203.30988,41334.906
2026-08-17 03:00:00,199.34685,39739.164
2026-08-17 04:00:00,195.57607,38249.996
2026-08-17 05:00:00,195.9442,38394.13
2026-08-17 06:00:00,195.64806,38278.16
2026-08-17 07:00:00,200.35767,40143.195
2026-08-17 08:00:00,215.0352,46240.137
2026-08-17 09:00:00,224.77068,50521.855
2026-08-17 10:00:00,227.9511,51961.703
2026-08-17 11:00:00,228.53456,52228.047
2026-08-17 12:00:00,227.20314,51621.266
2026-08-17 13:00:00,228.26112,52103.14
2026-08-17 14:00:00,229.66075,52744.062
2026-08-17 15:00:00,230.38588,53077.652
2026-08-17 16:00:00,230.39478,53081.754
2026-08-17 17:00:00,229.08162,52478.387
2026-08-17 18:00:00,228.9161,52402.586
2026-08-17 19:00:00,229.35353,52603.043
2026-08-17 20:00:00,231.2973,53498.44
2026-08-17 21:00:00,229.67923,52752.547
2026-08-17 22:00:00,227.14027,51592.703
2026-08-17 23:00:00,221.07817,48875.56
2026-08-18 00:00:00,216.1618,46725.926
2026-08-18 01:00:00,209.93715,44073.605
2026-08-18 02:00:00,207.29807,42972.49
2026-08-18 03:00:00,203.17096,41278.438
2026-08-18 04:00:00,201.39436,40559.69
2026-08-18 05:00:00,200.77141,40309.16
2026-08-18 06:00:00,199.40965,39764.21
2026-08-18 07:00:00,202.84209,41144.914
2026-08-18 08:00:00,218.86621,47902.418
2026-08-18 09:00:00,226.25279,51190.324
2026-08-18 10:00:00,228.8225,52359.734
2026-08-18 11:00:00,230.48494,53123.31
2026-08-18 12:00:00,231.05193,53384.992
2026-08-18 13:00:00,231.79814,53730.38
2026-08-18 14:00:00,233.52917,54535.875
2026-08-18 15:00:00,233.31662,54436.645
2026-08-18 16:00:00,233.47626,54511.164
2026-08-18 17:00:00,231.22054,53462.938
2026-08-18 18:00:00,230.16542,52976.12
2026-08-18 19:00:00,229.86827,52839.42
2026-08-18 20:00:00,231.95303,53802.21
2026-08-18 21:00:00,230.82516,53280.258
2026-08-18 22:00:00,227.79385,51890.04
2026-08-18 23:00:00,221.85564,49219.92
2026-08-19 00:00:00,216.73602,46974.504
2026-08-19 01:00:00,210.62796,44364.137
2026-08-19 02:00:00,207.1222,42899.6
2026-08-19 03:00:00,204.51434,41826.117
2026-08-19 04:00:00,203.06697,41236.195
2026-08-19 05:00:00,202.67894,41078.754
2026-08-19 06:00:00,200.70178,40281.207
2026-08-19 07:00:00,203.52876,41423.957
2026-08-19 08:00:00,219.03915,47978.152
2026-08-19 09:00:00,227.21689,51627.516
2026-08-19 10:00:00,229.8797,52844.676
2026-08-19 11:00:00,230.95193,53338.797
2026-08-19 12:00:00,231.3874,53540.133
2026-08-19 13:00:00,231.6382,53656.254
2026-08-19 14:00:00,231.7788,53721.41
2026-08-19 15:00:00,231.98933,53819.05
2026-08-19 16:00:00,231.64742,53660.523
2026-08-19 17:00:00,230.7373,53239.703
2026-08-19 18:00:00,227.6158,51808.953
2026-08-19 19:00:00,226.75931,51419.785
2026-08-19 20:00:00,227.95767,51964.7
2026-08-19 21:00:00,227.7802,51883.816
2026-08-19 22:00:00,227.99829,51983.223
2026-08-19 23:00:00,221.73206,49165.105
2026-08-20 00:00:00,217.04056,47106.605
2026-08-20 01:00:00,211.13965,44579.95
2026-08-20 02:00:00,208.78294,43590.316
2026-08-20 03:00:00,204.40825,41782.73
2026-08-20 04:00:00,202.38847,40961.094
2026-08-20 05:00:00,202.2954,40923.426
2026-08-20 06:00:00,200.46483,40186.15
2026-08-20 07:00:00,204.82515,41953.344
2026-08-20 08:00:00,220.09846,48443.336
2026-08-20 09:00:00,225.59041,50891.03
2026-08-20 10:00:00,227.57748,51791.51
2026-08-20 11:00:00,228.97557,52429.812
2026-08-20 12:00:00,229.11041,52491.582
2026-08-20 13:00:00,229.4986,52669.605
2026-08-20 14:00:00,230.49182,53126.48
2026-08-20 15:00:00,230.3327,53053.152
2026-08-20 16:00:00,231.00925,53365.273
2026-08-20 17:00:00,227.64441,51821.977
2026-08-20 18:00:00,227.6099,51806.266
2026-08-20 19:00:00,227.46217,51739.04
2026-08-20 20:00:00,230.79349,53265.633
2026-08-20 21:00:00,230.15332,52970.55
2026-08-20 22:00:00,227.56189,51784.414
2026-08-20 23:00:00,221.28682,48967.855
2026-08-21 00:00:00,217.90645,47483.22
2026-08-21 01:00:00,211.53079,44745.277
2026-08-21 02:00:00,208.49559,43470.41
2026-08-21 03:00:00,205.11386,42071.695
2026-08-21 04:00:00,202.84877,41147.625
2026-08-21 05:00:00,202.23683,40899.734
2026-08-21 06:00:00,200.103,40041.21
2026-08-21 07:00:00,204.72862,41913.81
2026-08-21 08:00:00,219.54698,48200.88
2026-08-21 09:00:00,226.67021,51379.387
2026-08-21 10:00:00,227.93681,51955.19
2026-08-21 11:00:00,230.5489,53152.797
2026-08-21 12:00:00,230.39685,53082.707
2026-08-21 13:00:00,230.6763,53211.555
2026-08-21 14:00:00,232.82062,54205.44
2026-08-21 15:00:00,232.59811,54101.883
2026-08-21 16:00:00,232.08827,53864.965
2026-08-21 17:00:00,230.21986,53001.188
2026-08-21 18:00:00,229.3387,52596.24
2026-08-21 19:00:00,230.0265,52912.19
2026-08-21 20:00:00,230.95071,53338.23
2026-08-21 21:00:00,229.92886,52867.28
2026-08-21 22:00:00,227.71237,51852.926
2026-08-21 23:00:00,221.05952,48867.312
2026-08-22 00:00:00,213.939,45769.895
2026-08-22 01:00:00,207.24747,42951.51
2026-08-22 02:00:00,204.42928,41791.33
2026-08-22 03:00:00,201.59425,40640.242
2026-08-22 04:00:00,200.24652,40098.668
2026-08-22 05:00:00,198.96266,39586.14
2026-08-22 06:00:00,197.962,39188.957
2026-08-22 07:00:00,201.29306,40518.895
2026-08-22 08:00:00,211.0458,44540.332
2026-08-22 09:00:00,217.15393,47155.83
2026-08-22 10:00:00,222.15147,49351.277
2026-08-22 11:00:00,226.44205,51276.0
2026-08-22 12:00:00,226.47662,51291.66
2026-08-22 13:00:00,227.6288,51814.87
2026-08-22 14:00:00,228.64333,52277.77
2026-08-22 15:00:00,228.22345,52085.94
2026-08-22 16:00:00,226.77255,51425.79
2026-08-22 17:00:00,226.30069,51212.004
2026-08-22 18:00:00,224.97264,50612.688
2026-08-22 19:00:00,224.98988,50620.45
2026-08-22 20:00:00,225.68115,50931.984
2026-08-22 21:00:00,225.25409,50739.406
2026-08-22 22:00:00,219.2322,48062.754
2026-08-22 23:00:00,216.87723,47035.73
2026-08-23 00:00:00,210.88155,44471.027
2026-08-23 01:00:00,204.96683,42011.4
2026-08-23 02:00:00,201.51038,40606.43
2026-08-23 03:00:00,198.75375,39503.055
2026-08-23 04:00:00,195.72151,38306.91
2026-08-23 05:00:00,193.95616,37618.992
2026-08-23 06:00:00,191.4928,36669.492
2026-08-23 07:00:00,188.33833,35471.33
2026-08-23 08:00:00,194.0674,37662.156
2026-08-23 09:00:00,199.16751,39667.7
2026-08-23 10:00:00,206.15591,42500.26
2026-08-23 11:00:00,209.33174,43819.777
2026-08-23 12:00:00,210.12561,44152.773
2026-08-23 13:00:00,212.18883,45024.098
2026-08-23 14:00:00,211.82547,44870.03
2026-08-23 15:00:00,212.11125,44991.184
2026-08-23 16:00:00,212.53462,45170.965
2026-08-23 17:00:00,214.37248,45955.562
2026-08-23 18:00:00,217.26917,47205.89
2026-08-23 19:00:00,218.87468,47906.125
2026-08-23 20:00:00,220.75291,48731.848
2026-08-23 21:00:00,219.51422,48186.492
2026-08-23 22:00:00,216.77309,46990.57
2026-08-23 23:00:00,211.66092,44800.344
2026-08-24 00:00:00,211.08679,44557.633
2026-08-24 01:00:00,205.533,42243.816
2026-08-24 02:00:00,202.38313,40958.934
2026-08-24 03:00:00,198.87431,39550.992
2026-08-24 04:00:00,196.22104,38502.695
2026-08-24 05:00:00,195.42645,38191.5
2026-08-24 06:00:00,195.00398,38026.555
2026-08-24 07:00:00,199.67953,39871.918
2026-08-24 08:00:00,215.07744,46258.305
2026-08-24 09:00:00,224.19342,50262.69
2026-08-24 10:00:00,226.54881,51324.363
2026-08-24 11:00:00,228.21843,52083.652
2026-08-24 12:00:00,228.73346,52318.996
2026-08-24 13:00:00,228.89105,52391.113
2026-08-24 14:00:00,229.97127,52886.785
2026-08-24 15:00:00,230.10674,52949.11
2026-08-24 16:00:00,230.4436,53104.254
2026-08-24 17:00:00,226.95021,51506.4
2026-08-24 18:00:00,226.81277,51444.035
2026-08-24 19:00:00,229.42833,52637.36
2026-08-24 20:00:00,230.86542,53298.84
2026-08-24 21:00:00,229.54791,52692.246
2026-08-24 22:00:00,227.25264,51643.76
2026-08-24 23:00:00,221.04878,48862.562
2026-08-25 00:00:00,213.278,45487.504
2026-08-25 01:00:00,206.7057,42727.246
2026-08-25 02:00:00,203.72618,41504.355
2026-08-25 03:00:00,199.96402,39985.61
2026-08-25 04:00:00,199.70596,39882.473
2026-08-25 05:00:00,199.28305,39713.734
2026-08-25 06:00:00,197.8804,39156.652
2026-08-25 07:00:00,202.03017,40816.188
2026-08-25 08:00:00,218.24469,47630.746
2026-08-25 09:00:00,225.80724,50988.906
2026-08-25 10:00:00,227.89642,51936.78
2026-08-25 11:00:00,229.03412,52456.63
2026-08-25 12:00:00,228.23299,52090.297
2026-08-25 13:00:00,229.58374,52708.695
2026-08-25 14:00:00,230.49232,53126.71
2026-08-25 15:00:00,230.56273,53159.17
2026-08-25 16:00:00,228.7521,52327.527
2026-08-25 17:00:00,228.0,51984.0
2026-08-25 18:00:00,225.90993,51035.297
2026-08-25 19:00:00,227.77167,51879.934
2026-08-25 20:00:00,228.734,52319.24
2026-08-25 21:00:00,227.58528,51795.06
2026-08-25 22:00:00,225.0732,50657.945
2026-08-25 23:00:00,219.51584,48187.203
2026-08-26 00:00:00,212.01372,44949.816
2026-08-26 01:00:00,205.3726,42177.906
2026-08-26 02:00:00,200.57452,40230.14
2026-08-26 03:00:00,200.00455,40001.82
2026-08-26 04:00:00,201.59338,40639.89
2026-08-26 05:00:00,201.7977,40722.312
2026-08-26 06:00:00,198.73294,39494.78
2026-08-26 07:00:00,202.4217,40974.547
2026-08-26 08:00:00,216.85722,47027.055
2026-08-26 09:00:00,225.1,50670.01
2026-08-26 10:00:00,226.98369,51521.594
2026-08-26 11:00:00,227.88965,51933.69
2026-08-26 12:00:00,227.45389,51735.27
2026-08-26 13:00:00,229.01639,52448.508
2026-08-26 14:00:00,230.24033,53010.61
2026-08-26 15:00:00,228.13817,52047.023
2026-08-26 16:00:00,227.81978,51901.85
2026-08-26 17:00:00,224.85744,50560.867
2026-08-26 18:00:00,224.8592,50561.664
2026-08-26 19:00:00,225.26105,50742.54
2026-08-26 20:00:00,226.1983,51165.67
2026-08-26 21:00:00,225.48204,50842.152
2026-08-26 22:00:00,222.30794,49420.82
2026-08-26 23:00:00,217.37276,47250.914
2026-08-27 00:00:00,213.64127,45642.59
2026-08-27 01:00:00,206.6619,42709.14
2026-08-27 02:00:00,203.1797,41281.992
2026-08-27 03:00:00,196.62068,38659.69
2026-08-27 04:00:00,200.1672,40066.91
2026-08-27 05:00:00,200.4611,40184.656
2026-08-27 06:00:00,198.20586,39285.562
2026-08-27 07:00:00,203.378,41362.613
2026-08-27 08:00:00,218.97704,47950.94
2026-08-27 09:00:00,224.40848,50359.164
2026-08-27 10:00:00,225.64897,50917.457
2026-08-27 11:00:00,227.70398,51849.1
2026-08-27 12:00:00,226.6476,51369.133
2026-08-27 13:00:00,227.27002,51651.66
2026-08-27 14:00:00,227.26018,51647.188
2026-08-27 15:00:00,225.95763,51056.848
2026-08-27 16:00:00,225.0689,50656.008
2026-08-27 17:00:00,224.14476,50240.875
2026-08-27 18:00:00,223.82954,50099.664
2026-08-27 19:00:00,223.97697,50165.684
2026-08-27 20:00:00,225.5985,50894.68
2026-08-27 21:00:00,224.79544,50532.99
2026-08-27 22:00:00,223.32935,49875.996
2026-08-27 23:00:00,218.00006,47524.027
2026-08-28 00:00:00,215.91577,46619.62
2026-08-28 01:00:00,208.88951,43634.83
2026-08-28 02:00:00,205.62537,42281.793
2026-08-28 03:00:00,198.28227,39315.86
2026-08-28 04:00:00,198.671,39470.168
2026-08-28 05:00:00,201.50923,40605.97
2026-08-28 06:00:00,199.60545,39842.336
2026-08-28 07:00:00,203.08643,41244.098
2026-08-28 08:00:00,218.60243,47787.023
2026-08-28 09:00:00,224.33517,50326.27
2026-08-28 10:00:00,225.72389,50951.277
2026-08-28 11:00:00,227.41609,51718.08
2026-08-28 12:00:00,226.42441,51268.01
2026-08-28 13:00:00,227.09938,51574.13
2026-08-28 14:00:00,229.13115,52501.082
2026-08-28 15:00:00,227.51732,51764.13
2026-08-28 16:00:00,228.15819,52056.16
2026-08-28 17:00:00,226.46248,51285.254
2026-08-28 18:00:00,225.25772,50741.04
2026-08-28 19:00:00,226.85825,51464.664
2026-08-28 20:00:00,227.50293,51757.582
2026-08-28 21:00:00,226.5243,51313.26
2026-08-28 22:00:00,223.82617,50098.156
2026-08-28 23:00:00,218.53156,47756.04
2026-08-29 00:00:00,207.43329,43028.57
2026-08-29 01:00:00,201.59064,40638.785
2026-08-29 02:00:00,195.99213,38412.914
2026-08-29 03:00:00,196.05016,38435.664
2026-08-29 04:00:00,195.16087,38087.766
2026-08-29 05:00:00,194.28638,37747.195
2026-08-29 06:00:00,193.18509,37320.48
2026-08-29 07:00:00,194.50731,37833.094
2026-08-29 08:00:00,203.34627,41349.703
2026-08-29 09:00:00,210.72937,44406.867
2026-08-29 10:00:00,215.9241,46623.22
2026-08-29 11:00:00,218.6238,47796.363
2026-08-29 12:00:00,218.48563,47735.97
2026-08-29 13:00:00,219.56866,48210.4
2026-08-29 14:00:00,220.95692,48821.96
2026-08-29 15:00:00,220.47195,48607.883
2026-08-29 16:00:00,220.64307,48683.363
2026-08-29 17:00:00,218.77724,47863.48
2026-08-29 18:00:00,218.88577,47910.98
2026-08-29 19:00:00,218.99345,47958.133
2026-08-29 20:00:00,219.80598,48314.67
2026-08-29 21:00:00,218.37347,47686.973
2026-08-29 22:00:00,213.62575,45635.96
2026-08-29 23:00:00,208.42438,43440.723
2026-08-30 00:00:00,198.29869,39322.37
2026-08-30 01:00:00,194.42299,37800.297
2026-08-30 02:00:00,192.5615,37079.93
2026-08-30 03:00:00,186.34808,34725.61
2026-08-30 04:00:00,188.71373,35612.87
2026-08-30 05:00:00,187.04764,34986.82
2026-08-30 06:00:00,183.1703,33551.36
2026-08-30 07:00:00,181.88538,33082.29
2026-08-30 08:00:00,186.334,34720.36
2026-08-30 09:00:00,191.10873,36522.547
2026-08-30 10:00:00,196.88867,38765.15
2026-08-30 11:00:00,199.98212,39992.848
2026-08-30 12:00:00,200.4305,40172.383
2026-08-30 13:00:00,201.03502,40415.08
2026-08-30 14:00:00,201.67279,40671.914
2026-08-30 15:00:00,201.01569,40407.305
2026-08-30 16:00:00,201.33653,40536.4
2026-08-30 17:00:00,203.79807,41533.652
2026-08-30 18:00:00,205.28333,42141.242
2026-08-30 19:00:00,205.29892,42147.645
2026-08-30 20:00:00,207.14516,42909.117
2026-08-30 21:00:00,204.4198,41787.453
2026-08-30 22:00:00,201.72781,40694.11
2026-08-30 23:00:00,197.15617,38870.56
2026-08-31 00:00:00,203.7098,41497.68
2026-08-31 01:00:00,198.44687,39381.16
2026-08-31 02:00:00,197.78961,39120.73
2026-08-31 03:00:00,193.6926,37516.82
2026-08-31 04:00:00,190.51237,36294.965
2026-08-31 05:00:00,189.73312,35998.66
2026-08-31 06:00:00,189.7089,35989.465
2026-08-31 07:00:00,194.77707,37938.105
2026-08-31 08:00:00,212.14719,45006.43
2026-08-31 09:00:00,221.45851,49043.87
2026-08-31 10:00:00,224.0205,50185.18
2026-08-31 11:00:00,225.15013,50692.582
2026-08-31 12:00:00,224.70128,50490.664
2026-08-31 13:00:00,225.77742,50975.445
2026-08-31 14:00:00,226.46332,51285.633
2026-08-31 15:00:00,227.60292,51803.09
2026-08-31 16:00:00,227.31837,51673.645
2026-08-31 17:00:00,224.92609,50591.746
2026-08-31 18:00:00,225.31561,50767.125
2026-08-31 19:00:00,224.86801,50565.62
2026-08-31 20:00:00,226.17944,51157.14
2026-08-31 21:00:00,224.90024,50580.117
2026-08-31 22:00:00,222.17662,49362.45
2026-08-31 23:00:00,214.71529,46102.652
2026-09-01 00:00:00,208.21867,43355.016
2026-09-01 01:00:00,203.83238,41547.64
2026-09-01 02:00:00,201.26736,40508.55
2026-09-01 03:00:00,197.74483,39103.016
2026-09-01 04:00:00,196.76541,38716.63
2026-09-01 05:00:00,195.7328,38311.332
2026-09-01 06:00:00,196.18423,38488.254
2026-09-01 07:00:00,200.6942,40278.16
2026-09-01 08:00:00,216.84813,47023.11
2026-09-01 09:00:00,222.06508,49312.9
2026-09-01 10:00:00,226.42317,51267.453
2026-09-01 11:00:00,229.3916,52620.508
2026-09-01 12:00:00,226.55106,51325.383
2026-09-01 13:00:00,227.6131,51807.723
2026-09-01 14:00:00,230.33058,53052.176
2026-09-01 15:00:00,230.2164,52999.59
2026-09-01 16:00:00,230.04372,52920.113
2026-09-01 17:00:00,229.57187,52703.242
2026-09-01 18:00:00,229.35126,52602.0
2026-09-01 19:00:00,227.34012,51683.53
2026-09-01 20:00:00,229.58765,52710.49
2026-09-01 21:00:00,226.7585,51419.418
2026-09-01 22:00:00,222.23264,49387.344
2026-09-01 23:00:00,215.13171,46281.656
2026-09-02 00:00:00,210.6591,44377.258
2026-09-02 01:00:00,205.65913,42295.68
2026-09-02 02:00:00,202.26459,40910.965
2026-09-02 03:00:00,199.06856,39628.29
2026-09-02 04:00:00,197.83339,39138.05
2026-09-02 05:00:00,197.69112,39081.777
2026-09-02 06:00:00,197.51016,39010.266
2026-09-02 07:00:00,201.05072,40421.39
2026-09-02 08:00:00,216.53732,46888.414
2026-09-02 09:00:00,221.1067,48888.176
2026-09-02 10:00:00,224.71909,50498.668
2026-09-02 11:00:00,228.36044,52148.492
2026-09-02 12:00:00,226.04901,51098.156
2026-09-02 13:00:00,227.7249,51858.63
2026-09-02 14:00:00,231.2738,53487.574
2026-09-02 15:00:00,231.90193,53778.508
2026-09-02 16:00:00,231.47978,53582.89
2026-09-02 17:00:00,230.40175,53084.965
2026-09-02 18:00:00,229.8801,52844.86
2026-09-02 19:00:00,229.94875,52876.426
2026-09-02 20:00:00,230.27925,53028.535
2026-09-02 21:00:00,227.19052,51615.53
2026-09-02 22:00:00,222.39137,49457.92
2026-09-02 23:00:00,216.56996,46902.547
2026-09-03 00:00:00,207.9027,43223.53
2026-09-03 01:00:00,204.02719,41627.094
2026-09-03 02:00:00,202.45465,40987.887
2026-09-03 03:00:00,197.35883,38950.508
2026-09-03 04:00:00,196.46516,38598.562
2026-09-03 05:00:00,197.49255,39003.31
2026-09-03 06:00:00,197.00108,38809.426
2026-09-03 07:00:00,201.72617,40693.445
2026-09-03 08:00:00,217.83557,47452.336
2026-09-03 09:00:00,222.86469,49668.668
2026-09-03 10:00:00,226.91525,51490.53
2026-09-03 11:00:00,228.65799,52284.477
2026-09-03 12:00:00,226.09946,51120.965
2026-09-03 13:00:00,227.12122,51584.047
2026-09-03 14:00:00,230.14917,52968.64
2026-09-03 15:00:00,230.41351,53090.387
2026-09-03 16:00:00,230.75128,53246.152
2026-09-03 17:00:00,230.06677,52930.72
2026-09-03 18:00:00,229.95323,52878.49
2026-09-03 19:00:00,229.99295,52896.758
2026-09-03 20:00:00,230.39786,53083.17
2026-09-03 21:00:00,227.06953,51560.574
2026-09-03 22:00:00,222.05702,49309.32
2026-09-03 23:00:00,215.15475,46291.57
2026-09-04 00:00:00,207.22975,42944.17
2026-09-04 01:00:00,203.53336,41425.83
2026-09-04 02:00:00,202.74742,41106.516
2026-09-04 03:00:00,198.84514,39539.39
2026-09-04 04:00:00,197.46635,38992.96
2026-09-04 05:00:00,197.3874,38961.79
2026-09-04 06:00:00,196.76744,38717.426
2026-09-04 07:00:00,201.25597,40503.965
2026-09-04 08:00:00,216.52635,46883.66
2026-09-04 09:00:00,221.24861,48950.95
2026-09-04 10:00:00,223.68794,50036.297
2026-09-04 11:00:00,227.56795,51787.17
2026-09-04 12:00:00,224.65703,50470.78
2026-09-04 13:00:00,224.96803,50610.617
2026-09-04 14:00:00,229.71758,52770.164
2026-09-04 15:00:00,229.84415,52828.332
2026-09-04 16:00:00,228.43266,52181.48
2026-09-04 17:00:00,228.30475,52123.06
2026-09-04 18:00:00,226.2802,51202.727
2026-09-04 19:00:00,226.53908,51319.953
2026-09-04 20:00:00,226.8009,51438.65
2026-09-04 21:00:00,222.87762,49674.434
2026-09-04 22:00:00,218.5009,47742.645
2026-09-04 23:00:00,213.22643,45465.508
2026-09-05 00:00:00,205.25589,42129.98
2026-09-05 01:00:00,201.76202,40707.914
2026-09-05 02:00:00,198.32,39330.824
2026-09-05 03:00:00,196.97984,38801.06
2026-09-05 04:00:00,195.34601,38160.062
2026-09-05 05:00:00,195.57,38247.63
2026-09-05 06:00:00,195.1644,38089.14
2026-09-05 07:00:00,196.99585,38807.363
2026-09-05 08:00:00,205.81227,42358.69
2026-09-05 09:00:00,209.81633,44022.89
2026-09-05 10:00:00,216.67183,46946.68
2026-09-05 11:00:00,220.46587,48605.2
2026-09-05 12:00:00,217.78296,47429.418
2026-09-05 13:00:00,219.5925,48220.867
2026-09-05 14:00:00,222.08394,49321.277
2026-09-05 15:00:00,221.65854,49132.508
2026-09-05 16:00:00,220.7636,48736.566
2026-09-05 17:00:00,222.67552,49584.387
2026-09-05 18:00:00,221.69096,49146.883
2026-09-05 19:00:00,221.21881,48937.76
2026-09-05 20:00:00,221.49336,49059.31
2026-09-05 21:00:00,218.72244,47839.508
2026-09-05 22:00:00,212.14162,45004.066
2026-09-05 23:00:00,207.32088,42981.945
2026-09-06 00:00:00,200.98515,40395.03
2026-09-06 01:00:00,196.11195,38459.9
2026-09-06 02:00:00,192.39354,37015.273
2026-09-06 03:00:00,189.737,36000.13
2026-09-06 04:00:00,188.19102,35415.863
2026-09-06 05:00:00,187.14229,35022.234
2026-09-06 06:00:00,184.87239,34177.8
2026-09-06 07:00:00,182.61014,33346.46
2026-09-06 08:00:00,186.33138,34719.383
2026-09-06 09:00:00,190.5529,36310.41
2026-09-06 10:00:00,198.74452,39499.387
2026-09-06 11:00:00,202.3911,40962.156
2026-09-06 12:00:00,202.93472,41182.5
2026-09-06 13:00:00,204.4045,41781.2
2026-09-06 14:00:00,205.13553,42080.586
2026-09-06 15:00:00,205.49033,42226.273
2026-09-06 16:00:00,206.08423,42470.71
2026-09-06 17:00:00,209.03828,43697.004
2026-09-06 18:00:00,211.76231,44843.277
2026-09-06 19:00:00,213.72893,45680.055
2026-09-06 20:00:00,214.63902,46069.91
2026-09-06 21:00:00,210.73007,44407.164
2026-09-06 22:00:00,206.53839,42658.105
2026-09-06 23:00:00,200.90305,40362.035
2026-09-07 00:00:00,198.11371,39249.043
2026-09-07 01:00:00,190.3708,36241.043
2026-09-07 02:00:00,186.42502,34754.29
2026-09-07 03:00:00,183.91321,33824.066
2026-09-07 04:00:00,180.81436,32693.834
2026-09-07 05:00:00,185.94737,34576.426
2026-09-07 06:00:00,187.85905,35291.023
2026-09-07 07:00:00,193.52364,37451.4
2026-09-07 08:00:00,208.9124,43644.39
2026-09-07 09:00:00,215.37573,46386.707
2026-09-07 10:00:00,219.48334,48172.934
2026-09-07 11:00:00,222.13165,49342.473
2026-09-07 12:00:00,219.94348,48375.137
2026-09-07 13:00:00,221.3893,49013.223
2026-09-07 14:00:00,224.3163,50317.8
2026-09-07 15:00:00,224.60878,50449.105
2026-09-07 16:00:00,224.72897,50503.113
2026-09-07 17:00:00,224.64987,50467.566
2026-09-07 18:00:00,224.78233,50527.098
2026-09-07 19:00:00,225.08205,50661.926
2026-09-07 20:00:00,225.09616,50668.28
2026-09-07 21:00:00,220.849,48774.28
2026-09-07 22:00:00,216.40926,46832.965
2026-09-07 23:00:00,209.87825,44048.88
2026-09-08 00:00:00,199.3274,39731.41
2026-09-08 01:00:00,194.26297,37738.1
2026-09-08 02:00:00,191.33772,36610.125
2026-09-08 03:00:00,188.12172,35389.78
2026-09-08 04:00:00,187.20418,35045.402
2026-09-08 05:00:00,188.24641,35436.71
2026-09-08 06:00:00,190.54382,36306.95
2026-09-08 07:00:00,197.63644,39060.164
2026-09-08 08:00:00,209.60503,43934.266
2026-09-08 09:00:00,213.71362,45673.51
2026-09-08 10:00:00,217.61206,47355.008
2026-09-08 11:00:00,220.08154,48435.887
2026-09-08 12:00:00,217.86726,47466.145
2026-09-08 13:00:00,217.24396,47194.938
2026-09-08 14:00:00,220.85268,48775.906
2026-09-08 15:00:00,223.54141,49970.76
2026-09-08 16:00:00,223.59273,49993.707
2026-09-08 17:00:00,221.59921,49106.21
2026-09-08 18:00:00,220.78995,48748.2
2026-09-08 19:00:00,221.05586,48865.695
2026-09-08 20:00:00,220.22147,48497.492
2026-09-08 21:00:00,216.08987,46694.832
2026-09-08 22:00:00,211.9206,44910.336
2026-09-08 23:00:00,206.85204,42787.766
2026-09-09 00:00:00,199.92052,39968.215
2026-09-09 01:00:00,195.04031,38040.723
2026-09-09 02:00:00,192.70946,37136.934
2026-09-09 03:00:00,188.74567,35624.926
2026-09-09 04:00:00,187.7804,35261.477
2026-09-09 05:00:00,188.2817,35449.996
2026-09-09 06:00:00,188.32498,35466.297
2026-09-09 07:00:00,193.50716,37445.02
2026-09-09 08:00:00,209.7648,44001.273
2026-09-09 09:00:00,214.06,45821.684
2026-09-09 10:00:00,217.46298,47290.15
2026-09-09 11:00:00,220.05672,48424.957
2026-09-09 12:00:00,217.05247,47111.777
2026-09-09 13:00:00,217.76794,47422.88
2026-09-09 14:00:00,221.23318,48944.12
2026-09-09 15:00:00,220.49872,48619.684
2026-09-09 16:00:00,220.15752,48469.332
2026-09-09 17:00:00,219.89612,48354.305
2026-09-09 18:00:00,220.67787,48698.723
2026-09-09 19:00:00,220.96625,48826.082
2026-09-09 20:00:00,223.61111,50001.93
2026-09-09 21:00:00,220.94551,48816.918
2026-09-09 22:00:00,214.3626,45951.32
2026-09-09 23:00:00,209.98521,44093.79
2026-09-10 00:00:00,201.5441,40620.023
2026-09-10 01:00:00,195.60677,38262.008
2026-09-10 02:00:00,193.20653,37328.76
2026-09-10 03:00:00,188.66246,35593.523
2026-09-10 04:00:00,187.608,35196.76
2026-09-10 05:00:00,189.16708,35784.188
2026-09-10 06:00:00,190.73996,36381.73
2026-09-10 07:00:00,195.8854,38371.094
2026-09-10 08:00:00,211.11354,44568.926
2026-09-10 09:00:00,213.95726,45777.71
2026-09-10 10:00:00,216.36981,46815.895
2026-09-10 11:00:00,218.78668,47867.613
2026-09-10 12:00:00,216.3857,46822.77
2026-09-10 13:00:00,217.53511,47321.523
2026-09-10 14:00:00,221.6868,49145.035
2026-09-10 15:00:00,222.00587,49286.61
2026-09-10 16:00:00,224.54538,50420.63
2026-09-10 17:00:00,224.72604,50501.793
2026-09-10 18:00:00,224.33658,50326.902
2026-09-10 19:00:00,224.40526,50357.72
2026-09-10 20:00:00,225.25954,50741.86
2026-09-10 21:00:00,221.46208,49045.453
2026-09-10 22:00:00,214.53749,46026.336
2026-09-10 23:00:00,209.99997,44099.99
2026-09-11 00:00:00,202.24939,40904.816
2026-09-11 01:00:00,195.16481,38089.305
2026-09-11 02:00:00,192.84242,37188.2
2026-09-11 03:00:00,188.31403,35462.17
2026-09-11 04:00:00,187.298,35080.543
2026-09-11 05:00:00,187.8898,35302.58
2026-09-11 06:00:00,187.69353,35228.86
2026-09-11 07:00:00,194.54019,37845.887
2026-09-11 08:00:00,210.05759,44124.19
2026-09-11 09:00:00,214.03857,45812.51
2026-09-11 10:00:00,216.78989,46997.855
2026-09-11 11:00:00,219.58194,48216.227
2026-09-11 12:00:00,216.59232,46912.23
2026-09-11 13:00:00,218.15814,47592.977
2026-09-11 14:00:00,222.37285,49449.684
2026-09-11 15:00:00,224.76431,50518.996
2026-09-11 16:00:00,222.62598,49562.324
2026-09-11 17:00:00,222.08386,49321.242
2026-09-11 18:00:00,221.86382,49223.55
2026-09-11 19:00:00,221.864,49223.633
2026-09-11 20:00:00,221.77896,49185.906
2026-09-11 21:00:00,217.49211,47302.82
2026-09-11 22:00:00,213.5124,45587.547
2026-09-11 23:00:00,208.91191,43644.188
2026-09-12 00:00:00,199.78795,39915.223
2026-09-12 01:00:00,194.57231,37858.383
2026-09-12 02:00:00,191.47104,36661.16
2026-09-12 03:00:00,187.71951,35238.617
2026-09-12 04:00:00,189.01344,35726.082
2026-09-12 05:00:00,190.15474,36158.824
2026-09-12 06:00:00,189.89166,36058.844
2026-09-12 07:00:00,190.86401,36429.07
2026-09-12 08:00:00,199.13715,39655.6
2026-09-12 09:00:00,204.99007,42020.926
2026-09-12 10:00:00,210.08856,44137.203
2026-09-12 11:00:00,213.26506,45481.984
2026-09-12 12:00:00,211.65187,44796.516
2026-09-12 13:00:00,212.67142,45229.133
2026-09-12 14:00:00,215.99341,46653.152
2026-09-12 15:00:00,215.96576,46641.21
2026-09-12 16:00:00,217.59969,47349.625
2026-09-12 17:00:00,216.74312,46977.58
2026-09-12 18:00:00,218.9979,47960.08
2026-09-12 19:00:00,218.52194,47751.84
2026-09-12 20:00:00,217.73244,47407.414
2026-09-12 21:00:00,213.8098,45714.63
2026-09-12 22:00:00,208.16795,43333.9
2026-09-12 23:00:00,203.59999,41452.957
2026-09-13 00:00:00,199.86954,39947.832
2026-09-13 01:00:00,193.25848,37348.84
2026-09-13 02:00:00,190.69792,36365.7
2026-09-13 03:00:00,184.27339,33956.684
2026-09-13 04:00:00,184.01927,33863.094
2026-09-13 05:00:00,185.69713,34483.42
2026-09-13 06:00:00,182.23833,33210.81
2026-09-13 07:00:00,179.7144,32297.266
2026-09-13 08:00:00,182.99612,33487.582
2026-09-13 09:00:00,185.68935,34480.535
2026-09-13 10:00:00,193.63284,37493.68
2026-09-13 11:00:00,196.90315,38770.85
2026-09-13 12:00:00,197.55194,39026.77
2026-09-13 13:00:00,198.85095,39541.7
2026-09-13 14:00:00,203.23718,41305.35
2026-09-13 15:00:00,204.34567,41757.152
2026-09-13 16:00:00,204.45657,41802.492
2026-09-13 17:00:00,207.74509,43158.02
2026-09-13 18:00:00,209.51227,43895.39
2026-09-13 19:00:00,210.93095,44491.867
2026-09-13 20:00:00,211.94432,44920.395
2026-09-13 21:00:00,207.58234,43090.426
2026-09-13 22:00:00,205.2207,42115.535
2026-09-13 23:00:00,199.88586,39954.36
2026-09-14 00:00:00,194.41388,37796.758
2026-09-14 01:00:00,188.73428,35620.63
2026-09-14 02:00:00,185.77452,34512.17
2026-09-14 03:00:00,183.13193,33537.305
2026-09-14 04:00:00,180.29858,32507.58
2026-09-14 05:00:00,180.83809,32702.414
2026-09-14 06:00:00,184.29648,33965.19
2026-09-14 07:00:00,189.7711,36013.07
2026-09-14 08:00:00,205.70737,42315.52
2026-09-14 09:00:00,211.50267,44733.38
2026-09-14 10:00:00,215.42274,46406.957
2026-09-14 11:00:00,218.46217,47725.723
2026-09-14 12:00:00,215.48463,46433.63
2026-09-14 13:00:00,216.9272,47057.41
2026-09-14 14:00:00,220.36415,48560.36
2026-09-14 15:00:00,220.70885,48712.395
2026-09-14 16:00:00,223.31897,49871.363
2026-09-14 17:00:00,223.97667,50165.547
2026-09-14 18:00:00,223.65779,50022.81
2026-09-14 19:00:00,223.81255,50092.055
2026-09-14 20:00:00,224.01396,50182.254
2026-09-14 21:00:00,219.72517,48279.152
2026-09-14 22:00:00,216.0197,46664.51
2026-09-14 23:00:00,210.58057,44344.176
2026-09-15 00:00:00,201.25804,40504.8
2026-09-15 01:00:00,194.7319,37920.516
2026-09-15 02:00:00,190.98225,36474.223
2026-09-15 03:00:00,187.00352,34970.316
2026-09-15 04:00:00,185.91669,34565.016
2026-09-15 05:00:00,187.23636,35057.453
2026-09-15 06:00:00,186.89717,34930.55
2026-09-15 07:00:00,192.97813,37240.56
2026-09-15 08:00:00,208.33542,43403.65
2026-09-15 09:00:00,212.67128,45229.074
2026-09-15 10:00:00,216.02155,46665.31
2026-09-15 11:00:00,219.64995,48246.1
2026-09-15 12:00:00,217.13141,47146.047
2026-09-15 13:00:00,218.47308,47730.49
2026-09-15 14:00:00,221.21875,48937.734
2026-09-15 15:00:00,221.50755,49065.598
2026-09-15 16:00:00,222.37094,49448.836
2026-09-15 17:00:00,221.8991,49239.207
2026-09-15 18:00:00,221.67905,49141.6
2026-09-15 19:00:00,222.3301,49430.67
2026-09-15 20:00:00,222.21071,49377.598
2026-09-15 21:00:00,218.25519,47635.33
2026-09-15 22:00:00,214.48306,46002.984
2026-09-15 23:00:00,211.65204,44796.586
2026-09-16 00:00:00,200.26651,40106.676
2026-09-16 01:00:00,195.03564,38038.902
2026-09-16 02:00:00,192.27582,36969.99
2026-09-16 03:00:00,188.0713,35370.816
2026-09-16 04:00:00,187.1908,35040.395
2026-09-16 05:00:00,187.91577,35312.336
2026-09-16 06:00:00,188.65184,35589.516
2026-09-16 07:00:00,193.53847,37457.137
2026-09-16 08:00:00,209.26947,43793.71
2026-09-16 09:00:00,212.99825,45368.254
2026-09-16 10:00:00,216.32942,46798.418
2026-09-16 11:00:00,218.66417,47814.02
2026-09-16 12:00:00,216.90326,47047.023
2026-09-16 13:00:00,217.95877,47506.027
2026-09-16 14:00:00,221.16426,48913.63
2026-09-16 15:00:00,221.39151,49014.2
2026-09-16 16:00:00,224.12099,50230.215
2026-09-16 17:00:00,223.93782,50148.15
2026-09-16 18:00:00,223.53932,49969.83
2026-09-16 19:00:00,221.81825,49203.336
2026-09-16 20:00:00,220.66255,48691.96
2026-09-16 21:00:00,216.90913,47049.574
2026-09-16 22:00:00,212.2647,45056.3
2026-09-16 23:00:00,207.52806,43067.895
2026-09-17 00:00:00,200.28242,40113.05
2026-09-17 01:00:00,194.48015,37822.527
2026-09-17 02:00:00,191.87534,36816.145
2026-09-17 03:00:00,187.22282,35052.387
2026-09-17 04:00:00,186.36885,34733.348
2026-09-17 05:00:00,187.44176,35134.414
2026-09-17 06:00:00,187.25931,35066.047
2026-09-17 07:00:00,193.8745,37587.32
2026-09-17 08:00:00,208.77034,43585.055
2026-09-17 09:00:00,212.65422,45221.816
2026-09-17 10:00:00,215.81076,46574.285
2026-09-17 11:00:00,218.34863,47676.125
2026-09-17 12:00:00,216.05437,46679.49
2026-09-17 13:00:00,218.86945,47903.836
2026-09-17 14:00:00,221.84383,49214.684
2026-09-17 15:00:00,222.19856,49372.203
2026-09-17 16:00:00,221.24919,48951.203
2026-09-17 17:00:00,221.47568,49051.477
2026-09-17 18:00:00,221.2676,48959.348
2026-09-17 19:00:00,220.24373,48507.3
2026-09-17 20:00:00,220.03133,48413.785
2026-09-17 21:00:00,216.86342,47029.742
2026-09-17 22:00:00,212.25693,45053.004
2026-09-17 23:00:00,208.36835,43417.367
2026-09-18 00:00:00,198.6044,39443.707
2026-09-18 01:00:00,192.70978,37137.06
2026-09-18 02:00:00,190.51248,36295.004
2026-09-18 03:00:00,185.9114,34563.05
2026-09-18 04:00:00,185.74115,34499.773
2026-09-18 05:00:00,186.82892,34905.043
2026-09-18 06:00:00,186.77118,34883.473
2026-09-18 07:00:00,192.8529,37192.242
2026-09-18 08:00:00,208.69203,43552.363
2026-09-18 09:00:00,211.9936,44941.29
2026-09-18 10:00:00,214.45056,45989.043
2026-09-18 11:00:00,216.73526,46974.17
2026-09-18 12:00:00,214.17593,45871.332
2026-09-18 13:00:00,214.39085,45963.438
2026-09-18 14:00:00,217.91695,47487.797
2026-09-18 15:00:00,218.22389,47621.668
2026-09-18 16:00:00,217.21742,47183.41
2026-09-18 17:00:00,218.03122,47537.613
2026-09-18 18:00:00,218.28955,47650.33
2026-09-18 19:00:00,217.82755,47448.84
2026-09-18 20:00:00,217.38823,47257.64
2026-09-18 21:00:00,214.39182,45963.85
2026-09-18 22:00:00,210.34799,44246.277
2026-09-18 23:00:00,205.96371,42421.05
2026-09-19 00:00:00,194.11989,37682.53
2026-09-19 01:00:00,189.39738,35871.37
2026-09-19 02:00:00,186.45468,34765.348
2026-09-19 03:00:00,182.89722,33451.39
2026-09-19 04:00:00,182.45947,33291.46
2026-09-19 05:00:00,183.12532,33534.883
2026-09-19 06:00:00,183.19287,33559.63
2026-09-19 07:00:00,184.39784,34002.562
2026-09-19 08:00:00,192.90851,37213.69
2026-09-19 09:00:00,199.40993,39764.32
2026-09-19 10:00:00,203.55495,41434.617
2026-09-19 11:00:00,206.26756,42546.31
2026-09-19 12:00:00,203.32964,41342.94
2026-09-19 13:00:00,204.07794,41647.805
2026-09-19 14:00:00,206.77269,42754.945
2026-09-19 15:00:00,206.97623,42839.16
2026-09-19 16:00:00,207.45457,43037.402
2026-09-19 17:00:00,208.44888,43450.938
2026-09-19 18:00:00,209.0309,43693.918
2026-09-19 19:00:00,209.29202,43803.152
2026-09-19 20:00:00,208.85883,43622.008
2026-09-19 21:00:00,205.22993,42119.324
2026-09-19 22:00:00,200.4592,40183.89
2026-09-19 23:00:00,195.98524,38410.215
2026-09-20 00:00:00,187.6066,35196.234
2026-09-20 01:00:00,183.91649,33825.273
2026-09-20 02:00:00,181.0532,32780.266
2026-09-20 03:00:00,177.96393,31671.16
2026-09-20 04:00:00,177.55994,31527.531
2026-09-20 05:00:00,177.25458,31419.186
2026-09-20 06:00:00,174.9923,30622.303
2026-09-20 07:00:00,172.51593,29761.746
2026-09-20 08:00:00,176.93231,31305.043
2026-09-20 09:00:00,179.60182,32256.814
2026-09-20 10:00:00,185.7756,34512.574
2026-09-20 11:00:00,188.67401,35597.883
2026-09-20 12:00:00,188.07947,35373.887
2026-09-20 13:00:00,190.29066,36210.535
2026-09-20 14:00:00,191.51666,36678.633
2026-09-20 15:00:00,191.92795,36836.336
2026-09-20 16:00:00,192.756,37154.875
2026-09-20 17:00:00,197.8974,39163.383
2026-09-20 18:00:00,201.48882,40597.742
2026-09-20 19:00:00,202.59647,41045.33
2026-09-20 20:00:00,203.03629,41223.734
2026-09-20 21:00:00,199.22563,39690.85
2026-09-20 22:00:00,195.25407,38124.152
2026-09-20 23:00:00,187.86163,35291.992
2026-09-21 00:00:00,188.63718,35583.984
2026-09-21 01:00:00,183.55893,33693.88
2026-09-21 02:00:00,180.66287,32639.074
2026-09-21 03:00:00,178.56235,31884.512
2026-09-21 04:00:00,176.17401,31037.283
2026-09-21 05:00:00,177.46683,31494.475
2026-09-21 06:00:00,180.38562,32538.973
2026-09-21 07:00:00,185.52335,34418.91
2026-09-21 08:00:00,201.9189,40771.242
2026-09-21 09:00:00,207.91539,43228.81
2026-09-21 10:00:00,211.49863,44731.668
2026-09-21 11:00:00,213.48741,45576.875
2026-09-21 12:00:00,210.27592,44215.965
2026-09-21 13:00:00,211.1527,44585.46
2026-09-21 14:00:00,213.55109,45604.066
2026-09-21 15:00:00,214.11485,45845.17
2026-09-21 16:00:00,214.41107,45972.11
2026-09-21 17:00:00,214.85403,46162.258
2026-09-21 18:00:00,214.76831,46125.426
2026-09-21 19:00:00,214.99265,46221.836
2026-09-21 20:00:00,213.77307,45698.926
2026-09-21 21:00:00,210.47998,44301.82
2026-09-21 22:00:00,206.43561,42615.66
2026-09-21 23:00:00,201.86504,40749.492
2026-09-22 00:00:00,194.71748,37914.9
2026-09-22 01:00:00,189.06349,35745.004
2026-09-22 02:00:00,186.45227,34764.45
2026-09-22 03:00:00,183.34735,33616.25
2026-09-22 04:00:00,182.68327,33373.18
2026-09-22 05:00:00,184.00766,33858.82
2026-09-22 06:00:00,183.9325,33831.164
2026-09-22 07:00:00,189.51454,35915.76
2026-09-22 08:00:00,204.27245,41727.23
2026-09-22 09:00:00,209.1483,43743.01
2026-09-22 10:00:00,211.97461,44933.234
2026-09-22 11:00:00,213.66772,45653.9
2026-09-22 12:00:00,211.74905,44837.66
2026-09-22 13:00:00,213.12285,45421.348
2026-09-22 14:00:00,216.03638,46671.715
2026-09-22 15:00:00,216.4973,46871.082
2026-09-22 16:00:00,216.69658,46957.406
2026-09-22 17:00:00,216.63026,46928.67
2026-09-22 18:00:00,215.82254,46579.367
2026-09-22 19:00:00,215.42363,46407.34
2026-09-22 20:00:00,214.50914,46014.17
2026-09-22 21:00:00,211.50175,44732.992
2026-09-22 22:00:00,206.73827,42740.71
2026-09-22 23:00:00,201.7661,40709.56
2026-09-23 00:00:00,195.45528,38202.766
2026-09-23 01:00:00,190.42859,36263.047
2026-09-23 02:00:00,187.02832,34979.594
2026-09-23 03:00:00,183.6182,33715.64
2026-09-23 04:00:00,182.9287,33462.906
2026-09-23 05:00:00,184.26497,33953.58
2026-09-23 06:00:00,185.03293,34237.184
2026-09-23 07:00:00,189.9535,36082.336
2026-09-23 08:00:00,204.79456,41940.81
2026-09-23 09:00:00,209.2095,43768.617
2026-09-23 10:00:00,211.81891,44867.25
2026-09-23 11:00:00,213.90569,45755.64
2026-09-23 12:00:00,211.6486,44795.133
2026-09-23 13:00:00,212.59215,45195.42
2026-09-23 14:00:00,215.63847,46499.953
2026-09-23 15:00:00,216.30116,46786.19
2026-09-23 16:00:00,216.20656,46745.277
2026-09-23 17:00:00,216.18193,46734.63
2026-09-23 18:00:00,216.14888,46720.34
2026-09-23 19:00:00,216.23003,46755.426
2026-09-23 20:00:00,215.24182,46329.043
2026-09-23 21:00:00,211.78401,44852.47
2026-09-23 22:00:00,206.99248,42845.887
2026-09-23 23:00:00,201.98357,40797.36
2026-09-24 00:00:00,196.82756,38741.09
2026-09-24 01:00:00,190.54642,36307.938
2026-09-24 02:00:00,187.85481,35289.43
2026-09-24 03:00:00,183.54343,33688.188
2026-09-24 04:00:00,182.94423,33468.59
2026-09-24 05:00:00,184.304,33967.965
2026-09-24 06:00:00,184.0631,33879.223
2026-09-24 07:00:00,190.68498,36360.76
2026-09-24 08:00:00,205.28653,42142.56
2026-09-24 09:00:00,209.56557,43917.727
2026-09-24 10:00:00,212.11145,44991.266
2026-09-24 11:00:00,214.30623,45927.16
2026-09-24 12:00:00,211.83627,44874.605
2026-09-24 13:00:00,212.84998,45305.113
2026-09-24 14:00:00,215.99248,46652.75
2026-09-24 15:00:00,216.34247,46804.062
2026-09-24 16:00:00,216.26697,46771.402
2026-09-24 17:00:00,216.69246,46955.62
2026-09-24 18:00:00,217.28314,47211.965
2026-09-24 19:00:00,216.39125,46825.17
2026-09-24 20:00:00,215.34436,46373.195
2026-09-24 21:00:00,212.77222,45272.016
2026-09-24 22:00:00,207.83229,43194.26
2026-09-24 23:00:00,203.53125,41424.97
2026-09-25 00:00:00,196.95583,38791.598
2026-09-25 01:00:00,190.95074,36462.188
2026-09-25 02:00:00,187.51752,35162.82
2026-09-25 03:00:00,183.06894,33514.24
2026-09-25 04:00:00,182.38797,33265.37
2026-09-25 05:00:00,183.46356,33658.88
2026-09-25 06:00:00,184.05478,33876.16
2026-09-25 07:00:00,190.20155,36176.633
2026-09-25 08:00:00,205.63437,42285.492
2026-09-25 09:00:00,209.51936,43898.363
2026-09-25 10:00:00,211.79025,44855.11
2026-09-25 11:00:00,213.68867,45662.85
2026-09-25 12:00:00,211.37152,44677.918
2026-09-25 13:00:00,211.43123,44703.164
2026-09-25 14:00:00,215.21715,46318.42
2026-09-25 15:00:00,216.16466,46727.16
2026-09-25 16:00:00,215.97414,46644.83
2026-09-25 17:00:00,217.23666,47191.77
2026-09-25 18:00:00,216.84001,47019.59
2026-09-25 19:00:00,215.95795,46637.836
2026-09-25 20:00:00,215.2046,46313.023
2026-09-25 21:00:00,212.68954,45236.844
2026-09-25 22:00:00,208.10133,43306.164
2026-09-25 23:00:00,203.14429,41267.6
2026-09-26 00:00:00,193.6675,37507.098
2026-09-26 01:00:00,189.19518,35794.812
2026-09-26 02:00:00,185.93956,34573.52
2026-09-26 03:00:00,182.31593,33239.098
2026-09-26 04:00:00,181.86009,33073.094
2026-09-26 05:00:00,182.71501,33384.777
2026-09-26 06:00:00,183.42305,33644.016
2026-09-26 07:00:00,184.62314,34085.703
2026-09-26 08:00:00,193.64882,37499.863
2026-09-26 09:00:00,200.04004,40016.016
2026-09-26 10:00:00,203.65218,41474.207
2026-09-26 11:00:00,206.37296,42589.797
2026-09-26 12:00:00,204.20839,41701.066
2026-09-26 13:00:00,204.68777,41897.086
2026-09-26 14:00:00,206.91217,42812.645
2026-09-26 15:00:00,207.15001,42911.125
2026-09-26 16:00:00,207.92014,43230.78
2026-09-26 17:00:00,209.71057,43978.523
2026-09-26 18:00:00,209.88698,44052.543
2026-09-26 19:00:00,210.01729,44107.26
2026-09-26 20:00:00,208.8701,43626.72
2026-09-26 21:00:00,205.43446,42203.32
2026-09-26 22:00:00,200.30162,40120.74
2026-09-26 23:00:00,195.55453,38241.574
2026-09-27 00:00:00,187.07198,34995.926
2026-09-27 01:00:00,183.72937,33756.48
2026-09-27 02:00:00,180.47464,32571.096
2026-09-27 03:00:00,177.44643,31487.234
2026-09-27 04:00:00,177.04243,31344.023
2026-09-27 05:00:00,176.89778,31292.824
2026-09-27 06:00:00,174.51349,30454.957
2026-09-27 07:00:00,172.03273,29595.26
2026-09-27 08:00:00,176.25977,31067.506
2026-09-27 09:00:00,178.88852,32001.102
2026-09-27 10:00:00,185.23608,34312.406
2026-09-27 11:00:00,188.1162,35387.703
2026-09-27 12:00:00,187.66463,35218.01
2026-09-27 13:00:00,189.88101,36054.797
2026-09-27 14:00:00,190.60486,36330.21
2026-09-27 15:00:00,191.15636,36540.754
2026-09-27 16:00:00,191.94196,36841.715
2026-09-27 17:00:00,196.42085,38581.152
2026-09-27 18:00:00,201.11649,40447.84
2026-09-27 19:00:00,202.37764,40956.71
2026-09-27 20:00:00,202.63535,41061.082
2026-09-27 21:00:00,198.84186,39538.086
2026-09-27 22:00:00,194.79358,37944.54
2026-09-27 23:00:00,187.20541,35045.867
2026-09-28 00:00:00,188.34215,35472.766
2026-09-28 01:00:00,183.52481,33681.355
2026-09-28 02:00:00,180.50995,32583.842
2026-09-28 03:00:00,178.39468,31824.664
2026-09-28 04:00:00,175.81589,30911.227
2026-09-28 05:00:00,176.9866,31324.258
2026-09-28 06:00:00,179.45406,32203.758
2026-09-28 07:00:00,184.30525,33968.426
2026-09-28 08:00:00,200.56256,40225.34
2026-09-28 09:00:00,206.16353,42503.402
2026-09-28 10:00:00,209.70699,43977.02
2026-09-28 11:00:00,211.6068,44777.438
2026-09-28 12:00:00,208.90553,43641.523
2026-09-28 13:00:00,209.95851,44082.58
2026-09-28 14:00:00,212.77243,45272.105
2026-09-28 15:00:00,212.98259,45361.582
2026-09-28 16:00:00,213.7648,45695.39
2026-09-28 17:00:00,214.23363,45896.047
2026-09-28 18:00:00,213.9078,45756.55
2026-09-28 19:00:00,214.2367,45897.36
2026-09-28 20:00:00,213.43626,45555.04
2026-09-28 21:00:00,210.23273,44197.8
2026-09-28 22:00:00,206.09561,42475.402
2026-09-28 23:00:00,201.61354,40648.02
2026-09-29 00:00:00,194.29895,37752.082
2026-09-29 01:00:00,188.5781,35561.7
2026-09-29 02:00:00,186.09615,34631.777
2026-09-29 03:00:00,182.76463,33402.91
2026-09-29 04:00:00,181.98215,33117.5
2026-09-29 05:00:00,183.20267,33563.22
2026-09-29 06:00:00,183.10463,33527.305
2026-09-29 07:00:00,188.36726,35482.227
2026-09-29 08:00:00,202.89488,41166.332
2026-09-29 09:00:00,207.35414,42995.74
2026-09-29 10:00:00,210.48143,44302.434
2026-09-29 11:00:00,212.21251,45034.15
2026-09-29 12:00:00,209.57803,43922.953
2026-09-29 13:00:00,210.3721,44256.42
2026-09-29 14:00:00,213.08481,45405.137
2026-09-29 15:00:00,213.50014,45582.31
2026-09-29 16:00:00,213.82219,45719.93
2026-09-29 17:00:00,214.21371,45887.516
2026-09-29 18:00:00,214.18066,45873.355
2026-09-29 19:00:00,214.26181,45908.125
2026-09-29 20:00:00,213.87354,45741.89
2026-09-29 21:00:00,210.20587,44186.508
2026-09-29 22:00:00,206.40343,42602.375
2026-09-29 23:00:00,201.4718,40590.887
2026-09-30 00:00:00,194.80862,37950.4
2026-09-30 01:00:00,189.67287,35975.797
2026-09-30 02:00:00,186.35031,34726.438
2026-09-30 03:00:00,182.956,33472.895
2026-09-30 04:00:00,182.15685,33181.117
2026-09-30 05:00:00,183.3951,33633.76
2026-09-30 06:00:00,183.33597,33612.08
2026-09-30 07:00:00,188.44566,35511.77
2026-09-30 08:00:00,203.18857,41285.594
2026-09-30 09:00:00,207.21446,42937.832
2026-09-30 10:00:00,210.41928,44276.273
2026-09-30 11:00:00,212.28658,45065.59
2026-09-30 12:00:00,209.13414,43737.09
2026-09-30 13:00:00,210.36783,44254.625
2026-09-30 14:00:00,213.14648,45431.42
2026-09-30 15:00:00,213.56181,45608.65
2026-09-30 16:00:00,213.92628,45764.457
2026-09-30 17:00:00,214.2374,45897.66
2026-09-30 18:00:00,214.20435,45883.5
2026-09-30 19:00:00,214.33107,45937.81
2026-09-30 20:00:00,213.89722,45752.02
2026-09-30 21:00:00,210.17317,44172.76
2026-09-30 22:00:00,205.49316,42227.44
2026-09-30 23:00:00,201.52457,40612.152
2026-10-01 00:00:00,191.70544,36750.977
2026-10-01 01:00:00,185.54651,34427.508
2026-10-01 02:00:00,182.08678,33155.594
2026-10-01 03:00:00,178.69656,31932.46
2026-10-01 04:00:00,178.65997,31919.387
2026-10-01 05:00:00,179.10315,32077.938
2026-10-01 06:00:00,179.737,32305.389
2026-10-01 07:00:00,186.1585,34654.984
2026-10-01 08:00:00,198.48877,39397.793
2026-10-01 09:00:00,202.70598,41089.715
2026-10-01 10:00:00,204.48164,41812.742
2026-10-01 11:00:00,204.95746,42007.56
2026-10-01 12:00:00,202.20076,40885.15
2026-10-01 13:00:00,202.85739,41151.12
2026-10-01 14:00:00,205.09637,42064.523
2026-10-01 15:00:00,205.39366,42186.555
2026-10-01 16:00:00,207.064,42875.5
2026-10-01 17:00:00,207.9754,43253.77
2026-10-01 18:00:00,208.18123,43339.426
2026-10-01 19:00:00,208.06215,43289.86
2026-10-01 20:00:00,207.03998,42865.55
2026-10-01 21:00:00,204.804,41944.68
2026-10-01 22:00:00,199.66356,39865.535
2026-10-01 23:00:00,196.16373,38480.207
2026-10-02 00:00:00,191.42433,36643.273
2026-10-02 01:00:00,185.45105,34392.094
2026-10-02 02:00:00,181.88968,33083.855
2026-10-02 03:00:00,178.55974,31883.58
2026-10-02 04:00:00,178.57082,31887.537
2026-10-02 05:00:00,179.00568,32043.031
2026-10-02 06:00:00,179.6947,32290.186
2026-10-02 07:00:00,185.52951,34421.2
2026-10-02 08:00:00,198.17311,39272.582
2026-10-02 09:00:00,202.60457,41048.61
2026-10-02 10:00:00,204.18625,41692.023
2026-10-02 11:00:00,204.74913,41922.207
2026-10-02 12:00:00,201.41408,40567.63
2026-10-02 13:00:00,201.9816,40796.566
2026-10-02 14:00:00,205.2365,42122.02
2026-10-02 15:00:00,205.69087,42308.734
2026-10-02 16:00:00,206.87048,42795.4
2026-10-02 17:00:00,207.81932,43188.87
2026-10-02 18:00:00,208.02263,43273.414
2026-10-02 19:00:00,207.81726,43188.016
2026-10-02 20:00:00,206.76347,42751.133
2026-10-02 21:00:00,204.11717,41663.82
2026-10-02 22:00:00,199.6581,39863.355
2026-10-02 23:00:00,195.52469,38229.902
2026-10-03 00:00:00,190.85199,36424.48
2026-10-03 01:00:00,185.65114,34466.344
2026-10-03 02:00:00,181.12819,32807.42
2026-10-03 03:00:00,178.32053,31798.21
2026-10-03 04:00:00,178.31413,31795.93
2026-10-03 05:00:00,178.67188,31923.639
2026-10-03 06:00:00,179.13281,32088.564
2026-10-03 07:00:00,180.99754,32760.111
2026-10-03 08:00:00,189.83409,36036.98
2026-10-03 09:00:00,194.92989,37997.66
2026-10-03 10:00:00,198.99315,39598.273
2026-10-03 11:00:00,200.00627,40002.508
2026-10-03 12:00:00,197.5316,39018.734
2026-10-03 13:00:00,198.10197,39244.39
2026-10-03 14:00:00,199.925,39970.008
2026-10-03 15:00:00,200.25325,40101.363
2026-10-03 16:00:00,201.45398,40583.707
2026-10-03 17:00:00,202.5956,41044.977
2026-10-03 18:00:00,203.21983,41298.3
2026-10-03 19:00:00,203.13542,41264.0
2026-10-03 20:00:00,202.47144,40994.684
2026-10-03 21:00:00,200.35037,40140.273
2026-10-03 22:00:00,195.49391,38217.87
2026-10-03 23:00:00,191.1284,36530.066
2026-10-04 00:00:00,184.72784,34124.375
2026-10-04 01:00:00,181.10365,32798.53
2026-10-04 02:00:00,177.83461,31625.148
2026-10-04 03:00:00,174.57455,30476.275
2026-10-04 04:00:00,174.36188,30402.064
2026-10-04 05:00:00,173.88495,30235.975
2026-10-04 06:00:00,172.63689,29803.494
2026-10-04 07:00:00,170.31139,29005.969
2026-10-04 08:00:00,173.49477,30100.434
2026-10-04 09:00:00,177.2795,31428.02
2026-10-04 10:00:00,181.95784,33108.656
2026-10-04 11:00:00,183.9441,33835.434
2026-10-04 12:00:00,183.61789,33715.53
2026-10-04 13:00:00,184.65266,34096.605
2026-10-04 14:00:00,185.54903,34428.44
2026-10-04 15:00:00,186.55934,34804.387
2026-10-04 16:00:00,187.49907,35155.902
2026-10-04 17:00:00,191.25099,36576.94
2026-10-04 18:00:00,196.00902,38419.535
2026-10-04 19:00:00,197.66614,39071.902
2026-10-04 20:00:00,197.179,38879.56
2026-10-04 21:00:00,193.83344,37571.402
2026-10-04 22:00:00,189.9303,36073.52
2026-10-04 23:00:00,184.1867,33924.742
2026-10-05 00:00:00,183.51535,33677.883
2026-10-05 01:00:00,179.52298,32228.5
2026-10-05 02:00:00,175.08627,30655.203
2026-10-05 03:00:00,173.76645,30194.78
2026-10-05 04:00:00,172.2631,29674.578
2026-10-05 05:00:00,172.66795,29814.223
2026-10-05 06:00:00,175.57292,30825.852
2026-10-05 07:00:00,180.84558,32705.125
2026-10-05 08:00:00,195.80177,38338.336
2026-10-05 09:00:00,201.44774,40581.19
2026-10-05 10:00:00,203.86014,41558.957
2026-10-05 11:00:00,204.83818,41958.68
2026-10-05 12:00:00,201.88991,40759.535
2026-10-05 13:00:00,202.82133,41136.492
2026-10-05 14:00:00,205.06018,42049.676
2026-10-05 15:00:00,205.40495,42191.195
2026-10-05 16:00:00,206.37352,42590.03
2026-10-05 17:00:00,207.44962,43035.344
2026-10-05 18:00:00,207.53691,43071.57
2026-10-05 19:00:00,207.39702,43013.523
2026-10-05 20:00:00,206.20834,42521.883
2026-10-05 21:00:00,204.00044,41616.18
2026-10-05 22:00:00,199.74974,39899.957
2026-10-05 23:00:00,195.37901,38172.957
2026-10-06 00:00:00,190.18367,36169.83
2026-10-06 01:00:00,184.83597,34164.336
2026-10-06 02:00:00,181.0265,32770.594
2026-10-06 03:00:00,178.47821,31854.47
2026-10-06 04:00:00,178.47182,31852.19
2026-10-06 05:00:00,178.96013,32026.729
2026-10-06 06:00:00,179.73154,32303.426
2026-10-06 07:00:00,185.04013,34239.85
2026-10-06 08:00:00,198.26097,39307.414
2026-10-06 09:00:00,203.10225,41250.523
2026-10-06 10:00:00,204.7037,41903.605
2026-10-06 11:00:00,205.14348,42083.848
2026-10-06 12:00:00,202.38301,40958.883
2026-10-06 13:00:00,203.2116,41294.953
2026-10-06 14:00:00,205.04868,42044.96
2026-10-06 15:00:00,205.4529,42210.89
2026-10-06 16:00:00,207.15501,42913.2
2026-10-06 17:00:00,208.33408,43403.086
2026-10-06 18:00:00,208.30219,43389.8
2026-10-06 19:00:00,208.01576,43270.56
2026-10-06 20:00:00,206.85312,42788.21
2026-10-06 21:00:00,204.57724,41851.848
2026-10-06 22:00:00,200.0177,40007.082
2026-10-06 23:00:00,195.63972,38274.902
2026-10-07 00:00:00,190.99196,36477.93
2026-10-07 01:00:00,185.9405,34573.87
2026-10-07 02:00:00,181.75879,33036.258
2026-10-07 03:00:00,179.00069,32041.246
2026-10-07 04:00:00,178.9943,32038.957
2026-10-07 05:00:00,179.3408,32163.125
2026-10-07 06:00:00,180.01881,32406.773
2026-10-07 07:00:00,185.22052,34306.64
2026-10-07 08:00:00,198.09265,39240.7
2026-10-07 09:00:00,202.81964,41135.81
2026-10-07 10:00:00,204.97803,42015.992
2026-10-07 11:00:00,205.59128,42267.773
2026-10-07 12:00:00,202.41264,40970.88
2026-10-07 13:00:00,202.87044,41156.414
2026-10-07 14:00:00,205.61557,42277.76
2026-10-07 15:00:00,206.02306,42445.5
2026-10-07 16:00:00,207.08646,42884.8
2026-10-07 17:00:00,207.9393,43238.754
2026-10-07 18:00:00,208.25328,43369.43
2026-10-07 19:00:00,207.94928,43242.902
2026-10-07 20:00:00,206.89346,42804.906
2026-10-07 21:00:00,204.59915,41860.812
2026-10-07 22:00:00,199.82062,39928.277
2026-10-07 23:00:00,195.60243,38260.312
2026-10-08 00:00:00,191.58786,36705.906
2026-10-08 01:00:00,185.4416,34388.59
2026-10-08 02:00:00,181.9692,33112.785
2026-10-08 03:00:00,178.64421,31913.754
2026-10-08 04:00:00,178.65529,31917.713
2026-10-08 05:00:00,179.10315,32077.938
2026-10-08 06:00:00,179.77904,32320.502
2026-10-08 07:00:00,186.18034,34663.12
2026-10-08 08:00:00,198.39151,39359.19
2026-10-08 09:00:00,202.67519,41077.23
2026-10-08 10:00:00,204.25743,41721.098
2026-10-08 11:00:00,205.41534,42195.465
2026-10-08 12:00:00,202.13255,40857.57
2026-10-08 13:00:00,202.70401,41088.914
2026-10-08 14:00:00,204.76051,41926.867
2026-10-08 15:00:00,205.24445,42125.28
2026-10-08 16:00:00,206.87709,42798.13
2026-10-08 17:00:00,207.80571,43183.215
2026-10-08 18:00:00,208.03201,43277.32
2026-10-08 19:00:00,207.8927,43219.375
2026-10-08 20:00:00,206.54321,42660.098
2026-10-08 21:00:00,204.52234,41829.387
2026-10-08 22:00:00,199.9187,39967.49
2026-10-08 23:00:00,196.04614,38434.09
2026-10-09 00:00:00,191.30681,36598.297
2026-10-09 01:00:00,185.13744,34275.87
2026-10-09 02:00:00,181.6777,33006.79
2026-10-09 03:00:00,178.3684,31815.283
2026-10-09 04:00:00,178.37947,31819.236
2026-10-09 05:00:00,178.82141,31977.098
2026-10-09 06:00:00,179.51602,32226.002
2026-10-09 07:00:00,185.28947,34332.188
2026-10-09 08:00:00,198.08336,39237.016
2026-10-09 09:00:00,202.42159,40974.5
2026-10-09 10:00:00,204.49721,41819.11
2026-10-09 11:00:00,205.06287,42050.777
2026-10-09 12:00:00,201.49318,40599.5
2026-10-09 13:00:00,201.45224,40583.004
2026-10-09 14:00:00,205.0773,42056.7
2026-10-09 15:00:00,205.42853,42200.88
2026-10-09 16:00:00,206.66148,42708.97
2026-10-09 17:00:00,207.63329,43111.582
2026-10-09 18:00:00,207.85193,43202.426
2026-10-09 19:00:00,207.73836,43155.227
2026-10-09 20:00:00,206.0099,42440.082
2026-10-09 21:00:00,204.18799,41692.734
2026-10-09 22:00:00,199.72006,39888.1
2026-10-09 23:00:00,195.41754,38188.016
2026-10-10 00:00:00,190.76425,36391.0
2026-10-10 01:00:00,185.04836,34242.895
2026-10-10 02:00:00,180.81389,32693.662
2026-10-10 03:00:00,178.27861,31783.264
2026-10-10 04:00:00,178.27222,31780.982
2026-10-10 05:00:00,178.67336,31924.168
2026-10-10 06:00:00,179.01878,32047.725
2026-10-10 07:00:00,180.97205,32750.88
2026-10-10 08:00:00,189.82672,36034.184
2026-10-10 09:00:00,194.87254,37975.31
2026-10-10 10:00:00,198.31241,39327.812
2026-10-10 11:00:00,198.88142,39553.82
2026-10-10 12:00:00,196.1067,38457.84
2026-10-10 13:00:00,196.92845,38780.816
2026-10-10 14:00:00,198.92102,39569.574
2026-10-10 15:00:00,199.14284,39657.87
2026-10-10 16:00:00,200.66884,40267.984
2026-10-10 17:00:00,201.94568,40782.06
2026-10-10 18:00:00,202.88657,41162.957
2026-10-10 19:00:00,202.87672,41158.965
2026-10-10 20:00:00,201.6685,40670.184
2026-10-10 21:00:00,199.39673,39759.055
2026-10-10 22:00:00,195.14838,38082.89
2026-10-10 23:00:00,191.03308,36493.637
2026-10-11 00:00:00,184.62595,34086.74
2026-10-11 01:00:00,180.812,32692.979
2026-10-11 02:00:00,177.53555,31518.873
2026-10-11 03:00:00,174.87029,30579.617
2026-10-11 04:00:00,174.92903,30600.166
2026-10-11 05:00:00,173.8778,30233.492
2026-10-11 06:00:00,172.44911,29738.695
2026-10-11 07:00:00,170.14655,28949.848
2026-10-11 08:00:00,173.38905,30063.764
2026-10-11 09:00:00,177.12685,31373.92
2026-10-11 10:00:00,181.46494,32929.523
2026-10-11 11:00:00,183.52246,33680.492
2026-10-11 12:00:00,182.7704,33405.02
2026-10-11 13:00:00,184.33276,33978.566
2026-10-11 14:00:00,185.08334,34255.844
2026-10-11 15:00:00,185.61263,34452.047
2026-10-11 16:00:00,186.66986,34845.637
2026-10-11 17:00:00,191.16612,36544.49
2026-10-11 18:00:00,196.12112,38463.496
2026-10-11 19:00:00,197.30075,38927.586
2026-10-11 20:00:00,196.69348,38688.324
2026-10-11 21:00:00,193.50728,37445.066
2026-10-11 22:00:00,189.70656,35988.58
2026-10-11 23:00:00,184.09953,33892.637
2026-10-12 00:00:00,184.09576,33891.25
2026-10-12 01:00:00,180.08731,32431.44
2026-10-12 02:00:00,175.63124,30846.332
2026-10-12 03:00:00,174.19853,30345.129
2026-10-12 04:00:00,172.70792,29828.023
2026-10-12 05:00:00,173.51607,30107.826
2026-10-12 06:00:00,176.37825,31109.287
2026-10-12 07:00:00,181.60623,32980.824
2026-10-12 08:00:00,196.81061,38734.414
2026-10-12 09:00:00,202.14124,40861.08
2026-10-12 10:00:00,204.44324,41797.04
2026-10-12 11:00:00,205.12181,42074.957
2026-10-12 12:00:00,201.53137,40614.895
2026-10-12 13:00:00,202.25966,40908.97
2026-10-12 14:00:00,204.3412,41755.33
2026-10-12 15:00:00,205.00468,42026.92
2026-10-12 16:00:00,206.15016,42497.89
2026-10-12 17:00:00,207.29416,42970.867
2026-10-12 18:00:00,207.57458,43087.207
2026-10-12 19:00:00,207.43494,43029.254
2026-10-12 20:00:00,206.06154,42461.36
2026-10-12 21:00:00,204.47913,41811.715
2026-10-12 22:00:00,200.53217,40213.15
2026-10-12 23:00:00,196.34901,38552.934
2026-10-13 00:00:00,190.1736,36165.996
2026-10-13 01:00:00,185.12708,34272.035
2026-10-13 02:00:00,181.17743,32825.26
2026-10-13 03:00:00,178.53958,31876.383
2026-10-13 04:00:00,178.69696,31932.604
2026-10-13 05:00:00,179.1896,32108.914
2026-10-13 06:00:00,179.80423,32329.56
2026-10-13 07:00:00,185.15028,34280.63
2026-10-13 08:00:00,198.61298,39447.113
2026-10-13 09:00:00,202.63028,41059.03
2026-10-13 10:00:00,204.49501,41818.21
2026-10-13 11:00:00,205.03223,42038.215
2026-10-13 12:00:00,201.42244,40571.0
2026-10-13 13:00:00,202.18024,40876.848
2026-10-13 14:00:00,204.68867,41897.453
2026-10-13 15:00:00,205.20518,42109.168
2026-10-13 16:00:00,206.4143,42606.867
2026-10-13 17:00:00,208.0865,43299.992
2026-10-13 18:00:00,208.25961,43372.066
2026-10-13 19:00:00,208.06888,43292.656
2026-10-13 20:00:00,206.4575,42624.7
2026-10-13 21:00:00,204.51039,41824.5
2026-10-13 22:00:00,199.73769,39895.145
2026-10-13 23:00:00,195.69585,38296.863
2026-10-14 00:00:00,191.08998,36515.383
2026-10-14 01:00:00,185.86389,34545.387
2026-10-14 02:00:00,181.56416,32965.547
2026-10-14 03:00:00,178.98007,32033.865
2026-10-14 04:00:00,178.98412,32035.314
2026-10-14 05:00:00,179.60107,32256.545
2026-10-14 06:00:00,180.23312,32483.979
2026-10-14 07:00:00,185.50925,34413.68
2026-10-14 08:00:00,198.28845,39318.31
2026-10-14 09:00:00,202.69002,41083.242
2026-10-14 10:00:00,204.57993,41852.945
2026-10-14 11:00:00,204.96437,42010.395
2026-10-14 12:00:00,201.48294,40595.375
2026-10-14 13:00:00,202.00745,40807.008
2026-10-14 14:00:00,204.74788,41921.695
2026-10-14 15:00:00,205.23412,42121.043
2026-10-14 16:00:00,206.39755,42599.95
2026-10-14 17:00:00,208.12347,43315.38
2026-10-14 18:00:00,208.25247,43369.094
2026-10-14 19:00:00,208.09593,43303.918
2026-10-14 20:00:00,206.61955,42691.64
2026-10-14 21:00:00,204.4273,41790.523
2026-10-14 22:00:00,199.93605,39974.426
2026-10-14 23:00:00,195.74812,38317.33
2026-10-15 00:00:00,191.74464,36766.008
2026-10-15 01:00:00,185.59285,34444.707
2026-10-15 02:00:00,181.98654,33119.1
2026-10-15 03:00:00,178.76389,31956.527
2026-10-15 04:00:00,178.78769,31965.037
2026-10-15 05:00:00,179.25948,32133.959
2026-10-15 06:00:00,179.83699,32341.344
2026-10-15 07:00:00,186.45677,34766.13
2026-10-15 08:00:00,198.50998,39406.21
2026-10-15 09:00:00,202.45302,40987.223
2026-10-15 10:00:00,204.27129,41726.758
2026-10-15 11:00:00,204.77332,41932.11
2026-10-15 12:00:00,201.29253,40518.68
2026-10-15 13:00:00,201.82297,40732.51
2026-10-15 14:00:00,204.72324,41911.6
2026-10-15 15:00:00,205.23253,42120.39
2026-10-15 16:00:00,206.37593,42591.023
2026-10-15 17:00:00,207.93538,43237.12
2026-10-15 18:00:00,208.07953,43297.09
2026-10-15 19:00:00,208.06813,43292.348
2026-10-15 20:00:00,206.25346,42540.492
2026-10-15 21:00:00,204.58403,41854.625
2026-10-15 22:00:00,199.74417,39897.734
2026-10-15 23:00:00,196.14311,38472.12
2026-10-16 00:00:00,191.42389,36643.105
2026-10-16 01:00:00,185.32764,34346.332
2026-10-16 02:00:00,181.7029,33015.94
2026-10-16 03:00:00,178.49591,31860.791
2026-10-16 04:00:00,178.50699,31864.744
2026-10-16 05:00:00,178.96242,32027.547
2026-10-16 06:00:00,179.61107,32260.137
2026-10-16 07:00:00,185.55293,34429.89
2026-10-16 08:00:00,198.14201,39260.258
2026-10-16 09:00:00,202.30919,40929.008
2026-10-16 10:00:00,204.1572,41680.16
2026-10-16 11:00:00,204.73232,41915.32
2026-10-16 12:00:00,200.79515,40318.69
2026-10-16 13:00:00,201.59517,40640.613
2026-10-16 14:00:00,204.73666,41917.1
2026-10-16 15:00:00,205.28055,42140.1
2026-10-16 16:00:00,206.96371,42833.98
2026-10-16 17:00:00,207.88202,43214.934
2026-10-16 18:00:00,208.14624,43324.855
2026-10-16 19:00:00,207.94084,43239.395
2026-10-16 20:00:00,206.92139,42816.46
2026-10-16 21:00:00,204.23593,41712.316
2026-10-16 22:00:00,199.60007,39840.188
2026-10-16 23:00:00,195.53462,38233.79
2026-10-17 00:00:00,190.88492,36437.05
2026-10-17 01:00:00,185.32991,34347.176
2026-10-17 02:00:00,181.13812,32811.02
2026-10-17 03:00:00,178.46237,31848.818
2026-10-17 04:00:00,178.41673,31832.531
2026-10-17 05:00:00,178.6953,31932.01
2026-10-17 06:00:00,179.1034,32078.025
2026-10-17 07:00:00,181.18471,32827.9
2026-10-17 08:00:00,189.69089,35982.633
2026-10-17 09:00:00,194.72002,37915.887
2026-10-17 10:00:00,198.42671,39373.16
2026-10-17 11:00:00,199.2005,39680.84
2026-10-17 12:00:00,196.35455,38555.11
2026-10-17 13:00:00,196.8239,38739.65
2026-10-17 14:00:00,198.75652,39504.152
2026-10-17 15:00:00,199.55296,39821.387
2026-10-17 16:00:00,200.72084,40288.855
2026-10-17 17:00:00,201.79453,40721.03
2026-10-17 18:00:00,203.05783,41232.484
2026-10-17 19:00:00,203.18053,41282.33
2026-10-17 20:00:00,201.82242,40732.29
2026-10-17 21:00:00,199.73575,39894.37
2026-10-17 22:00:00,195.20772,38106.055
2026-10-17 23:00:00,191.12091,36527.203
2026-10-18 00:00:00,184.67667,34105.473
2026-10-18 01:00:00,180.86913,32713.64
2026-10-18 02:00:00,177.68904,31573.395
2026-10-18 03:00:00,174.29256,30377.895
2026-10-18 04:00:00,174.30363,30381.758
2026-10-18 05:00:00,173.88823,30237.117
2026-10-18 06:00:00,172.61238,29795.033
2026-10-18 07:00:00,170.41727,29042.045
2026-10-18 08:00:00,173.51657,30108.0
2026-10-18 09:00:00,177.18803,31395.6
2026-10-18 10:00:00,181.7774,33043.023
2026-10-18 11:00:00,183.60468,33710.676
2026-10-18 12:00:00,182.86272,33438.773
2026-10-18 13:00:00,184.37828,33995.35
2026-10-18 14:00:00,185.10722,34264.684
2026-10-18 15:00:00,185.66852,34472.797
2026-10-18 16:00:00,186.69331,34854.395
2026-10-18 17:00:00,190.74347,36383.07
2026-10-18 18:00:00,195.42726,38191.816
2026-10-18 19:00:00,196.92401,38779.066
2026-10-18 20:00:00,196.89087,38766.016
2026-10-18 21:00:00,193.28357,37358.54
2026-10-18 22:00:00,189.65991,35970.883
2026-10-18 23:00:00,184.07758,33884.555
2026-10-19 00:00:00,183.47842,33664.332
2026-10-19 01:00:00,179.49902,32219.9
2026-10-19 02:00:00,175.18861,30691.05
2026-10-19 03:00:00,173.90219,30241.973
2026-10-19 04:00:00,172.36545,29709.848
2026-10-19 05:00:00,172.80173,29860.438
2026-10-19 06:00:00,175.64279,30850.39
2026-10-19 07:00:00,180.79446,32686.639
2026-10-19 08:00:00,195.78568,38332.03
2026-10-19 09:00:00,201.18407,40475.027
2026-10-19 10:00:00,203.66338,41478.77
2026-10-19 11:00:00,204.47148,41808.586
2026-10-19 12:00:00,201.16626,40467.863
2026-10-19 13:00:00,201.99458,40801.812
2026-10-19 14:00:00,204.44878,41799.3
2026-10-19 15:00:00,204.92982,41996.234
2026-10-19 16:00:00,206.07956,42468.785
2026-10-19 17:00:00,207.11192,42895.348
2026-10-19 18:00:00,207.4033,43016.133
2026-10-19 19:00:00,206.93669,42822.793
2026-10-19 20:00:00,206.02824,42447.637
2026-10-19 21:00:00,203.74911,41513.703
2026-10-19 22:00:00,199.38191,39753.15
2026-10-19 23:00:00,195.37152,38170.03
2026-10-20 00:00:00,190.41899,36259.39
2026-10-20 01:00:00,185.04858,34242.977
2026-10-20 02:00:00,181.14136,32812.19
2026-10-20 03:00:00,178.61803,31904.4
2026-10-20 04:00:00,178.64706,31914.773
2026-10-20 05:00:00,179.15355,32095.994
2026-10-20 06:00:00,179.76141,32314.166
2026-10-20 07:00:00,185.0541,34245.016
2026-10-20 08:00:00,198.39609,39361.008
2026-10-20 09:00:00,202.73087,41099.805
2026-10-20 10:00:00,204.53503,41834.582
2026-10-20 11:00:00,205.06497,42051.645
2026-10-20 12:00:00,202.0414,40820.727
2026-10-20 13:00:00,202.64587,41065.35
2026-10-20 14:00:00,205.00023,42025.094
2026-10-20 15:00:00,205.42276,42198.51
2026-10-20 16:00:00,207.02077,42857.598
2026-10-20 17:00:00,208.1156,43312.1
2026-10-20 18:00:00,208.33424,43403.156
2026-10-20 19:00:00,208.1777,43337.957
2026-10-20 20:00:00,207.20229,42932.79
2026-10-20 21:00:00,204.7605,41926.863
2026-10-20 22:00:00,199.80066,39920.305
2026-10-20 23:00:00,195.81743,38344.465
2026-10-21 00:00:00,191.13751,36533.547
2026-10-21 01:00:00,185.82567,34531.18
2026-10-21 02:00:00,182.19444,33194.816
2026-10-21 03:00:00,179.78465,32322.521
2026-10-21 04:00:00,179.81215,32332.408
2026-10-21 05:00:00,180.37456,32534.98
2026-10-21 06:00:00,180.7344,32664.926
2026-10-21 07:00:00,185.77255,34511.44
2026-10-21 08:00:00,198.58421,39435.69
2026-10-21 09:00:00,202.63716,41061.82
2026-10-21 10:00:00,205.15913,42090.27
2026-10-21 11:00:00,205.39445,42186.883
2026-10-21 12:00:00,202.05824,40827.535
2026-10-21 13:00:00,202.67622,41077.652
2026-10-21 14:00:00,205.03802,42040.59
2026-10-21 15:00:00,206.01006,42440.145
2026-10-21 16:00:00,207.16844,42918.76
2026-10-21 17:00:00,208.13873,43321.73
2026-10-21 18:00:00,208.47583,43462.17
2026-10-21 19:00:00,208.20107,43347.684
2026-10-21 20:00:00,207.18877,42927.184
2026-10-21 21:00:00,204.72942,41914.133
2026-10-21 22:00:00,199.79349,39917.438
2026-10-21 23:00:00,195.74225,38315.027
2026-10-22 00:00:00,191.71538,36754.785
2026-10-22 01:00:00,185.56912,34435.9
2026-10-22 02:00:00,181.99438,33121.957
2026-10-22 03:00:00,178.78217,31963.062
2026-10-22 04:00:00,178.79324,31967.023
2026-10-22 05:00:00,179.36322,32171.164
2026-10-22 06:00:00,179.88452,32358.441
2026-10-22 07:00:00,186.32135,34715.645
2026-10-22 08:00:00,198.8838,39554.77
2026-10-22 09:00:00,202.62877,41058.418
2026-10-22 10:00:00,204.51857,41827.844
2026-10-22 11:00:00,205.07028,42053.82
2026-10-22 12:00:00,202.00366,40805.48
2026-10-22 13:00:00,202.6685,41074.523
2026-10-22 14:00:00,205.58182,42263.883
2026-10-22 15:00:00,206.0174,42443.168
2026-10-22 16:00:00,207.1906,42927.945
2026-10-22 17:00:00,208.30484,43390.906
2026-10-22 18:00:00,208.56516,43499.426
2026-10-22 19:00:00,208.15999,43330.582
2026-10-22 20:00:00,206.87909,42798.957
2026-10-22 21:00:00,204.80736,41946.055
2026-10-22 22:00:00,199.7853,39914.164
2026-10-22 23:00:00,196.17366,38484.105
2026-10-23 00:00:00,191.42389,36643.105
2026-10-23 01:00:00,185.26495,34323.1
2026-10-23 02:00:00,181.89961,33087.47
2026-10-23 03:00:00,178.49591,31860.791
2026-10-23 04:00:00,178.50699,31864.744
2026-10-23 05:00:00,179.04662,32057.691
2026-10-23 06:00:00,179.73013,32302.92
2026-10-23 07:00:00,185.73328,34496.85
2026-10-23 08:00:00,198.109,39247.17
2026-10-23 09:00:00,202.36087,40949.92
2026-10-23 10:00:00,204.85812,41966.85
2026-10-23 11:00:00,205.42336,42198.754
2026-10-23 12:00:00,201.58017,40634.566
2026-10-23 13:00:00,201.62871,40654.137
2026-10-23 14:00:00,205.43422,42203.22
2026-10-23 15:00:00,205.85854,42377.74
2026-10-23 16:00:00,206.99704,42847.773
2026-10-23 17:00:00,207.98616,43258.242
2026-10-23 18:00:00,208.31377,43394.625
2026-10-23 19:00:00,207.99898,43263.574
2026-10-23 20:00:00,206.97952,42840.523
2026-10-23 21:00:00,204.29407,41736.066
2026-10-23 22:00:00,199.61073,39844.445
2026-10-23 23:00:00,195.53462,38233.79
2026-10-24 00:00:00,190.85208,36424.516
2026-10-24 01:00:00,185.16974,34287.832
2026-10-24 02:00:00,181.13812,32811.02
2026-10-24 03:00:00,178.44193,31841.521
2026-10-24 04:00:00,178.3893,31822.742
2026-10-24 05:00:00,178.6953,31932.01
2026-10-24 06:00:00,179.10808,32079.703
2026-10-24 07:00:00,181.17433,32824.137
2026-10-24 08:00:00,189.75592,36007.31
2026-10-24 09:00:00,194.71182,37912.695
2026-10-24 10:00:00,198.35869,39346.168
2026-10-24 11:00:00,199.79643,39918.613
2026-10-24 12:00:00,197.01978,38816.793
2026-10-24 13:00:00,197.0602,38832.723
2026-10-24 14:00:00,199.35014,39740.48
2026-10-24 15:00:00,200.3161,40126.54
2026-10-24 16:00:00,201.60365,40644.03
2026-10-24 17:00:00,202.61433,41052.57
2026-10-24 18:00:00,203.37848,41362.805
2026-10-24 19:00:00,203.18053,41282.33
2026-10-24 20:00:00,201.82242,40732.29
2026-10-24 21:00:00,199.57481,39830.105
2026-10-24 22:00:00,195.20427,38104.707
2026-10-24 23:00:00,191.12091,36527.203
2026-10-25 00:00:00,184.67667,34105.473
2026-10-25 01:00:00,180.85645,32709.055
2026-10-25 02:00:00,177.58672,31537.041
2026-10-25 03:00:00,174.29256,30377.895
2026-10-25 04:00:00,174.30363,30381.758
2026-10-25 05:00:00,173.95001,30258.607
2026-10-25 06:00:00,172.61238,29795.033
2026-10-25 07:00:00,170.4277,29045.602
2026-10-25 08:00:00,173.51657,30108.0
2026-10-25 09:00:00,177.20438,31401.39
2026-10-25 10:00:00,181.77272,33041.32
2026-10-25 11:00:00,183.80037,33782.574
2026-10-25 12:00:00,183.33478,33611.64
2026-10-25 13:00:00,184.3736,33993.62
2026-10-25 14:00:00,185.13924,34276.535
2026-10-25 15:00:00,185.67061,34473.574
2026-10-25 16:00:00,186.6954,34855.176
2026-10-25 17:00:00,191.08937,36515.15
2026-10-25 18:00:00,195.86987,38365.008
2026-10-25 19:00:00,197.06685,38835.344
2026-10-25 20:00:00,196.80347,38731.605
2026-10-25 21:00:00,192.83786,37186.44
2026-10-25 22:00:00,189.65991,35970.883
2026-10-25 23:00:00,183.93553,33832.28
2026-10-26 00:00:00,183.29507,33597.086
2026-10-26 01:00:00,179.60135,32256.645
2026-10-26 02:00:00,175.18861,30691.05
2026-10-26 03:00:00,173.86879,30230.355
2026-10-26 04:00:00,172.36545,29709.848
2026-10-26 05:00:00,172.80173,29860.438
2026-10-26 06:00:00,175.66014,30856.484
2026-10-26 07:00:00,180.79446,32686.639
2026-10-26 08:00:00,195.78568,38332.03
2026-10-26 09:00:00,201.11757,40448.277
2026-10-26 10:00:00,203.6554,41475.52
2026-10-26 11:00:00,204.47148,41808.586
2026-10-26 12:00:00,201.2815,40514.24
2026-10-26 13:00:00,202.2122,40889.777
2026-10-26 14:00:00,204.66971,41889.69
2026-10-26 15:00:00,205.02547,42035.44
2026-10-26 16:00:00,206.10449,42479.062
2026-10-26 17:00:00,207.2231,42941.414
2026-10-26 18:00:00,207.47118,43044.29
2026-10-26 19:00:00,207.19696,42930.582
2026-10-26 20:00:00,206.02824,42447.637
2026-10-26 21:00:00,203.67781,41484.652
2026-10-26 22:00:00,199.38191,39753.15
2026-10-26 23:00:00,195.3842,38174.984
2026-10-27 00:00:00,190.15707,36159.71
2026-10-27 01:00:00,184.92563,34197.49
2026-10-27 02:00:00,181.03883,32775.06
2026-10-27 03:00:00,178.51152,31866.363
2026-10-27 04:00:00,178.59233,31895.22
2026-10-27 05:00:00,179.07422,32067.576
2026-10-27 06:00:00,179.74713,32309.031
2026-10-27 07:00:00,185.02435,34234.01
2026-10-27 08:00:00,198.24684,39301.81
2026-10-27 09:00:00,202.0326,40817.168
2026-10-27 10:00:00,203.6503,41473.445
2026-10-27 11:00:00,204.82347,41952.656
2026-10-27 12:00:00,201.39972,40561.848
2026-10-27 13:00:00,201.87889,40755.086
2026-10-27 14:00:00,204.75171,41923.26
2026-10-27 15:00:00,205.36147,42173.332
2026-10-27 16:00:00,206.55121,42663.402
2026-10-27 17:00:00,208.19109,43343.527
2026-10-27 18:00:00,208.23604,43362.246
2026-10-27 19:00:00,207.43715,43030.17
2026-10-27 20:00:00,206.31216,42564.71
2026-10-27 21:00:00,203.94815,41594.848
2026-10-27 22:00:00,199.59196,39836.953
2026-10-27 23:00:00,195.58983,38255.383
2026-10-28 00:00:00,187.49324,35153.715
2026-10-28 01:00:00,182.06483,33147.605
2026-10-28 02:00:00,176.92767,31303.402
2026-10-28 03:00:00,174.42355,30423.576
2026-10-28 04:00:00,174.40608,30417.482
2026-10-28 05:00:00,174.90567,30591.994
2026-10-28 06:00:00,174.9802,30618.068
2026-10-28 07:00:00,180.22311,32480.371
2026-10-28 08:00:00,194.96294,38010.547
2026-10-28 09:00:00,198.98062,39593.29
2026-10-28 10:00:00,201.05508,40423.15
2026-10-28 11:00:00,201.49744,40601.22
2026-10-28 12:00:00,198.64737,39460.777
2026-10-28 13:00:00,199.17924,39672.37
2026-10-28 14:00:00,201.59639,40641.105
2026-10-28 15:00:00,202.21089,40889.246
2026-10-28 16:00:00,203.08672,41244.215
2026-10-28 17:00:00,204.87103,41972.14
2026-10-28 18:00:00,205.1663,42093.215
2026-10-28 19:00:00,204.30013,41738.543
2026-10-28 20:00:00,203.1357,41264.11
2026-10-28 21:00:00,201.61931,40650.344
2026-10-28 22:00:00,197.1559,38870.45
2026-10-28 23:00:00,192.31708,36985.86
2026-10-29 00:00:00,179.67924,32284.63
2026-10-29 01:00:00,174.28851,30376.486
2026-10-29 02:00:00,171.30597,29345.734
2026-10-29 03:00:00,168.86014,28513.746
2026-10-29 04:00:00,168.98357,28555.445
2026-10-29 05:00:00,169.25002,28645.568
2026-10-29 06:00:00,168.08917,28253.97
2026-10-29 07:00:00,173.78755,30202.113
2026-10-29 08:00:00,181.536,32955.316
2026-10-29 09:00:00,187.16663,35031.348
2026-10-29 10:00:00,189.8177,36030.76
2026-10-29 11:00:00,190.26842,36202.07
2026-10-29 12:00:00,187.12102,35014.273
2026-10-29 13:00:00,187.63321,35206.223
2026-10-29 14:00:00,190.67157,36355.65
2026-10-29 15:00:00,191.16748,36545.004
2026-10-29 16:00:00,192.18611,36935.5
2026-10-29 17:00:00,193.52707,37452.727
2026-10-29 18:00:00,193.76773,37545.934
2026-10-29 19:00:00,194.3125,37757.348
2026-10-29 20:00:00,193.17778,37317.656
2026-10-29 21:00:00,191.9259,36835.55
2026-10-29 22:00:00,187.79901,35268.47
2026-10-29 23:00:00,183.64494,33725.465
2026-10-30 00:00:00,187.80966,35272.47
2026-10-30 01:00:00,181.90022,33087.69
2026-10-30 02:00:00,177.18579,31394.805
2026-10-30 03:00:00,174.361,30401.756
2026-10-30 04:00:00,174.41331,30420.004
2026-10-30 05:00:00,174.8155,30560.46
2026-10-30 06:00:00,174.82811,30564.867
2026-10-30 07:00:00,180.86174,32710.969
2026-10-30 08:00:00,194.87624,37976.746
2026-10-30 09:00:00,198.91992,39569.137
2026-10-30 10:00:00,201.18451,40475.207
2026-10-30 11:00:00,201.83844,40738.754
2026-10-30 12:00:00,197.31447,38933.0
2026-10-30 13:00:00,197.32938,38938.883
2026-10-30 14:00:00,201.35187,40542.574
2026-10-30 15:00:00,201.64027,40658.8
2026-10-30 16:00:00,203.12906,41261.414
2026-10-30 17:00:00,205.34901,42168.22
2026-10-30 18:00:00,205.51602,42236.836
2026-10-30 19:00:00,205.33104,42160.836
2026-10-30 20:00:00,203.36781,41358.47
2026-10-30 21:00:00,201.53716,40617.227
2026-10-30 22:00:00,196.86285,38754.984
2026-10-30 23:00:00,192.114,36907.79
2026-10-31 00:00:00,191.38603,36628.613
2026-10-31 01:00:00,185.61522,34453.008
2026-10-31 02:00:00,181.43378,32918.215
2026-10-31 03:00:00,178.87509,31996.299
2026-10-31 04:00:00,178.34116,31805.568
2026-10-31 05:00:00,178.5318,31873.604
2026-10-31 06:00:00,179.45508,32204.125
2026-10-31 07:00:00,181.57599,32969.84
2026-10-31 08:00:00,189.62083,35956.062
2026-10-31 09:00:00,194.65067,37888.883
2026-10-31 10:00:00,198.1261,39253.95
2026-10-31 11:00:00,198.87059,39549.51
2026-10-31 12:00:00,196.20377,38495.918
2026-10-31 13:00:00,196.70737,38693.79
2026-10-31 14:00:00,198.6737,39471.242
2026-10-31 15:00:00,199.5159,39806.594
2026-10-31 16:00:00,200.81863,40328.125
2026-10-31 17:00:00,202.36388,40951.137
2026-10-31 18:00:00,203.22005,41298.387
2026-10-31 19:00:00,203.71358,41499.223
2026-10-31 20:00:00,202.209,40888.48
2026-10-31 21:00:00,199.99908,39999.633
2026-10-31 22:00:00,195.75737,38320.95
2026-10-31 23:00:00,191.65417,36731.324
2026-11-01 00:00:00,184.80954,34154.566
2026-11-01 01:00:00,181.05606,32781.297
2026-11-01 02:00:00,177.98933,31680.203
2026-11-01 03:00:00,174.98022,30618.078
2026-11-01 04:00:00,174.37668,30407.227
2026-11-01 05:00:00,174.66057,30506.314
2026-11-01 06:00:00,173.1386,29976.973
2026-11-01 07:00:00,170.90793,29209.52
2026-11-01 08:00:00,173.71127,30175.605
2026-11-01 09:00:00,177.22531,31408.81
2026-11-01 10:00:00,181.35167,32888.43
2026-11-01 11:00:00,182.86049,33437.957
2026-11-01 12:00:00,182.00671,33126.445
2026-11-01 13:00:00,184.04117,33871.152
2026-11-01 14:00:00,184.69455,34112.08
2026-11-01 15:00:00,184.98576,34219.734
2026-11-01 16:00:00,186.17789,34662.207
2026-11-01 17:00:00,191.98837,36859.535
2026-11-01 18:00:00,197.99174,39200.73
2026-11-01 19:00:00,196.73703,38705.46
2026-11-01 20:00:00,196.11333,38460.438
2026-11-01 21:00:00,192.87665,37201.402
2026-11-01 22:00:00,189.12677,35768.934
2026-11-01 23:00:00,184.48163,34033.473
2026-11-02 00:00:00,183.24675,33579.37
2026-11-02 01:00:00,179.52156,32227.99
2026-11-02 02:00:00,175.45297,30783.746
2026-11-02 03:00:00,174.39404,30413.281
2026-11-02 04:00:00,172.28568,29682.354
2026-11-02 05:00:00,173.29808,30032.225
2026-11-02 06:00:00,175.61778,30841.605
2026-11-02 07:00:00,181.34145,32884.72
2026-11-02 08:00:00,196.0036,38417.41
2026-11-02 09:00:00,202.25652,40907.7
2026-11-02 10:00:00,204.00214,41616.87
2026-11-02 11:00:00,204.54007,41836.64
2026-11-02 12:00:00,201.79692,40721.996
2026-11-02 13:00:00,203.30171,41331.586
2026-11-02 14:00:00,204.1521,41678.08
2026-11-02 15:00:00,204.87491,41973.727
2026-11-02 16:00:00,205.79816,42352.883
2026-11-02 17:00:00,208.09697,43304.348
2026-11-02 18:00:00,209.06775,43709.324
2026-11-02 19:00:00,207.22908,42943.89
2026-11-02 20:00:00,205.57986,42263.082
2026-11-02 21:00:00,203.99614,41614.426
2026-11-02 22:00:00,199.16896,39668.273
2026-11-02 23:00:00,194.88953,37981.926
2026-11-03 00:00:00,189.43166,35884.35
2026-11-03 01:00:00,184.10239,33893.688
2026-11-03 02:00:00,180.6523,32635.252
2026-11-03 03:00:00,178.46414,31849.45
2026-11-03 04:00:00,177.82526,31621.822
2026-11-03 05:00:00,178.83694,31982.652
2026-11-03 06:00:00,179.55772,32240.977
2026-11-03 07:00:00,185.48988,34406.496
2026-11-03 08:00:00,198.46838,39389.7
2026-11-03 09:00:00,203.99057,41612.152
2026-11-03 10:00:00,204.69014,41898.055
2026-11-03 11:00:00,205.0528,42046.65
2026-11-03 12:00:00,201.92078,40772.0
2026-11-03 13:00:00,203.67152,41482.09
2026-11-03 14:00:00,204.57272,41850.0
2026-11-03 15:00:00,205.02773,42036.367
2026-11-03 16:00:00,206.61124,42688.203
2026-11-03 17:00:00,208.90714,43642.19
2026-11-03 18:00:00,209.85504,44039.137
2026-11-03 19:00:00,208.09271,43302.58
2026-11-03 20:00:00,206.03171,42449.066
2026-11-03 21:00:00,204.75554,41924.832
2026-11-03 22:00:00,199.26086,39704.89
2026-11-03 23:00:00,195.08195,38056.97
2026-11-04 00:00:00,189.87651,36053.09
2026-11-04 01:00:00,184.71312,34118.938
2026-11-04 02:00:00,180.9058,32726.912
2026-11-04 03:00:00,178.65703,31918.334
2026-11-04 04:00:00,177.97324,31674.473
2026-11-04 05:00:00,178.98024,32033.926
2026-11-04 06:00:00,179.6877,32287.668
2026-11-04 07:00:00,185.74963,34502.926
2026-11-04 08:00:00,198.57213,39430.89
2026-11-04 09:00:00,203.71794,41501.0
2026-11-04 10:00:00,204.55788,41843.926
2026-11-04 11:00:00,204.98755,42019.895
2026-11-04 12:00:00,202.30821,40928.613
2026-11-04 13:00:00,203.85033,41554.957
2026-11-04 14:00:00,204.48909,41815.79
2026-11-04 15:00:00,204.92755,41995.3
2026-11-04 16:00:00,206.58627,42677.887
2026-11-04 17:00:00,208.76727,43583.773
2026-11-04 18:00:00,209.81593,44022.727
2026-11-04 19:00:00,207.87941,43213.848
2026-11-04 20:00:00,205.8184,42361.215
2026-11-04 21:00:00,204.52707,41831.32
2026-11-04 22:00:00,198.9441,39578.758
2026-11-04 23:00:00,194.76001,37931.46
2026-11-05 00:00:00,190.49612,36288.773
2026-11-05 01:00:00,184.31587,33972.34
2026-11-05 02:00:00,181.23529,32846.23
2026-11-05 03:00:00,178.2979,31790.14
2026-11-05 04:00:00,177.63158,31552.977
2026-11-05 05:00:00,178.63171,31909.29
2026-11-05 06:00:00,179.32312,32156.781
2026-11-05 07:00:00,186.50047,34782.426
2026-11-05 08:00:00,198.55591,39424.45
2026-11-05 09:00:00,203.56528,41438.82
2026-11-05 10:00:00,204.48132,41812.613
2026-11-05 11:00:00,205.47343,42219.332
2026-11-05 12:00:00,202.18762,40879.836
2026-11-05 13:00:00,203.64357,41470.703
2026-11-05 14:00:00,204.37125,41767.605
2026-11-05 15:00:00,205.3601,42172.773
2026-11-05 16:00:00,206.45917,42625.387
2026-11-05 17:00:00,208.77711,43587.883
2026-11-05 18:00:00,209.67255,43962.58
2026-11-05 19:00:00,207.83083,43193.652
2026-11-05 20:00:00,205.747,42331.824
2026-11-05 21:00:00,204.62643,41871.977
2026-11-05 22:00:00,198.95369,39582.57
2026-11-05 23:00:00,195.2269,38113.543
2026-11-06 00:00:00,190.41173,36256.625
2026-11-06 01:00:00,184.37984,33995.926
2026-11-06 02:00:00,181.21916,32840.383
2026-11-06 03:00:00,178.10072,31719.867
2026-11-06 04:00:00,177.42201,31478.57
2026-11-06 05:00:00,178.40686,31829.008
2026-11-06 06:00:00,179.1356,32089.564
2026-11-06 07:00:00,185.90526,34560.766
2026-11-06 08:00:00,198.74069,39497.863
2026-11-06 09:00:00,204.1144,41662.688
2026-11-06 10:00:00,204.95778,42007.69
2026-11-06 11:00:00,205.34541,42166.74
2026-11-06 12:00:00,201.89824,40762.9
2026-11-06 13:00:00,202.72812,41098.69
2026-11-06 14:00:00,204.92625,41994.77
2026-11-06 15:00:00,205.40306,42190.418
2026-11-06 16:00:00,206.37987,42592.65
2026-11-06 17:00:00,208.67842,43546.684
2026-11-06 18:00:00,209.63533,43946.973
2026-11-06 19:00:00,207.69487,43137.16
2026-11-06 20:00:00,206.14479,42495.676
2026-11-06 21:00:00,204.16815,41684.633
2026-11-06 22:00:00,198.94795,39580.29
2026-11-06 23:00:00,194.70108,37908.51
2026-11-07 00:00:00,189.7515,36005.63
2026-11-07 01:00:00,184.20232,33930.492
2026-11-07 02:00:00,180.42325,32552.549
2026-11-07 03:00:00,178.02582,31693.191
2026-11-07 04:00:00,177.32495,31444.139
2026-11-07 05:00:00,178.17879,31747.68
2026-11-07 06:00:00,178.63286,31909.697
2026-11-07 07:00:00,181.03148,32772.395
2026-11-07 08:00:00,188.75871,35629.85
2026-11-07 09:00:00,194.88797,37981.32
2026-11-07 10:00:00,198.23473,39297.008
2026-11-07 11:00:00,199.52322,39809.516
2026-11-07 12:00:00,197.06984,38836.523
2026-11-07 13:00:00,197.84152,39141.27
2026-11-07 14:00:00,199.19632,39679.17
2026-11-07 15:00:00,199.22714,39691.453
2026-11-07 16:00:00,200.31807,40127.33
2026-11-07 17:00:00,202.75511,41109.637
2026-11-07 18:00:00,203.99982,41615.926
2026-11-07 19:00:00,202.86095,41152.562
2026-11-07 20:00:00,200.82436,40330.42
2026-11-07 21:00:00,199.30347,39721.87
2026-11-07 22:00:00,194.09962,37674.664
2026-11-07 23:00:00,190.35771,36236.06
2026-11-08 00:00:00,183.64557,33725.695
2026-11-08 01:00:00,180.00475,32401.709
2026-11-08 02:00:00,176.97377,31319.715
2026-11-08 03:00:00,174.01164,30280.05
2026-11-08 04:00:00,173.32825,30042.682
2026-11-08 05:00:00,173.50146,30102.758
2026-11-08 06:00:00,172.00066,29584.227
2026-11-08 07:00:00,169.87949,28859.04
2026-11-08 08:00:00,173.48676,30097.654
2026-11-08 09:00:00,177.1843,31394.275
2026-11-08 10:00:00,181.35376,32889.188
2026-11-08 11:00:00,182.8829,33446.156
2026-11-08 12:00:00,182.00671,33126.445
2026-11-08 13:00:00,183.99637,33854.664
2026-11-08 14:00:00,184.42188,34011.43
2026-11-08 15:00:00,184.98785,34220.508
2026-11-08 16:00:00,185.87311,34548.812
2026-11-08 17:00:00,191.80954,36790.9
2026-11-08 18:00:00,197.77205,39113.785
2026-11-08 19:00:00,196.64229,38668.19
2026-11-08 20:00:00,195.8437,38354.758
2026-11-08 21:00:00,192.84448,37188.996
2026-11-08 22:00:00,188.71973,35615.137
2026-11-08 23:00:00,183.34367,33614.902
2026-11-09 00:00:00,182.55681,33326.99
2026-11-09 01:00:00,178.7162,31939.48
2026-11-09 02:00:00,174.83449,30567.098
2026-11-09 03:00:00,173.52255,30110.076
2026-11-09 04:00:00,171.32474,29352.166
2026-11-09 05:00:00,172.32558,29696.104
2026-11-09 06:00:00,175.31564,30735.574
2026-11-09 07:00:00,181.05666,32781.51
2026-11-09 08:00:00,195.75441,38319.79
2026-11-09 09:00:00,202.23833,40900.34
2026-11-09 10:00:00,203.89319,41572.434
2026-11-09 11:00:00,204.44385,41797.285
2026-11-09 12:00:00,201.65031,40662.848
2026-11-09 13:00:00,203.20549,41292.473
2026-11-09 14:00:00,204.05588,41638.8
2026-11-09 15:00:00,204.65686,41884.43
2026-11-09 16:00:00,205.60852,42274.863
2026-11-09 17:00:00,208.00128,43264.535
2026-11-09 18:00:00,208.97041,43668.633
2026-11-09 19:00:00,207.1287,42902.297
2026-11-09 20:00:00,205.47948,42221.816
2026-11-09 21:00:00,204.00197,41616.805
2026-11-09 22:00:00,198.94092,39577.49
2026-11-09 23:00:00,194.68738,37903.176
2026-11-10 00:00:00,189.09024,35755.117
2026-11-10 01:00:00,183.77335,33772.645
2026-11-10 02:00:00,180.4428,32559.602
2026-11-10 03:00:00,178.16441,31742.559
2026-11-10 04:00:00,177.51265,31510.74
2026-11-10 05:00:00,178.49231,31859.504
2026-11-10 06:00:00,179.32909,32158.922
2026-11-10 07:00:00,185.2094,34302.52
2026-11-10 08:00:00,198.13144,39256.066
2026-11-10 09:00:00,203.94121,41592.016
2026-11-10 10:00:00,204.7381,41917.688
2026-11-10 11:00:00,205.76003,42337.188
2026-11-10 12:00:00,202.30394,40926.883
2026-11-10 13:00:00,203.79305,41531.605
2026-11-10 14:00:00,204.80672,41945.793
2026-11-10 15:00:00,205.68831,42307.68
2026-11-10 16:00:00,206.62221,42692.74
2026-11-10 17:00:00,208.84325,43615.5
2026-11-10 18:00:00,209.80016,44016.105
2026-11-10 19:00:00,207.94957,43243.023
2026-11-10 20:00:00,205.88857,42390.1
2026-11-10 21:00:00,204.568,41848.062
2026-11-10 22:00:00,198.99425,39598.71
2026-11-10 23:00:00,194.89903,37985.633
2026-11-11 00:00:00,189.9314,36073.934
2026-11-11 01:00:00,184.83011,34162.168
2026-11-11 02:00:00,181.08775,32792.773
2026-11-11 03:00:00,178.72354,31942.104
2026-11-11 04:00:00,177.88632,31643.543
2026-11-11 05:00:00,178.89333,32002.822
2026-11-11 06:00:00,179.60078,32256.441
2026-11-11 07:00:00,185.71321,34489.4
2026-11-11 08:00:00,198.39015,39358.652
2026-11-11 09:00:00,203.93056,41587.67
2026-11-11 10:00:00,205.5055,42232.508
2026-11-11 11:00:00,205.85536,42376.43
2026-11-11 12:00:00,202.40977,40969.72
2026-11-11 13:00:00,204.60309,41862.42
2026-11-11 14:00:00,205.35902,42172.33
2026-11-11 15:00:00,205.8634,42379.742
2026-11-11 16:00:00,206.75674,42748.35
2026-11-11 17:00:00,208.90422,43640.973
2026-11-11 18:00:00,209.93471,44072.582
2026-11-11 19:00:00,207.9343,43236.67
2026-11-11 20:00:00,205.8184,42361.215
2026-11-11 21:00:00,204.52707,41831.32
2026-11-11 22:00:00,198.94048,39577.312
2026-11-11 23:00:00,194.76001,37931.46
2026-11-12 00:00:00,191.03116,36492.902
2026-11-12 01:00:00,185.02017,34232.465
2026-11-12 02:00:00,181.94028,33102.266
2026-11-12 03:00:00,178.50218,31863.03
2026-11-12 04:00:00,177.88077,31641.568
2026-11-12 05:00:00,178.91182,32009.44
2026-11-12 06:00:00,179.60323,32257.318
2026-11-12 07:00:00,187.01585,34974.93
2026-11-12 08:00:00,199.18724,39675.56
2026-11-12 09:00:00,204.28477,41732.27
2026-11-12 10:00:00,205.44681,42208.39
2026-11-12 11:00:00,205.74252,42329.984
2026-11-12 12:00:00,202.56459,41032.414
2026-11-12 13:00:00,204.75546,41924.8
2026-11-12 14:00:00,205.30435,42149.875
2026-11-12 15:00:00,205.81705,42360.656
2026-11-12 16:00:00,207.0626,42874.92
2026-11-12 17:00:00,209.80617,44018.63
2026-11-12 18:00:00,210.53618,44325.484
2026-11-12 19:00:00,209.15642,43746.406
2026-11-12 20:00:00,207.68953,43134.94
2026-11-12 21:00:00,205.78621,42347.965
2026-11-12 22:00:00,199.70355,39881.508
2026-11-12 23:00:00,195.92862,38388.023
2026-11-13 00:00:00,191.84486,36804.453
2026-11-13 01:00:00,186.14137,34648.61
2026-11-13 02:00:00,182.42102,33277.43
2026-11-13 03:00:00,179.14664,32093.518
2026-11-13 04:00:00,178.50815,31865.158
2026-11-13 05:00:00,179.61687,32262.219
2026-11-13 06:00:00,180.33076,32519.186
2026-11-13 07:00:00,187.2545,35064.25
2026-11-13 08:00:00,200.64835,40259.758
2026-11-13 09:00:00,205.87321,42383.78
2026-11-13 10:00:00,205.77798,42344.58
2026-11-13 11:00:00,206.02771,42447.418
2026-11-13 12:00:00,203.24623,41309.03
2026-11-13 13:00:00,204.03123,41628.746
2026-11-13 14:00:00,205.65405,42293.59
2026-11-13 15:00:00,206.1074,42480.26
2026-11-13 16:00:00,207.95638,43245.855
2026-11-13 17:00:00,210.63202,44365.848
2026-11-13 18:00:00,211.64357,44793.0
2026-11-13 19:00:00,209.34753,43826.39
2026-11-13 20:00:00,207.64046,43114.56
2026-11-13 21:00:00,205.53677,42245.367
2026-11-13 22:00:00,200.95576,40383.22
2026-11-13 23:00:00,196.51724,38619.027
2026-11-14 00:00:00,192.46109,37041.27
2026-11-14 01:00:00,187.52359,35165.098
2026-11-14 02:00:00,182.9763,33480.33
2026-11-14 03:00:00,179.89983,32363.947
2026-11-14 04:00:00,179.39223,32181.57
2026-11-14 05:00:00,180.37273,32534.32
2026-11-14 06:00:00,180.63036,32627.326
2026-11-14 07:00:00,183.38548,33630.234
2026-11-14 08:00:00,191.58696,36705.562
2026-11-14 09:00:00,198.41304,39367.734
2026-11-14 10:00:00,201.07632,40431.688
2026-11-14 11:00:00,201.73636,40697.56
2026-11-14 12:00:00,199.61542,39846.316
2026-11-14 13:00:00,199.71259,39885.117
2026-11-14 14:00:00,201.07246,40430.137
2026-11-14 15:00:00,201.94592,40782.156
2026-11-14 16:00:00,202.75938,41111.367
2026-11-14 17:00:00,205.71446,42318.44
2026-11-14 18:00:00,207.18912,42927.332
2026-11-14 19:00:00,205.36028,42172.844
2026-11-14 20:00:00,203.65096,41473.71
2026-11-14 21:00:00,201.84947,40743.21
2026-11-14 22:00:00,197.09738,38847.38
2026-11-14 23:00:00,193.35985,37388.03
2026-11-15 00:00:00,187.5057,35158.39
2026-11-15 01:00:00,183.79797,33781.695
2026-11-15 02:00:00,180.53662,32593.47
2026-11-15 03:00:00,177.14403,31380.006
2026-11-15 04:00:00,176.5784,31179.932
2026-11-15 05:00:00,176.64182,31202.33
2026-11-15 06:00:00,175.0766,30651.816
2026-11-15 07:00:00,173.17757,29990.469
2026-11-15 08:00:00,176.34653,31098.098
2026-11-15 09:00:00,180.16856,32460.71
2026-11-15 10:00:00,185.2704,34325.12
2026-11-15 11:00:00,187.47762,35147.855
2026-11-15 12:00:00,186.83768,34908.316
2026-11-15 13:00:00,187.69377,35228.953
2026-11-15 14:00:00,188.76968,35633.992
2026-11-15 15:00:00,189.59062,35944.605
2026-11-15 16:00:00,190.36871,36240.246
2026-11-15 17:00:00,197.04024,38824.855
2026-11-15 18:00:00,202.37297,40954.82
2026-11-15 19:00:00,201.71552,40689.15
2026-11-15 20:00:00,200.63153,40253.01
2026-11-15 21:00:00,197.47305,38995.605
2026-11-15 22:00:00,193.20357,37327.617
2026-11-15 23:00:00,187.68878,35227.08
2026-11-16 00:00:00,186.2003,34670.55
2026-11-16 01:00:00,181.49124,32939.07
2026-11-16 02:00:00,177.43173,31482.02
2026-11-16 03:00:00,176.1076,31013.889
2026-11-16 04:00:00,174.09412,30308.762
2026-11-16 05:00:00,175.3077,30732.787
2026-11-16 06:00:00,178.48094,31855.447
2026-11-16 07:00:00,184.9822,34218.41
2026-11-16 08:00:00,198.54393,39419.69
2026-11-16 09:00:00,204.76994,41930.73
2026-11-16 10:00:00,206.4608,42626.062
2026-11-16 11:00:00,206.97688,42839.43
2026-11-16 12:00:00,204.25845,41721.516
2026-11-16 13:00:00,205.62575,42281.95
2026-11-16 14:00:00,206.39732,42599.855
2026-11-16 15:00:00,207.32802,42984.906
2026-11-16 16:00:00,209.2212,43773.51
2026-11-16 17:00:00,212.18236,45021.35
2026-11-16 18:00:00,214.50093,46010.65
2026-11-16 19:00:00,212.05933,44969.156
2026-11-16 20:00:00,210.12917,44154.266
2026-11-16 21:00:00,208.4753,43461.95
2026-11-16 22:00:00,203.00497,41211.02
2026-11-16 23:00:00,198.19466,39281.12
2026-11-17 00:00:00,191.74716,36766.973
2026-11-17 01:00:00,186.50002,34782.254
2026-11-17 02:00:00,183.09265,33522.918
2026-11-17 03:00:00,180.62543,32625.545
2026-11-17 04:00:00,179.66129,32278.178
2026-11-17 05:00:00,180.71973,32659.62
2026-11-17 06:00:00,181.60956,32982.03
2026-11-17 07:00:00,187.75629,35252.42
2026-11-17 08:00:00,201.9161,40770.113
2026-11-17 09:00:00,207.13219,42903.742
2026-11-17 10:00:00,207.63676,43113.027
2026-11-17 11:00:00,207.71658,43146.18
2026-11-17 12:00:00,204.5764,41851.504
2026-11-17 13:00:00,205.76817,42340.543
2026-11-17 14:00:00,206.38779,42595.918
2026-11-17 15:00:00,207.56035,43081.297
2026-11-17 16:00:00,208.36853,43417.445
2026-11-17 17:00:00,211.01256,44526.3
2026-11-17 18:00:00,211.84001,44876.19
2026-11-17 19:00:00,209.80644,44018.742
2026-11-17 20:00:00,208.39421,43428.15
2026-11-17 21:00:00,207.21552,42938.27
2026-11-17 22:00:00,201.75046,40703.246
2026-11-17 23:00:00,197.19707,38886.684
2026-11-18 00:00:00,192.33186,36991.547
2026-11-18 01:00:00,187.32167,35089.41
2026-11-18 02:00:00,183.24138,33577.402
2026-11-18 03:00:00,180.6962,32651.115
2026-11-18 04:00:00,180.05174,32418.63
2026-11-18 05:00:00,181.0693,32786.094
2026-11-18 06:00:00,182.0447,33140.27
2026-11-18 07:00:00,188.14726,35399.39
2026-11-18 08:00:00,200.75797,40303.76
2026-11-18 09:00:00,205.83194,42366.79
2026-11-18 10:00:00,206.70723,42727.88
2026-11-18 11:00:00,206.8191,42774.145
2026-11-18 12:00:00,203.79184,41531.113
2026-11-18 13:00:00,205.15892,42090.184
2026-11-18 14:00:00,206.48051,42634.203
2026-11-18 15:00:00,206.90927,42811.445
2026-11-18 16:00:00,207.68594,43133.45
2026-11-18 17:00:00,210.97067,44508.625
2026-11-18 18:00:00,212.02393,44954.145
2026-11-18 19:00:00,209.77974,44007.54
2026-11-18 20:00:00,208.28738,43383.633
2026-11-18 21:00:00,206.66608,42710.867
2026-11-18 22:00:00,201.26949,40509.406
2026-11-18 23:00:00,197.38834,38962.156
2026-11-19 00:00:00,192.8108,37176.008
2026-11-19 01:00:00,187.25713,35065.23
2026-11-19 02:00:00,183.82578,33791.914
2026-11-19 03:00:00,180.37918,32536.648
2026-11-19 04:00:00,179.64221,32271.324
2026-11-19 05:00:00,180.78662,32683.803
2026-11-19 06:00:00,181.48833,32938.01
2026-11-19 07:00:00,188.98276,35714.484
2026-11-19 08:00:00,201.28912,40517.312
2026-11-19 09:00:00,205.89482,42392.676
2026-11-19 10:00:00,206.66545,42710.61
2026-11-19 11:00:00,206.72108,42733.605
2026-11-19 12:00:00,203.83652,41549.324
2026-11-19 13:00:00,205.64977,42291.824
2026-11-19 14:00:00,206.60574,42685.934
2026-11-19 15:00:00,207.63866,43113.812
2026-11-19 16:00:00,208.34367,43407.086
2026-11-19 17:00:00,211.0122,44526.152
2026-11-19 18:00:00,212.01369,44949.805
2026-11-19 19:00:00,209.69194,43970.71
2026-11-19 20:00:00,208.16223,43331.516
2026-11-19 21:00:00,206.629,42695.543
2026-11-19 22:00:00,201.85927,40747.164
2026-11-19 23:00:00,197.77484,39114.887
2026-11-20 00:00:00,193.09335,37285.043
2026-11-20 01:00:00,187.36716,35106.453
2026-11-20 02:00:00,183.57593,33700.12
2026-11-20 03:00:00,180.50137,32580.746
2026-11-20 04:00:00,179.74715,32309.037
2026-11-20 05:00:00,180.81432,32693.816
2026-11-20 06:00:00,181.72777,33024.98
2026-11-20 07:00:00,188.46373,35518.58
2026-11-20 08:00:00,200.86562,40346.996
2026-11-20 09:00:00,205.7629,42338.367
2026-11-20 10:00:00,206.34877,42579.816
2026-11-20 11:00:00,206.71877,42732.65
2026-11-20 12:00:00,203.26811,41317.926
2026-11-20 13:00:00,204.24278,41715.113
2026-11-20 14:00:00,205.87317,42383.76
2026-11-20 15:00:00,206.912,42812.58
2026-11-20 16:00:00,208.3189,43396.76
2026-11-20 17:00:00,211.10478,44565.23
2026-11-20 18:00:00,212.09276,44983.34
2026-11-20 19:00:00,209.78462,44009.586
2026-11-20 20:00:00,208.20956,43351.223
2026-11-20 21:00:00,206.3251,42570.047
2026-11-20 22:00:00,201.9978,40803.113
2026-11-20 23:00:00,197.7717,39113.645
2026-11-21 00:00:00,192.28339,36972.902
2026-11-21 01:00:00,187.16942,35032.39
2026-11-21 02:00:00,182.97667,33480.46
2026-11-21 03:00:00,180.47563,32571.453
2026-11-21 04:00:00,179.84274,32343.412
2026-11-21 05:00:00,180.65968,32637.922
2026-11-21 06:00:00,181.2365,32846.668
2026-11-21 07:00:00,182.99835,33488.4
2026-11-21 08:00:00,191.45534,36655.145
2026-11-21 09:00:00,197.56732,39032.848
2026-11-21 10:00:00,200.40576,40162.47
2026-11-21 11:00:00,201.21234,40486.406
2026-11-21 12:00:00,198.641,39458.25
2026-11-21 13:00:00,199.40253,39761.367
2026-11-21 14:00:00,200.70941,40284.27
2026-11-21 15:00:00,201.05122,40421.594
2026-11-21 16:00:00,201.89308,40760.816
2026-11-21 17:00:00,204.96751,42011.684
2026-11-21 18:00:00,206.35545,42582.574
2026-11-21 19:00:00,204.51256,41825.387
2026-11-21 20:00:00,202.84904,41147.734
2026-11-21 21:00:00,202.24037,40901.168
2026-11-21 22:00:00,196.81512,38736.19
2026-11-21 23:00:00,192.6862,37127.973
2026-11-22 00:00:00,185.63475,34460.26
2026-11-22 01:00:00,182.24731,33214.082
2026-11-22 02:00:00,178.40508,31828.371
2026-11-22 03:00:00,175.3341,30742.049
2026-11-22 04:00:00,174.69562,30518.559
2026-11-22 05:00:00,174.89748,30589.127
2026-11-22 06:00:00,173.48631,30097.5
2026-11-22 07:00:00,171.31624,29349.254
2026-11-22 08:00:00,174.76427,30542.549
2026-11-22 09:00:00,178.61554,31903.512
2026-11-22 10:00:00,183.13318,33537.76
2026-11-22 11:00:00,185.37563,34364.12
2026-11-22 12:00:00,184.11685,33899.016
2026-11-22 13:00:00,185.51581,34416.113
2026-11-22 14:00:00,185.89442,34556.74
2026-11-22 15:00:00,186.53291,34794.527
2026-11-22 16:00:00,187.41676,35125.043
2026-11-22 17:00:00,193.64197,37497.21
2026-11-22 18:00:00,199.69994,39880.062
2026-11-22 19:00:00,198.2048,39285.145
2026-11-22 20:00:00,197.18687,38882.664
2026-11-22 21:00:00,194.61726,37875.88
2026-11-22 22:00:00,190.43178,36264.26
2026-11-22 23:00:00,185.06813,34250.215
2026-11-23 00:00:00,184.52574,34049.75
2026-11-23 01:00:00,180.26309,32494.783
2026-11-23 02:00:00,176.25221,31064.842
2026-11-23 03:00:00,175.10274,30660.969
2026-11-23 04:00:00,172.75339,29843.732
2026-11-23 05:00:00,173.85774,30226.514
2026-11-23 06:00:00,177.01466,31334.191
2026-11-23 07:00:00,182.7854,33410.504
2026-11-23 08:00:00,197.9914,39200.594
2026-11-23 09:00:00,204.15834,41680.63
2026-11-23 10:00:00,205.4005,42189.363
2026-11-23 11:00:00,205.94843,42414.754
2026-11-23 12:00:00,203.26688,41317.42
2026-11-23 13:00:00,204.70093,41902.47
2026-11-23 14:00:00,205.52502,42240.535
2026-11-23 15:00:00,205.84427,42371.863
2026-11-23 16:00:00,206.68,42716.62
2026-11-23 17:00:00,209.11687,43729.863
2026-11-23 18:00:00,210.0203,44108.523
2026-11-23 19:00:00,208.17575,43337.145
2026-11-23 20:00:00,206.47404,42631.53
2026-11-23 21:00:00,205.2936,42145.46
2026-11-23 22:00:00,200.56306,40225.543
2026-11-23 23:00:00,196.53976,38627.88
2026-11-24 00:00:00,192.40448,37019.484
2026-11-24 01:00:00,186.73558,34870.176
2026-11-24 02:00:00,183.52124,33680.047
2026-11-24 03:00:00,180.7803,32681.518
2026-11-24 04:00:00,179.87415,32354.709
2026-11-24 05:00:00,180.97493,32751.926
2026-11-24 06:00:00,181.3677,32894.246
2026-11-24 07:00:00,188.496,35530.742
2026-11-24 08:00:00,202.9826,41201.938
2026-11-24 09:00:00,207.9782,43254.93
2026-11-24 10:00:00,208.32764,43400.402
2026-11-24 11:00:00,208.48663,43466.676
2026-11-24 12:00:00,205.35269,42169.727
2026-11-24 13:00:00,207.12502,42900.773
2026-11-24 14:00:00,207.01584,42855.56
2026-11-24 15:00:00,207.90193,43223.215
2026-11-24 16:00:00,208.8871,43633.82
2026-11-24 17:00:00,211.78705,44853.754
2026-11-24 18:00:00,212.55986,45181.695
2026-11-24 19:00:00,210.26892,44213.02
2026-11-24 20:00:00,208.6736,43544.67
2026-11-24 21:00:00,207.64307,43115.645
2026-11-24 22:00:00,202.28606,40919.65
2026-11-24 23:00:00,198.13031,39255.62
2026-11-25 00:00:00,193.52293,37451.125
2026-11-25 01:00:00,189.29895,35834.094
2026-11-25 02:00:00,185.35796,34357.57
2026-11-25 03:00:00,182.11156,33164.62
2026-11-25 04:00:00,181.51477,32947.613
2026-11-25 05:00:00,182.82414,33424.668
2026-11-25 06:00:00,183.37585,33626.703
2026-11-25 07:00:00,189.5772,35939.51
2026-11-25 08:00:00,202.82895,41139.582
2026-11-25 09:00:00,207.2031,42933.12
2026-11-25 10:00:00,208.1227,43315.055
2026-11-25 11:00:00,208.39217,43427.293
2026-11-25 12:00:00,205.34465,42166.426
2026-11-25 13:00:00,206.51506,42648.47
2026-11-25 14:00:00,207.982,43256.51
2026-11-25 15:00:00,208.32013,43397.277
2026-11-25 16:00:00,209.64076,43949.25
2026-11-25 17:00:00,211.86453,44886.582
2026-11-25 18:00:00,212.96849,45355.58
2026-11-25 19:00:00,210.65173,44374.152
2026-11-25 20:00:00,209.16377,43749.484
2026-11-25 21:00:00,207.96495,43249.42
2026-11-25 22:00:00,202.76393,41113.21
2026-11-25 23:00:00,198.9193,39568.887
2026-11-26 00:00:00,193.97668,37626.953
2026-11-26 01:00:00,188.23792,35433.51
2026-11-26 02:00:00,184.82614,34160.703
2026-11-26 03:00:00,181.35008,32887.85
2026-11-26 04:00:00,180.48537,32574.967
2026-11-26 05:00:00,181.72304,33023.26
2026-11-26 06:00:00,182.73862,33393.402
2026-11-26 07:00:00,190.16096,36161.19
2026-11-26 08:00:00,202.62854,41058.324
2026-11-26 09:00:00,207.26021,42956.793
2026-11-26 10:00:00,208.14087,43322.62
2026-11-26 11:00:00,208.45567,43453.77
2026-11-26 12:00:00,205.32495,42158.336
2026-11-26 13:00:00,206.24501,42537.004
2026-11-26 14:00:00,206.92992,42819.992
2026-11-26 15:00:00,207.4272,43026.043
2026-11-26 16:00:00,209.42218,43857.65
2026-11-26 17:00:00,212.01343,44949.695
2026-11-26 18:00:00,212.69476,45239.062
2026-11-26 19:00:00,210.87866,44469.81
2026-11-26 20:00:00,209.00685,43683.863
2026-11-26 21:00:00,208.09744,43304.547
2026-11-26 22:00:00,202.84695,41146.887
2026-11-26 23:00:00,198.85217,39542.188
2026-11-27 00:00:00,193.99844,37635.395
2026-11-27 01:00:00,188.32999,35468.184
2026-11-27 02:00:00,184.79544,34149.355
2026-11-27 03:00:00,181.66193,33001.055
2026-11-27 04:00:00,180.77946,32681.215
2026-11-27 05:00:00,181.90495,33089.41
2026-11-27 06:00:00,182.91519,33457.97
2026-11-27 07:00:00,189.71039,35990.03
2026-11-27 08:00:00,202.57497,41036.617
2026-11-27 09:00:00,207.30042,42973.46
2026-11-27 10:00:00,208.04747,43283.75
2026-11-27 11:00:00,208.2269,43358.44
2026-11-27 12:00:00,204.32188,41747.434
2026-11-27 13:00:00,205.53206,42243.426
2026-11-27 14:00:00,208.03508,43278.594
2026-11-27 15:00:00,208.3882,43425.64
2026-11-27 16:00:00,209.1839,43757.902
2026-11-27 17:00:00,211.96268,44928.176
2026-11-27 18:00:00,212.93117,45339.684
2026-11-27 19:00:00,210.90126,44479.34
2026-11-27 20:00:00,208.90106,43639.652
2026-11-27 21:00:00,207.73595,43154.223
2026-11-27 22:00:00,202.9384,41183.996
2026-11-27 23:00:00,198.54019,39418.207
2026-11-28 00:00:00,193.4669,37429.44
2026-11-28 01:00:00,188.33583,35470.387
2026-11-28 02:00:00,184.15523,33913.15
2026-11-28 03:00:00,181.2854,32864.395
2026-11-28 04:00:00,180.46402,32567.262
2026-11-28 05:00:00,181.37334,32896.29
2026-11-28 06:00:00,182.35866,33254.68
2026-11-28 07:00:00,184.94492,34204.62
2026-11-28 08:00:00,194.05222,37656.26
2026-11-28 09:00:00,200.04488,40017.953
2026-11-28 10:00:00,202.33963,40941.324
2026-11-28 11:00:00,202.98715,41203.785
2026-11-28 12:00:00,200.16699,40066.824
2026-11-28 13:00:00,200.46124,40184.71
2026-11-28 14:00:00,201.5436,40619.82
2026-11-28 15:00:00,202.13237,40857.496
2026-11-28 16:00:00,203.91057,41579.52
2026-11-28 17:00:00,206.98099,42841.13
2026-11-28 18:00:00,208.472,43460.574
2026-11-28 19:00:00,206.00049,42436.203
2026-11-28 20:00:00,204.52783,41831.633
2026-11-28 21:00:00,203.57439,41442.53
2026-11-28 22:00:00,198.76918,39509.188
2026-11-28 23:00:00,194.71733,37914.84
2026-11-29 00:00:00,187.73119,35243.0
2026-11-29 01:00:00,184.53366,34052.67
2026-11-29 02:00:00,180.598,32615.64
2026-11-29 03:00:00,176.83559,31270.824
2026-11-29 04:00:00,176.27475,31072.787
2026-11-29 05:00:00,176.5017,31152.848
2026-11-29 06:00:00,175.30428,30731.59
2026-11-29 07:00:00,173.4547,30086.531
2026-11-29 08:00:00,177.10442,31365.975
2026-11-29 09:00:00,180.94672,32741.715
2026-11-29 10:00:00,185.91187,34563.223
2026-11-29 11:00:00,188.16379,35405.61
2026-11-29 12:00:00,187.31226,35085.883
2026-11-29 13:00:00,188.71895,35614.84
2026-11-29 14:00:00,189.39151,35869.145
2026-11-29 15:00:00,190.07785,36129.59
2026-11-29 16:00:00,190.56972,36316.816
2026-11-29 17:00:00,196.86737,38756.76
2026-11-29 18:00:00,202.23215,40897.84
2026-11-29 19:00:00,201.8326,40736.4
2026-11-29 20:00:00,200.0797,40031.887
2026-11-29 21:00:00,196.89987,38769.56
2026-11-29 22:00:00,193.2998,37364.816
2026-11-29 23:00:00,187.50912,35159.67
2026-11-30 00:00:00,187.56947,35182.31
2026-11-30 01:00:00,182.75682,33400.055
2026-11-30 02:00:00,177.83446,31625.094
2026-11-30 03:00:00,176.7889,31254.312
2026-11-30 04:00:00,174.48679,30445.639
2026-11-30 05:00:00,175.6956,30868.945
2026-11-30 06:00:00,179.21954,32119.645
2026-11-30 07:00:00,185.73808,34498.637
2026-11-30 08:00:00,200.67856,40271.883
2026-11-30 09:00:00,206.44597,42619.938
2026-11-30 10:00:00,208.0459,43283.098
2026-11-30 11:00:00,208.29341,43386.145
2026-11-30 12:00:00,205.58372,42264.668
2026-11-30 13:00:00,206.93974,42824.06
2026-11-30 14:00:00,207.84702,43200.383
2026-11-30 15:00:00,208.32973,43401.273
2026-11-30 16:00:00,209.40845,43851.9
2026-11-30 17:00:00,213.10506,45413.766
2026-11-30 18:00:00,214.2788,45915.402
2026-11-30 19:00:00,212.26169,45055.023
2026-11-30 20:00:00,210.34862,44246.54
2026-11-30 21:00:00,208.84781,43617.406
2026-11-30 22:00:00,203.00226,41209.918
2026-11-30 23:00:00,199.1081,39644.03
2026-12-01 00:00:00,196.1815,38487.184
2026-12-01 01:00:00,191.90417,36827.21
2026-12-01 02:00:00,188.44736,35512.406
2026-12-01 03:00:00,185.04353,34241.11
2026-12-01 04:00:00,185.33537,34349.2
2026-12-01 05:00:00,185.96318,34582.305
2026-12-01 06:00:00,187.4739,35146.465
2026-12-01 07:00:00,193.35274,37385.28
2026-12-01 08:00:00,209.9944,44097.65
2026-12-01 09:00:00,213.32256,45506.51
2026-12-01 10:00:00,217.01604,47095.96
2026-12-01 11:00:00,217.41084,47267.473
2026-12-01 12:00:00,213.61713,45632.277
2026-12-01 13:00:00,214.34535,45943.93
2026-12-01 14:00:00,217.40768,47266.1
2026-12-01 15:00:00,217.6177,47357.465
2026-12-01 16:00:00,217.89761,47479.37
2026-12-01 17:00:00,219.43169,48150.266
2026-12-01 18:00:00,218.91649,47924.43
2026-12-01 19:00:00,218.26297,47638.723
2026-12-01 20:00:00,216.26439,46770.285
2026-12-01 21:00:00,213.0328,45382.977
2026-12-01 22:00:00,208.8177,43604.832
2026-12-01 23:00:00,204.03378,41629.785
2026-12-02 00:00:00,197.24164,38904.266
2026-12-02 01:00:00,193.68694,37514.63
2026-12-02 02:00:00,189.89326,36059.453
2026-12-02 03:00:00,186.13528,34646.344
2026-12-02 04:00:00,185.88776,34554.258
2026-12-02 05:00:00,186.94714,34949.234
2026-12-02 06:00:00,189.19449,35794.555
2026-12-02 07:00:00,194.04118,37651.98
2026-12-02 08:00:00,210.52518,44320.85
2026-12-02 09:00:00,215.61406,46489.42
2026-12-02 10:00:00,218.26578,47639.95
2026-12-02 11:00:00,218.2862,47648.863
2026-12-02 12:00:00,212.86829,45312.906
2026-12-02 13:00:00,212.64365,45217.32
2026-12-02 14:00:00,215.25491,46334.676
2026-12-02 15:00:00,218.03609,47539.734
2026-12-02 16:00:00,218.68112,47821.434
2026-12-02 17:00:00,220.28604,48525.94
2026-12-02 18:00:00,220.73895,48725.684
2026-12-02 19:00:00,219.65457,48248.13
2026-12-02 20:00:00,217.59409,47347.188
2026-12-02 21:00:00,213.86952,45740.17
2026-12-02 22:00:00,209.6434,43950.355
2026-12-02 23:00:00,203.90816,41578.535
2026-12-03 00:00:00,198.17566,39273.594
2026-12-03 01:00:00,193.98781,37631.27
2026-12-03 02:00:00,190.5117,36294.71
2026-12-03 03:00:00,185.88805,34554.367
2026-12-03 04:00:00,186.27542,34698.53
2026-12-03 05:00:00,186.9357,34944.957
2026-12-03 06:00:00,188.56375,35556.29
2026-12-03 07:00:00,194.55008,37849.734
2026-12-03 08:00:00,210.18466,44177.594
2026-12-03 09:00:00,215.64351,46502.12
2026-12-03 10:00:00,217.48082,47297.906
2026-12-03 11:00:00,217.50124,47306.79
2026-12-03 12:00:00,214.33702,45940.36
2026-12-03 13:00:00,214.19159,45878.035
2026-12-03 14:00:00,216.89473,47043.324
2026-12-03 15:00:00,218.3069,47657.902
2026-12-03 16:00:00,218.67474,47818.645
2026-12-03 17:00:00,220.35106,48554.59
2026-12-03 18:00:00,220.1134,48449.91
2026-12-03 19:00:00,219.642,48242.605
2026-12-03 20:00:00,218.24448,47630.652
2026-12-03 21:00:00,214.69165,46092.504
2026-12-03 22:00:00,210.48387,44303.46
2026-12-03 23:00:00,205.27916,42139.535
2026-12-04 00:00:00,197.58627,39040.336
2026-12-04 01:00:00,193.24274,37342.754
2026-12-04 02:00:00,190.7261,36376.445
2026-12-04 03:00:00,186.27159,34697.105
2026-12-04 04:00:00,186.47449,34772.734
2026-12-04 05:00:00,187.42828,35129.363
2026-12-04 06:00:00,189.37074,35861.277
2026-12-04 07:00:00,194.74455,37925.44
2026-12-04 08:00:00,210.98059,44512.81
2026-12-04 09:00:00,214.9031,46183.344
2026-12-04 10:00:00,215.93303,46627.074
2026-12-04 11:00:00,215.70154,46527.152
2026-12-04 12:00:00,211.79475,44857.02
2026-12-04 13:00:00,211.7982,44858.48
2026-12-04 14:00:00,215.57071,46470.73
2026-12-04 15:00:00,216.36769,46814.977
2026-12-04 16:00:00,217.77136,47424.367
2026-12-04 17:00:00,219.64523,48244.027
2026-12-04 18:00:00,220.06566,48428.895
2026-12-04 19:00:00,219.05365,47984.5
2026-12-04 20:00:00,217.83005,47449.93
2026-12-04 21:00:00,213.80685,45713.37
2026-12-04 22:00:00,209.77402,44005.137
2026-12-04 23:00:00,204.27225,41727.152
2026-12-05 00:00:00,195.56465,38245.53
2026-12-05 01:00:00,191.25922,36580.086
2026-12-05 02:00:00,187.934,35319.19
2026-12-05 03:00:00,185.20966,34302.617
2026-12-05 04:00:00,185.35541,34356.63
2026-12-05 05:00:00,185.43085,34384.598
2026-12-05 06:00:00,187.09872,35005.934
2026-12-05 07:00:00,188.43964,35509.496
2026-12-05 08:00:00,197.25026,38907.664
2026-12-05 09:00:00,204.811,41947.547
2026-12-05 10:00:00,208.98573,43675.035
2026-12-05 11:00:00,210.15186,44163.8
2026-12-05 12:00:00,206.55078,42663.227
2026-12-05 13:00:00,206.28178,42552.176
2026-12-05 14:00:00,208.98444,43674.496
2026-12-05 15:00:00,210.00763,44103.203
2026-12-05 16:00:00,210.60054,44352.586
2026-12-05 17:00:00,211.94511,44920.73
2026-12-05 18:00:00,211.8695,44888.688
2026-12-05 19:00:00,211.75912,44841.926
2026-12-05 20:00:00,209.57455,43921.492
2026-12-05 21:00:00,206.29619,42558.117
2026-12-05 22:00:00,201.96877,40791.383
2026-12-05 23:00:00,196.84984,38749.86
2026-12-06 00:00:00,189.38802,35867.82
2026-12-06 01:00:00,186.35379,34727.734
2026-12-06 02:00:00,182.50465,33307.95
2026-12-06 03:00:00,178.9231,32013.475
2026-12-06 04:00:00,178.99947,32040.809
2026-12-06 05:00:00,178.39767,31825.73
2026-12-06 06:00:00,176.59999,31187.557
2026-12-06 07:00:00,174.92374,30598.314
2026-12-06 08:00:00,179.0565,32061.23
2026-12-06 09:00:00,184.51529,34045.89
2026-12-06 10:00:00,189.22719,35806.93
2026-12-06 11:00:00,190.69582,36364.895
2026-12-06 12:00:00,190.73146,36378.49
2026-12-06 13:00:00,192.50613,37058.613
2026-12-06 14:00:00,193.81018,37562.387
2026-12-06 15:00:00,194.43486,37804.914
2026-12-06 16:00:00,195.29092,38138.547
2026-12-06 17:00:00,199.65904,39863.734
2026-12-06 18:00:00,204.74765,41921.6
2026-12-06 19:00:00,205.11424,42071.85
2026-12-06 20:00:00,204.75755,41925.656
2026-12-06 21:00:00,200.95949,40384.715
2026-12-06 22:00:00,196.26976,38521.82
2026-12-06 23:00:00,189.54228,35926.277
2026-12-07 00:00:00,190.5689,36316.504
2026-12-07 01:00:00,186.59451,34817.51
2026-12-07 02:00:00,181.00325,32762.176
2026-12-07 03:00:00,178.91217,32009.564
2026-12-07 04:00:00,177.09932,31364.17
2026-12-07 05:00:00,178.06912,31708.613
2026-12-07 06:00:00,182.5143,33311.47
2026-12-07 07:00:00,187.97621,35335.055
2026-12-07 08:00:00,205.48764,42225.17
2026-12-07 09:00:00,212.05519,44967.402
2026-12-07 10:00:00,214.96132,46208.367
2026-12-07 11:00:00,215.00706,46228.04
2026-12-07 12:00:00,211.53815,44748.387
2026-12-07 13:00:00,212.35365,45094.074
2026-12-07 14:00:00,214.99713,46223.766
2026-12-07 15:00:00,215.592,46479.91
2026-12-07 16:00:00,216.17978,46733.695
2026-12-07 17:00:00,218.82668,47885.113
2026-12-07 18:00:00,219.1535,48028.258
2026-12-07 19:00:00,217.91855,47488.492
2026-12-07 20:00:00,216.48367,46865.18
2026-12-07 21:00:00,212.60367,45200.32
2026-12-07 22:00:00,208.24756,43367.047
2026-12-07 23:00:00,204.09306,41653.977
2026-12-08 00:00:00,196.79692,38729.027
2026-12-08 01:00:00,192.32356,36988.35
2026-12-08 02:00:00,188.7631,35631.51
2026-12-08 03:00:00,185.51135,34414.46
2026-12-08 04:00:00,185.7765,34512.91
2026-12-08 05:00:00,186.3992,34744.66
2026-12-08 06:00:00,188.06458,35368.285
2026-12-08 07:00:00,193.85793,37580.895
2026-12-08 08:00:00,211.23853,44621.715
2026-12-08 09:00:00,215.96306,46640.043
2026-12-08 10:00:00,219.12685,48016.574
2026-12-08 11:00:00,219.39555,48134.41
2026-12-08 12:00:00,214.71709,46103.426
2026-12-08 13:00:00,215.24168,46328.984
2026-12-08 14:00:00,218.67259,47817.703
2026-12-08 15:00:00,218.40068,47698.855
2026-12-08 16:00:00,218.66405,47813.965
2026-12-08 17:00:00,220.05066,48422.293
2026-12-08 18:00:00,219.48349,48173.004
2026-12-08 19:00:00,218.05386,47547.49
2026-12-08 20:00:00,216.41891,46837.15
2026-12-08 21:00:00,213.50418,45584.035
2026-12-08 22:00:00,208.72954,43568.02
2026-12-08 23:00:00,204.30959,41742.406
2026-12-09 00:00:00,196.95544,38791.445
2026-12-09 01:00:00,193.43842,37418.42
2026-12-09 02:00:00,190.36108,36237.344
2026-12-09 03:00:00,186.6031,34820.72
2026-12-09 04:00:00,186.33997,34722.582
2026-12-09 05:00:00,186.85487,34914.742
2026-12-09 06:00:00,188.94366,35699.707
2026-12-09 07:00:00,194.10811,37677.957
2026-12-09 08:00:00,210.39932,44267.875
2026-12-09 09:00:00,216.05933,46681.633
2026-12-09 10:00:00,219.00401,47962.758
2026-12-09 11:00:00,218.0981,47566.78
2026-12-09 12:00:00,214.52031,46018.965
2026-12-09 13:00:00,215.0449,46244.312
2026-12-09 14:00:00,217.9588,47506.04
2026-12-09 15:00:00,219.30942,48096.62
2026-12-09 16:00:00,219.47455,48169.08
2026-12-09 17:00:00,220.8039,48754.36
2026-12-09 18:00:00,220.24254,48506.777
2026-12-09 19:00:00,219.51866,48188.44
2026-12-09 20:00:00,218.06947,47554.297
2026-12-09 21:00:00,214.51666,46017.4
2026-12-09 22:00:00,210.07787,44132.71
2026-12-09 23:00:00,204.93332,41997.664
2026-12-10 00:00:00,198.79285,39518.598
2026-12-10 01:00:00,194.48138,37823.008
2026-12-10 02:00:00,191.28595,36590.316
2026-12-10 03:00:00,186.30399,34709.176
2026-12-10 04:00:00,186.76604,34881.55
2026-12-10 05:00:00,186.85904,34916.3
2026-12-10 06:00:00,188.91313,35688.17
2026-12-10 07:00:00,194.79398,37944.69
2026-12-10 08:00:00,210.67697,44384.785
2026-12-10 09:00:00,215.4157,46403.92
2026-12-10 10:00:00,217.75461,47417.07
2026-12-10 11:00:00,218.68013,47821.0
2026-12-10 12:00:00,215.1701,46298.176
2026-12-10 13:00:00,215.69191,46523.0
2026-12-10 14:00:00,218.6981,47828.86
2026-12-10 15:00:00,219.27153,48080.004
2026-12-10 16:00:00,219.58858,48219.145
2026-12-10 17:00:00,221.37704,49007.797
2026-12-10 18:00:00,221.20482,48931.57
2026-12-10 19:00:00,220.17928,48478.914
2026-12-10 20:00:00,218.67195,47817.42
2026-12-10 21:00:00,215.2606,46337.13
2026-12-10 22:00:00,210.34515,44245.082
2026-12-10 23:00:00,205.45114,42210.17
2026-12-11 00:00:00,198.58176,39434.715
2026-12-11 01:00:00,193.8424,37574.88
2026-12-11 02:00:00,189.99896,36099.605
2026-12-11 03:00:00,186.0954,34631.496
2026-12-11 04:00:00,185.93794,34572.918
2026-12-11 05:00:00,186.54547,34799.21
2026-12-11 06:00:00,188.61324,35574.953
2026-12-11 07:00:00,194.47746,37821.484
2026-12-11 08:00:00,211.10109,44563.67
2026-12-11 09:00:00,215.32257,46363.81
2026-12-11 10:00:00,218.69864,47829.094
2026-12-11 11:00:00,219.00854,47964.742
2026-12-11 12:00:00,215.21031,46315.477
2026-12-11 13:00:00,215.81606,46576.57
2026-12-11 14:00:00,219.32202,48102.15
2026-12-11 15:00:00,219.84412,48331.434
2026-12-11 16:00:00,220.22604,48499.51
2026-12-11 17:00:00,221.69739,49149.73
2026-12-11 18:00:00,221.1316,48899.188
2026-12-11 19:00:00,220.39763,48575.113
2026-12-11 20:00:00,217.86292,47464.25
2026-12-11 21:00:00,214.57602,46042.867
2026-12-11 22:00:00,210.73659,44409.91
2026-12-11 23:00:00,205.0319,42038.082
2026-12-12 00:00:00,197.60431,39047.465
2026-12-12 01:00:00,194.33672,37766.758
2026-12-12 02:00:00,190.11023,36141.9
2026-12-12 03:00:00,186.2957,34706.086
2026-12-12 04:00:00,186.47188,34771.76
2026-12-12 05:00:00,186.62686,34829.586
2026-12-12 06:00:00,187.91032,35310.29
2026-12-12 07:00:00,189.71486,35991.727
2026-12-12 08:00:00,198.91132,39565.71
2026-12-12 09:00:00,207.29176,42969.875
2026-12-12 10:00:00,212.18132,45020.914
2026-12-12 11:00:00,213.38872,45534.746
2026-12-12 12:00:00,209.7466,43993.637
2026-12-12 13:00:00,209.6155,43938.656
2026-12-12 14:00:00,212.44005,45130.773
2026-12-12 15:00:00,213.42009,45548.133
2026-12-12 16:00:00,214.12778,45850.703
2026-12-12 17:00:00,215.28952,46349.58
2026-12-12 18:00:00,215.1568,46292.45
2026-12-12 19:00:00,214.67455,46085.16
2026-12-12 20:00:00,214.08582,45832.74
2026-12-12 21:00:00,209.8889,44053.35
2026-12-12 22:00:00,204.80612,41945.547
2026-12-12 23:00:00,199.25328,39701.87
2026-12-13 00:00:00,191.67867,36740.71
2026-12-13 01:00:00,188.97221,35710.496
2026-12-13 02:00:00,185.23592,34312.344
2026-12-13 03:00:00,180.64099,32631.168
2026-12-13 04:00:00,180.9154,32730.385
2026-12-13 05:00:00,180.27615,32499.492
2026-12-13 06:00:00,178.96207,32027.422
2026-12-13 07:00:00,177.45377,31489.84
2026-12-13 08:00:00,180.3788,32536.512
2026-12-13 09:00:00,186.4148,34750.477
2026-12-13 10:00:00,191.05353,36501.45
2026-12-13 11:00:00,193.45845,37426.17
2026-12-13 12:00:00,193.13475,37301.03
2026-12-13 13:00:00,195.21294,38108.09
2026-12-13 14:00:00,195.96754,38403.277
2026-12-13 15:00:00,196.94307,38786.574
2026-12-13 16:00:00,197.05322,38829.973
2026-12-13 17:00:00,202.1781,40875.984
2026-12-13 18:00:00,207.68542,43133.234
2026-12-13 19:00:00,208.56117,43497.76
2026-12-13 20:00:00,207.57867,43088.906
2026-12-13 21:00:00,204.15724,41680.18
2026-12-13 22:00:00,199.14247,39657.723
2026-12-13 23:00:00,192.60368,37096.18
2026-12-14 00:00:00,191.94295,36842.094
2026-12-14 01:00:00,188.20215,35420.047
2026-12-14 02:00:00,182.79266,33413.156
2026-12-14 03:00:00,180.20114,32472.451
2026-12-14 04:00:00,178.65244,31916.693
2026-12-14 05:00:00,179.32355,32156.936
2026-12-14 06:00:00,184.08379,33886.84
2026-12-14 07:00:00,190.36467,36238.707
2026-12-14 08:00:00,207.69347,43136.574
2026-12-14 09:00:00,215.48587,46434.16
2026-12-14 10:00:00,218.7603,47856.07
2026-12-14 11:00:00,218.85583,47897.875
2026-12-14 12:00:00,215.2897,46349.656
2026-12-14 13:00:00,216.29137,46781.957
2026-12-14 14:00:00,218.57515,47775.098
2026-12-14 15:00:00,218.4443,47717.914
2026-12-14 16:00:00,219.49046,48176.062
2026-12-14 17:00:00,221.24557,48949.605
2026-12-14 18:00:00,221.52489,49073.277
2026-12-14 19:00:00,220.41864,48584.375
2026-12-14 20:00:00,217.88187,47472.508
2026-12-14 21:00:00,214.76303,46123.16
2026-12-14 22:00:00,210.16972,44171.312
2026-12-14 23:00:00,205.847,42372.99
2026-12-15 00:00:00,198.00505,39206.0
2026-12-15 01:00:00,193.82487,37568.082
2026-12-15 02:00:00,189.99957,36099.836
2026-12-15 03:00:00,186.34682,34725.137
2026-12-15 04:00:00,186.59552,34817.887
2026-12-15 05:00:00,187.5652,35180.703
2026-12-15 06:00:00,189.03802,35735.375
2026-12-15 07:00:00,196.37431,38562.87
2026-12-15 08:00:00,213.8798,45744.57
2026-12-15 09:00:00,218.61934,47794.414
2026-12-15 10:00:00,221.06917,48871.58
2026-12-15 11:00:00,221.78267,49187.55
2026-12-15 12:00:00,218.39561,47696.645
2026-12-15 13:00:00,217.4823,47298.55
2026-12-15 14:00:00,219.9839,48392.918
2026-12-15 15:00:00,221.8672,49225.055
2026-12-15 16:00:00,221.71265,49156.496
2026-12-15 17:00:00,223.56738,49982.375
2026-12-15 18:00:00,223.2583,49844.27
2026-12-15 19:00:00,222.25215,49396.02
2026-12-15 20:00:00,219.3868,48130.566
2026-12-15 21:00:00,216.3483,46806.586
2026-12-15 22:00:00,211.34128,44665.137
2026-12-15 23:00:00,206.31859,42567.36
2026-12-16 00:00:00,198.66649,39468.375
2026-12-16 01:00:00,195.47527,38210.58
2026-12-16 02:00:00,191.62976,36721.965
2026-12-16 03:00:00,187.60376,35195.17
2026-12-16 04:00:00,187.79654,35267.54
2026-12-16 05:00:00,189.0424,35737.03
2026-12-16 06:00:00,191.52467,36681.7
2026-12-16 07:00:00,197.21907,38895.363
2026-12-16 08:00:00,213.50905,45586.113
2026-12-16 09:00:00,218.68903,47824.89
2026-12-16 10:00:00,221.42972,49031.12
2026-12-16 11:00:00,220.00278,48401.223
2026-12-16 12:00:00,216.35559,46809.742
2026-12-16 13:00:00,218.87477,47906.164
2026-12-16 14:00:00,221.16655,48914.645
2026-12-16 15:00:00,222.02588,49295.492
2026-12-16 16:00:00,222.2805,49408.62
2026-12-16 17:00:00,223.65654,50022.246
2026-12-16 18:00:00,223.14919,49795.56
2026-12-16 19:00:00,222.06734,49313.902
2026-12-16 20:00:00,219.4679,48166.156
2026-12-16 21:00:00,216.20946,46746.53
2026-12-16 22:00:00,211.46338,44716.76
2026-12-16 23:00:00,206.2534,42540.465
2026-12-17 00:00:00,199.6191,39847.78
2026-12-17 01:00:00,195.34605,38160.082
2026-12-17 02:00:00,192.14354,36919.14
2026-12-17 03:00:00,187.26169,35066.94
2026-12-17 04:00:00,187.54457,35172.965
2026-12-17 05:00:00,188.9758,35711.85
2026-12-17 06:00:00,191.09094,36515.75
2026-12-17 07:00:00,197.10667,38851.04
2026-12-17 08:00:00,214.20782,45884.992
2026-12-17 09:00:00,217.59776,47348.785
2026-12-17 10:00:00,220.06816,48429.996
2026-12-17 11:00:00,220.45358,48599.78
2026-12-17 12:00:00,216.26968,46772.574
2026-12-17 13:00:00,217.07726,47122.535
2026-12-17 14:00:00,220.72424,48719.19
2026-12-17 15:00:00,221.12773,48897.473
2026-12-17 16:00:00,221.63736,49123.12
2026-12-17 17:00:00,223.01965,49737.766
2026-12-17 18:00:00,222.699,49594.848
2026-12-17 19:00:00,221.5342,49077.4
2026-12-17 20:00:00,219.26294,48076.24
2026-12-17 21:00:00,216.12444,46709.773
2026-12-17 22:00:00,211.67096,44804.594
2026-12-17 23:00:00,207.29433,42970.938
2026-12-18 00:00:00,199.59993,39840.133
2026-12-18 01:00:00,195.32603,38152.26
2026-12-18 02:00:00,192.26376,36965.355
2026-12-18 03:00:00,187.5473,35173.992
2026-12-18 04:00:00,187.38219,35112.082
2026-12-18 05:00:00,188.74672,35625.324
2026-12-18 06:00:00,190.56752,36315.98
2026-12-18 07:00:00,197.08751,38843.484
2026-12-18 08:00:00,212.62596,45209.8
2026-12-18 09:00:00,218.5906,47781.85
2026-12-18 10:00:00,221.0718,48872.74
2026-12-18 11:00:00,221.1116,48890.34
2026-12-18 12:00:00,216.74724,46979.367
2026-12-18 13:00:00,217.44576,47282.656
2026-12-18 14:00:00,220.5772,48654.297
2026-12-18 15:00:00,220.97047,48827.95
2026-12-18 16:00:00,220.94124,48815.03
2026-12-18 17:00:00,222.93446,49699.773
2026-12-18 18:00:00,222.7422,49614.09
2026-12-18 19:00:00,221.70758,49154.25
2026-12-18 20:00:00,219.51819,48188.234
2026-12-18 21:00:00,216.16237,46726.168
2026-12-18 22:00:00,211.98314,44936.85
2026-12-18 23:00:00,207.28358,42966.484
2026-12-19 00:00:00,198.24927,39302.773
2026-12-19 01:00:00,194.81769,37953.93
2026-12-19 02:00:00,191.18329,36551.05
2026-12-19 03:00:00,187.37505,35109.406
2026-12-19 04:00:00,187.1179,35013.11
2026-12-19 05:00:00,188.10411,35383.156
2026-12-19 06:00:00,188.02687,35354.105
2026-12-19 07:00:00,191.22644,36567.55
2026-12-19 08:00:00,201.10394,40442.797
2026-12-19 09:00:00,208.96185,43665.055
2026-12-19 10:00:00,214.16039,45864.67
2026-12-19 11:00:00,215.26917,46340.812
2026-12-19 12:00:00,211.92148,44910.715
2026-12-19 13:00:00,210.31613,44232.875
2026-12-19 14:00:00,213.9532,45775.973
2026-12-19 15:00:00,214.46004,45993.11
2026-12-19 16:00:00,215.62654,46494.805
2026-12-19 17:00:00,216.75618,46983.242
2026-12-19 18:00:00,216.39172,46825.38
2026-12-19 19:00:00,217.09914,47132.035
2026-12-19 20:00:00,215.06316,46252.16
2026-12-19 21:00:00,210.76414,44421.523
2026-12-19 22:00:00,206.4456,42619.785
2026-12-19 23:00:00,200.61926,40248.09
2026-12-20 00:00:00,193.23122,37338.305
2026-12-20 01:00:00,189.87973,36054.312
2026-12-20 02:00:00,186.20384,34671.87
2026-12-20 03:00:00,181.98672,33119.168
2026-12-20 04:00:00,181.37259,32896.016
2026-12-20 05:00:00,180.75316,32671.705
2026-12-20 06:00:00,181.09973,32797.113
2026-12-20 07:00:00,178.14397,31735.273
2026-12-20 08:00:00,181.94409,33103.652
2026-12-20 09:00:00,188.00153,35344.574
2026-12-20 10:00:00,192.87064,37199.082
2026-12-20 11:00:00,194.99954,38024.82
2026-12-20 12:00:00,194.97644,38015.812
2026-12-20 13:00:00,196.56247,38636.805
2026-12-20 14:00:00,197.17345,38877.367
2026-12-20 15:00:00,197.7928,39121.992
2026-12-20 16:00:00,198.56322,39427.35
2026-12-20 17:00:00,203.8316,41547.324
2026-12-20 18:00:00,209.25525,43787.758
2026-12-20 19:00:00,210.3397,44242.793
2026-12-20 20:00:00,208.73236,43569.2
2026-12-20 21:00:00,204.6205,41869.547
2026-12-20 22:00:00,199.96358,39985.434
2026-12-20 23:00:00,193.30984,37368.695
2026-12-21 00:00:00,191.97238,36853.395
2026-12-21 01:00:00,188.44936,35513.16
2026-12-21 02:00:00,182.88264,33446.062
2026-12-21 03:00:00,180.52681,32589.93
2026-12-21 04:00:00,178.74753,31950.68
2026-12-21 05:00:00,179.45602,32204.465
2026-12-21 06:00:00,184.58739,34072.504
2026-12-21 07:00:00,190.88873,36438.508
2026-12-21 08:00:00,208.27565,43378.746
2026-12-21 09:00:00,215.92438,46623.336
2026-12-21 10:00:00,219.24858,48069.94
2026-12-21 11:00:00,219.336,48108.28
2026-12-21 12:00:00,215.17761,46301.406
2026-12-21 13:00:00,215.60463,46485.355
2026-12-21 14:00:00,218.28923,47650.188
2026-12-21 15:00:00,219.37071,48123.508
2026-12-21 16:00:00,219.32124,48101.81
2026-12-21 17:00:00,221.60323,49107.99
2026-12-21 18:00:00,221.6801,49142.066
2026-12-21 19:00:00,220.35826,48557.76
2026-12-21 20:00:00,218.11272,47573.156
2026-12-21 21:00:00,214.94682,46202.137
2026-12-21 22:00:00,210.2522,44205.99
2026-12-21 23:00:00,205.52771,42241.64
2026-12-22 00:00:00,197.27362,38916.883
2026-12-22 01:00:00,192.54341,37072.965
2026-12-22 02:00:00,189.70801,35989.13
2026-12-22 03:00:00,186.20258,34671.4
2026-12-22 04:00:00,185.98283,34589.613
2026-12-22 05:00:00,187.12856,35017.098
2026-12-22 06:00:00,189.16626,35783.875
2026-12-22 07:00:00,195.2032,38104.29
2026-12-22 08:00:00,212.19235,45025.594
2026-12-22 09:00:00,217.4246,47273.46
2026-12-22 10:00:00,219.71417,48274.316
2026-12-22 11:00:00,220.29948,48531.863
2026-12-22 12:00:00,216.52817,46884.45
2026-12-22 13:00:00,217.42043,47271.64
2026-12-22 14:00:00,220.0317,48413.945
2026-12-22 15:00:00,220.67386,48696.953
2026-12-22 16:00:00,221.13197,48899.348
2026-12-22 17:00:00,222.44223,49480.547
2026-12-22 18:00:00,221.83676,49211.547
2026-12-22 19:00:00,220.75887,48734.477
2026-12-22 20:00:00,218.95857,47942.855
2026-12-22 21:00:00,215.44637,46417.137
2026-12-22 22:00:00,210.77162,44424.676
2026-12-22 23:00:00,205.56189,42255.69
2026-12-23 00:00:00,197.97745,39195.07
2026-12-23 01:00:00,194.18848,37709.164
2026-12-23 02:00:00,190.34297,36230.445
2026-12-23 03:00:00,186.2504,34689.21
2026-12-23 04:00:00,187.06477,34993.23
2026-12-23 05:00:00,187.88634,35301.277
2026-12-23 06:00:00,189.9833,36093.656
2026-12-23 07:00:00,195.01361,38030.31
2026-12-23 08:00:00,212.44215,45131.668
2026-12-23 09:00:00,217.65079,47371.867
2026-12-23 10:00:00,220.33432,48547.21
2026-12-23 11:00:00,220.38501,48569.55
2026-12-23 12:00:00,216.94756,47066.242
2026-12-23 13:00:00,217.42911,47275.418
2026-12-23 14:00:00,219.40851,48140.094
2026-12-23 15:00:00,219.94081,48373.96
2026-12-23 16:00:00,220.8832,48789.387
2026-12-23 17:00:00,222.15588,49353.24
2026-12-23 18:00:00,221.83524,49210.87
2026-12-23 19:00:00,220.683,48700.984
2026-12-23 20:00:00,218.8827,47909.64
2026-12-23 21:00:00,215.73352,46540.953
2026-12-23 22:00:00,209.90485,44060.043
2026-12-23 23:00:00,204.9789,42016.348
2026-12-24 00:00:00,198.65231,39462.742
2026-12-24 01:00:00,194.31017,37756.44
2026-12-24 02:00:00,191.10765,36522.133
2026-12-24 03:00:00,186.8185,34901.152
2026-12-24 04:00:00,187.02776,34979.383
2026-12-24 05:00:00,187.79442,35266.742
2026-12-24 06:00:00,189.5749,35938.645
2026-12-24 07:00:00,195.08641,38058.707
2026-12-24 08:00:00,211.75102,44838.496
2026-12-24 09:00:00,216.35919,46811.3
2026-12-24 10:00:00,218.92967,47930.203
2026-12-24 11:00:00,219.17906,48039.46
2026-12-24 12:00:00,215.676,46516.133
2026-12-24 13:00:00,215.82639,46581.027
2026-12-24 14:00:00,218.67838,47820.23
2026-12-24 15:00:00,219.14279,48023.562
2026-12-24 16:00:00,219.71681,48275.477
2026-12-24 17:00:00,221.04605,48861.355
2026-12-24 18:00:00,221.02303,48851.18
2026-12-24 19:00:00,220.11258,48449.547
2026-12-24 20:00:00,217.83978,47454.17
2026-12-24 21:00:00,214.9984,46224.312
2026-12-24 22:00:00,210.83684,44452.17
2026-12-24 23:00:00,205.87367,42383.97
2026-12-25 00:00:00,198.41127,39367.03
2026-12-25 01:00:00,193.99074,37632.406
2026-12-25 02:00:00,190.91809,36449.72
2026-12-25 03:00:00,186.39491,34743.062
2026-12-25 04:00:00,186.63518,34832.69
2026-12-25 05:00:00,187.48999,35152.496
2026-12-25 06:00:00,189.12883,35769.715
2026-12-25 07:00:00,195.53767,38234.98
2026-12-25 08:00:00,212.11089,44991.027
2026-12-25 09:00:00,216.92928,47058.312
2026-12-25 10:00:00,219.63788,48240.797
2026-12-25 11:00:00,219.65279,48247.348
2026-12-25 12:00:00,215.22203,46320.523
2026-12-25 13:00:00,215.66725,46512.363
2026-12-25 14:00:00,219.45694,48161.348
2026-12-25 15:00:00,219.97903,48390.777
2026-12-25 16:00:00,220.50514,48622.52
2026-12-25 17:00:00,221.63605,49122.54
2026-12-25 18:00:00,220.99876,48840.453
2026-12-25 19:00:00,219.95827,48381.64
2026-12-25 20:00:00,218.3915,47694.844
2026-12-25 21:00:00,214.68657,46090.324
2026-12-25 22:00:00,210.50081,44310.59
2026-12-25 23:00:00,205.47952,42221.836
2026-12-26 00:00:00,198.18367,39276.766
2026-12-26 01:00:00,194.04507,37653.492
2026-12-26 02:00:00,189.8908,36058.51
2026-12-26 03:00:00,186.38445,34739.16
2026-12-26 04:00:00,186.35103,34726.707
2026-12-26 05:00:00,186.54912,34800.574
2026-12-26 06:00:00,187.70149,35231.85
2026-12-26 07:00:00,189.68707,35981.188
2026-12-26 08:00:00,200.28673,40114.773
2026-12-26 09:00:00,208.8192,43605.457
2026-12-26 10:00:00,213.80034,45710.586
2026-12-26 11:00:00,215.19167,46307.453
2026-12-26 12:00:00,212.06827,44972.95
2026-12-26 13:00:00,212.16269,45013.008
2026-12-26 14:00:00,214.48875,46005.426
2026-12-26 15:00:00,214.81285,46144.562
2026-12-26 16:00:00,215.41692,46404.45
2026-12-26 17:00:00,214.80486,46141.125
2026-12-26 18:00:00,216.66429,46943.414
2026-12-26 19:00:00,216.4041,46830.734
2026-12-26 20:00:00,214.02188,45805.367
2026-12-26 21:00:00,209.89458,44055.734
2026-12-26 22:00:00,205.14616,42084.95
2026-12-26 23:00:00,200.17274,40069.13
2026-12-27 00:00:00,193.67805,37511.188
2026-12-27 01:00:00,190.23033,36187.58
2026-12-27 02:00:00,186.18642,34665.383
2026-12-27 03:00:00,181.54594,32958.93
2026-12-27 04:00:00,181.74817,33032.4
2026-12-27 05:00:00,182.03923,33138.28
2026-12-27 06:00:00,181.53102,32953.51
2026-12-27 07:00:00,180.20668,32474.447
2026-12-27 08:00:00,184.53375,34052.707
2026-12-27 09:00:00,190.34225,36230.176
2026-12-27 10:00:00,196.08066,38447.625
2026-12-27 11:00:00,199.12442,39650.535
2026-12-27 12:00:00,199.48448,39794.06
2026-12-27 13:00:00,201.93872,40779.246
2026-12-27 14:00:00,202.56607,41033.01
2026-12-27 15:00:00,202.7116,41091.99
2026-12-27 16:00:00,202.12215,40853.363
2026-12-27 17:00:00,207.56598,43083.637
2026-12-27 18:00:00,211.77448,44848.43
2026-12-27 19:00:00,212.05063,44965.47
2026-12-27 20:00:00,210.24466,44202.816
2026-12-27 21:00:00,205.73233,42325.793
2026-12-27 22:00:00,201.87154,40752.117
2026-12-27 23:00:00,194.76689,37934.14
2026-12-28 00:00:00,193.43997,37419.023
2026-12-28 01:00:00,189.35582,35855.625
2026-12-28 02:00:00,184.26122,33952.195
2026-12-28 03:00:00,181.66968,33003.87
2026-12-28 04:00:00,179.71259,32296.613
2026-12-28 05:00:00,180.91467,32730.12
2026-12-28 06:00:00,186.55634,34803.266
2026-12-28 07:00:00,193.05507,37270.258
2026-12-28 08:00:00,211.54013,44749.227
2026-12-28 09:00:00,220.6789,48699.176
2026-12-28 10:00:00,224.1974,50264.477
2026-12-28 11:00:00,224.5987,50444.574
2026-12-28 12:00:00,221.28575,48967.383
2026-12-28 13:00:00,221.51205,49067.59
2026-12-28 14:00:00,224.24445,50285.57
2026-12-28 15:00:00,224.3973,50354.145
2026-12-28 16:00:00,224.5787,50435.594
2026-12-28 17:00:00,226.09428,51118.625
2026-12-28 18:00:00,225.01135,50630.11
2026-12-28 19:00:00,223.9594,50157.812
2026-12-28 20:00:00,221.10074,48885.535
2026-12-28 21:00:00,217.27065,47206.535
2026-12-28 22:00:00,212.33556,45086.387
2026-12-28 23:00:00,207.03363,42862.926
2026-12-29 00:00:00,199.10098,39641.203
2026-12-29 01:00:00,195.2504,38122.72
2026-12-29 02:00:00,191.08492,36513.445
2026-12-29 03:00:00,187.0878,35001.844
2026-12-29 04:00:00,187.2172,35050.277
2026-12-29 05:00:00,188.63861,35584.527
2026-12-29 06:00:00,191.37758,36625.38
2026-12-29 07:00:00,197.78745,39119.875
2026-12-29 08:00:00,214.98074,46216.72
2026-12-29 09:00:00,222.08441,49321.484
2026-12-29 10:00:00,224.63596,50461.312
2026-12-29 11:00:00,225.10324,50671.47
2026-12-29 12:00:00,219.5304,48193.594
2026-12-29 13:00:00,219.98337,48392.684
2026-12-29 14:00:00,222.57504,49539.65
2026-12-29 15:00:00,223.3183,49871.062
2026-12-29 16:00:00,224.3486,50332.297
2026-12-29 17:00:00,225.46022,50832.312
2026-12-29 18:00:00,224.97908,50615.586
2026-12-29 19:00:00,223.37602,49896.848
2026-12-29 20:00:00,220.69551,48706.508
2026-12-29 21:00:00,217.27682,47209.22
2026-12-29 22:00:00,211.98547,44937.84
2026-12-29 23:00:00,206.93578,42822.414
2026-12-30 00:00:00,199.0594,39624.645
2026-12-30 01:00:00,195.61852,38266.6
2026-12-30 02:00:00,191.31683,36602.13
2026-12-30 03:00:00,187.34238,35097.168
2026-12-30 04:00:00,187.0849,35000.76
2026-12-30 05:00:00,188.95638,35704.51
2026-12-30 06:00:00,191.70518,36750.88
2026-12-30 07:00:00,197.67174,39074.117
2026-12-30 08:00:00,214.77898,46130.008
2026-12-30 09:00:00,221.54741,49083.254
2026-12-30 10:00:00,224.21791,50273.67
2026-12-30 11:00:00,224.19331,50262.64
2026-12-30 12:00:00,219.23524,48064.094
2026-12-30 13:00:00,220.05482,48424.125
2026-12-30 14:00:00,222.20828,49376.52
2026-12-30 15:00:00,222.79074,49635.715
2026-12-30 16:00:00,223.483,49944.652
2026-12-30 17:00:00,224.47797,50390.355
2026-12-30 18:00:00,223.38184,49899.445
2026-12-30 19:00:00,222.55435,49530.44
2026-12-30 20:00:00,219.76746,48297.734
2026-12-30 21:00:00,216.36488,46813.76
2026-12-30 22:00:00,211.64111,44791.96
2026-12-30 23:00:00,206.44945,42621.375
2026-12-31 00:00:00,199.28444,39714.29
2026-12-31 01:00:00,194.9433,38002.89
2026-12-31 02:00:00,191.47066,36661.01
2026-12-31 03:00:00,186.4002,34745.04
2026-12-31 04:00:00,186.38635,34739.87
2026-12-31 05:00:00,187.74046,35246.48
2026-12-31 06:00:00,190.92703,36453.133
2026-12-31 07:00:00,197.94556,39182.445
2026-12-31 08:00:00,214.36768,45953.5
2026-12-31 09:00:00,220.82465,48763.523
2026-12-31 10:00:00,223.56558,49981.57
2026-12-31 11:00:00,223.8756,50120.28
2026-12-31 12:00:00,220.81097,48757.484
2026-12-31 13:00:00,220.91837,48804.926
2026-12-31 14:00:00,223.4435,49926.996
2026-12-31 15:00:00,223.38316,49900.04
2026-12-31 16:00:00,223.11453,49780.094
2026-12-31 17:00:00,224.27795,50300.6
2026-12-31 18:00:00,223.89066,50127.027
2026-12-31 19:00:00,221.64613,49127.008
2026-12-31 20:00:00,217.57835,47340.34
2026-12-31 21:00:00,214.10304,45840.113
2026-12-31 22:00:00,209.67703,43964.457
2026-12-31 23:00:00,204.66762,41888.832
